exercise_id,exercise_name,aliases,category,body_region,mechanics_type,movement_pattern,force_type,kinetic_chain,laterality,equipment,load_position,primary_muscles,secondary_muscles,stabilizer_muscles,movement_planes,joint_actions,range_of_motion_type,resistance_profile,muscle_length_bias,axial_loading,minimum_training_level,technical_complexity_score,coordination_requirement,stability_requirement,mobility_requirement,balance_requirement,systemic_fatigue_score,local_fatigue_score,recommended_goals,relative_injury_risk,joint_stress_areas,contraindications,exercise_setup,execution_steps,common_mistakes,cues,breathing_pattern,progressions,regressions,alternatives,met_value,source_ids,record_status,last_reviewed_date
EX0001,Barbell Bench Press,"[""Flat Barbell Bench Press"", ""Barbell Flat Bench Press""]",Resistance Training,Upper Body,Compound,Horizontal Push,Push,Open Chain,Bilateral,"[""Barbell"", ""Flat Bench"", ""Power Rack""]",Anterior,"[""Pectoralis Major""]","[""Anterior Deltoid"", ""Triceps Brachii""]","[""Rotator Cuff"", ""Serratus Anterior"", ""Forearms"", ""Rectus Abdominis""]","[""Transverse""]","[""Shoulder Horizontal Adduction"", ""Elbow Extension""]",Full,Ascending,Lengthened,Low,Beginner,3,3,3,2,1,3,4,"[""Athletic Performance"",""Balance"",""Conditioning"",""Coordination"",""Core Stability"",""Corrective Exercise"",""Fat Loss"",""Flexibility"",""General Fitness"",""Grip Strength"",""Gymnastics"",""Injury Prevention"",""Joint Health"",""Knee Health"",""Mobility"",""Mobility and Flexibility"",""Muscle Gain"",""Muscular Endurance"",""Posture Correction"",""Power"",""Rehabilitation"",""Rehabilitation and Joint Health"",""Shoulder Health"",""Shin Splint Relief"",""Sport Performance"",""Strength"",""Strength Preparation"",""Warm-up""]",Moderate,"[""Shoulder"", ""Elbow"", ""Wrist""]","[""Acute shoulder pain"", ""Painful pressing"", ""Inability to maintain a stable setup""]","Place a flat bench under the rack, align the eyes slightly behind the bar, plant both feet, and grip the bar evenly.","[""Unrack with elbows extended"", ""Lower the bar under control toward the lower-to-mid chest"", ""Press upward while maintaining upper-back tension""]","[""Bouncing the bar"", ""Excessive elbow flare"", ""Wrists excessively extended"", ""Loss of foot pressure""]","[""Keep wrists stacked"", ""Maintain upper-back tension"", ""Control the descent"", ""Press the floor away""]",Inhale and brace before lowering; exhale after passing the sticking region.,"[""Paused Barbell Bench Press"", ""Close-Grip Barbell Bench Press""]","[""Machine Chest Press"", ""Push-Up""]","[""Dumbbell Bench Press"", ""Smith Machine Bench Press""]",3.5,"[""SRC_ACSM_2026_RT"", ""SRC_NCSA_TECHNIQUE"", ""SRC_COMPENDIUM_2024""]",Reviewed,2026-07-23
EX0002,Dumbbell Bench Press,[],Resistance Training,Upper Body,Compound,Horizontal Push,Push,Open Chain,Bilateral,"[""Dumbbell"", ""Flat Bench""]",Anterior,"[""Pectoralis Major""]","[""Anterior Deltoid"", ""Triceps Brachii""]","[""Rotator Cuff"", ""Serratus Anterior"", ""Forearms"", ""Rectus Abdominis""]","[""Transverse""]","[""Shoulder Horizontal Adduction"", ""Elbow Extension""]",Full,Ascending,Lengthened,Low,Beginner,3,3,4,2,1,3,4,"[""Athletic Performance"",""Balance"",""Conditioning"",""Coordination"",""Core Stability"",""Corrective Exercise"",""Fat Loss"",""Flexibility"",""General Fitness"",""Grip Strength"",""Gymnastics"",""Injury Prevention"",""Joint Health"",""Knee Health"",""Mobility"",""Mobility and Flexibility"",""Muscle Gain"",""Muscular Endurance"",""Posture Correction"",""Power"",""Rehabilitation"",""Rehabilitation and Joint Health"",""Shoulder Health"",""Shin Splint Relief"",""Sport Performance"",""Strength"",""Strength Preparation"",""Warm-up""]",Moderate,"[""Shoulder"", ""Elbow"", ""Wrist""]","[""Acute shoulder pain"", ""Painful pressing"", ""Poor dumbbell control""]","Sit on the bench with the dumbbells on the thighs, lie back under control, and position the dumbbells beside the chest.","[""Press the dumbbells upward"", ""Lower them under control through a comfortable range"", ""Maintain forearm alignment under the dumbbells""]","[""Dumbbells drifting too low"", ""Uneven pressing"", ""Excessive arching"", ""Colliding the dumbbells""]","[""Stack wrists over elbows"", ""Control both sides evenly"", ""Keep the upper back stable""]",Inhale while lowering; exhale while pressing.,"[""Alternating Dumbbell Bench Press"", ""Heavy Dumbbell Bench Press""]","[""Machine Chest Press"", ""Push-Up""]","[""Barbell Bench Press"", ""Neutral-Grip Dumbbell Bench Press""]",3.5,"[""SRC_ACSM_2026_RT"", ""SRC_NCSA_TECHNIQUE"", ""SRC_COMPENDIUM_2024""]",Reviewed,2026-07-23
EX0003,Machine Chest Press,"[""Seated Chest Press""]",Resistance Training,Upper Body,Compound,Horizontal Push,Push,Open Chain,Bilateral,"[""Chest Press Machine""]",Machine Guided,"[""Pectoralis Major""]","[""Anterior Deltoid"", ""Triceps Brachii""]","[""Rotator Cuff"", ""Serratus Anterior""]","[""Transverse""]","[""Shoulder Horizontal Adduction"", ""Elbow Extension""]",Full,Machine Dependent,Lengthened,Low,Beginner,1,1,1,1,1,1,3,"[""Athletic Performance"",""Balance"",""Conditioning"",""Coordination"",""Core Stability"",""Corrective Exercise"",""Fat Loss"",""Flexibility"",""General Fitness"",""Grip Strength"",""Gymnastics"",""Injury Prevention"",""Joint Health"",""Knee Health"",""Mobility"",""Mobility and Flexibility"",""Muscle Gain"",""Muscular Endurance"",""Posture Correction"",""Power"",""Rehabilitation"",""Rehabilitation and Joint Health"",""Shoulder Health"",""Shin Splint Relief"",""Sport Performance"",""Strength"",""Strength Preparation"",""Warm-up""]",Low,"[""Shoulder"", ""Elbow""]",[],Adjust the seat so the handles align near mid-chest and keep the back supported.,"[""Grip the handles"", ""Press forward without forcefully locking the elbows"", ""Return under control to a comfortable stretch""]","[""Incorrect seat height"", ""Shoulders rolling forward"", ""Using momentum"", ""Short range""]","[""Keep the chest supported"", ""Drive elbows forward"", ""Control the return""]",Exhale while pressing; inhale while returning.,"[""Dumbbell Bench Press"", ""Barbell Bench Press""]","[""Wall Push-Up"", ""Incline Push-Up""]","[""Push-Up"", ""Cable Chest Press""]",3.5,"[""SRC_ACSM_2026_RT"", ""SRC_NCSA_TECHNIQUE"", ""SRC_COMPENDIUM_2024""]",Reviewed,2026-07-23
EX0004,Push-Up,"[""Standard Push-Up""]",Bodyweight,Upper Body,Compound,Horizontal Push,Push,Closed Chain,Bilateral,"[""Bodyweight""]",Anterior,"[""Pectoralis Major""]","[""Anterior Deltoid"", ""Triceps Brachii""]","[""Serratus Anterior"", ""Rectus Abdominis"", ""Obliques"", ""Gluteus Maximus""]","[""Transverse"", ""Sagittal""]","[""Shoulder Horizontal Adduction"", ""Elbow Extension"", ""Scapular Protraction""]",Full,Ascending,Lengthened,Low,Beginner,2,2,3,2,1,2,3,"[""Athletic Performance"",""Balance"",""Conditioning"",""Coordination"",""Core Stability"",""Corrective Exercise"",""Fat Loss"",""Flexibility"",""General Fitness"",""Grip Strength"",""Gymnastics"",""Injury Prevention"",""Joint Health"",""Knee Health"",""Mobility"",""Mobility and Flexibility"",""Muscle Gain"",""Muscular Endurance"",""Posture Correction"",""Power"",""Rehabilitation"",""Rehabilitation and Joint Health"",""Shoulder Health"",""Shin Splint Relief"",""Sport Performance"",""Strength"",""Strength Preparation"",""Warm-up""]",Low,"[""Shoulder"", ""Elbow"", ""Wrist""]",[],Place the hands slightly wider than shoulder width and create a straight line from head to heels.,"[""Lower the chest between the hands"", ""Keep the elbows at a comfortable angle"", ""Press the floor away to return""]","[""Hips sagging"", ""Head reaching forward"", ""Partial range without reason"", ""Hands excessively wide""]","[""Brace the trunk"", ""Move as one unit"", ""Push the floor away""]",Inhale while lowering; exhale while pressing.,"[""Feet-Elevated Push-Up"", ""Weighted Push-Up""]","[""Incline Push-Up"", ""Wall Push-Up""]","[""Machine Chest Press"", ""Dumbbell Bench Press""]",3.8,"[""SRC_ACSM_2026_RT"", ""SRC_NCSA_TECHNIQUE"", ""SRC_COMPENDIUM_2024""]",Reviewed,2026-07-23
EX0005,Incline Dumbbell Bench Press,"[""Incline Dumbbell Press""]",Resistance Training,Upper Body,Compound,Horizontal Push,Push,Open Chain,Bilateral,"[""Dumbbell"", ""Adjustable Bench""]",Anterior,"[""Pectoralis Major""]","[""Anterior Deltoid"", ""Triceps Brachii""]","[""Rotator Cuff"", ""Serratus Anterior"", ""Forearms"", ""Rectus Abdominis""]","[""Transverse"", ""Sagittal""]","[""Shoulder Horizontal Adduction"", ""Shoulder Flexion"", ""Elbow Extension""]",Full,Ascending,Lengthened,Low,Beginner,3,3,4,2,1,3,4,"[""Athletic Performance"",""Balance"",""Conditioning"",""Coordination"",""Core Stability"",""Corrective Exercise"",""Fat Loss"",""Flexibility"",""General Fitness"",""Grip Strength"",""Gymnastics"",""Injury Prevention"",""Joint Health"",""Knee Health"",""Mobility"",""Mobility and Flexibility"",""Muscle Gain"",""Muscular Endurance"",""Posture Correction"",""Power"",""Rehabilitation"",""Rehabilitation and Joint Health"",""Shoulder Health"",""Shin Splint Relief"",""Sport Performance"",""Strength"",""Strength Preparation"",""Warm-up""]",Moderate,"[""Shoulder"", ""Elbow"", ""Wrist""]","[""Acute shoulder pain"", ""Painful incline pressing"", ""Poor dumbbell control""]",Set the bench to a moderate incline and position the dumbbells beside the upper chest.,"[""Press upward and slightly inward"", ""Lower under control until a comfortable upper-chest stretch"", ""Maintain even arm paths""]","[""Bench angle too steep"", ""Dumbbells drifting forward"", ""Excessive elbow flare"", ""Uneven pressing""]","[""Keep forearms vertical"", ""Press through a consistent path"", ""Control the bottom position""]",Inhale while lowering; exhale while pressing.,"[""Low-Incline Dumbbell Press"", ""Alternating Incline Dumbbell Press""]","[""Incline Machine Press"", ""Incline Push-Up""]","[""Incline Barbell Bench Press"", ""Machine Chest Press""]",3.5,"[""SRC_ACSM_2026_RT"", ""SRC_NCSA_TECHNIQUE"", ""SRC_COMPENDIUM_2024""]",Reviewed,2026-07-23
EX0006,Seated Cable Row,"[""Cable Seated Row""]",Resistance Training,Upper Body,Compound,Horizontal Pull,Pull,Open Chain,Bilateral,"[""Cable Machine"", ""Row Handle""]",Anterior,"[""Latissimus Dorsi"", ""Rhomboids""]","[""Middle Trapezius"", ""Posterior Deltoid"", ""Biceps Brachii""]","[""Erector Spinae"", ""Rotator Cuff"", ""Forearms""]","[""Sagittal"", ""Transverse""]","[""Shoulder Extension"", ""Elbow Flexion"", ""Scapular Retraction""]",Full,Constant,Lengthened,Low,Beginner,2,2,2,2,2,1,3,"[""Athletic Performance"",""Balance"",""Conditioning"",""Coordination"",""Core Stability"",""Corrective Exercise"",""Fat Loss"",""Flexibility"",""General Fitness"",""Grip Strength"",""Gymnastics"",""Injury Prevention"",""Joint Health"",""Knee Health"",""Mobility"",""Mobility and Flexibility"",""Muscle Gain"",""Muscular Endurance"",""Posture Correction"",""Power"",""Rehabilitation"",""Rehabilitation and Joint Health"",""Shoulder Health"",""Shin Splint Relief"",""Sport Performance"",""Strength"",""Strength Preparation"",""Warm-up""]",Low,"[""Shoulder"", ""Elbow"", ""Low Back""]","[""Acute low-back pain"", ""Pain during pulling""]","Sit with the feet supported, knees slightly bent, torso tall, and hold the handle.","[""Initiate by drawing the shoulder blades back"", ""Pull the handle toward the lower ribs"", ""Return under control without collapsing the torso""]","[""Excessive torso swinging"", ""Shrugging"", ""Rounding the low back"", ""Shortened return""]","[""Keep ribs stacked"", ""Pull elbows behind the body"", ""Reach forward under control""]",Exhale while rowing; inhale while returning.,"[""Chest-Supported Row"", ""Bent-Over Barbell Row""]","[""Resistance Band Row""]","[""One-Arm Dumbbell Row"", ""Machine Row""]",3.5,"[""SRC_ACSM_2026_RT"", ""SRC_NCSA_TECHNIQUE"", ""SRC_COMPENDIUM_2024""]",Reviewed,2026-07-23
EX0007,Chest-Supported Dumbbell Row,"[""Chest-Supported Row"", ""Incline Bench Dumbbell Row""]",Resistance Training,Upper Body,Compound,Horizontal Pull,Pull,Open Chain,Bilateral,"[""Dumbbell"", ""Adjustable Bench""]",Anterior,"[""Latissimus Dorsi"", ""Rhomboids""]","[""Middle Trapezius"", ""Posterior Deltoid"", ""Biceps Brachii""]","[""Rotator Cuff"", ""Forearms""]","[""Sagittal"", ""Transverse""]","[""Shoulder Extension"", ""Elbow Flexion"", ""Scapular Retraction""]",Full,Ascending,Lengthened,Low,Beginner,2,2,2,2,1,1,3,"[""Athletic Performance"",""Balance"",""Conditioning"",""Coordination"",""Core Stability"",""Corrective Exercise"",""Fat Loss"",""Flexibility"",""General Fitness"",""Grip Strength"",""Gymnastics"",""Injury Prevention"",""Joint Health"",""Knee Health"",""Mobility"",""Mobility and Flexibility"",""Muscle Gain"",""Muscular Endurance"",""Posture Correction"",""Power"",""Rehabilitation"",""Rehabilitation and Joint Health"",""Shoulder Health"",""Shin Splint Relief"",""Sport Performance"",""Strength"",""Strength Preparation"",""Warm-up""]",Low,"[""Shoulder"", ""Elbow""]","[""Acute shoulder pain"", ""Pain during rowing""]","Set an incline bench, lie chest-down, and let the dumbbells hang beneath the shoulders.","[""Pull the elbows toward the hips or ribs"", ""Pause briefly without shrugging"", ""Lower the dumbbells under control""]","[""Lifting the chest off the bench"", ""Shrugging"", ""Using momentum"", ""Shortened range""]","[""Keep the chest supported"", ""Lead with the elbows"", ""Control the stretch""]",Exhale while rowing; inhale while lowering.,"[""Heavy Chest-Supported Row"", ""Seal Row""]","[""Machine Row"", ""Resistance Band Row""]","[""Seated Cable Row"", ""One-Arm Dumbbell Row""]",3.5,"[""SRC_ACSM_2026_RT"", ""SRC_NCSA_TECHNIQUE"", ""SRC_COMPENDIUM_2024""]",Reviewed,2026-07-23
EX0008,One-Arm Dumbbell Row,[],Resistance Training,Upper Body,Compound,Horizontal Pull,Pull,Open Chain,Unilateral,"[""Dumbbell"", ""Flat Bench""]",Anterior,"[""Latissimus Dorsi"", ""Rhomboids""]","[""Middle Trapezius"", ""Posterior Deltoid"", ""Biceps Brachii""]","[""Erector Spinae"", ""Rotator Cuff"", ""Forearms"", ""Obliques""]","[""Sagittal"", ""Transverse""]","[""Shoulder Extension"", ""Elbow Flexion"", ""Scapular Retraction""]",Full,Ascending,Lengthened,Low,Beginner,3,3,3,2,2,2,3,"[""Athletic Performance"",""Balance"",""Conditioning"",""Coordination"",""Core Stability"",""Corrective Exercise"",""Fat Loss"",""Flexibility"",""General Fitness"",""Grip Strength"",""Gymnastics"",""Injury Prevention"",""Joint Health"",""Knee Health"",""Mobility"",""Mobility and Flexibility"",""Muscle Gain"",""Muscular Endurance"",""Posture Correction"",""Power"",""Rehabilitation"",""Rehabilitation and Joint Health"",""Shoulder Health"",""Shin Splint Relief"",""Sport Performance"",""Strength"",""Strength Preparation"",""Warm-up""]",Low,"[""Shoulder"", ""Elbow"", ""Low Back""]","[""Acute low-back pain"", ""Inability to maintain trunk position""]","Support one hand and knee on a bench, keep the spine neutral, and hold the dumbbell in the free hand.","[""Pull the dumbbell toward the hip"", ""Keep the trunk mostly still"", ""Lower until the shoulder blade can move forward under control""]","[""Rotating the torso excessively"", ""Shrugging"", ""Pulling toward the shoulder"", ""Rounding the low back""]","[""Drive the elbow toward the hip"", ""Keep hips square"", ""Control the bottom stretch""]",Exhale while rowing; inhale while lowering.,"[""Heavy One-Arm Dumbbell Row"", ""Meadows Row""]","[""Chest-Supported Dumbbell Row"", ""Machine Row""]","[""Seated Cable Row"", ""Single-Arm Cable Row""]",3.5,"[""SRC_ACSM_2026_RT"", ""SRC_NCSA_TECHNIQUE"", ""SRC_COMPENDIUM_2024""]",Reviewed,2026-07-23
EX0009,Machine Row,"[""Seated Machine Row""]",Resistance Training,Upper Body,Compound,Horizontal Pull,Pull,Open Chain,Bilateral,"[""Row Machine""]",Machine Guided,"[""Latissimus Dorsi"", ""Rhomboids""]","[""Middle Trapezius"", ""Posterior Deltoid"", ""Biceps Brachii""]","[""Rotator Cuff"", ""Forearms""]","[""Sagittal"", ""Transverse""]","[""Shoulder Extension"", ""Elbow Flexion"", ""Scapular Retraction""]",Full,Machine Dependent,Lengthened,Low,Beginner,1,1,1,1,1,1,3,"[""Athletic Performance"",""Balance"",""Conditioning"",""Coordination"",""Core Stability"",""Corrective Exercise"",""Fat Loss"",""Flexibility"",""General Fitness"",""Grip Strength"",""Gymnastics"",""Injury Prevention"",""Joint Health"",""Knee Health"",""Mobility"",""Mobility and Flexibility"",""Muscle Gain"",""Muscular Endurance"",""Posture Correction"",""Power"",""Rehabilitation"",""Rehabilitation and Joint Health"",""Shoulder Health"",""Shin Splint Relief"",""Sport Performance"",""Strength"",""Strength Preparation"",""Warm-up""]",Low,"[""Shoulder"", ""Elbow""]","[""Acute shoulder pain"", ""Pain during pulling""]",Adjust the seat and chest support so the handles can be reached without rounding the torso.,"[""Pull the handles toward the ribs"", ""Keep the chest supported"", ""Return under control to a comfortable stretch""]","[""Seat set incorrectly"", ""Shrugging"", ""Using momentum"", ""Failing to control the return""]","[""Keep the chest on the pad"", ""Lead with the elbows"", ""Reach forward smoothly""]",Exhale while rowing; inhale while returning.,"[""Chest-Supported Dumbbell Row"", ""Seated Cable Row""]","[""Resistance Band Row""]","[""One-Arm Dumbbell Row"", ""Cable Row""]",3.5,"[""SRC_ACSM_2026_RT"", ""SRC_NCSA_TECHNIQUE"", ""SRC_COMPENDIUM_2024""]",Reviewed,2026-07-23
EX0010,Inverted Row,"[""Body Row"", ""Australian Pull-Up""]",Bodyweight,Upper Body,Compound,Horizontal Pull,Pull,Closed Chain,Bilateral,"[""Barbell"", ""Power Rack"", ""Bodyweight""]",Hanging,"[""Latissimus Dorsi"", ""Rhomboids""]","[""Middle Trapezius"", ""Posterior Deltoid"", ""Biceps Brachii""]","[""Rotator Cuff"", ""Forearms"", ""Rectus Abdominis"", ""Gluteus Maximus""]","[""Sagittal"", ""Transverse""]","[""Shoulder Extension"", ""Elbow Flexion"", ""Scapular Retraction""]",Full,Ascending,Lengthened,Low,Beginner,2,2,3,2,1,2,3,"[""Athletic Performance"",""Balance"",""Conditioning"",""Coordination"",""Core Stability"",""Corrective Exercise"",""Fat Loss"",""Flexibility"",""General Fitness"",""Grip Strength"",""Gymnastics"",""Injury Prevention"",""Joint Health"",""Knee Health"",""Mobility"",""Mobility and Flexibility"",""Muscle Gain"",""Muscular Endurance"",""Posture Correction"",""Power"",""Rehabilitation"",""Rehabilitation and Joint Health"",""Shoulder Health"",""Shin Splint Relief"",""Sport Performance"",""Strength"",""Strength Preparation"",""Warm-up""]",Low,"[""Shoulder"", ""Elbow"", ""Wrist""]","[""Acute shoulder pain"", ""Inability to maintain trunk alignment""]","Set a secure bar at a suitable height, grip it, and position the body in a straight line.","[""Pull the chest toward the bar"", ""Keep the hips extended"", ""Lower under control until the arms are straight""]","[""Hips sagging"", ""Shrugging"", ""Pulling the chin instead of the chest"", ""Using momentum""]","[""Keep the body rigid"", ""Pull the chest to the bar"", ""Squeeze the shoulder blades""]",Exhale while pulling; inhale while lowering.,"[""Feet-Elevated Inverted Row"", ""Weighted Inverted Row""]","[""Higher-Bar Inverted Row"", ""Bent-Knee Inverted Row""]","[""Seated Cable Row"", ""Machine Row""]",3.8,"[""SRC_ACSM_2026_RT"", ""SRC_NCSA_TECHNIQUE"", ""SRC_COMPENDIUM_2024""]",Reviewed,2026-07-23
EX0011,Pull-Up,"[""Pronated-Grip Pull-Up"", ""Overhand Pull-Up""]",Resistance Training,Upper Body,Compound,Vertical Pull,Pull,Closed Chain,Bilateral,"[""Pull-up Bar""]",Overhead,"[""Latissimus Dorsi""]","[""Biceps Brachii"", ""Brachialis"", ""Rhomboids"", ""Posterior Deltoid""]","[""Forearms"", ""Trapezius"", ""Rotator Cuff"", ""Rectus Abdominis"", ""Obliques""]","[""Sagittal"", ""Frontal""]","[""Shoulder Adduction"", ""Shoulder Extension"", ""Elbow Flexion"", ""Scapular Retraction"", ""Scapular Depression""]",Full,Ascending,Lengthened,Low,Intermediate,4,4,4,3,2,4,4,"[""Athletic Performance"",""Balance"",""Conditioning"",""Coordination"",""Core Stability"",""Corrective Exercise"",""Fat Loss"",""Flexibility"",""General Fitness"",""Grip Strength"",""Gymnastics"",""Injury Prevention"",""Joint Health"",""Knee Health"",""Mobility"",""Mobility and Flexibility"",""Muscle Gain"",""Muscular Endurance"",""Posture Correction"",""Power"",""Rehabilitation"",""Rehabilitation and Joint Health"",""Shoulder Health"",""Shin Splint Relief"",""Sport Performance"",""Strength"",""Strength Preparation"",""Warm-up""]",Moderate,"[""Shoulder"", ""Elbow"", ""Wrist""]","[""Acute shoulder or elbow pain"", ""Inability to control the hanging position"", ""Painful overhead range""]","Grip the bar slightly wider than shoulder width with a pronated grip, hang with the ribs controlled, and set the shoulders away from the ears.","[""Initiate by depressing the scapulae"", ""Pull the elbows down and toward the ribs"", ""Raise the chest toward the bar without excessive swinging"", ""Lower under control to a comfortable full hang""]","[""Kipping unintentionally"", ""Shrugging the shoulders"", ""Stopping far short of the top"", ""Dropping rapidly into the bottom"", ""Excessive lumbar extension""]","[""Drive elbows toward the floor"", ""Keep neck neutral"", ""Control the descent"", ""Keep the neck neutral""]",Inhale in the bottom position; exhale while pulling and re-brace before descending.,"[""Weighted Pull-Up"", ""Chest-to-Bar Pull-Up""]","[""Band-Assisted Pull-Up"", ""Assisted Pull-Up Machine""]","[""Lat Pulldown"", ""Neutral-Grip Pull-Up""]",6,"[""SRC_ACSM_2026_RT"", ""SRC_NCSA_TECHNIQUE"", ""SRC_COMPENDIUM_2024"", ""SRC_ROM_2021""]",Reviewed,2026-07-23
EX0012,Chin-Up,"[""Supinated-Grip Pull-Up"", ""Underhand Pull-Up""]",Resistance Training,Upper Body,Compound,Vertical Pull,Pull,Closed Chain,Bilateral,"[""Pull-up Bar""]",Overhead,"[""Latissimus Dorsi"", ""Biceps Brachii""]","[""Brachialis"", ""Rhomboids"", ""Posterior Deltoid""]","[""Forearms"", ""Trapezius"", ""Rotator Cuff"", ""Rectus Abdominis"", ""Obliques""]","[""Sagittal""]","[""Shoulder Extension"", ""Elbow Flexion"", ""Scapular Retraction"", ""Scapular Depression""]",Full,Ascending,Lengthened,Low,Intermediate,4,4,4,3,2,4,4,"[""Athletic Performance"",""Balance"",""Conditioning"",""Coordination"",""Core Stability"",""Corrective Exercise"",""Fat Loss"",""Flexibility"",""General Fitness"",""Grip Strength"",""Gymnastics"",""Injury Prevention"",""Joint Health"",""Knee Health"",""Mobility"",""Mobility and Flexibility"",""Muscle Gain"",""Muscular Endurance"",""Posture Correction"",""Power"",""Rehabilitation"",""Rehabilitation and Joint Health"",""Shoulder Health"",""Shin Splint Relief"",""Sport Performance"",""Strength"",""Strength Preparation"",""Warm-up""]",Moderate,"[""Shoulder"", ""Elbow"", ""Wrist""]","[""Acute elbow pain"", ""Painful supinated grip"", ""Uncontrolled hanging""]","Use a shoulder-width supinated grip, begin from a controlled hang, and keep the trunk rigid.","[""Depress the shoulder blades"", ""Pull the elbows down and back"", ""Bring the upper chest toward the bar"", ""Lower smoothly without losing shoulder control""]","[""Excessive swinging"", ""Wrists collapsing"", ""Shoulders rising toward the ears"", ""Partial range"", ""Overarching the lower back""]","[""Pull elbows toward the pockets"", ""Keep wrists neutral"", ""Stay tall through the chest"", ""Lower slowly""]",Inhale before the pull; exhale through the concentric phase and reset at the bottom.,"[""Weighted Chin-Up"", ""Paused Chin-Up""]","[""Band-Assisted Chin-Up"", ""Eccentric Chin-Up""]","[""Neutral-Grip Pull-Up"", ""Supinated Lat Pulldown""]",6,"[""SRC_ACSM_2026_RT"", ""SRC_NCSA_TECHNIQUE"", ""SRC_COMPENDIUM_2024"", ""SRC_ROM_2021""]",Reviewed,2026-07-23
EX0013,Wide-Grip Lat Pulldown,"[""Wide-Grip Cable Pulldown"", ""Overhand Lat Pulldown""]",Resistance Training,Upper Body,Compound,Vertical Pull,Pull,Open Chain,Bilateral,"[""Cable"", ""Lat Pulldown Machine""]",Overhead,"[""Latissimus Dorsi""]","[""Biceps Brachii"", ""Brachialis"", ""Rhomboids"", ""Posterior Deltoid""]","[""Forearms"", ""Trapezius"", ""Rotator Cuff"", ""Erector Spinae""]","[""Frontal"", ""Sagittal""]","[""Shoulder Adduction"", ""Elbow Flexion"", ""Scapular Retraction"", ""Scapular Depression""]",Full,Descending,Lengthened,Low,Beginner,3,3,3,2,2,3,3,"[""Athletic Performance"",""Balance"",""Conditioning"",""Coordination"",""Core Stability"",""Corrective Exercise"",""Fat Loss"",""Flexibility"",""General Fitness"",""Grip Strength"",""Gymnastics"",""Injury Prevention"",""Joint Health"",""Knee Health"",""Mobility"",""Mobility and Flexibility"",""Muscle Gain"",""Muscular Endurance"",""Posture Correction"",""Power"",""Rehabilitation"",""Rehabilitation and Joint Health"",""Shoulder Health"",""Shin Splint Relief"",""Sport Performance"",""Strength"",""Strength Preparation"",""Warm-up""]",Low,"[""Shoulder"", ""Elbow""]","[""Painful overhead range"", ""Acute shoulder pain"", ""Inability to maintain an upright torso""]","Sit with the thighs secured, grip the bar wider than shoulder width, and lean back only slightly.","[""Depress the scapulae before bending the elbows"", ""Pull the bar toward the upper chest"", ""Keep the forearms roughly aligned with the cable"", ""Return under control to full overhead reach""]","[""Pulling behind the neck"", ""Excessive torso swing"", ""Bar doesn't touch chest"", ""Shrugging at the top"", ""Cutting the stretch short""]","[""Pull elbows down"", ""Keep the chest tall"", ""Do not yank the bar"", ""Reach fully overhead""]",Exhale while pulling down; inhale during the controlled return.,"[""Heavier Lat Pulldown"", ""Paused Lat Pulldown""]","[""Single-Arm Lat Pulldown"", ""Light Lat Pulldown""]","[""Pull-Up"", ""Neutral-Grip Lat Pulldown""]",3.5,"[""SRC_ACSM_2026_RT"", ""SRC_NCSA_TECHNIQUE"", ""SRC_COMPENDIUM_2024"", ""SRC_ROM_2021""]",Reviewed,2026-07-23
EX0014,Neutral-Grip Lat Pulldown,"[""Parallel-Grip Lat Pulldown"", ""Close Neutral-Grip Pulldown""]",Resistance Training,Upper Body,Compound,Vertical Pull,Pull,Open Chain,Bilateral,"[""Cable"", ""Lat Pulldown Machine"", ""Neutral-Grip Attachment""]",Overhead,"[""Latissimus Dorsi""]","[""Biceps Brachii"", ""Brachialis"", ""Rhomboids"", ""Posterior Deltoid""]","[""Forearms"", ""Trapezius"", ""Rotator Cuff"", ""Erector Spinae""]","[""Sagittal""]","[""Shoulder Extension"", ""Shoulder Adduction"", ""Elbow Flexion"", ""Scapular Depression"", ""Scapular Retraction""]",Full,Descending,Lengthened,Low,Beginner,2,2,3,2,1,3,3,"[""Athletic Performance"",""Balance"",""Conditioning"",""Coordination"",""Core Stability"",""Corrective Exercise"",""Fat Loss"",""Flexibility"",""General Fitness"",""Grip Strength"",""Gymnastics"",""Injury Prevention"",""Joint Health"",""Knee Health"",""Mobility"",""Mobility and Flexibility"",""Muscle Gain"",""Muscular Endurance"",""Posture Correction"",""Power"",""Rehabilitation"",""Rehabilitation and Joint Health"",""Shoulder Health"",""Shin Splint Relief"",""Sport Performance"",""Strength"",""Strength Preparation"",""Warm-up""]",Low,"[""Shoulder"", ""Elbow"", ""Wrist""]","[""Acute shoulder or elbow pain"", ""Painful overhead range""]","Secure the thighs, use a neutral grip, sit upright, and begin with the arms overhead.","[""Set the shoulder blades down"", ""Drive the elbows toward the floor"", ""Pull the handle toward the upper chest"", ""Return slowly until the lats are lengthened""]","[""Leaning too far back"", ""Turning the movement into a row"", ""Using momentum"", ""Stopping before full stretch""]","[""Keep elbows under the hands"", ""Pull toward the collarbone"", ""Stay mostly upright"", ""Control the stretch""]",Exhale during the pull; inhale during the return.,"[""Heavy Neutral-Grip Lat Pulldown"", ""Neutral-Grip Pull-Up""]","[""Single-Arm Cable Pulldown"", ""Light Neutral-Grip Pulldown""]","[""Wide-Grip Lat Pulldown"", ""Chin-Up""]",3.5,"[""SRC_ACSM_2026_RT"", ""SRC_NCSA_TECHNIQUE"", ""SRC_COMPENDIUM_2024"", ""SRC_ROM_2021""]",Reviewed,2026-07-23
EX0015,Barbell Bent-Over Row,"[""Bent-Over Barbell Row"", ""Barbell Row""]",Resistance Training,Upper Body,Compound,Horizontal Pull,Pull,Open Chain,Bilateral,"[""Barbell"", ""Weight Plates""]",Anterior,"[""Latissimus Dorsi"", ""Rhomboids""]","[""Trapezius"", ""Posterior Deltoid"", ""Biceps Brachii"", ""Brachialis""]","[""Erector Spinae"", ""Gluteus Maximus"", ""Hamstrings"", ""Forearms"", ""Rectus Abdominis"", ""Obliques""]","[""Sagittal"", ""Transverse""]","[""Shoulder Extension"", ""Shoulder Horizontal Abduction"", ""Elbow Flexion"", ""Scapular Retraction""]",Full,Ascending,Lengthened,Moderate,Intermediate,4,4,4,3,2,4,5,"[""Athletic Performance"",""Balance"",""Conditioning"",""Coordination"",""Core Stability"",""Corrective Exercise"",""Fat Loss"",""Flexibility"",""General Fitness"",""Grip Strength"",""Gymnastics"",""Injury Prevention"",""Joint Health"",""Knee Health"",""Mobility"",""Mobility and Flexibility"",""Muscle Gain"",""Muscular Endurance"",""Posture Correction"",""Power"",""Rehabilitation"",""Rehabilitation and Joint Health"",""Shoulder Health"",""Shin Splint Relief"",""Sport Performance"",""Strength"",""Strength Preparation"",""Warm-up""]",Moderate,"[""Lower Back"", ""Shoulder"", ""Elbow"", ""Wrist""]","[""Acute low-back pain"", ""Inability to maintain a hip hinge"", ""Painful pulling""]","Stand over the bar, hinge at the hips, brace the trunk, and hold the bar with the arms hanging below the shoulders.","[""Maintain a fixed torso angle"", ""Pull the bar toward the lower ribs or upper abdomen"", ""Retract the shoulder blades without jerking"", ""Lower the bar under control""]","[""Rounding the lower back"", ""Standing up during each rep"", ""Using excessive hip drive"", ""Shrugging"", ""Pulling only with the arms""]","[""Brace before every rep"", ""Keep the torso still"", ""Drive elbows back"", ""Pull to the lower ribs""]",Inhale and brace before pulling; exhale after the bar passes the hardest point.,"[""Paused Barbell Row"", ""Pendlay Row""]","[""Chest-Supported Row"", ""Seated Cable Row""]","[""T-Bar Row"", ""One-Arm Dumbbell Row""]",6,"[""SRC_ACSM_2026_RT"", ""SRC_NCSA_TECHNIQUE"", ""SRC_COMPENDIUM_2024"", ""SRC_ROM_2021""]",Reviewed,2026-07-23
EX0016,T-Bar Row,"[""Landmine T-Bar Row"", ""Plate-Loaded T-Bar Row""]",Resistance Training,Upper Body,Compound,Horizontal Pull,Pull,Open Chain,Bilateral,"[""T-Bar Row Machine"", ""Landmine"", ""Barbell"", ""Weight Plates""]",Anterior,"[""Latissimus Dorsi"", ""Rhomboids""]","[""Trapezius"", ""Posterior Deltoid"", ""Biceps Brachii"", ""Brachialis""]","[""Erector Spinae"", ""Gluteus Maximus"", ""Hamstrings"", ""Forearms"", ""Rectus Abdominis""]","[""Sagittal"", ""Transverse""]","[""Shoulder Extension"", ""Shoulder Horizontal Abduction"", ""Elbow Flexion"", ""Scapular Retraction""]",Full,Ascending,Lengthened,Moderate,Intermediate,3,3,4,3,2,3,4,"[""Athletic Performance"",""Balance"",""Conditioning"",""Coordination"",""Core Stability"",""Corrective Exercise"",""Fat Loss"",""Flexibility"",""General Fitness"",""Grip Strength"",""Gymnastics"",""Injury Prevention"",""Joint Health"",""Knee Health"",""Mobility"",""Mobility and Flexibility"",""Muscle Gain"",""Muscular Endurance"",""Posture Correction"",""Power"",""Rehabilitation"",""Rehabilitation and Joint Health"",""Shoulder Health"",""Shin Splint Relief"",""Sport Performance"",""Strength"",""Strength Preparation"",""Warm-up""]",Moderate,"[""Lower Back"", ""Shoulder"", ""Elbow""]","[""Acute low-back pain"", ""Poor hip-hinge control"", ""Painful shoulder retraction""]","Straddle the bar or enter the machine, hinge at the hips, brace, and allow the arms to hang toward the loading point.","[""Pull the handle toward the lower chest or upper abdomen"", ""Keep the torso stable"", ""Squeeze the shoulder blades together"", ""Return until the back muscles are lengthened""]","[""Rounding the back"", ""Jerking the weight"", ""Excessive torso extension"", ""Shortening the eccentric"", ""Shrugging""]","[""Keep the spine long"", ""Pull elbows behind you"", ""Pause near the torso"", ""Lower with control""]",Brace before pulling; exhale near the top and inhale during the return.,"[""Heavy T-Bar Row"", ""Paused T-Bar Row""]","[""Chest-Supported T-Bar Row"", ""Seated Cable Row""]","[""Barbell Bent-Over Row"", ""Machine Row""]",6,"[""SRC_ACSM_2026_RT"", ""SRC_NCSA_TECHNIQUE"", ""SRC_COMPENDIUM_2024"", ""SRC_ROM_2021""]",Reviewed,2026-07-23
EX0017,Single-Arm Cable Row,"[""One-Arm Cable Row"", ""Unilateral Seated Cable Row""]",Resistance Training,Upper Body,Compound,Horizontal Pull,Pull,Open Chain,Unilateral,"[""Cable"", ""Single Handle"", ""Bench""]",Anterior,"[""Latissimus Dorsi"", ""Rhomboids""]","[""Posterior Deltoid"", ""Biceps Brachii"", ""Brachialis"", ""Trapezius""]","[""Obliques"", ""Rectus Abdominis"", ""Erector Spinae"", ""Forearms"", ""Rotator Cuff""]","[""Sagittal"", ""Transverse""]","[""Shoulder Extension"", ""Shoulder Horizontal Abduction"", ""Elbow Flexion"", ""Scapular Retraction""]",Full,Constant,Lengthened,Low,Beginner,2,3,3,2,1,2,3,"[""Athletic Performance"",""Balance"",""Conditioning"",""Coordination"",""Core Stability"",""Corrective Exercise"",""Fat Loss"",""Flexibility"",""General Fitness"",""Grip Strength"",""Gymnastics"",""Injury Prevention"",""Joint Health"",""Knee Health"",""Mobility"",""Mobility and Flexibility"",""Muscle Gain"",""Muscular Endurance"",""Posture Correction"",""Power"",""Rehabilitation"",""Rehabilitation and Joint Health"",""Shoulder Health"",""Shin Splint Relief"",""Sport Performance"",""Strength"",""Strength Preparation"",""Warm-up""]",Low,"[""Shoulder"", ""Elbow"", ""Lower Back""]","[""Acute shoulder pain"", ""Painful pulling"", ""Inability to resist trunk rotation""]","Sit or stand square to the cable, hold one handle, brace the trunk, and reach forward without collapsing the spine.","[""Initiate with controlled scapular movement"", ""Pull the elbow toward the hip or ribs"", ""Resist torso rotation"", ""Return until the shoulder blade protracts comfortably""]","[""Rotating the torso excessively"", ""Shrugging"", ""Pulling the elbow too high"", ""Losing trunk position"", ""Rushing the eccentric""]","[""Keep the belt buckle forward"", ""Pull elbow toward the hip"", ""Reach without rounding"", ""Control the cable""]",Exhale while rowing; inhale during the return.,"[""Heavy Single-Arm Cable Row"", ""Split-Stance Cable Row""]","[""Supported Single-Arm Cable Row"", ""Light Cable Row""]","[""One-Arm Dumbbell Row"", ""Seated Cable Row""]",3.5,"[""SRC_ACSM_2026_RT"", ""SRC_NCSA_TECHNIQUE"", ""SRC_COMPENDIUM_2024"", ""SRC_ROM_2021""]",Reviewed,2026-07-23
EX0018,Straight-Arm Cable Pulldown,"[""Cable Straight-Arm Pulldown"", ""Rope Pullover""]",Resistance Training,Upper Body,Isolation,Vertical Pull,Pull,Open Chain,Bilateral,"[""Cable"", ""Straight Bar"", ""Rope Attachment""]",Overhead,"[""Latissimus Dorsi""]","[""Posterior Deltoid"", ""Pectoralis Major"", ""Triceps Brachii""]","[""Rectus Abdominis"", ""Obliques"", ""Erector Spinae"", ""Forearms"", ""Rotator Cuff""]","[""Sagittal""]","[""Shoulder Extension"", ""Scapular Depression""]",Full,Descending,Lengthened,Low,Beginner,2,2,3,2,1,2,2,"[""Athletic Performance"",""Balance"",""Conditioning"",""Coordination"",""Core Stability"",""Corrective Exercise"",""Fat Loss"",""Flexibility"",""General Fitness"",""Grip Strength"",""Gymnastics"",""Injury Prevention"",""Joint Health"",""Knee Health"",""Mobility"",""Mobility and Flexibility"",""Muscle Gain"",""Muscular Endurance"",""Posture Correction"",""Power"",""Rehabilitation"",""Rehabilitation and Joint Health"",""Shoulder Health"",""Shin Splint Relief"",""Sport Performance"",""Strength"",""Strength Preparation"",""Warm-up""]",Low,"[""Shoulder"", ""Lower Back""]","[""Painful overhead range"", ""Acute shoulder pain"", ""Inability to control lumbar extension""]","Stand facing a high cable, hold the attachment with nearly straight elbows, hinge slightly, and brace the ribs down.","[""Sweep the arms down toward the thighs"", ""Keep elbow angle nearly constant"", ""Avoid leaning back"", ""Return slowly into an overhead stretch""]","[""Turning the exercise into a triceps pushdown"", ""Excessive elbow bending"", ""Arching the lower back"", ""Using body momentum"", ""Cutting the stretch short""]","[""Lock the elbow angle"", ""Pull from the armpits"", ""Keep ribs down"", ""Reach long at the top""]",Exhale while pulling down; inhale during the overhead return.,"[""Heavier Straight-Arm Pulldown"", ""Paused Straight-Arm Pulldown""]","[""Light Rope Pulldown"", ""Dumbbell Pullover""]","[""Dumbbell Pullover"", ""Machine Pullover""]",3.5,"[""SRC_ACSM_2026_RT"", ""SRC_NCSA_TECHNIQUE"", ""SRC_COMPENDIUM_2024"", ""SRC_ROM_2021""]",Reviewed,2026-07-23
EX0019,Cable Face Pull,"[""Rope Face Pull"", ""High Cable Face Pull""]",Resistance Training,Upper Body,Compound,Horizontal Pull,Pull,Open Chain,Bilateral,"[""Cable"", ""Rope Attachment""]",Anterior,"[""Posterior Deltoid"", ""Rhomboids""]","[""Trapezius"", ""Rotator Cuff"", ""Biceps Brachii""]","[""Forearms"", ""Rectus Abdominis"", ""Obliques"", ""Erector Spinae""]","[""Transverse""]","[""Shoulder Horizontal Abduction"", ""Shoulder External Rotation"", ""Elbow Flexion"", ""Scapular Retraction""]",Full,Constant,Shortened,Low,Beginner,3,3,3,2,1,2,2,"[""Athletic Performance"",""Balance"",""Conditioning"",""Coordination"",""Core Stability"",""Corrective Exercise"",""Fat Loss"",""Flexibility"",""General Fitness"",""Grip Strength"",""Gymnastics"",""Injury Prevention"",""Joint Health"",""Knee Health"",""Mobility"",""Mobility and Flexibility"",""Muscle Gain"",""Muscular Endurance"",""Posture Correction"",""Power"",""Rehabilitation"",""Rehabilitation and Joint Health"",""Shoulder Health"",""Shin Splint Relief"",""Sport Performance"",""Strength"",""Strength Preparation"",""Warm-up""]",Low,"[""Shoulder"", ""Elbow""]","[""Acute shoulder pain"", ""Painful external rotation"", ""Recent shoulder surgery without clearance""]","Set the cable near face height, hold the rope with neutral grips, step back, and brace the torso.","[""Pull the rope toward the forehead or nose"", ""Separate the handles"", ""Externally rotate so the hands finish beside the face"", ""Return under control""]","[""Using too much weight"", ""Leaning backward"", ""Shrugging"", ""Pulling toward the chest"", ""Losing external rotation""]","[""Pull to eyebrow level"", ""Show the rope your armpits"", ""Squeeze the upper back"", ""Pause with hands beside the face""]",Exhale while pulling; inhale during the return.,"[""Half-Kneeling Face Pull"", ""Face Pull to Overhead Press""]","[""Light Cable Face Pull"", ""Band Face Pull""]","[""Reverse Pec Deck"", ""Rear-Delt Cable Fly""]",3.5,"[""SRC_ACSM_2026_RT"", ""SRC_NCSA_TECHNIQUE"", ""SRC_COMPENDIUM_2024"", ""SRC_ROM_2021""]",Reviewed,2026-07-23
EX0020,Dumbbell Pullover,"[""Bench Dumbbell Pullover"", ""Dumbbell Lat Pullover""]",Resistance Training,Upper Body,Isolation,Vertical Pull,Pull,Open Chain,Bilateral,"[""Dumbbell"", ""Flat Bench""]",Overhead,"[""Latissimus Dorsi"", ""Pectoralis Major""]","[""Triceps Brachii"", ""Serratus Anterior""]","[""Rectus Abdominis"", ""Obliques"", ""Rotator Cuff"", ""Forearms""]","[""Sagittal""]","[""Shoulder Extension""]",Full,Ascending,Lengthened,Low,Intermediate,3,3,4,3,2,2,3,"[""Athletic Performance"",""Balance"",""Conditioning"",""Coordination"",""Core Stability"",""Corrective Exercise"",""Fat Loss"",""Flexibility"",""General Fitness"",""Grip Strength"",""Gymnastics"",""Injury Prevention"",""Joint Health"",""Knee Health"",""Mobility"",""Mobility and Flexibility"",""Muscle Gain"",""Muscular Endurance"",""Posture Correction"",""Power"",""Rehabilitation"",""Rehabilitation and Joint Health"",""Shoulder Health"",""Shin Splint Relief"",""Sport Performance"",""Strength"",""Strength Preparation"",""Warm-up""]",Moderate,"[""Shoulder"", ""Elbow"", ""Lower Back""]","[""Painful overhead range"", ""Shoulder instability"", ""Inability to control rib flare""]","Lie across or along a flat bench, hold one dumbbell securely above the chest, keep a slight elbow bend, and brace the trunk.","[""Lower the dumbbell behind the head through a comfortable range of motion"", ""Maintain a nearly fixed elbow angle"", ""Keep the ribs controlled"", ""Pull the dumbbell back above the chest""]","[""Lowering beyond available shoulder mobility"", ""Turning the exercise into a skull crusher"", ""Dropping the hips"", ""Using excessive load""]","[""Keep the elbows softly bent"", ""Move from the shoulders"", ""Keep ribs down"", ""Stop before shoulder discomfort""]",Inhale during the lowering phase; exhale while returning the dumbbell.,"[""Heavier Dumbbell Pullover"", ""Paused Dumbbell Pullover""]","[""Cable Pullover"", ""Short-Range Dumbbell Pullover""]","[""Straight-Arm Cable Pulldown"", ""Machine Pullover""]",3.5,"[""SRC_ACSM_2026_RT"", ""SRC_NCSA_TECHNIQUE"", ""SRC_COMPENDIUM_2024"", ""SRC_ROM_2021""]",Reviewed,2026-07-23
EX0021,Machine Leg Extension,"[""Seated Leg Extension""]",Resistance Training,Lower Body,Isolation,Knee Extension,Push,Open Chain,Bilateral,"[""Leg Extension Machine""]",Machine Guided,"[""Quadriceps""]","[""None""]","[""Core""]","[""Sagittal""]","[""Knee Extension""]",Full,Machine Dependent,Shortened,Low,Beginner,1,1,1,2,1,2,5,"[""Athletic Performance"",""Balance"",""Conditioning"",""Coordination"",""Core Stability"",""Corrective Exercise"",""Fat Loss"",""Flexibility"",""General Fitness"",""Grip Strength"",""Gymnastics"",""Injury Prevention"",""Joint Health"",""Knee Health"",""Mobility"",""Mobility and Flexibility"",""Muscle Gain"",""Muscular Endurance"",""Posture Correction"",""Power"",""Rehabilitation"",""Rehabilitation and Joint Health"",""Shoulder Health"",""Shin Splint Relief"",""Sport Performance"",""Strength"",""Strength Preparation"",""Warm-up""]",Low,"[""Knee""]","[""Patellofemoral pain syndrome"", ""Acute ACL injury""]",Adjust the seat back and shin pad so your knee aligns with the machine's axis of rotation.,"[""Grip the handles firmly."", ""Extend your knees to push the pad upward until your legs are fully straight."", ""Squeeze the quads hard at the top."", ""Lower the weight slowly under control.""]","[""Using momentum to swing the weight up"", ""Lifting the glutes off the seat"", ""Incomplete range of motion""]","[""Kick up and away"", ""Control the eccentric"", ""Keep toes pointed up""]","Exhale while extending the legs, inhale while lowering.","[""Single-Leg Machine Extension"", ""Pause Leg Extension""]","[""Bodyweight Leg Extension""]","[""Sissy Squat"", ""Bulgarian Split Squat""]",3,"[""SRC_ACSM_2026_RT"", ""SRC_NCSA_TECHNIQUE""]",Reviewed,2026-07-24
EX0022,Seated Dumbbell Shoulder Press,"[""Dumbbell Overhead Press"", ""DB Shoulder Press""]",Resistance Training,Upper Body,Compound,Vertical Push,Push,Open Chain,Bilateral,"[""Dumbbell"", ""Adjustable Bench""]",Overhead,"[""Anterior Deltoid""]","[""Lateral Deltoid"", ""Triceps Brachii"", ""Upper Trapezius""]","[""Rotator Cuff"", ""Core""]","[""Frontal"", ""Sagittal""]","[""Shoulder Abduction"", ""Shoulder Flexion"", ""Elbow Extension""]",Full,Ascending,Mid-Range,High,Beginner,2,2,3,2,2,3,4,"[""Athletic Performance"",""Balance"",""Conditioning"",""Coordination"",""Core Stability"",""Corrective Exercise"",""Fat Loss"",""Flexibility"",""General Fitness"",""Grip Strength"",""Gymnastics"",""Injury Prevention"",""Joint Health"",""Knee Health"",""Mobility"",""Mobility and Flexibility"",""Muscle Gain"",""Muscular Endurance"",""Posture Correction"",""Power"",""Rehabilitation"",""Rehabilitation and Joint Health"",""Shoulder Health"",""Shin Splint Relief"",""Sport Performance"",""Strength"",""Strength Preparation"",""Warm-up""]",Moderate,"[""Shoulder"", ""Lower Back""]","[""Acute shoulder impingement"", ""Cervical spine issues""]","Sit on a bench with back support, holding dumbbells at shoulder height with palms facing forward.","[""Brace your core and press the dumbbells overhead until your arms are fully extended."", ""Pause briefly at the top."", ""Lower the dumbbells under control back to the starting position.""]","[""Arching the lower back excessively"", ""Bouncing at the bottom"", ""Not locking out at the top""]","[""Press up and slightly back"", ""Keep chest up"", ""Control the descent""]","Exhale while pressing up, inhale while lowering.","[""Standing Dumbbell Press"", ""Arnold Press""]","[""Machine Shoulder Press""]","[""Barbell Overhead Press"", ""Machine Shoulder Press""]",3.5,"[""SRC_ACSM_2026_RT"", ""SRC_NCSA_TECHNIQUE""]",Reviewed,2026-07-24
EX0023,Cable Lateral Raise,[],Resistance Training,Upper Body,Isolation,Vertical Push,Push,Open Chain,Unilateral,"[""Cable Machine"", ""D-Handle""]",Lateral,"[""Lateral Deltoid""]","[""Anterior Deltoid"", ""Supraspinatus""]","[""Core"", ""Trapezius""]","[""Frontal"", ""Scapular""]","[""Shoulder Abduction""]",Full,Constant,Mid-Range,Low,Intermediate,2.5,2,2,2,2,1.5,4.5,"[""Athletic Performance"",""Balance"",""Conditioning"",""Coordination"",""Core Stability"",""Corrective Exercise"",""Fat Loss"",""Flexibility"",""General Fitness"",""Grip Strength"",""Gymnastics"",""Injury Prevention"",""Joint Health"",""Knee Health"",""Mobility"",""Mobility and Flexibility"",""Muscle Gain"",""Muscular Endurance"",""Posture Correction"",""Power"",""Rehabilitation"",""Rehabilitation and Joint Health"",""Shoulder Health"",""Shin Splint Relief"",""Sport Performance"",""Strength"",""Strength Preparation"",""Warm-up""]",Low,"[""Shoulder""]","[""Rotator cuff tear""]","Stand next to a low cable pulley, grab the handle with the outside hand, and take a slight lean away from the machine.","[""Keeping a slight bend in the elbow, raise the arm out to the side until it reaches shoulder height."", ""Pause for a second at the top."", ""Slowly lower the handle back to the starting position.""]","[""Using momentum"", ""Shrugging the traps"", ""Pulling the handle backward""]","[""Reach out, not up"", ""Lead with the elbow"", ""Keep the shoulder blade down""]","Exhale while raising the arm, inhale while lowering.","[""Behind-the-Back Cable Lateral Raise""]","[""Dumbbell Lateral Raise""]","[""Machine Lateral Raise"", ""Dumbbell Lateral Raise""]",2.5,"[""SRC_ACSM_2026_RT""]",Reviewed,2026-07-24
EX0024,Machine Shoulder Press,"[""Seated Machine Press""]",Resistance Training,Upper Body,Compound,Vertical Push,Push,Open Chain,Bilateral,"[""Shoulder Press Machine""]",Machine Guided,"[""Anterior Deltoid""]","[""Lateral Deltoid"", ""Triceps Brachii""]","[""None""]","[""Frontal"", ""Sagittal""]","[""Shoulder Abduction"", ""Elbow Extension""]",Full,Machine Dependent,Mid-Range,Moderate,Beginner,1,1,1,1.5,1,2.5,4,"[""Athletic Performance"",""Balance"",""Conditioning"",""Coordination"",""Core Stability"",""Corrective Exercise"",""Fat Loss"",""Flexibility"",""General Fitness"",""Grip Strength"",""Gymnastics"",""Injury Prevention"",""Joint Health"",""Knee Health"",""Mobility"",""Mobility and Flexibility"",""Muscle Gain"",""Muscular Endurance"",""Posture Correction"",""Power"",""Rehabilitation"",""Rehabilitation and Joint Health"",""Shoulder Health"",""Shin Splint Relief"",""Sport Performance"",""Strength"",""Strength Preparation"",""Warm-up""]",Low,"[""Shoulder""]","[""Severe shoulder impingement""]",Adjust the seat so the handles are roughly level with your shoulders. Sit back completely against the pad.,"[""Grip the handles and press upward until the arms are extended."", ""Do not lock out the elbows forcefully."", ""Lower the weight slowly to the starting position.""]","[""Allowing elbows to flare too far back"", ""Lifting the lower back off the pad"", ""Using momentum""]","[""Keep elbows slightly tucked"", ""Press through the palms"", ""Control the negative""]","Exhale while pressing, inhale while lowering.","[""Dumbbell Shoulder Press"", ""Barbell Overhead Press""]","[""Lighter Machine Press""]","[""Dumbbell Shoulder Press""]",3,"[""SRC_ACSM_2026_RT""]",Reviewed,2026-07-24
EX0025,Reverse Pec Deck Fly,"[""Machine Rear Delt Fly"", ""Rear Delt Fly""]",Resistance Training,Upper Body,Isolation,Horizontal Pull,Pull,Open Chain,Bilateral,"[""Pec Deck Machine""]",Machine Guided,"[""Posterior Deltoid""]","[""Rhomboids"", ""Middle Trapezius""]","[""None""]","[""Transverse""]","[""Shoulder Horizontal Abduction""]",Full,Machine Dependent,Shortened,Low,Beginner,1,1,1,1,1,1.5,4.5,"[""Athletic Performance"",""Balance"",""Conditioning"",""Coordination"",""Core Stability"",""Corrective Exercise"",""Fat Loss"",""Flexibility"",""General Fitness"",""Grip Strength"",""Gymnastics"",""Injury Prevention"",""Joint Health"",""Knee Health"",""Mobility"",""Mobility and Flexibility"",""Muscle Gain"",""Muscular Endurance"",""Posture Correction"",""Power"",""Rehabilitation"",""Rehabilitation and Joint Health"",""Shoulder Health"",""Shin Splint Relief"",""Sport Performance"",""Strength"",""Strength Preparation"",""Warm-up""]",Low,"[""Shoulder""]","[""None""]",Adjust the seat so the handles are at shoulder level. Sit facing the machine pad with your chest supported.,"[""Grip the handles and push your arms out and back in an arc."", ""Squeeze your rear delts and upper back at the end of the movement."", ""Slowly return to the starting position.""]","[""Bending the elbows too much"", ""Using momentum"", ""Shrugging the shoulders""]","[""Sweep the weight back"", ""Keep chest against the pad"", ""Squeeze the upper back""]","Exhale while pulling back, inhale while returning.","[""Dumbbell Rear Delt Raise"", ""Cable Face Pull""]","[""Lighter Reverse Pec Deck""]","[""Cable Face Pull"", ""Bent-Over Dumbbell Fly""]",2.5,"[""SRC_ACSM_2026_RT""]",Reviewed,2026-07-24
EX0026,Plank,"[""Forearm Plank"", ""Front Plank""]",Bodyweight,Core,Isometric,Core Anti-Extension,Static,Closed Chain,Bilateral,"[""Bodyweight""]",Bodyweight,"[""Rectus Abdominis"", ""Transverse Abdominis""]","[""Obliques"", ""Erector Spinae"", ""Serratus Anterior""]","[""Gluteus Maximus"", ""Quadriceps"", ""Shoulders""]","[""Sagittal""]","[""Isometric Trunk Flexion""]",,Constant,Mid-Range,Moderate,Beginner,1.5,1.5,3,1,2,2,4,"[""Athletic Performance"",""Balance"",""Conditioning"",""Coordination"",""Core Stability"",""Corrective Exercise"",""Fat Loss"",""Flexibility"",""General Fitness"",""Grip Strength"",""Gymnastics"",""Injury Prevention"",""Joint Health"",""Knee Health"",""Mobility"",""Mobility and Flexibility"",""Muscle Gain"",""Muscular Endurance"",""Posture Correction"",""Power"",""Rehabilitation"",""Rehabilitation and Joint Health"",""Shoulder Health"",""Shin Splint Relief"",""Sport Performance"",""Strength"",""Strength Preparation"",""Warm-up""]",Low,"[""Lower Back"", ""Shoulder""]",[],"Lie face down, then prop yourself up on your forearms and toes. Elbows should be directly under the shoulders.","[""Engage your core, glutes, and quads to maintain a perfectly straight line from head to heels."", ""Hold this position while breathing deeply and steadily."", ""Do not allow the hips to sag or pike up.""]","[""Hips sagging toward the floor"", ""Hips raised too high"", ""Forgetting to breathe"", ""Looking up and straining the neck""]","[""Brace like you are about to be punched in the stomach"", ""Squeeze the glutes"", ""Push the floor away with your elbows""]",Breathe continuously and rhythmically; do not hold your breath.,"[""Weighted Plank"", ""Long-Lever Plank"", ""RKC Plank""]","[""Kneeling Plank"", ""Incline Plank""]","[""Ab Wheel Rollout"", ""Dead Bug""]",3,"[""SRC_ACSM_2026_RT"", ""SRC_NCSA_TECHNIQUE""]",Reviewed,2026-07-24
EX0027,Cable Crunch,[],Resistance Training,Core,Isolation,Trunk Flexion,Pull,Open Chain,Bilateral,"[""Cable Machine"", ""Rope Attachment""]",Overhead,"[""Rectus Abdominis""]","[""Obliques""]","[""Hip Flexors""]","[""Sagittal""]","[""Spinal Flexion""]",Full,Constant,Shortened,Low,Intermediate,3,2,2,2,2,2,4.5,"[""Athletic Performance"",""Balance"",""Conditioning"",""Coordination"",""Core Stability"",""Corrective Exercise"",""Fat Loss"",""Flexibility"",""General Fitness"",""Grip Strength"",""Gymnastics"",""Injury Prevention"",""Joint Health"",""Knee Health"",""Mobility"",""Mobility and Flexibility"",""Muscle Gain"",""Muscular Endurance"",""Posture Correction"",""Power"",""Rehabilitation"",""Rehabilitation and Joint Health"",""Shoulder Health"",""Shin Splint Relief"",""Sport Performance"",""Strength"",""Strength Preparation"",""Warm-up""]",Moderate,"[""Lower Back"", ""Neck""]","[""Lumbar disc herniation""]",Attach a rope to a high cable pulley. Kneel facing the machine and hold the rope ends beside your ears.,"[""Flex your spine to crunch your torso downward, bringing your elbows toward your knees."", ""Squeeze the abs hard at the bottom."", ""Slowly return to the starting position without extending the lower back excessively.""]","[""Using the arms to pull the weight"", ""Flexing at the hips instead of the spine"", ""Pulling the neck down""]","[""Round the upper back"", ""Crunch the ribs to the pelvis"", ""Keep the hips stationary""]","Exhale forcefully while crunching down, inhale while returning.","[""Heavier Cable Crunch"", ""Standing Cable Crunch""]","[""Machine Crunch"", ""Floor Crunch""]","[""Machine Ab Crunch"", ""Decline Crunch""]",2.5,"[""SRC_ACSM_2026_RT""]",Reviewed,2026-07-24
EX0028,Hanging Leg Raise,"[""Toes to Bar""]",Bodyweight,Core,Compound,Trunk Flexion,Pull,Closed Chain,Bilateral,"[""Pull-up Bar""]",,"[""Rectus Abdominis"", ""Iliopsoas""]","[""Obliques"", ""Rectus Femoris""]","[""Latissimus Dorsi"", ""Forearms"", ""Shoulders""]","[""Sagittal""]","[""Hip Flexion"", ""Spinal Flexion""]",Full,Ascending,Shortened,Low,Advanced,4,3.5,3,2.5,1,3,5,"[""Athletic Performance"",""Balance"",""Conditioning"",""Coordination"",""Core Stability"",""Corrective Exercise"",""Fat Loss"",""Flexibility"",""General Fitness"",""Grip Strength"",""Gymnastics"",""Injury Prevention"",""Joint Health"",""Knee Health"",""Mobility"",""Mobility and Flexibility"",""Muscle Gain"",""Muscular Endurance"",""Posture Correction"",""Power"",""Rehabilitation"",""Rehabilitation and Joint Health"",""Shoulder Health"",""Shin Splint Relief"",""Sport Performance"",""Strength"",""Strength Preparation"",""Warm-up""]",Moderate,"[""Lower Back"", ""Shoulder""]","[""Shoulder impingement"", ""Lumbar spine issues""]","Hang from a pull-up bar with an overhand grip, legs straight down.","[""Engage your core and pull your legs up toward the bar by flexing the hips and spine."", ""Squeeze the abs at the top of the movement."", ""Lower the legs back down under strict control to avoid swinging.""]","[""Using momentum to swing the legs"", ""Only flexing the hips without rounding the pelvis"", ""Bending the elbows""]","[""Curl the pelvis up"", ""Don't just lift the legs, crunch the abs"", ""Control the descent""]","Exhale while lifting the legs, inhale while lowering.","[""Toes to Bar"", ""Strict Straight Leg Raise""]","[""Hanging Knee Raise"", ""Captain's Chair Leg Raise""]","[""Lying Leg Raise"", ""Reverse Crunch""]",4,"[""SRC_NCSA_TECHNIQUE""]",Reviewed,2026-07-24
EX0029,Ab Wheel Rollout,"[""Barbell Rollout"", ""Ab Roller""]",Resistance Training,Core,Compound,Core Anti-Extension,Push,Closed Chain,Bilateral,"[""Ab Wheel"", ""Mat""]",Bodyweight,"[""Rectus Abdominis""]","[""Latissimus Dorsi"", ""Triceps Brachii"", ""Obliques""]","[""Erector Spinae"", ""Shoulders""]","[""Sagittal""]","[""Shoulder Flexion"", ""Shoulder Extension"", ""Isometric Trunk Flexion""]",Full,Ascending,Lengthened,Low,Advanced,4,3.5,4,2,3,3.5,5,"[""Athletic Performance"",""Balance"",""Conditioning"",""Coordination"",""Core Stability"",""Corrective Exercise"",""Fat Loss"",""Flexibility"",""General Fitness"",""Grip Strength"",""Gymnastics"",""Injury Prevention"",""Joint Health"",""Knee Health"",""Mobility"",""Mobility and Flexibility"",""Muscle Gain"",""Muscular Endurance"",""Posture Correction"",""Power"",""Rehabilitation"",""Rehabilitation and Joint Health"",""Shoulder Health"",""Shin Splint Relief"",""Sport Performance"",""Strength"",""Strength Preparation"",""Warm-up""]",High,"[""Lower Back"", ""Shoulder""]","[""Lumbar spine instability"", ""Acute shoulder pain""]",Kneel on a mat with your hands on the ab wheel directly under your shoulders.,"[""Brace your core and slowly roll the wheel forward as far as you can without letting your lower back sag."", ""Pause briefly at maximum extension."", ""Use your core and lats to pull the wheel back to the starting position.""]","[""Letting the lower back arch/sag"", ""Bending the arms"", ""Hinging back at the hips too early""]","[""Keep the tailbone tucked"", ""Squeeze the glutes"", ""Don't let the lower back break""]","Inhale before rolling out, exhale while pulling back.","[""Standing Ab Wheel Rollout""]","[""Swiss Ball Rollout"", ""Plank""]","[""Long-Lever Plank"", ""TRX Fallout""]",4,"[""SRC_NCSA_TECHNIQUE""]",Reviewed,2026-07-24
EX0030,Pallof Press,"[""Cable Anti-Rotation Press""]",Resistance Training,Core,Isometric,Core Anti-Rotation,Push,Open Chain,Bilateral,"[""Cable Machine"", ""D-Handle""]",Anterior,"[""Obliques"", ""Transverse Abdominis""]","[""Rectus Abdominis"", ""Multifidus""]","[""Gluteus Medius"", ""Shoulders""]","[""Transverse""]","[""Elbow Extension"", ""Isometric Trunk Rotation""]",Partial,Constant,Mid-Range,Low,Beginner,2,2,3.5,1,3,2,3.5,"[""Athletic Performance"",""Balance"",""Conditioning"",""Coordination"",""Core Stability"",""Corrective Exercise"",""Fat Loss"",""Flexibility"",""General Fitness"",""Grip Strength"",""Gymnastics"",""Injury Prevention"",""Joint Health"",""Knee Health"",""Mobility"",""Mobility and Flexibility"",""Muscle Gain"",""Muscular Endurance"",""Posture Correction"",""Power"",""Rehabilitation"",""Rehabilitation and Joint Health"",""Shoulder Health"",""Shin Splint Relief"",""Sport Performance"",""Strength"",""Strength Preparation"",""Warm-up""]",Low,"[""Lower Back""]","[""Acute rotational back pain""]",Stand perpendicular to a cable pulley holding the handle with both hands at your chest.,"[""Brace your core and press the handle straight out in front of you."", ""Resist the urge to let the cable rotate your torso."", ""Hold for a few seconds, then return the handle to your chest.""]","[""Allowing the torso to rotate"", ""Leaning away from the cable"", ""Shrugging the shoulders""]","[""Resist the twist"", ""Squeeze the glutes"", ""Press in a perfectly straight line""]","Exhale while pressing out, inhale while returning.","[""Kneeling Pallof Press"", ""Pallof Press with Overhead Reach""]","[""Isometric Pallof Hold""]","[""Woodchopper"", ""Russian Twist""]",2.5,"[""SRC_ACSM_2026_RT""]",Reviewed,2026-07-24
EX0031,Barbell Upright Row,"[""Upright Row""]",Resistance Training,Upper Body,Compound,Vertical Pull,Pull,Open Chain,Bilateral,"[""Barbell""]",Anterior,"[""Lateral Deltoid"", ""Upper Trapezius""]","[""Anterior Deltoid"", ""Biceps Brachii"", ""Brachialis""]","[""Core"", ""Erector Spinae""]","[""Frontal""]","[""Shoulder Abduction"", ""Elbow Flexion""]",Full,Ascending,Shortened,Low,Intermediate,3,2,2,3,2,3,4,"[""Athletic Performance"",""Balance"",""Conditioning"",""Coordination"",""Core Stability"",""Corrective Exercise"",""Fat Loss"",""Flexibility"",""General Fitness"",""Grip Strength"",""Gymnastics"",""Injury Prevention"",""Joint Health"",""Knee Health"",""Mobility"",""Mobility and Flexibility"",""Muscle Gain"",""Muscular Endurance"",""Posture Correction"",""Power"",""Rehabilitation"",""Rehabilitation and Joint Health"",""Shoulder Health"",""Shin Splint Relief"",""Sport Performance"",""Strength"",""Strength Preparation"",""Warm-up""]",High,"[""Shoulder"", ""Wrist""]","[""Shoulder impingement"", ""Rotator cuff issues"", ""Wrist pain""]",Stand holding a barbell with an overhand grip slightly narrower than shoulder-width.,"[""Pull the barbell straight up close to your body until it reaches your upper chest."", ""Lead with the elbows, keeping them higher than the wrists."", ""Lower the bar back to the starting position under control.""]","[""Using momentum"", ""Pulling too high (above shoulders)"", ""Wrists bending awkwardly""]","[""Lead with the elbows"", ""Keep the bar close to the shirt"", ""Control the descent""]","Exhale while pulling up, inhale while lowering.","[""Snatch-Grip Upright Row""]","[""Cable Upright Row"", ""Dumbbell Upright Row""]","[""Dumbbell Lateral Raise"", ""Cable Upright Row""]",3.5,"[""SRC_ACSM_2026_RT"", ""SRC_NCSA_TECHNIQUE""]",Reviewed,2026-07-24
EX0032,Barbell Biceps Curl,"[""Standing Barbell Curl""]",Resistance Training,Upper Body,Isolation,Elbow Flexion,Pull,Open Chain,Bilateral,"[""Barbell""]",Anterior,"[""Biceps Brachii"", ""Brachialis""]","[""Brachioradialis""]","[""Core"", ""Anterior Deltoid""]","[""Sagittal""]","[""Elbow Flexion""]",Full,Ascending,Mid-Range,Low,Beginner,1.5,2,2,1,2,2,4,"[""Athletic Performance"",""Balance"",""Conditioning"",""Coordination"",""Core Stability"",""Corrective Exercise"",""Fat Loss"",""Flexibility"",""General Fitness"",""Grip Strength"",""Gymnastics"",""Injury Prevention"",""Joint Health"",""Knee Health"",""Mobility"",""Mobility and Flexibility"",""Muscle Gain"",""Muscular Endurance"",""Posture Correction"",""Power"",""Rehabilitation"",""Rehabilitation and Joint Health"",""Shoulder Health"",""Shin Splint Relief"",""Sport Performance"",""Strength"",""Strength Preparation"",""Warm-up""]",Low,"[""Elbow"", ""Wrist""]","[""Wrist pain"", ""Medial epicondylitis""]","Stand tall holding a barbell with a supinated (underhand) grip, hands shoulder-width apart.","[""Keeping elbows pinned to your sides, curl the bar up toward your shoulders."", ""Squeeze the biceps hard at the top."", ""Lower the bar back to the starting position under control.""]","[""Using momentum to swing the weight"", ""Letting elbows drift forward"", ""Incomplete range of motion""]","[""Pin your elbows"", ""Squeeze at the top"", ""Control the negative""]","Exhale while curling, inhale while lowering.","[""Strict Wall Curl"", ""EZ-Bar Curl""]","[""Dumbbell Curl"", ""Cable Curl""]","[""Dumbbell Biceps Curl"", ""Cable Biceps Curl""]",3,"[""SRC_ACSM_2026_RT""]",Reviewed,2026-07-24
EX0033,Cable Triceps Pushdown,"[""Triceps Pressdown"", ""Rope Pushdown""]",Resistance Training,Upper Body,Isolation,Elbow Extension,Push,Open Chain,Bilateral,"[""Cable Machine"", ""Rope Attachment""]",Anterior,"[""Triceps Brachii""]","[""Anconeus""]","[""Core"", ""Latissimus Dorsi""]","[""Sagittal""]","[""Elbow Extension""]",Full,Constant,Shortened,Low,Beginner,1.5,1.5,2,1,1.5,1.5,4.5,"[""Athletic Performance"",""Balance"",""Conditioning"",""Coordination"",""Core Stability"",""Corrective Exercise"",""Fat Loss"",""Flexibility"",""General Fitness"",""Grip Strength"",""Gymnastics"",""Injury Prevention"",""Joint Health"",""Knee Health"",""Mobility"",""Mobility and Flexibility"",""Muscle Gain"",""Muscular Endurance"",""Posture Correction"",""Power"",""Rehabilitation"",""Rehabilitation and Joint Health"",""Shoulder Health"",""Shin Splint Relief"",""Sport Performance"",""Strength"",""Strength Preparation"",""Warm-up""]",Low,"[""Elbow""]","[""Lateral epicondylitis""]",Stand facing a high cable pulley with a rope or straight bar attachment. Brace your core and hinge slightly forward.,"[""Pin your elbows to your sides and push the attachment down until your arms are fully extended."", ""Squeeze the triceps at the bottom."", ""Return slowly to the starting position.""]","[""Letting elbows flare out or move forward"", ""Using body weight to push down"", ""Not fully locking out""]","[""Spread the rope at the bottom"", ""Elbows glued to ribs"", ""Control the way up""]","Exhale while pushing down, inhale while returning.","[""Overhead Triceps Extension"", ""Heavy Pushdown""]","[""Band Triceps Pushdown""]","[""Skull Crusher"", ""Dumbbell Kickback""]",2.5,"[""SRC_ACSM_2026_RT""]",Reviewed,2026-07-24
EX0034,Standing Calf Raise,[],Resistance Training,Lower Body,Isolation,Ankle Plantarflexion,Push,Closed Chain,Bilateral,"[""Calf Raise Machine""]",Axial,"[""Gastrocnemius""]","[""Soleus""]","[""Core"", ""Erector Spinae""]","[""Sagittal""]","[""Ankle Plantarflexion""]",Full,Machine Dependent,Mid-Range,Moderate,Beginner,1,1,1.5,2,2,2,4.5,"[""Athletic Performance"",""Balance"",""Conditioning"",""Coordination"",""Core Stability"",""Corrective Exercise"",""Fat Loss"",""Flexibility"",""General Fitness"",""Grip Strength"",""Gymnastics"",""Injury Prevention"",""Joint Health"",""Knee Health"",""Mobility"",""Mobility and Flexibility"",""Muscle Gain"",""Muscular Endurance"",""Posture Correction"",""Power"",""Rehabilitation"",""Rehabilitation and Joint Health"",""Shoulder Health"",""Shin Splint Relief"",""Sport Performance"",""Strength"",""Strength Preparation"",""Warm-up""]",Low,"[""Ankle"", ""Achilles Tendon"", ""Lower Back""]","[""Achilles tendinopathy"", ""Spinal compression issues""]","Step onto the calf block with the balls of your feet, placing your shoulders under the pads. Unrack the weight.","[""Lower your heels as far as comfortable to stretch the calves."", ""Press through the balls of your feet to raise your heels as high as possible."", ""Pause and squeeze at the top.""]","[""Bouncing at the bottom"", ""Bending the knees"", ""Not going through a full range of motion""]","[""Stretch at the bottom"", ""Drive through the big toe"", ""Hold the squeeze""]","Exhale while raising heels, inhale while lowering.","[""Single-Leg Standing Calf Raise""]","[""Bodyweight Calf Raise""]","[""Leg Press Calf Raise""]",3,"[""SRC_ACSM_2026_RT""]",Reviewed,2026-07-24
EX0035,Seated Calf Raise,[],Resistance Training,Lower Body,Isolation,Ankle Plantarflexion,Push,Closed Chain,Bilateral,"[""Seated Calf Machine""]",Machine Guided,"[""Soleus""]","[""Gastrocnemius""]","[""None""]","[""Sagittal""]","[""Ankle Plantarflexion""]",Full,Machine Dependent,Lengthened,Low,Beginner,1,1,1,2,1,1.5,4.5,"[""Athletic Performance"",""Balance"",""Conditioning"",""Coordination"",""Core Stability"",""Corrective Exercise"",""Fat Loss"",""Flexibility"",""General Fitness"",""Grip Strength"",""Gymnastics"",""Injury Prevention"",""Joint Health"",""Knee Health"",""Mobility"",""Mobility and Flexibility"",""Muscle Gain"",""Muscular Endurance"",""Posture Correction"",""Power"",""Rehabilitation"",""Rehabilitation and Joint Health"",""Shoulder Health"",""Shin Splint Relief"",""Sport Performance"",""Strength"",""Strength Preparation"",""Warm-up""]",Low,"[""Ankle"", ""Achilles Tendon""]","[""Achilles tendinopathy""]","Sit on the machine, place the balls of your feet on the platform, and secure the knee pads over your lower thighs.","[""Release the safety lever and lower your heels to feel a stretch."", ""Drive through the balls of your feet to lift the heels as high as possible."", ""Slowly lower back down.""]","[""Bouncing the weight"", ""Using toes instead of the ball of the foot"", ""Short range of motion""]","[""Deep stretch"", ""Drive the pad up"", ""Controlled negative""]","Exhale while lifting, inhale while lowering.","[""Heavy Seated Calf Raise"", ""Pause Reps""]","[""Lighter Load""]","[""Standing Calf Raise"", ""Leg Press Calf Raise""]",2,"[""SRC_ACSM_2026_RT""]",Reviewed,2026-07-24
EX0036,Lying Triceps Extension,"[""Skull Crusher"", ""French Press""]",Resistance Training,Upper Body,Isolation,Elbow Extension,Push,Open Chain,Bilateral,"[""EZ-Bar"", ""Flat Bench""]",Anterior,"[""Triceps Brachii""]","[""Anconeus""]","[""Core"", ""Pectoralis Major""]","[""Sagittal""]","[""Elbow Extension""]",Full,Ascending,Lengthened,Low,Intermediate,3,2.5,2,2,1.5,2.5,4.5,"[""Athletic Performance"",""Balance"",""Conditioning"",""Coordination"",""Core Stability"",""Corrective Exercise"",""Fat Loss"",""Flexibility"",""General Fitness"",""Grip Strength"",""Gymnastics"",""Injury Prevention"",""Joint Health"",""Knee Health"",""Mobility"",""Mobility and Flexibility"",""Muscle Gain"",""Muscular Endurance"",""Posture Correction"",""Power"",""Rehabilitation"",""Rehabilitation and Joint Health"",""Shoulder Health"",""Shin Splint Relief"",""Sport Performance"",""Strength"",""Strength Preparation"",""Warm-up""]",Moderate,"[""Elbow"", ""Wrist""]","[""Elbow tendinopathy"", ""Wrist impingement""]","Lie flat on a bench holding an EZ-bar with a narrow overhand grip, arms extended straight up.","[""Keeping your upper arms stationary, bend your elbows to lower the bar toward your forehead or just behind your head."", ""Feel the stretch in the triceps, then extend your elbows to return to the top."", ""Maintain control and proper breathing throughout the entire movement.""]","[""Moving the upper arms too much"", ""Flaring the elbows excessively"", ""Lowering the bar too fast""]","[""Point elbows to the ceiling"", ""Control the descent"", ""Squeeze triceps at the top""]","Inhale while lowering the bar, exhale while pressing back up.","[""Decline Skull Crusher"", ""Dumbbell Skull Crusher""]","[""Cable Triceps Pushdown""]","[""Overhead Triceps Extension"", ""Close-Grip Bench Press""]",3,"[""SRC_ACSM_2026_RT""]",Reviewed,2026-07-24
EX0037,Dumbbell Hammer Curl,"[""Neutral Grip Curl""]",Resistance Training,Upper Body,Isolation,Elbow Flexion,Pull,Open Chain,Bilateral,"[""Dumbbell""]",Lateral,"[""Brachioradialis"", ""Brachialis""]","[""Biceps Brachii""]","[""Core"", ""Anterior Deltoid""]","[""Sagittal""]","[""Elbow Flexion""]",Full,Ascending,Mid-Range,Low,Beginner,1.5,2,2,1,1.5,2,4,"[""Athletic Performance"",""Balance"",""Conditioning"",""Coordination"",""Core Stability"",""Corrective Exercise"",""Fat Loss"",""Flexibility"",""General Fitness"",""Grip Strength"",""Gymnastics"",""Injury Prevention"",""Joint Health"",""Knee Health"",""Mobility"",""Mobility and Flexibility"",""Muscle Gain"",""Muscular Endurance"",""Posture Correction"",""Power"",""Rehabilitation"",""Rehabilitation and Joint Health"",""Shoulder Health"",""Shin Splint Relief"",""Sport Performance"",""Strength"",""Strength Preparation"",""Warm-up""]",Low,"[""Elbow""]","[""Elbow pain""]",Stand holding a pair of dumbbells by your sides with a neutral grip (palms facing your body).,"[""Keeping your elbows pinned to your sides, curl the dumbbells up toward your shoulders."", ""Maintain the neutral grip throughout the entire movement."", ""Lower the weights under control.""]","[""Swinging the body"", ""Turning the wrist into a supinated curl"", ""Dropping the weight quickly""]","[""Keep palms facing each other"", ""Pin the elbows"", ""Squeeze at the top""]","Exhale while curling, inhale while lowering.","[""Cross-Body Hammer Curl"", ""Heavy Hammer Curl""]","[""Seated Hammer Curl""]","[""Reverse Barbell Curl"", ""Cable Rope Curl""]",3,"[""SRC_ACSM_2026_RT""]",Reviewed,2026-07-24
EX0038,Barbell Hip Thrust,"[""Hip Thrust"", ""Glute Thrust""]",Resistance Training,Lower Body,Compound,Hip Extension,Push,Closed Chain,Bilateral,"[""Barbell"", ""Bench"", ""Barbell Pad""]",Anterior,"[""Gluteus Maximus""]","[""Hamstrings"", ""Quadriceps""]","[""Core"", ""Erector Spinae""]","[""Sagittal""]","[""Hip Extension""]",Partial,Ascending,Shortened,Moderate,Intermediate,3,3,3,2,2,4,4.5,"[""Athletic Performance"",""Balance"",""Conditioning"",""Coordination"",""Core Stability"",""Corrective Exercise"",""Fat Loss"",""Flexibility"",""General Fitness"",""Grip Strength"",""Gymnastics"",""Injury Prevention"",""Joint Health"",""Knee Health"",""Mobility"",""Mobility and Flexibility"",""Muscle Gain"",""Muscular Endurance"",""Posture Correction"",""Power"",""Rehabilitation"",""Rehabilitation and Joint Health"",""Shoulder Health"",""Shin Splint Relief"",""Sport Performance"",""Strength"",""Strength Preparation"",""Warm-up""]",Low,"[""Lower Back"", ""Pelvis""]","[""Lumbar spine pain"", ""Pelvic floor issues""]",Sit on the floor with your upper back against a bench. Roll a padded barbell over your hips and plant your feet firmly.,"[""Drive through your heels to extend your hips upward until your thighs and torso are parallel to the floor."", ""Squeeze the glutes hard at the top."", ""Lower the hips back down under control.""]","[""Hyperextending the lower back"", ""Not achieving full hip extension"", ""Rising up on the toes""]","[""Look forward, keep chin tucked"", ""Drive through the heels"", ""Squeeze the glutes, not the back""]","Inhale before driving up, exhale at the top.","[""Single-Leg Hip Thrust"", ""Banded Hip Thrust""]","[""Glute Bridge"", ""Dumbbell Hip Thrust""]","[""Romanian Deadlift"", ""Cable Pull-Through""]",4.5,"[""SRC_ACSM_2026_RT"", ""SRC_NCSA_TECHNIQUE""]",Reviewed,2026-07-24
EX0039,Barbell Front Squat,"[""Front Squat""]",Resistance Training,Lower Body,Compound,Squat,Push,Closed Chain,Bilateral,"[""Barbell"", ""Squat Rack""]",Anterior,"[""Quadriceps""]","[""Gluteus Maximus""]","[""Core"", ""Erector Spinae"", ""Upper Trapezius""]","[""Sagittal""]","[""Hip Extension"", ""Knee Extension""]",Full,Ascending,Lengthened,High,Advanced,4.5,4,4,4.5,4,4.5,4.5,"[""Athletic Performance"",""Balance"",""Conditioning"",""Coordination"",""Core Stability"",""Corrective Exercise"",""Fat Loss"",""Flexibility"",""General Fitness"",""Grip Strength"",""Gymnastics"",""Injury Prevention"",""Joint Health"",""Knee Health"",""Mobility"",""Mobility and Flexibility"",""Muscle Gain"",""Muscular Endurance"",""Posture Correction"",""Power"",""Rehabilitation"",""Rehabilitation and Joint Health"",""Shoulder Health"",""Shin Splint Relief"",""Sport Performance"",""Strength"",""Strength Preparation"",""Warm-up""]",Moderate,"[""Knee"", ""Lower Back"", ""Wrist""]","[""Knee pain"", ""Wrist immobility""]","Rest the barbell on the front of your shoulders, pointing your elbows forward to secure the bar. Step back from the rack.","[""Keeping your torso highly upright, descend by bending the hips and knees."", ""Squat until your hips are below your knees."", ""Drive back up to the starting position.""]","[""Elbows dropping"", ""Torso leaning forward"", ""Heels lifting off the ground""]","[""Keep elbows high"", ""Chest up"", ""Drive through the whole foot""]","Inhale and brace before descending, exhale on the way up.","[""Paused Front Squat"", ""Zercher Squat""]","[""Goblet Squat"", ""Leg Press""]","[""Barbell Back Squat"", ""Hack Squat""]",5.5,"[""SRC_NCSA_TECHNIQUE""]",Reviewed,2026-07-24
EX0040,Dumbbell Walking Lunge,"[""Walking Lunge""]",Resistance Training,Lower Body,Compound,Lunge,Push,Closed Chain,Alternating,"[""Dumbbell""]",Lateral,"[""Quadriceps"", ""Gluteus Maximus""]","[""Hamstrings"", ""Adductor Magnus""]","[""Core"", ""Gluteus Medius""]","[""Sagittal""]","[""Hip Extension"", ""Knee Extension""]",Full,Ascending,Lengthened,Moderate,Intermediate,3.5,4,4.5,3,4.5,4.5,4.5,"[""Athletic Performance"",""Balance"",""Conditioning"",""Coordination"",""Core Stability"",""Corrective Exercise"",""Fat Loss"",""Flexibility"",""General Fitness"",""Grip Strength"",""Gymnastics"",""Injury Prevention"",""Joint Health"",""Knee Health"",""Mobility"",""Mobility and Flexibility"",""Muscle Gain"",""Muscular Endurance"",""Posture Correction"",""Power"",""Rehabilitation"",""Rehabilitation and Joint Health"",""Shoulder Health"",""Shin Splint Relief"",""Sport Performance"",""Strength"",""Strength Preparation"",""Warm-up""]",Moderate,"[""Knee"", ""Hip""]","[""Knee instability"", ""Balance disorders""]",Stand holding a pair of dumbbells by your sides. Brace your core.,"[""Step forward with one leg and lower your hips until both knees are bent at a 90-degree angle."", ""Drive through the heel of the front foot to step forward into the next lunge with the opposite leg."", ""Maintain control and proper breathing throughout the entire movement.""]","[""Knee caving inward"", ""Taking steps that are too short or too long"", ""Torso collapsing forward""]","[""Keep chest tall"", ""Control the descent"", ""Drive through the front heel""]","Inhale while lowering, exhale while pushing up.","[""Barbell Walking Lunge"", ""Deficit Reverse Lunge""]","[""Stationary Lunge"", ""Step-Up""]","[""Bulgarian Split Squat"", ""Reverse Lunge""]",5,"[""SRC_ACSM_2026_RT""]",Reviewed,2026-07-24
EX0041,Barbell Good Morning,"[""Good Morning""]",Resistance Training,Lower Body,Compound,Hinge,Pull,Closed Chain,Bilateral,"[""Barbell"", ""Squat Rack""]",Posterior,"[""Hamstrings"", ""Erector Spinae""]","[""Gluteus Maximus""]","[""Core""]","[""Sagittal""]","[""Hip Extension""]",Partial,Constant,Lengthened,High,Advanced,4,3.5,3.5,4,3,4,4,"[""Athletic Performance"",""Balance"",""Conditioning"",""Coordination"",""Core Stability"",""Corrective Exercise"",""Fat Loss"",""Flexibility"",""General Fitness"",""Grip Strength"",""Gymnastics"",""Injury Prevention"",""Joint Health"",""Knee Health"",""Mobility"",""Mobility and Flexibility"",""Muscle Gain"",""Muscular Endurance"",""Posture Correction"",""Power"",""Rehabilitation"",""Rehabilitation and Joint Health"",""Shoulder Health"",""Shin Splint Relief"",""Sport Performance"",""Strength"",""Strength Preparation"",""Warm-up""]",High,"[""Lower Back"", ""Hamstrings""]","[""Lumbar disc injuries"", ""Hamstring tears""]",Set a barbell on your upper back as if you were doing a back squat. Stand with feet shoulder-width apart.,"[""Keeping a slight bend in the knees and a perfectly flat back, hinge at the hips to push your glutes backward."", ""Lower your torso until it is nearly parallel to the floor."", ""Squeeze your glutes and hamstrings to stand back up.""]","[""Rounding the lower back"", ""Bending the knees too much into a squat"", ""Going too heavy""]","[""Push hips back"", ""Keep the back rigid"", ""Feel the stretch in the hamstrings""]","Inhale while hinging forward, exhale while returning to the start.","[""Seated Good Morning"", ""Banded Good Morning""]","[""Romanian Deadlift"", ""45-Degree Back Extension""]","[""Romanian Deadlift"", ""Glute-Ham Raise""]",4.5,"[""SRC_NCSA_TECHNIQUE""]",Reviewed,2026-07-24
EX0042,Dumbbell Romanian Deadlift,"[""Dumbbell RDL""]",Resistance Training,Lower Body,Compound,Hinge,Pull,Closed Chain,Bilateral,"[""Dumbbell""]",Anterior,"[""Hamstrings"", ""Gluteus Maximus""]","[""Erector Spinae""]","[""Core"", ""Latissimus Dorsi"", ""Forearms""]","[""Sagittal""]","[""Hip Extension""]",Partial,Constant,Lengthened,Moderate,Beginner,2.5,2.5,3,3,2.5,3,4,"[""Athletic Performance"",""Balance"",""Conditioning"",""Coordination"",""Core Stability"",""Corrective Exercise"",""Fat Loss"",""Flexibility"",""General Fitness"",""Grip Strength"",""Gymnastics"",""Injury Prevention"",""Joint Health"",""Knee Health"",""Mobility"",""Mobility and Flexibility"",""Muscle Gain"",""Muscular Endurance"",""Posture Correction"",""Power"",""Rehabilitation"",""Rehabilitation and Joint Health"",""Shoulder Health"",""Shin Splint Relief"",""Sport Performance"",""Strength"",""Strength Preparation"",""Warm-up""]",Moderate,"[""Lower Back"", ""Hamstrings""]","[""Lumbar disc herniation"", ""Acute hamstring tear""]",Stand holding a pair of dumbbells in front of your thighs with a pronated grip. Keep your feet shoulder-width apart.,"[""Maintain a slight bend in your knees and a rigid, straight back."", ""Push your hips back as far as possible, lowering the dumbbells along your legs until you feel a deep stretch in your hamstrings."", ""Drive your hips forward to return to the standing position, squeezing your glutes at the top.""]","[""Bending the knees too much (turning it into a squat)"", ""Rounding the lower back"", ""Letting the dumbbells drift away from the body""]","[""Shave your legs with the dumbbells"", ""Push your hips to the wall behind you"", ""Keep a proud chest""]","Inhale while hinging forward, exhale while standing up.","[""Barbell RDL"", ""Single-Leg Dumbbell RDL""]","[""Glute Bridge"", ""Cable Pull-Through""]","[""Barbell Good Morning"", ""Kettlebell Swing""]",3.5,"[""SRC_ACSM_2026_RT"", ""SRC_NCSA_TECHNIQUE""]",Reviewed,2026-07-24
EX0043,Lying Leg Curl,"[""Machine Lying Leg Curl"", ""Hamstring Curl""]",Resistance Training,Lower Body,Isolation,Knee Flexion,Pull,Open Chain,Bilateral,"[""Leg Curl Machine""]",Machine Guided,"[""Hamstrings""]","[""Gastrocnemius""]","[""None""]","[""Sagittal""]","[""Knee Flexion""]",Full,Machine Dependent,Shortened,Low,Beginner,1.5,1,1,1.5,1,1.5,5,"[""Athletic Performance"",""Balance"",""Conditioning"",""Coordination"",""Core Stability"",""Corrective Exercise"",""Fat Loss"",""Flexibility"",""General Fitness"",""Grip Strength"",""Gymnastics"",""Injury Prevention"",""Joint Health"",""Knee Health"",""Mobility"",""Mobility and Flexibility"",""Muscle Gain"",""Muscular Endurance"",""Posture Correction"",""Power"",""Rehabilitation"",""Rehabilitation and Joint Health"",""Shoulder Health"",""Shin Splint Relief"",""Sport Performance"",""Strength"",""Strength Preparation"",""Warm-up""]",Low,"[""Knee""]","[""Acute knee pain""]","Lie face down on the machine pad, ensuring your knees align with the pivot point. Hook your heels under the roller pad.","[""Flex your knees to curl the pad toward your glutes."", ""Squeeze your hamstrings hard at the peak of the contraction."", ""Lower the pad back to the starting position under slow control.""]","[""Lifting the hips off the pad to cheat"", ""Using momentum to swing the weight"", ""Not controlling the eccentric phase""]","[""Press your hips firmly into the pad"", ""Control the negative"", ""Squeeze at the top""]","Exhale while curling the weight, inhale while lowering.","[""Single-Leg Lying Leg Curl"", ""Pause Leg Curl""]","[""Bodyweight Sliding Leg Curl""]","[""Seated Leg Curl"", ""Nordic Hamstring Curl""]",3,"[""SRC_ACSM_2026_RT""]",Reviewed,2026-07-24
EX0044,Seated Leg Curl,"[""Machine Seated Leg Curl""]",Resistance Training,Lower Body,Isolation,Knee Flexion,Pull,Open Chain,Bilateral,"[""Seated Leg Curl Machine""]",Machine Guided,"[""Hamstrings""]","[""Gastrocnemius""]","[""None""]","[""Sagittal""]","[""Knee Flexion""]",Full,Machine Dependent,Lengthened,Low,Beginner,1,1,1,1.5,1,1.5,5,"[""Athletic Performance"",""Balance"",""Conditioning"",""Coordination"",""Core Stability"",""Corrective Exercise"",""Fat Loss"",""Flexibility"",""General Fitness"",""Grip Strength"",""Gymnastics"",""Injury Prevention"",""Joint Health"",""Knee Health"",""Mobility"",""Mobility and Flexibility"",""Muscle Gain"",""Muscular Endurance"",""Posture Correction"",""Power"",""Rehabilitation"",""Rehabilitation and Joint Health"",""Shoulder Health"",""Shin Splint Relief"",""Sport Performance"",""Strength"",""Strength Preparation"",""Warm-up""]",Low,"[""Knee""]","[""Severe knee osteoarthritis""]","Sit in the machine with your back flat against the pad. Adjust the thigh pad so it rests securely just above your knees, and hook your ankles over the roller.","[""Pull the pad downward and back by flexing your knees as far as comfortably possible."", ""Pause and squeeze the hamstrings at the bottom."", ""Return slowly to the starting position.""]","[""Setting the thigh pad too loose"", ""Shortening the range of motion"", ""Jerking the weight""]","[""Lock your torso in place"", ""Pull all the way back"", ""Control the stretch""]","Exhale while pulling down, inhale while returning.","[""Single-Leg Seated Leg Curl""]","[""Lighter Load""]","[""Lying Leg Curl"", ""Sliding Leg Curl""]",3,"[""SRC_ACSM_2026_RT""]",Reviewed,2026-07-24
EX0045,Cable Pull-Through,"[""Glute Pull-Through""]",Resistance Training,Lower Body,Compound,Hinge,Pull,Closed Chain,Bilateral,"[""Cable Machine"", ""Rope Attachment""]",Posterior,"[""Gluteus Maximus"", ""Hamstrings""]","[""Erector Spinae""]","[""Core"", ""Latissimus Dorsi""]","[""Sagittal""]","[""Hip Extension""]",Partial,Constant,Lengthened,Low,Beginner,2,2.5,3,2,3,2,4,"[""Athletic Performance"",""Balance"",""Conditioning"",""Coordination"",""Core Stability"",""Corrective Exercise"",""Fat Loss"",""Flexibility"",""General Fitness"",""Grip Strength"",""Gymnastics"",""Injury Prevention"",""Joint Health"",""Knee Health"",""Mobility"",""Mobility and Flexibility"",""Muscle Gain"",""Muscular Endurance"",""Posture Correction"",""Power"",""Rehabilitation"",""Rehabilitation and Joint Health"",""Shoulder Health"",""Shin Splint Relief"",""Sport Performance"",""Strength"",""Strength Preparation"",""Warm-up""]",Low,"[""Lower Back""]","[""Acute low-back pain""]","Attach a rope to a low cable pulley. Stand facing away from the machine, straddling the cable, and hold the rope ends between your legs.","[""Walk forward a few steps to create tension. Keep a soft bend in your knees."", ""Hinge at the hips, pushing them back toward the machine while letting your hands go through your legs."", ""Drive your hips forward to stand up straight, squeezing your glutes intensely.""]","[""Squatting instead of hinging"", ""Pulling with the arms instead of driving with the hips"", ""Hyperextending the lower back at the top""]","[""Push hips to the cable tower"", ""Squeeze glutes at the top"", ""Keep arms straight and relaxed""]","Inhale while hinging back, exhale while driving forward.","[""Heavy Cable Pull-Through"", ""Banded Pull-Through""]","[""Glute Bridge""]","[""Kettlebell Swing"", ""Barbell Hip Thrust""]",3,"[""SRC_ACSM_2026_RT""]",Reviewed,2026-07-24
EX0046,Glute Bridge,"[""Bodyweight Glute Bridge""]",Bodyweight,Lower Body,Isolation,Hip Extension,Push,Closed Chain,Bilateral,"[""Mat""]",Bodyweight,"[""Gluteus Maximus""]","[""Hamstrings""]","[""Core"", ""Erector Spinae""]","[""Sagittal""]","[""Hip Extension""]",Partial,Ascending,Shortened,Low,Beginner,1,1,2,1,2,1,3.5,"[""Athletic Performance"",""Balance"",""Conditioning"",""Coordination"",""Core Stability"",""Corrective Exercise"",""Fat Loss"",""Flexibility"",""General Fitness"",""Grip Strength"",""Gymnastics"",""Injury Prevention"",""Joint Health"",""Knee Health"",""Mobility"",""Mobility and Flexibility"",""Muscle Gain"",""Muscular Endurance"",""Posture Correction"",""Power"",""Rehabilitation"",""Rehabilitation and Joint Health"",""Shoulder Health"",""Shin Splint Relief"",""Sport Performance"",""Strength"",""Strength Preparation"",""Warm-up""]",Low,"[""Lower Back"", ""Neck""]","[""Cervical spine issues""]","Lie on your back on a mat with your knees bent and feet flat on the floor, hip-width apart.","[""Brace your core and drive through your heels to lift your hips off the floor until your body forms a straight line from shoulders to knees."", ""Squeeze your glutes tightly at the top."", ""Lower your hips back to the floor under control.""]","[""Hyperextending the lower back instead of using the glutes"", ""Pushing through the toes instead of the heels"", ""Rushing the reps""]","[""Tuck your tailbone slightly"", ""Drive through the heels"", ""Squeeze glutes hard at the top""]","Exhale while lifting the hips, inhale while lowering.","[""Single-Leg Glute Bridge"", ""Weighted Glute Bridge"", ""Barbell Hip Thrust""]","[""Isometric Glute Bridge Hold""]","[""Hip Thrust"", ""Cable Pull-Through""]",2,"[""SRC_ACSM_2026_RT""]",Reviewed,2026-07-24
EX0047,Machine Hip Abductor,"[""Seated Hip Abduction""]",Resistance Training,Lower Body,Isolation,Hip Abduction,Push,Open Chain,Bilateral,"[""Hip Abductor Machine""]",Machine Guided,"[""Gluteus Medius"", ""Gluteus Minimus"", ""Tensor Fasciae Latae""]","[""Gluteus Maximus""]","[""None""]","[""Frontal""]","[""Hip Abduction""]",Partial,Machine Dependent,Shortened,Low,Beginner,1,1,1,1.5,1,1,4.5,"[""Athletic Performance"",""Balance"",""Conditioning"",""Coordination"",""Core Stability"",""Corrective Exercise"",""Fat Loss"",""Flexibility"",""General Fitness"",""Grip Strength"",""Gymnastics"",""Injury Prevention"",""Joint Health"",""Knee Health"",""Mobility"",""Mobility and Flexibility"",""Muscle Gain"",""Muscular Endurance"",""Posture Correction"",""Power"",""Rehabilitation"",""Rehabilitation and Joint Health"",""Shoulder Health"",""Shin Splint Relief"",""Sport Performance"",""Strength"",""Strength Preparation"",""Warm-up""]",Low,"[""Hip""]","[""Severe hip osteoarthritis""]",Sit in the machine and place your outer thighs against the pads. Set the starting width so you feel a mild stretch.,"[""Press your legs outward against the pads as far as you can."", ""Pause and squeeze your outer glutes at the widest point."", ""Slowly return to the starting position without letting the weight stack crash.""]","[""Using momentum to slam the pads open"", ""Leaning too far forward or back to cheat"", ""Not controlling the eccentric""]","[""Press with the knees"", ""Squeeze the side of the glutes"", ""Control the return""]","Exhale while pushing out, inhale while returning.","[""Pause Reps"", ""Cable Hip Abduction""]","[""Clamshells"", ""Banded Side Steps""]","[""Cable Hip Abduction"", ""Lateral Band Walk""]",2.5,"[""SRC_ACSM_2026_RT""]",Reviewed,2026-07-24
EX0048,Machine Hip Adductor,"[""Seated Hip Adduction""]",Resistance Training,Lower Body,Isolation,Hip Adduction,Pull,Open Chain,Bilateral,"[""Hip Adductor Machine""]",Machine Guided,"[""Adductor Longus"", ""Adductor Magnus"", ""Adductor Brevis"", ""Gracilis""]","[""Pectineus""]","[""None""]","[""Frontal""]","[""Hip Adduction""]",Partial,Machine Dependent,Lengthened,Low,Beginner,1,1,1,1.5,1,1,4.5,"[""Athletic Performance"",""Balance"",""Conditioning"",""Coordination"",""Core Stability"",""Corrective Exercise"",""Fat Loss"",""Flexibility"",""General Fitness"",""Grip Strength"",""Gymnastics"",""Injury Prevention"",""Joint Health"",""Knee Health"",""Mobility"",""Mobility and Flexibility"",""Muscle Gain"",""Muscular Endurance"",""Posture Correction"",""Power"",""Rehabilitation"",""Rehabilitation and Joint Health"",""Shoulder Health"",""Shin Splint Relief"",""Sport Performance"",""Strength"",""Strength Preparation"",""Warm-up""]",Low,"[""Hip"", ""Groin""]","[""Acute groin strain"", ""Hip impingement""]",Sit in the machine and place your inner thighs against the pads. Adjust the starting position out wide so you feel a stretch in the groin.,"[""Squeeze your thighs together to bring the pads toward the midline of your body."", ""Pause when the pads touch."", ""Slowly open your legs back to the starting stretched position.""]","[""Opening the legs too quickly"", ""Setting the stretch too wide causing pain"", ""Using momentum""]","[""Squeeze inner thighs together"", ""Control the negative"", ""Keep torso still""]","Exhale while bringing legs together, inhale while opening.","[""Pause Reps"", ""Copenhagen Plank""]","[""Lighter Load"", ""Side-Lying Adduction""]","[""Cable Hip Adduction"", ""Copenhagen Plank""]",2.5,"[""SRC_ACSM_2026_RT""]",Reviewed,2026-07-24
EX0049,Kettlebell Swing,"[""Russian Kettlebell Swing""]",Resistance Training,Lower Body,Compound,Hinge,Pull,Closed Chain,Bilateral,"[""Kettlebell""]",Anterior,"[""Gluteus Maximus"", ""Hamstrings""]","[""Erector Spinae"", ""Quadriceps""]","[""Core"", ""Latissimus Dorsi"", ""Shoulders""]","[""Sagittal""]","[""Hip Extension""]",Partial,Variable,Mid-Range,Low,Intermediate,3.5,4,3.5,3,3,4.5,3.5,"[""Athletic Performance"",""Balance"",""Conditioning"",""Coordination"",""Core Stability"",""Corrective Exercise"",""Fat Loss"",""Flexibility"",""General Fitness"",""Grip Strength"",""Gymnastics"",""Injury Prevention"",""Joint Health"",""Knee Health"",""Mobility"",""Mobility and Flexibility"",""Muscle Gain"",""Muscular Endurance"",""Posture Correction"",""Power"",""Rehabilitation"",""Rehabilitation and Joint Health"",""Shoulder Health"",""Shin Splint Relief"",""Sport Performance"",""Strength"",""Strength Preparation"",""Warm-up""]",Moderate,"[""Lower Back"", ""Shoulder""]","[""Acute lower back pain"", ""Shoulder instability""]","Stand with feet slightly wider than shoulder-width, the kettlebell on the floor slightly in front of you. Hinge down and grip the handle with both hands.","[""Hike the kettlebell back between your legs like a football."", ""Explosively drive your hips forward to swing the kettlebell up to chest height."", ""Let the kettlebell swing back down between your legs naturally, hinging at the hips as it passes through.""]","[""Squatting instead of hinging"", ""Using the arms to lift the bell (front raise)"", ""Hyperextending the back at the top""]","[""Snap the hips"", ""Squeeze the glutes"", ""Arms act as ropes, not motors""]","Inhale as the bell swings down, exhale sharply as the hips snap forward.","[""Single-Arm Kettlebell Swing"", ""Heavy Kettlebell Swing""]","[""Cable Pull-Through"", ""Dumbbell RDL""]","[""Cable Pull-Through"", ""Barbell Hip Thrust""]",6,"[""SRC_NCSA_TECHNIQUE""]",Reviewed,2026-07-24
EX0050,Nordic Hamstring Curl,"[""Nordic Curl"", ""Russian Leg Curl""]",Bodyweight,Lower Body,Isolation,Knee Flexion,Pull,Closed Chain,Bilateral,"[""Mat"", ""Partner or Anchor Point""]",Bodyweight,"[""Hamstrings""]","[""Gastrocnemius""]","[""Core"", ""Gluteus Maximus"", ""Erector Spinae""]","[""Sagittal""]","[""Knee Flexion""]",Partial,Descending,Lengthened,Low,Advanced,4,3,4,2,2,3.5,5,"[""Athletic Performance"",""Balance"",""Conditioning"",""Coordination"",""Core Stability"",""Corrective Exercise"",""Fat Loss"",""Flexibility"",""General Fitness"",""Grip Strength"",""Gymnastics"",""Injury Prevention"",""Joint Health"",""Knee Health"",""Mobility"",""Mobility and Flexibility"",""Muscle Gain"",""Muscular Endurance"",""Posture Correction"",""Power"",""Rehabilitation"",""Rehabilitation and Joint Health"",""Shoulder Health"",""Shin Splint Relief"",""Sport Performance"",""Strength"",""Strength Preparation"",""Warm-up""]",High,"[""Knee"", ""Hamstrings""]","[""History of severe hamstring tears without clearance"", ""Knee pad irritation""]",Kneel on a soft pad while a partner holds your ankles securely to the floor (or use a secure anchor). Keep your torso tall and hips fully extended.,"[""Slowly lower your torso forward toward the floor, using your hamstrings to resist gravity."", ""Go as far as you can control, then use your hands to catch yourself on the floor."", ""Push off slightly with your hands and use your hamstrings to pull yourself back to the starting upright position.""]","[""Bending at the hips instead of keeping a straight line"", ""Dropping too fast without trying to resist"", ""Not using hands to catch the fall""]","[""Keep hips pushed forward"", ""Squeeze glutes and core"", ""Fight the fall as long as possible""]","Inhale deeply before starting the descent, exhale on the push up.","[""Strict Nordic Curl (no hand push)"", ""Weighted Nordic Curl""]","[""Banded Nordic Curl"", ""Eccentric-Only Nordic Curl""]","[""Lying Leg Curl"", ""Glute-Ham Raise""]",4,"[""SRC_NCSA_TECHNIQUE""]",Reviewed,2026-07-24
EX0051,45-Degree Back Extension,"[""Hyperextension"", ""Back Extension""]",Resistance Training,Lower Body,Compound,Hinge,Pull,Closed Chain,Bilateral,"[""45-Degree Back Extension Machine"", ""Weight Plate""]",Anterior,"[""Erector Spinae"", ""Gluteus Maximus"", ""Hamstrings""]","[""None""]","[""Core""]","[""Sagittal""]","[""Hip Extension"", ""Spinal Extension""]",Partial,Constant,Shortened,Low,Beginner,2,2,2,3,2,2.5,4,"[""Athletic Performance"",""Balance"",""Conditioning"",""Coordination"",""Core Stability"",""Corrective Exercise"",""Fat Loss"",""Flexibility"",""General Fitness"",""Grip Strength"",""Gymnastics"",""Injury Prevention"",""Joint Health"",""Knee Health"",""Mobility"",""Mobility and Flexibility"",""Muscle Gain"",""Muscular Endurance"",""Posture Correction"",""Power"",""Rehabilitation"",""Rehabilitation and Joint Health"",""Shoulder Health"",""Shin Splint Relief"",""Sport Performance"",""Strength"",""Strength Preparation"",""Warm-up""]",Low,"[""Lower Back""]","[""Acute disc herniation""]","Adjust the machine so the hip pad rests just below your pelvis, allowing free hip flexion. Secure your feet under the ankle pads.","[""Cross your arms over your chest or hold a weight plate. Hinge forward at the hips, lowering your torso as far as comfortable."", ""Engage your glutes, hamstrings, and lower back to raise your torso until your body forms a straight line."", ""Pause and squeeze at the top.""]","[""Hyperextending the lower back at the top"", ""Using momentum to swing up"", ""Rounding the spine excessively instead of hinging at the hips""]","[""Squeeze the glutes to lift"", ""Keep a neutral spine"", ""Stop at a straight line""]","Inhale while lowering, exhale while raising the torso.","[""Weighted Back Extension"", ""Single-Leg Back Extension""]","[""Bodyweight Back Extension"", ""Superman""]","[""Barbell Good Morning"", ""Romanian Deadlift""]",3,"[""SRC_ACSM_2026_RT""]",Reviewed,2026-07-24
EX0052,Hack Squat,"[""Machine Hack Squat""]",Resistance Training,Lower Body,Compound,Squat,Push,Closed Chain,Bilateral,"[""Hack Squat Machine""]",Machine Guided,"[""Quadriceps""]","[""Gluteus Maximus"", ""Hamstrings""]","[""Core""]","[""Sagittal""]","[""Hip Extension"", ""Knee Extension""]",Full,Machine Dependent,Mid-Range,Moderate,Beginner,2,1.5,1.5,2,1,4,4.5,"[""Athletic Performance"",""Balance"",""Conditioning"",""Coordination"",""Core Stability"",""Corrective Exercise"",""Fat Loss"",""Flexibility"",""General Fitness"",""Grip Strength"",""Gymnastics"",""Injury Prevention"",""Joint Health"",""Knee Health"",""Mobility"",""Mobility and Flexibility"",""Muscle Gain"",""Muscular Endurance"",""Posture Correction"",""Power"",""Rehabilitation"",""Rehabilitation and Joint Health"",""Shoulder Health"",""Shin Splint Relief"",""Sport Performance"",""Strength"",""Strength Preparation"",""Warm-up""]",Low,"[""Knee"", ""Lower Back""]","[""Severe knee osteoarthritis""]",Position your back flat against the backrest and shoulders under the shoulder pads. Place your feet shoulder-width apart on the platform.,"[""Lower the carriage by bending your knees and hips until your thighs are at least parallel to the platform."", ""Drive through your entire foot to push the carriage back to the starting position."", ""Maintain control and proper breathing throughout the entire movement.""]","[""Letting the knees cave inward"", ""Lifting the heels off the platform"", ""Not achieving adequate depth""]","[""Keep lower back pressed into the pad"", ""Drive through the mid-foot"", ""Control the descent""]","Inhale while lowering the weight, exhale while pushing up.","[""Pause Hack Squat"", ""1.5 Rep Hack Squat""]","[""Leg Press"", ""Bodyweight Squat""]","[""Barbell Back Squat"", ""Leg Press""]",4.5,"[""SRC_ACSM_2026_RT""]",Reviewed,2026-07-24
EX0053,Cable Crossover,"[""High-to-Low Cable Fly"", ""Cable Fly""]",Resistance Training,Upper Body,Isolation,Horizontal Push,Push,Open Chain,Bilateral,"[""Cable Machine"", ""D-Handle""]",Lateral,"[""Pectoralis Major""]","[""Anterior Deltoid""]","[""Core"", ""Biceps Brachii""]","[""Transverse""]","[""Shoulder Horizontal Adduction""]",Full,Constant,Lengthened,Low,Beginner,2.5,2.5,2.5,2,2,2,4,"[""Athletic Performance"",""Balance"",""Conditioning"",""Coordination"",""Core Stability"",""Corrective Exercise"",""Fat Loss"",""Flexibility"",""General Fitness"",""Grip Strength"",""Gymnastics"",""Injury Prevention"",""Joint Health"",""Knee Health"",""Mobility"",""Mobility and Flexibility"",""Muscle Gain"",""Muscular Endurance"",""Posture Correction"",""Power"",""Rehabilitation"",""Rehabilitation and Joint Health"",""Shoulder Health"",""Shin Splint Relief"",""Sport Performance"",""Strength"",""Strength Preparation"",""Warm-up""]",Low,"[""Shoulder""]","[""Acute shoulder impingement""]","Set the pulleys to a high position. Grab a handle in each hand, step forward to create tension, and adopt a staggered stance.","[""With a slight bend in your elbows, pull the handles down and across your body in a hugging motion."", ""Squeeze your chest at the bottom of the movement."", ""Slowly let the handles return to the starting position, feeling a stretch in the chest.""]","[""Pressing the weight instead of flying"", ""Bending the elbows too much"", ""Using excessive torso momentum""]","[""Hug a large tree"", ""Keep elbows slightly bent and locked in that position"", ""Squeeze the chest at the bottom""]","Exhale while bringing the handles together, inhale while returning.","[""Low-to-High Cable Fly"", ""Pause Cable Crossover""]","[""Machine Pec Deck Fly""]","[""Dumbbell Fly"", ""Machine Pec Deck Fly""]",2.5,"[""SRC_ACSM_2026_RT""]",Reviewed,2026-07-24
EX0054,Machine Pec Deck Fly,"[""Pec Deck"", ""Machine Chest Fly""]",Resistance Training,Upper Body,Isolation,Horizontal Push,Push,Open Chain,Bilateral,"[""Pec Deck Machine""]",Machine Guided,"[""Pectoralis Major""]","[""Anterior Deltoid""]","[""None""]","[""Transverse""]","[""Shoulder Horizontal Adduction""]",Full,Machine Dependent,Shortened,Low,Beginner,1,1,1,1.5,1,1.5,4.5,"[""Athletic Performance"",""Balance"",""Conditioning"",""Coordination"",""Core Stability"",""Corrective Exercise"",""Fat Loss"",""Flexibility"",""General Fitness"",""Grip Strength"",""Gymnastics"",""Injury Prevention"",""Joint Health"",""Knee Health"",""Mobility"",""Mobility and Flexibility"",""Muscle Gain"",""Muscular Endurance"",""Posture Correction"",""Power"",""Rehabilitation"",""Rehabilitation and Joint Health"",""Shoulder Health"",""Shin Splint Relief"",""Sport Performance"",""Strength"",""Strength Preparation"",""Warm-up""]",Low,"[""Shoulder""]","[""Severe shoulder impingement""]",Adjust the seat height so the handles are at chest level. Sit flat against the backrest.,"[""Grip the handles and push your arms together in front of your chest."", ""Squeeze your pectoral muscles hard when the handles meet."", ""Slowly allow your arms to return to the starting position until you feel a comfortable stretch.""]","[""Letting the weight stack crash"", ""Over-stretching the shoulders on the return"", ""Using momentum""]","[""Keep chest puffed out"", ""Squeeze the inner chest"", ""Control the negative""]","Exhale while bringing arms together, inhale while returning.","[""Single-Arm Pec Deck Fly"", ""Pause Reps""]","[""Lighter Load""]","[""Cable Crossover"", ""Dumbbell Fly""]",2,"[""SRC_ACSM_2026_RT""]",Reviewed,2026-07-24
EX0055,Incline Dumbbell Fly,"[""Incline Fly""]",Resistance Training,Upper Body,Isolation,Horizontal Push,Push,Open Chain,Bilateral,"[""Dumbbell"", ""Incline Bench""]",Lateral,"[""Pectoralis Major""]","[""Anterior Deltoid""]","[""Core"", ""Biceps Brachii""]","[""Transverse""]","[""Shoulder Horizontal Adduction""]",Full,Ascending,Lengthened,Low,Intermediate,3,3,2.5,3,2,2,4,"[""Athletic Performance"",""Balance"",""Conditioning"",""Coordination"",""Core Stability"",""Corrective Exercise"",""Fat Loss"",""Flexibility"",""General Fitness"",""Grip Strength"",""Gymnastics"",""Injury Prevention"",""Joint Health"",""Knee Health"",""Mobility"",""Mobility and Flexibility"",""Muscle Gain"",""Muscular Endurance"",""Posture Correction"",""Power"",""Rehabilitation"",""Rehabilitation and Joint Health"",""Shoulder Health"",""Shin Splint Relief"",""Sport Performance"",""Strength"",""Strength Preparation"",""Warm-up""]",Moderate,"[""Shoulder"", ""Elbow""]","[""Anterior shoulder instability""]",Set an adjustable bench to a 30-45 degree incline. Lie back holding dumbbells directly above your chest with a neutral grip.,"[""With a slight bend in your elbows, slowly lower the dumbbells out to your sides in a wide arc."", ""Stop when you feel a stretch in your chest (dumbbells roughly level with your chest)."", ""Squeeze your chest to bring the dumbbells back to the starting position.""]","[""Turning the movement into an incline press"", ""Lowering the weight too far and stressing the shoulder capsule"", ""Straightening the elbows completely""]","[""Maintain a soft bend in the elbows"", ""Hug a barrel"", ""Control the stretch""]","Inhale while lowering the dumbbells, exhale while bringing them together.","[""Cable Incline Fly"", ""Pause Dumbbell Fly""]","[""Machine Pec Deck Fly"", ""Flat Dumbbell Fly""]","[""Incline Cable Fly"", ""Incline Dumbbell Press""]",3,"[""SRC_ACSM_2026_RT""]",Reviewed,2026-07-24
EX0056,EZ-Bar Preacher Curl,"[""Preacher Curl""]",Resistance Training,Upper Body,Isolation,Elbow Flexion,Pull,Open Chain,Bilateral,"[""EZ-Bar"", ""Preacher Bench""]",Anterior,"[""Biceps Brachii"", ""Brachialis""]","[""Brachioradialis""]","[""None""]","[""Sagittal""]","[""Elbow Flexion""]",Full,Ascending,Shortened,Low,Beginner,1.5,1.5,1,1,1,1.5,4.5,"[""Athletic Performance"",""Balance"",""Conditioning"",""Coordination"",""Core Stability"",""Corrective Exercise"",""Fat Loss"",""Flexibility"",""General Fitness"",""Grip Strength"",""Gymnastics"",""Injury Prevention"",""Joint Health"",""Knee Health"",""Mobility"",""Mobility and Flexibility"",""Muscle Gain"",""Muscular Endurance"",""Posture Correction"",""Power"",""Rehabilitation"",""Rehabilitation and Joint Health"",""Shoulder Health"",""Shin Splint Relief"",""Sport Performance"",""Strength"",""Strength Preparation"",""Warm-up""]",Low,"[""Elbow"", ""Wrist""]","[""Medial epicondylitis"", ""Distal biceps tendon issues""]",Sit at a preacher bench and adjust the seat height so your armpits rest comfortably on the top of the pad. Grab an EZ-bar with an underhand grip.,"[""Lower the bar slowly until your arms are fully extended, feeling a stretch in the biceps."", ""Curl the bar upward, squeezing the biceps at the top of the movement."", ""Do not let the tension off the biceps at the top.""]","[""Leaning back to cheat the weight up"", ""Hyperextending the elbows at the bottom"", ""Not using a full range of motion""]","[""Keep the back of your arms glued to the pad"", ""Squeeze at the top"", ""Control the descent to protect the tendon""]","Inhale while lowering the bar, exhale while curling.","[""Single-Arm Dumbbell Preacher Curl"", ""Spider Curl""]","[""Machine Preacher Curl""]","[""Barbell Biceps Curl"", ""Concentration Curl""]",2.5,"[""SRC_ACSM_2026_RT""]",Reviewed,2026-07-24
EX0057,Dumbbell Concentration Curl,"[""Concentration Curl""]",Resistance Training,Upper Body,Isolation,Elbow Flexion,Pull,Open Chain,Unilateral,"[""Dumbbell"", ""Flat Bench""]",Anterior,"[""Biceps Brachii"", ""Brachialis""]","[""Brachioradialis""]","[""None""]","[""Sagittal""]","[""Elbow Flexion""]",Full,Ascending,Shortened,Low,Beginner,1.5,2,1,1,1,1,4.5,"[""Athletic Performance"",""Balance"",""Conditioning"",""Coordination"",""Core Stability"",""Corrective Exercise"",""Fat Loss"",""Flexibility"",""General Fitness"",""Grip Strength"",""Gymnastics"",""Injury Prevention"",""Joint Health"",""Knee Health"",""Mobility"",""Mobility and Flexibility"",""Muscle Gain"",""Muscular Endurance"",""Posture Correction"",""Power"",""Rehabilitation"",""Rehabilitation and Joint Health"",""Shoulder Health"",""Shin Splint Relief"",""Sport Performance"",""Strength"",""Strength Preparation"",""Warm-up""]",Low,"[""Elbow""]","[""Elbow tendinopathy""]",Sit on the edge of a bench with your legs spread. Rest the back of your working arm's triceps against your inner thigh.,"[""Curl the dumbbell upward toward your chest, isolating the biceps."", ""Squeeze the muscle hard at the peak contraction."", ""Slowly lower the dumbbell back to the starting position.""]","[""Swinging the body"", ""Using the thigh to bounce the arm up"", ""Incomplete range of motion""]","[""Keep the upper arm perfectly still"", ""Squeeze the peak"", ""Control the negative""]","Exhale while curling, inhale while lowering.","[""Heavy Concentration Curl"", ""Pause Concentration Curl""]","[""Lighter Load""]","[""Preacher Curl"", ""Cable Curl""]",2,"[""SRC_ACSM_2026_RT""]",Reviewed,2026-07-24
EX0058,Overhead Dumbbell Triceps Extension,"[""Seated Overhead Triceps Extension""]",Resistance Training,Upper Body,Isolation,Elbow Extension,Push,Open Chain,Bilateral,"[""Dumbbell"", ""Bench""]",Overhead,"[""Triceps Brachii""]","[""Anconeus""]","[""Core""]","[""Sagittal""]","[""Elbow Extension""]",Full,Ascending,Lengthened,Low,Intermediate,2.5,2.5,2,3,1.5,2,4,"[""Athletic Performance"",""Balance"",""Conditioning"",""Coordination"",""Core Stability"",""Corrective Exercise"",""Fat Loss"",""Flexibility"",""General Fitness"",""Grip Strength"",""Gymnastics"",""Injury Prevention"",""Joint Health"",""Knee Health"",""Mobility"",""Mobility and Flexibility"",""Muscle Gain"",""Muscular Endurance"",""Posture Correction"",""Power"",""Rehabilitation"",""Rehabilitation and Joint Health"",""Shoulder Health"",""Shin Splint Relief"",""Sport Performance"",""Strength"",""Strength Preparation"",""Warm-up""]",Moderate,"[""Elbow"", ""Shoulder""]","[""Shoulder mobility issues"", ""Elbow pain""]",Sit on a bench with back support. Hold one heavy dumbbell with both hands (palms under the inner plate) and press it overhead.,"[""Keeping your elbows pointing up and upper arms stationary, lower the dumbbell behind your head."", ""Feel a deep stretch in the triceps."", ""Extend your elbows to press the dumbbell back to the starting overhead position.""]","[""Flaring the elbows out too wide"", ""Arching the lower back excessively"", ""Moving the upper arms""]","[""Keep elbows tucked"", ""Point elbows to the ceiling"", ""Full stretch at the bottom""]","Inhale while lowering the weight, exhale while extending.","[""Single-Arm Overhead Extension"", ""EZ-Bar Overhead Extension""]","[""Cable Overhead Triceps Extension""]","[""Lying Triceps Extension"", ""Cable Triceps Pushdown""]",2.5,"[""SRC_ACSM_2026_RT""]",Reviewed,2026-07-24
EX0059,Dumbbell Shrug,"[""Standing Dumbbell Shrug""]",Resistance Training,Upper Body,Isolation,Scapular Elevation,Pull,Open Chain,Bilateral,"[""Dumbbell""]",Lateral,"[""Upper Trapezius""]","[""Levator Scapulae""]","[""Core"", ""Forearms""]","[""Frontal"", ""Sagittal""]","[""Scapular Elevation""]",Partial,Ascending,Shortened,Moderate,Beginner,1,1,2,1,2,2,4,"[""Athletic Performance"",""Balance"",""Conditioning"",""Coordination"",""Core Stability"",""Corrective Exercise"",""Fat Loss"",""Flexibility"",""General Fitness"",""Grip Strength"",""Gymnastics"",""Injury Prevention"",""Joint Health"",""Knee Health"",""Mobility"",""Mobility and Flexibility"",""Muscle Gain"",""Muscular Endurance"",""Posture Correction"",""Power"",""Rehabilitation"",""Rehabilitation and Joint Health"",""Shoulder Health"",""Shin Splint Relief"",""Sport Performance"",""Strength"",""Strength Preparation"",""Warm-up""]",Low,"[""Neck"", ""Shoulder""]","[""Cervical spine issues"", ""Neck spasms""]",Stand tall holding a pair of heavy dumbbells by your sides with a neutral grip.,"[""Keeping your arms perfectly straight, elevate your shoulders as high as possible toward your ears."", ""Hold the contraction for a second at the top."", ""Lower your shoulders back to a full dead hang stretch.""]","[""Rolling the shoulders forward or backward"", ""Bending the elbows to cheat the weight up"", ""Using momentum from the legs""]","[""Shrug straight up to your ears"", ""Keep arms straight"", ""Hold the squeeze at the top""]","Exhale while shrugging up, inhale while lowering.","[""Barbell Shrug"", ""Pause Dumbbell Shrug""]","[""Lighter Load""]","[""Barbell Shrug"", ""Trap Bar Shrug""]",3,"[""SRC_ACSM_2026_RT""]",Reviewed,2026-07-24
EX0060,Barbell Wrist Curl,"[""Seated Barbell Wrist Curl""]",Resistance Training,Upper Body,Isolation,Wrist Flexion,Pull,Open Chain,Bilateral,"[""Barbell"", ""Bench""]",Anterior,"[""Flexor Carpi Radialis"", ""Flexor Carpi Ulnaris"", ""Palmaris Longus""]","[""Flexor Digitorum Superficialis""]","[""None""]","[""Sagittal""]","[""Wrist Flexion""]",Partial,Ascending,Shortened,Low,Beginner,1.5,1.5,1,2,1,1,4.5,"[""Athletic Performance"",""Balance"",""Conditioning"",""Coordination"",""Core Stability"",""Corrective Exercise"",""Fat Loss"",""Flexibility"",""General Fitness"",""Grip Strength"",""Gymnastics"",""Injury Prevention"",""Joint Health"",""Knee Health"",""Mobility"",""Mobility and Flexibility"",""Muscle Gain"",""Muscular Endurance"",""Posture Correction"",""Power"",""Rehabilitation"",""Rehabilitation and Joint Health"",""Shoulder Health"",""Shin Splint Relief"",""Sport Performance"",""Strength"",""Strength Preparation"",""Warm-up""]",Low,"[""Wrist""]","[""Carpal tunnel syndrome"", ""Acute wrist pain""]","Sit on a bench and rest your forearms on your thighs or the bench pad. Hold a barbell with an underhand (supinated) grip, allowing your wrists to hang off the edge.","[""Let the barbell roll down to the tips of your fingers to fully stretch the forearms."", ""Curl the barbell back up by closing your hands and flexing your wrists as high as possible."", ""Squeeze the forearm muscles at the top.""]","[""Lifting the forearms off the bench"", ""Using excessive weight and shortening the ROM"", ""Jerking the movement""]","[""Let the bar roll to the fingertips"", ""Keep forearms glued to the bench"", ""Squeeze the forearms hard""]","Inhale while lowering, exhale while curling the wrists.","[""Dumbbell Wrist Curl"", ""Behind-the-Back Wrist Curl""]","[""Bodyweight Wrist Flexion""]","[""Dumbbell Wrist Curl"", ""Cable Wrist Curl""]",2,"[""SRC_ACSM_2026_RT""]",Reviewed,2026-07-24
EX0061,Barbell Reverse Wrist Curl,"[""Seated Reverse Wrist Curl""]",Resistance Training,Upper Body,Isolation,Wrist Extension,Pull,Open Chain,Bilateral,"[""Barbell"", ""Bench""]",Anterior,"[""Extensor Carpi Radialis Longus"", ""Extensor Carpi Radialis Brevis"", ""Extensor Carpi Ulnaris""]","[""Extensor Digitorum""]","[""None""]","[""Sagittal""]","[""Wrist Extension""]",Partial,Ascending,Shortened,Low,Beginner,1.5,1.5,1,2,1,1,4.5,"[""Athletic Performance"",""Balance"",""Conditioning"",""Coordination"",""Core Stability"",""Corrective Exercise"",""Fat Loss"",""Flexibility"",""General Fitness"",""Grip Strength"",""Gymnastics"",""Injury Prevention"",""Joint Health"",""Knee Health"",""Mobility"",""Mobility and Flexibility"",""Muscle Gain"",""Muscular Endurance"",""Posture Correction"",""Power"",""Rehabilitation"",""Rehabilitation and Joint Health"",""Shoulder Health"",""Shin Splint Relief"",""Sport Performance"",""Strength"",""Strength Preparation"",""Warm-up""]",Low,"[""Wrist""]","[""Acute wrist pain"", ""Tennis elbow""]","Sit on a bench and rest your forearms on your thighs or the bench pad. Hold a barbell with an overhand (pronated) grip, wrists hanging off the edge.","[""Lower the barbell by letting your wrists drop as far as comfortable."", ""Extend your wrists upward to lift the barbell as high as possible."", ""Squeeze the extensor muscles at the top.""]","[""Moving the forearms off the pad"", ""Using the biceps to lift the weight"", ""Rushing the movement""]","[""Isolate the wrists"", ""Keep forearms planted"", ""Control the stretch and squeeze""]","Inhale while lowering, exhale while extending the wrists.","[""Dumbbell Reverse Wrist Curl""]","[""Bodyweight Wrist Extension""]","[""Dumbbell Reverse Wrist Curl"", ""Reverse Barbell Curl""]",2,"[""SRC_ACSM_2026_RT""]",Reviewed,2026-07-24
EX0062,Leg Press Calf Raise,"[""Machine Calf Press""]",Resistance Training,Lower Body,Isolation,Ankle Plantarflexion,Push,Closed Chain,Bilateral,"[""Leg Press Machine""]",Machine Guided,"[""Gastrocnemius""]","[""Soleus""]","[""None""]","[""Sagittal""]","[""Ankle Plantarflexion""]",Full,Machine Dependent,Mid-Range,Low,Beginner,1,1,1,2,1,1.5,4.5,"[""Athletic Performance"",""Balance"",""Conditioning"",""Coordination"",""Core Stability"",""Corrective Exercise"",""Fat Loss"",""Flexibility"",""General Fitness"",""Grip Strength"",""Gymnastics"",""Injury Prevention"",""Joint Health"",""Knee Health"",""Mobility"",""Mobility and Flexibility"",""Muscle Gain"",""Muscular Endurance"",""Posture Correction"",""Power"",""Rehabilitation"",""Rehabilitation and Joint Health"",""Shoulder Health"",""Shin Splint Relief"",""Sport Performance"",""Strength"",""Strength Preparation"",""Warm-up""]",Low,"[""Ankle"", ""Achilles Tendon""]","[""Achilles tendinopathy""]",Sit in the leg press machine and place only the balls of your feet on the bottom edge of the platform.,"[""Keeping your knees straight but not forcefully locked, lower the toes toward you to stretch the calves."", ""Press through the balls of your feet to push the platform up as far as possible."", ""Squeeze the calves hard at the top.""]","[""Bending the knees during the movement"", ""Bouncing at the bottom stretch"", ""Short range of motion""]","[""Straight legs, soft knees"", ""Deep stretch"", ""Drive through the big toe""]","Exhale while pressing up, inhale while lowering.","[""Single-Leg Press Calf Raise""]","[""Seated Calf Raise""]","[""Standing Calf Raise""]",2.5,"[""SRC_ACSM_2026_RT""]",Reviewed,2026-07-24
EX0063,Incline Dumbbell Curl,"[""Seated Incline Curl""]",Resistance Training,Upper Body,Isolation,Elbow Flexion,Pull,Open Chain,Bilateral,"[""Dumbbell"", ""Incline Bench""]",Lateral,"[""Biceps Brachii""]","[""Brachialis"", ""Brachioradialis""]","[""Anterior Deltoid""]","[""Sagittal""]","[""Elbow Flexion""]",Full,Ascending,Lengthened,Low,Intermediate,2,2,2,3,1.5,2,4.5,"[""Athletic Performance"",""Balance"",""Conditioning"",""Coordination"",""Core Stability"",""Corrective Exercise"",""Fat Loss"",""Flexibility"",""General Fitness"",""Grip Strength"",""Gymnastics"",""Injury Prevention"",""Joint Health"",""Knee Health"",""Mobility"",""Mobility and Flexibility"",""Muscle Gain"",""Muscular Endurance"",""Posture Correction"",""Power"",""Rehabilitation"",""Rehabilitation and Joint Health"",""Shoulder Health"",""Shin Splint Relief"",""Sport Performance"",""Strength"",""Strength Preparation"",""Warm-up""]",Moderate,"[""Elbow"", ""Shoulder""]","[""Biceps tendonitis"", ""Anterior shoulder instability""]","Set an adjustable bench to a 45-60 degree incline. Sit back holding a dumbbell in each hand, letting your arms hang straight down to feel a stretch in the biceps.","[""Keeping your upper arms completely still and pointing at the floor, curl the weights up toward your shoulders."", ""Squeeze the biceps at the top."", ""Lower the dumbbells slowly back to the full hang.""]","[""Swinging the arms forward (shoulder flexion)"", ""Not letting the arms hang fully at the bottom"", ""Lifting the head off the bench""]","[""Elbows point to the floor"", ""Pin the upper arm"", ""Feel the stretch at the bottom""]","Exhale while curling, inhale while lowering.","[""Pause Incline Curl""]","[""Seated Dumbbell Curl (upright)""]","[""Behind-the-Back Cable Curl""]",3,"[""SRC_ACSM_2026_RT""]",Reviewed,2026-07-24
EX0064,Cable Woodchopper,"[""High-to-Low Woodchop""]",Resistance Training,Core,Compound,Trunk Rotation,Pull,Open Chain,Unilateral,"[""Cable Machine"", ""D-Handle""]",Lateral,"[""Obliques""]","[""Rectus Abdominis"", ""Transverse Abdominis""]","[""Gluteus Maximus"", ""Shoulders""]","[""Transverse"", ""Sagittal""]","[""Spinal Rotation"", ""Shoulder Horizontal Adduction""]",Full,Constant,Mid-Range,Low,Intermediate,3,3.5,3,2.5,3,2.5,4,"[""Athletic Performance"",""Balance"",""Conditioning"",""Coordination"",""Core Stability"",""Corrective Exercise"",""Fat Loss"",""Flexibility"",""General Fitness"",""Grip Strength"",""Gymnastics"",""Injury Prevention"",""Joint Health"",""Knee Health"",""Mobility"",""Mobility and Flexibility"",""Muscle Gain"",""Muscular Endurance"",""Posture Correction"",""Power"",""Rehabilitation"",""Rehabilitation and Joint Health"",""Shoulder Health"",""Shin Splint Relief"",""Sport Performance"",""Strength"",""Strength Preparation"",""Warm-up""]",Low,"[""Lower Back""]","[""Acute lumbar disc issues""]","Set a cable pulley to the highest position. Stand sideways to the machine, holding the handle with both hands.","[""Keep your arms relatively straight and pull the handle diagonally down across your body toward your opposite knee."", ""Allow your torso to rotate with the movement, pivoting your back foot slightly."", ""Return slowly to the starting position.""]","[""Using only the arms instead of rotating the torso"", ""Bending the elbows too much"", ""Jerking the cable""]","[""Rotate from the core"", ""Arms act as ropes"", ""Pivot the back foot""]","Exhale while chopping down, inhale while returning.","[""Heavy Woodchopper"", ""Low-to-High Woodchopper""]","[""Pallof Press""]","[""Russian Twist"", ""Medicine Ball Throw""]",3.5,"[""SRC_ACSM_2026_RT""]",Reviewed,2026-07-24
EX0065,Decline Barbell Bench Press,"[""Decline Bench Press""]",Resistance Training,Upper Body,Compound,Horizontal Push,Push,Open Chain,Bilateral,"[""Barbell"", ""Decline Bench""]",Anterior,"[""Pectoralis Major (Lower Head)""]","[""Triceps Brachii"", ""Anterior Deltoid""]","[""Core"", ""Latissimus Dorsi""]","[""Transverse"", ""Sagittal""]","[""Shoulder Horizontal Adduction"", ""Elbow Extension""]",Full,Ascending,Lengthened,Low,Intermediate,3,3,3,2,2,3.5,4,"[""Athletic Performance"",""Balance"",""Conditioning"",""Coordination"",""Core Stability"",""Corrective Exercise"",""Fat Loss"",""Flexibility"",""General Fitness"",""Grip Strength"",""Gymnastics"",""Injury Prevention"",""Joint Health"",""Knee Health"",""Mobility"",""Mobility and Flexibility"",""Muscle Gain"",""Muscular Endurance"",""Posture Correction"",""Power"",""Rehabilitation"",""Rehabilitation and Joint Health"",""Shoulder Health"",""Shin Splint Relief"",""Sport Performance"",""Strength"",""Strength Preparation"",""Warm-up""]",Moderate,"[""Shoulder"", ""Wrist""]","[""Glaucoma or high blood pressure (due to decline angle)""]",Secure your feet under the pads of a decline bench. Unrack the barbell with a grip slightly wider than shoulder-width.,"[""Lower the bar in a controlled manner to your lower chest."", ""Pause briefly without bouncing the bar off your chest."", ""Press the bar powerfully back up to lockout.""]","[""Bouncing the bar"", ""Flaring elbows at 90 degrees"", ""Not securing the legs properly""]","[""Touch the lower chest"", ""Tuck elbows slightly"", ""Press up and slightly back""]","Inhale while lowering, exhale while pressing.","[""Decline Dumbbell Press"", ""Pause Decline Press""]","[""Flat Barbell Bench Press""]","[""High-to-Low Cable Fly"", ""Chest Dips""]",3.5,"[""SRC_ACSM_2026_RT""]",Reviewed,2026-07-24
EX0066,Deficit Deadlift,"[""Elevated Deadlift""]",Resistance Training,Lower Body,Compound,Hinge,Pull,Closed Chain,Bilateral,"[""Barbell"", ""Weight Plates or Block""]",Anterior,"[""Gluteus Maximus"", ""Hamstrings""]","[""Quadriceps"", ""Erector Spinae""]","[""Latissimus Dorsi"", ""Core"", ""Trapezius""]","[""Sagittal""]","[""Hip Extension"", ""Knee Extension""]",Full,Ascending,Lengthened,High,Advanced,4.5,4,4,4.5,3,5,4.5,"[""Athletic Performance"",""Balance"",""Conditioning"",""Coordination"",""Core Stability"",""Corrective Exercise"",""Fat Loss"",""Flexibility"",""General Fitness"",""Grip Strength"",""Gymnastics"",""Injury Prevention"",""Joint Health"",""Knee Health"",""Mobility"",""Mobility and Flexibility"",""Muscle Gain"",""Muscular Endurance"",""Posture Correction"",""Power"",""Rehabilitation"",""Rehabilitation and Joint Health"",""Shoulder Health"",""Shin Splint Relief"",""Sport Performance"",""Strength"",""Strength Preparation"",""Warm-up""]",High,"[""Lower Back"", ""Knee""]","[""Lumbar disc herniation"", ""Poor hip mobility""]","Stand on a 1-3 inch elevated platform or weight plate. The barbell remains on the floor, increasing the range of motion.","[""Hinge down to grip the bar, keeping your chest up and back flat."", ""Drive through the floor, extending your hips and knees to stand up completely."", ""Lower the bar back to the floor under control.""]","[""Rounding the lower back due to lack of mobility"", ""Hips shooting up too early"", ""Jerking the bar""]","[""Chest up"", ""Leg press the floor"", ""Keep the bar close""]","Inhale and brace before the pull, exhale at the lockout.","[""Snatch Grip Deadlift"", ""Paused Deficit Deadlift""]","[""Conventional Deadlift"", ""Rack Pull""]","[""Conventional Deadlift"", ""Romanian Deadlift""]",6,"[""SRC_NCSA_TECHNIQUE""]",Reviewed,2026-07-24
EX0067,Barbell Shrug,"[""Standing Barbell Shrug""]",Resistance Training,Upper Body,Isolation,Scapular Elevation,Pull,Open Chain,Bilateral,"[""Barbell""]",Anterior,"[""Upper Trapezius""]","[""Levator Scapulae""]","[""Core"", ""Forearms""]","[""Frontal""]","[""Scapular Elevation""]",Partial,Ascending,Shortened,Moderate,Beginner,1.5,1.5,2,1,2,2.5,4,"[""Athletic Performance"",""Balance"",""Conditioning"",""Coordination"",""Core Stability"",""Corrective Exercise"",""Fat Loss"",""Flexibility"",""General Fitness"",""Grip Strength"",""Gymnastics"",""Injury Prevention"",""Joint Health"",""Knee Health"",""Mobility"",""Mobility and Flexibility"",""Muscle Gain"",""Muscular Endurance"",""Posture Correction"",""Power"",""Rehabilitation"",""Rehabilitation and Joint Health"",""Shoulder Health"",""Shin Splint Relief"",""Sport Performance"",""Strength"",""Strength Preparation"",""Warm-up""]",Low,"[""Neck"", ""Lower Back""]","[""Cervical spine pain""]","Stand holding a barbell with an overhand grip slightly wider than shoulder-width, letting it hang in front of your thighs.","[""Keep your arms straight and shrug your shoulders straight up toward your ears."", ""Hold the contraction for a second."", ""Lower the barbell back to the starting position to stretch the traps.""]","[""Rolling the shoulders"", ""Bending the elbows"", ""Using leg drive""]","[""Shrug straight up"", ""Keep arms locked"", ""Stretch at the bottom""]","Exhale while shrugging, inhale while lowering.","[""Pause Shrug"", ""Behind the Back Barbell Shrug""]","[""Dumbbell Shrug""]","[""Dumbbell Shrug"", ""Trap Bar Shrug""]",3,"[""SRC_ACSM_2026_RT""]",Reviewed,2026-07-24
EX0068,Bent-Over Dumbbell Reverse Fly,"[""Bent-Over Fly""]",Resistance Training,Upper Body,Isolation,Horizontal Pull,Pull,Open Chain,Bilateral,"[""Dumbbell""]",Anterior,"[""Posterior Deltoid""]","[""Rhomboids"", ""Middle Trapezius""]","[""Core"", ""Erector Spinae""]","[""Transverse""]","[""Shoulder Horizontal Abduction""]",Full,Descending,Shortened,Low,Intermediate,2.5,2.5,3,2,3,2,4.5,"[""Athletic Performance"",""Balance"",""Conditioning"",""Coordination"",""Core Stability"",""Corrective Exercise"",""Fat Loss"",""Flexibility"",""General Fitness"",""Grip Strength"",""Gymnastics"",""Injury Prevention"",""Joint Health"",""Knee Health"",""Mobility"",""Mobility and Flexibility"",""Muscle Gain"",""Muscular Endurance"",""Posture Correction"",""Power"",""Rehabilitation"",""Rehabilitation and Joint Health"",""Shoulder Health"",""Shin Splint Relief"",""Sport Performance"",""Strength"",""Strength Preparation"",""Warm-up""]",Low,"[""Shoulder"", ""Lower Back""]","[""Lower back pain (use chest-supported instead)""]","Hold a pair of light dumbbells, hinge at the hips until your torso is nearly parallel to the floor, let arms hang with a slight elbow bend.","[""Raise the dumbbells out to the sides in an arc until they are parallel to the floor."", ""Squeeze your rear delts and upper back."", ""Lower the dumbbells slowly back to the starting position.""]","[""Using momentum to swing the weight"", ""Standing up during the rep"", ""Retracting the scapula too much instead of isolating rear delts""]","[""Sweep the weights out"", ""Keep torso still"", ""Lead with the pinkies""]","Exhale while raising the weights, inhale while lowering.","[""Chest-Supported Dumbbell Reverse Fly""]","[""Reverse Pec Deck Fly""]","[""Face Pull"", ""Reverse Pec Deck Fly""]",2.5,"[""SRC_ACSM_2026_RT""]",Reviewed,2026-07-24
EX0069,Close-Grip Barbell Bench Press,"[""Close-Grip Bench""]",Resistance Training,Upper Body,Compound,Horizontal Push,Push,Open Chain,Bilateral,"[""Barbell"", ""Flat Bench""]",Anterior,"[""Triceps Brachii"", ""Pectoralis Major""]","[""Anterior Deltoid""]","[""Core"", ""Latissimus Dorsi""]","[""Sagittal"", ""Transverse""]","[""Elbow Extension"", ""Shoulder Horizontal Adduction""]",Full,Ascending,Lengthened,Low,Intermediate,3,3,3,2,2,3.5,4.5,"[""Athletic Performance"",""Balance"",""Conditioning"",""Coordination"",""Core Stability"",""Corrective Exercise"",""Fat Loss"",""Flexibility"",""General Fitness"",""Grip Strength"",""Gymnastics"",""Injury Prevention"",""Joint Health"",""Knee Health"",""Mobility"",""Mobility and Flexibility"",""Muscle Gain"",""Muscular Endurance"",""Posture Correction"",""Power"",""Rehabilitation"",""Rehabilitation and Joint Health"",""Shoulder Health"",""Shin Splint Relief"",""Sport Performance"",""Strength"",""Strength Preparation"",""Warm-up""]",Moderate,"[""Wrist"", ""Elbow"", ""Shoulder""]","[""Wrist impingement"", ""Shoulder AC joint pain""]",Lie on a flat bench and grip the barbell with hands roughly shoulder-width apart (closer than a standard bench press).,"[""Unrack the bar and lower it to your lower chest, keeping your elbows tucked close to your torso."", ""Pause briefly."", ""Press the bar back up to full elbow lockout, squeezing the triceps.""]","[""Gripping too close (causing wrist pain)"", ""Flaring the elbows out"", ""Bouncing off the chest""]","[""Tuck the elbows"", ""Touch below the nipples"", ""Lock out the triceps""]","Inhale while lowering, exhale while pressing.","[""Board Press"", ""Pause Close-Grip Bench""]","[""Dumbbell Triceps Press"", ""Push-Up""]","[""Triceps Dips"", ""Overhead Triceps Extension""]",3.5,"[""SRC_NCSA_TECHNIQUE""]",Reviewed,2026-07-24
EX0070,Smith Machine Squat,"[""Guided Squat""]",Resistance Training,Lower Body,Compound,Squat,Push,Closed Chain,Bilateral,"[""Smith Machine""]",Posterior,"[""Quadriceps"", ""Gluteus Maximus""]","[""Hamstrings""]","[""Core""]","[""Sagittal""]","[""Hip Extension"", ""Knee Extension""]",Full,Machine Dependent,Mid-Range,Moderate,Beginner,2,1.5,1,3,1,4,4.5,"[""Athletic Performance"",""Balance"",""Conditioning"",""Coordination"",""Core Stability"",""Corrective Exercise"",""Fat Loss"",""Flexibility"",""General Fitness"",""Grip Strength"",""Gymnastics"",""Injury Prevention"",""Joint Health"",""Knee Health"",""Mobility"",""Mobility and Flexibility"",""Muscle Gain"",""Muscular Endurance"",""Posture Correction"",""Power"",""Rehabilitation"",""Rehabilitation and Joint Health"",""Shoulder Health"",""Shin Splint Relief"",""Sport Performance"",""Strength"",""Strength Preparation"",""Warm-up""]",Low,"[""Knee"", ""Lower Back""]","[""Patellofemoral pain""]","Set the bar at upper-chest height. Step under it, rest it on your upper back, and place your feet slightly forward.","[""Unrack the bar, lower your hips by bending your knees until your thighs are parallel to the floor."", ""Drive through your heels to return to a standing position."", ""Maintain control and proper breathing throughout the entire movement.""]","[""Placing feet too far directly under the bar (stresses knees awkwardly)"", ""Rounding the lower back"", ""Not hitting depth""]","[""Feet slightly forward"", ""Push hips back"", ""Drive through the floor""]","Inhale while descending, exhale while ascending.","[""Heels-Elevated Smith Squat"", ""Pause Smith Squat""]","[""Leg Press"", ""Goblet Squat""]","[""Barbell Back Squat"", ""Hack Squat""]",4,"[""SRC_ACSM_2026_RT""]",Reviewed,2026-07-24
EX0071,Machine Incline Chest Press,"[""Seated Incline Press""]",Resistance Training,Upper Body,Compound,Horizontal Push,Push,Open Chain,Bilateral,"[""Incline Chest Press Machine""]",Machine Guided,"[""Pectoralis Major (Clavicular Head)""]","[""Anterior Deltoid"", ""Triceps Brachii""]","[""None""]","[""Sagittal"", ""Transverse""]","[""Shoulder Horizontal Adduction"", ""Shoulder Flexion"", ""Elbow Extension""]",Full,Machine Dependent,Lengthened,Low,Beginner,1,1,1,1.5,1,2.5,4,"[""Athletic Performance"",""Balance"",""Conditioning"",""Coordination"",""Core Stability"",""Corrective Exercise"",""Fat Loss"",""Flexibility"",""General Fitness"",""Grip Strength"",""Gymnastics"",""Injury Prevention"",""Joint Health"",""Knee Health"",""Mobility"",""Mobility and Flexibility"",""Muscle Gain"",""Muscular Endurance"",""Posture Correction"",""Power"",""Rehabilitation"",""Rehabilitation and Joint Health"",""Shoulder Health"",""Shin Splint Relief"",""Sport Performance"",""Strength"",""Strength Preparation"",""Warm-up""]",Low,"[""Shoulder"", ""Elbow""]","[""Acute shoulder impingement""]",Adjust the seat so the handles align with your upper chest. Sit with your back firmly against the pad.,"[""Grip the handles and press forward and upward until your arms are extended."", ""Return the handles slowly to the starting position, feeling a stretch in the upper chest."", ""Maintain control and proper breathing throughout the entire movement.""]","[""Lifting the lower back off the pad"", ""Using momentum"", ""Locking out elbows violently""]","[""Keep chest tall"", ""Press through the palms"", ""Control the stretch""]","Exhale while pressing, inhale while returning.","[""Incline Dumbbell Bench Press"", ""Incline Barbell Bench Press""]","[""Lighter Load"", ""Machine Chest Press (Flat)""]","[""Incline Dumbbell Bench Press"", ""Smith Machine Incline Press""]",3,"[""SRC_ACSM_2026_RT""]",Reviewed,2026-07-24
EX0072,Dumbbell Step-Up,"[""Box Step-Up""]",Resistance Training,Lower Body,Compound,Squat,Push,Closed Chain,Unilateral,"[""Dumbbell"", ""Plyo Box or Bench""]",Lateral,"[""Quadriceps"", ""Gluteus Maximus""]","[""Hamstrings""]","[""Core"", ""Gluteus Medius""]","[""Sagittal""]","[""Hip Extension"", ""Knee Extension""]",Full,Ascending,Mid-Range,Moderate,Intermediate,3,3.5,4,3,4,4,4.5,"[""Athletic Performance"",""Balance"",""Conditioning"",""Coordination"",""Core Stability"",""Corrective Exercise"",""Fat Loss"",""Flexibility"",""General Fitness"",""Grip Strength"",""Gymnastics"",""Injury Prevention"",""Joint Health"",""Knee Health"",""Mobility"",""Mobility and Flexibility"",""Muscle Gain"",""Muscular Endurance"",""Posture Correction"",""Power"",""Rehabilitation"",""Rehabilitation and Joint Health"",""Shoulder Health"",""Shin Splint Relief"",""Sport Performance"",""Strength"",""Strength Preparation"",""Warm-up""]",Moderate,"[""Knee"", ""Ankle""]","[""Knee instability"", ""Balance disorders""]",Stand in front of a box or bench holding dumbbells by your sides.,"[""Place one foot entirely on the box."", ""Drive through the heel of the elevated foot to step up until the leg is straight."", ""Slowly lower your trailing leg back to the floor under control.""]","[""Pushing off too much with the back leg"", ""Letting the front knee cave inward"", ""Dropping down quickly""]","[""Drive through the front heel"", ""Control the descent"", ""Keep chest up""]","Exhale while stepping up, inhale while stepping down.","[""Barbell Step-Up"", ""Higher Box Step-Up""]","[""Bodyweight Step-Up""]","[""Walking Lunge"", ""Bulgarian Split Squat""]",5,"[""SRC_NCSA_TECHNIQUE""]",Reviewed,2026-07-24
EX0073,Farmer's Walk,"[""Farmer Carry""]",Resistance Training,Core,Compound,Gait,Static,Closed Chain,Bilateral,"[""Dumbbell"", ""Kettlebell"", ""Farmer Walk Handles""]",Lateral,"[""Forearms"", ""Trapezius"", ""Core""]","[""Gluteus Maximus"", ""Quadriceps"", ""Hamstrings""]","[""Erector Spinae"", ""Rotator Cuff""]","[""Sagittal""]","[""Isometric Grip"", ""Gait Cycle""]",,Constant,Mid-Range,High,Intermediate,2,3,4,2,3,4.5,4,"[""Athletic Performance"",""Balance"",""Conditioning"",""Coordination"",""Core Stability"",""Corrective Exercise"",""Fat Loss"",""Flexibility"",""General Fitness"",""Grip Strength"",""Gymnastics"",""Injury Prevention"",""Joint Health"",""Knee Health"",""Mobility"",""Mobility and Flexibility"",""Muscle Gain"",""Muscular Endurance"",""Posture Correction"",""Power"",""Rehabilitation"",""Rehabilitation and Joint Health"",""Shoulder Health"",""Shin Splint Relief"",""Sport Performance"",""Strength"",""Strength Preparation"",""Warm-up""]",Moderate,"[""Lower Back"", ""Shoulder"", ""Knee""]","[""Spinal compression issues"", ""Plantar fasciitis""]",Stand between two heavy dumbbells or kettlebells. Hinge down with a flat back and grip them firmly.,"[""Stand up completely straight, bracing your core and pulling your shoulder blades back and down."", ""Walk forward with short, quick, and stable steps."", ""Maintain an upright posture throughout the walk.""]","[""Leaning forward or to the side"", ""Looking down at the ground"", ""Taking steps that are too long""]","[""Chest tall"", ""Short, choppy steps"", ""Crush the handles""]",Breathe continuously and shallowly into the braced core.,"[""Heavier Load"", ""Unilateral Suitcase Carry""]","[""Lighter Load"", ""Isometric Farmer Hold""]","[""Suitcase Carry"", ""Trap Bar Deadlift Hold""]",6,"[""SRC_NCSA_TECHNIQUE""]",Reviewed,2026-07-24
EX0074,Russian Twist,"[""Weighted Russian Twist""]",Resistance Training,Core,Isolation,Trunk Rotation,Pull,Open Chain,Bilateral,"[""Medicine Ball"", ""Dumbbell"", ""Weight Plate""]",Anterior,"[""Obliques""]","[""Rectus Abdominis""]","[""Hip Flexors""]","[""Transverse""]","[""Spinal Rotation""]",Partial,Constant,Mid-Range,Low,Intermediate,2.5,3,3,2,3,2,4,"[""Athletic Performance"",""Balance"",""Conditioning"",""Coordination"",""Core Stability"",""Corrective Exercise"",""Fat Loss"",""Flexibility"",""General Fitness"",""Grip Strength"",""Gymnastics"",""Injury Prevention"",""Joint Health"",""Knee Health"",""Mobility"",""Mobility and Flexibility"",""Muscle Gain"",""Muscular Endurance"",""Posture Correction"",""Power"",""Rehabilitation"",""Rehabilitation and Joint Health"",""Shoulder Health"",""Shin Splint Relief"",""Sport Performance"",""Strength"",""Strength Preparation"",""Warm-up""]",Moderate,"[""Lower Back""]","[""Lumbar disc herniation""]","Sit on the floor with your knees bent and feet lifted slightly off the ground. Lean back to a 45-degree angle, holding a weight in front of your chest.","[""Twist your torso to the right, bringing the weight toward the floor beside your hip."", ""Twist your torso back to the center and then to the left side."", ""Keep your legs as still as possible.""]","[""Only moving the arms and not rotating the torso"", ""Rounding the lower back excessively"", ""Swinging the legs to counter-balance""]","[""Rotate the shoulders"", ""Eyes follow the weight"", ""Keep chest up""]","Breathe continuously, exhaling at the end of each twist.","[""Heavier Weight"", ""Decline Bench Russian Twist""]","[""Feet on the floor Russian Twist"", ""Unweighted Russian Twist""]","[""Cable Woodchopper"", ""Bicycle Crunch""]",3.5,"[""SRC_ACSM_2026_RT""]",Reviewed,2026-07-24
EX0075,Sissy Squat,"[""Bodyweight Sissy Squat""]",Bodyweight,Lower Body,Isolation,Knee Extension,Push,Closed Chain,Bilateral,"[""Bodyweight""]",Bodyweight,"[""Quadriceps (Rectus Femoris)""]","[""None""]","[""Core"", ""Calves""]","[""Sagittal""]","[""Knee Extension"", ""Ankle Plantarflexion""]",Full,Ascending,Lengthened,Low,Advanced,4,4,4.5,4,4,3,5,"[""Athletic Performance"",""Balance"",""Conditioning"",""Coordination"",""Core Stability"",""Corrective Exercise"",""Fat Loss"",""Flexibility"",""General Fitness"",""Grip Strength"",""Gymnastics"",""Injury Prevention"",""Joint Health"",""Knee Health"",""Mobility"",""Mobility and Flexibility"",""Muscle Gain"",""Muscular Endurance"",""Posture Correction"",""Power"",""Rehabilitation"",""Rehabilitation and Joint Health"",""Shoulder Health"",""Shin Splint Relief"",""Sport Performance"",""Strength"",""Strength Preparation"",""Warm-up""]",High,"[""Knee""]","[""Patellar tendinopathy"", ""Meniscus tears"", ""Knee instability""]",Stand next to a sturdy object for balance. Rise up onto your toes.,"[""Keeping your hips fully extended (body in a straight line from knees to shoulders), lean backward."", ""Bend your knees to lower your body toward the floor, driving your knees forward."", ""Use your quads to pull yourself back to the starting position.""]","[""Bending at the hips (turning it into a regular squat)"", ""Dropping down without control"", ""Not going deep enough""]","[""Straight line from knee to shoulder"", ""Drive knees forward"", ""Control the stretch""]","Inhale on the way down, exhale on the way up.","[""Weighted Sissy Squat""]","[""Sissy Squat Machine (locks feet)""]","[""Leg Extension"", ""Reverse Nordic Curl""]",4,"[""SRC_NCSA_TECHNIQUE""]",Reviewed,2026-07-24
EX0076,Seated Dumbbell Curl,"[""Seated Alternating Curl""]",Resistance Training,Upper Body,Isolation,Elbow Flexion,Pull,Open Chain,Bilateral,"[""Dumbbell"", ""Flat Bench""]",Lateral,"[""Biceps Brachii"", ""Brachialis""]","[""Brachioradialis""]","[""Anterior Deltoid""]","[""Sagittal""]","[""Elbow Flexion"", ""Forearm Supination""]",Full,Ascending,Mid-Range,Low,Beginner,1.5,2,1,1,1,1.5,4,"[""Athletic Performance"",""Balance"",""Conditioning"",""Coordination"",""Core Stability"",""Corrective Exercise"",""Fat Loss"",""Flexibility"",""General Fitness"",""Grip Strength"",""Gymnastics"",""Injury Prevention"",""Joint Health"",""Knee Health"",""Mobility"",""Mobility and Flexibility"",""Muscle Gain"",""Muscular Endurance"",""Posture Correction"",""Power"",""Rehabilitation"",""Rehabilitation and Joint Health"",""Shoulder Health"",""Shin Splint Relief"",""Sport Performance"",""Strength"",""Strength Preparation"",""Warm-up""]",Low,"[""Elbow""]","[""Biceps tendonitis""]","Sit on a bench with a backrest holding a dumbbell in each hand, arms fully extended by your sides.","[""Keeping your upper arms stationary, curl the weights up while rotating your palms to face your shoulders (supination)."", ""Squeeze the biceps at the top."", ""Lower the dumbbells back to the starting position under control.""]","[""Using momentum by swinging the torso"", ""Not fully extending the arms at the bottom"", ""Forgetting to supinate the wrists""]","[""Keep elbows pinned"", ""Twist the pinky up"", ""Control the negative""]","Exhale while curling, inhale while lowering.","[""Incline Dumbbell Curl"", ""Strict Wall Curl""]","[""Machine Bicep Curl""]","[""Barbell Biceps Curl"", ""Cable Curl""]",3,"[""SRC_ACSM_2026_RT""]",Reviewed,2026-07-24
EX0077,Cable Biceps Curl,"[""Standing Cable Curl""]",Resistance Training,Upper Body,Isolation,Elbow Flexion,Pull,Open Chain,Bilateral,"[""Cable Machine"", ""Straight Bar""]",Anterior,"[""Biceps Brachii"", ""Brachialis""]","[""Brachioradialis""]","[""Core"", ""Anterior Deltoid""]","[""Sagittal""]","[""Elbow Flexion""]",Full,Constant,Shortened,Low,Beginner,1.5,1.5,2,1,1.5,1.5,4,"[""Athletic Performance"",""Balance"",""Conditioning"",""Coordination"",""Core Stability"",""Corrective Exercise"",""Fat Loss"",""Flexibility"",""General Fitness"",""Grip Strength"",""Gymnastics"",""Injury Prevention"",""Joint Health"",""Knee Health"",""Mobility"",""Mobility and Flexibility"",""Muscle Gain"",""Muscular Endurance"",""Posture Correction"",""Power"",""Rehabilitation"",""Rehabilitation and Joint Health"",""Shoulder Health"",""Shin Splint Relief"",""Sport Performance"",""Strength"",""Strength Preparation"",""Warm-up""]",Low,"[""Elbow"", ""Wrist""]","[""Medial epicondylitis""]",Stand facing a low cable pulley holding a straight bar attachment with an underhand grip.,"[""Keep your elbows tucked to your sides."", ""Curl the bar up toward your chest, squeezing the biceps hard at the peak."", ""Slowly lower the bar back to the starting position, maintaining constant tension.""]","[""Letting elbows drift forward (turning it into a front raise)"", ""Using excessive weight and leaning back"", ""Shortening the range of motion""]","[""Keep tension on the muscle"", ""Elbows glued to ribs"", ""Squeeze at the top""]","Exhale while curling up, inhale while lowering.","[""Single-Arm Cable Curl"", ""Behind-the-Back Cable Curl""]","[""Machine Bicep Curl""]","[""Barbell Biceps Curl"", ""Dumbbell Curl""]",2.5,"[""SRC_ACSM_2026_RT""]",Reviewed,2026-07-24
EX0078,Triceps Dip,"[""Parallel Bar Dip"", ""Bodyweight Dip""]",Bodyweight,Upper Body,Compound,Vertical Push,Push,Closed Chain,Bilateral,"[""Dip Station"", ""Parallel Bars""]",Bodyweight,"[""Triceps Brachii"", ""Pectoralis Major""]","[""Anterior Deltoid""]","[""Core"", ""Lower Trapezius"", ""Rhomboids""]","[""Sagittal""]","[""Elbow Extension"", ""Shoulder Flexion""]",Full,Ascending,Lengthened,Moderate,Intermediate,3,3,3.5,3,2,3.5,4.5,"[""Athletic Performance"",""Balance"",""Conditioning"",""Coordination"",""Core Stability"",""Corrective Exercise"",""Fat Loss"",""Flexibility"",""General Fitness"",""Grip Strength"",""Gymnastics"",""Injury Prevention"",""Joint Health"",""Knee Health"",""Mobility"",""Mobility and Flexibility"",""Muscle Gain"",""Muscular Endurance"",""Posture Correction"",""Power"",""Rehabilitation"",""Rehabilitation and Joint Health"",""Shoulder Health"",""Shin Splint Relief"",""Sport Performance"",""Strength"",""Strength Preparation"",""Warm-up""]",High,"[""Shoulder"", ""Elbow"", ""Wrist""]","[""History of shoulder dislocation"", ""AC joint pain"", ""Sternum pain""]","Mount the parallel bars, locking your elbows and keeping your torso relatively upright to target the triceps.","[""Lower your body by bending your elbows until they reach a 90-degree angle."", ""Keep your elbows tucked close to your body."", ""Press forcefully back up to the starting position.""]","[""Flaring elbows out too much (shifts focus to chest and strains shoulders)"", ""Going too deep and over-stretching the shoulder capsule"", ""Shrugging the shoulders up to the ears""]","[""Keep torso upright"", ""Tuck elbows back"", ""Depress the shoulders""]","Inhale while lowering, exhale while pressing up.","[""Weighted Dip"", ""Ring Dip""]","[""Assisted Dip Machine"", ""Bench Dip""]","[""Close-Grip Bench Press"", ""Decline Bench Press""]",5,"[""SRC_NCSA_TECHNIQUE""]",Reviewed,2026-07-24
EX0079,Donkey Calf Raise,"[""Machine Donkey Calf Raise""]",Resistance Training,Lower Body,Isolation,Ankle Plantarflexion,Push,Closed Chain,Bilateral,"[""Donkey Calf Machine""]",Posterior,"[""Gastrocnemius""]","[""Soleus""]","[""Core""]","[""Sagittal""]","[""Ankle Plantarflexion""]",Full,Machine Dependent,Lengthened,Moderate,Beginner,1.5,1.5,2,2,1.5,2,4.5,"[""Athletic Performance"",""Balance"",""Conditioning"",""Coordination"",""Core Stability"",""Corrective Exercise"",""Fat Loss"",""Flexibility"",""General Fitness"",""Grip Strength"",""Gymnastics"",""Injury Prevention"",""Joint Health"",""Knee Health"",""Mobility"",""Mobility and Flexibility"",""Muscle Gain"",""Muscular Endurance"",""Posture Correction"",""Power"",""Rehabilitation"",""Rehabilitation and Joint Health"",""Shoulder Health"",""Shin Splint Relief"",""Sport Performance"",""Strength"",""Strength Preparation"",""Warm-up""]",Low,"[""Ankle"", ""Achilles Tendon"", ""Lower Back""]",[],Position yourself in the machine with the pad resting across your lower back/pelvis. Place the balls of your feet on the edge of the step.,"[""Lower your heels as far as possible to deeply stretch the calves."", ""Push through the balls of your feet to raise your heels as high as possible."", ""Hold the contraction for a second at the top.""]","[""Bouncing out of the bottom position"", ""Not getting a full stretch"", ""Bending the knees excessively""]","[""Deep stretch at the bottom"", ""Drive through the big toes"", ""Hold the squeeze""]","Inhale while lowering, exhale while pushing up.","[""Single-Leg Donkey Calf Raise"", ""Pause Reps""]","[""Seated Calf Raise""]","[""Standing Calf Raise"", ""Leg Press Calf Raise""]",3,"[""SRC_ACSM_2026_RT""]",Reviewed,2026-07-24
EX0080,Dumbbell Front Raise,"[""Alternating Front Raise""]",Resistance Training,Upper Body,Isolation,Vertical Push,Push,Open Chain,Alternating,"[""Dumbbell""]",Anterior,"[""Anterior Deltoid""]","[""Lateral Deltoid"", ""Pectoralis Major (Clavicular Head)""]","[""Core"", ""Trapezius""]","[""Sagittal""]","[""Shoulder Flexion""]",Full,Descending,Shortened,Low,Beginner,1.5,2,2,2,1.5,1.5,4,"[""Athletic Performance"",""Balance"",""Conditioning"",""Coordination"",""Core Stability"",""Corrective Exercise"",""Fat Loss"",""Flexibility"",""General Fitness"",""Grip Strength"",""Gymnastics"",""Injury Prevention"",""Joint Health"",""Knee Health"",""Mobility"",""Mobility and Flexibility"",""Muscle Gain"",""Muscular Endurance"",""Posture Correction"",""Power"",""Rehabilitation"",""Rehabilitation and Joint Health"",""Shoulder Health"",""Shin Splint Relief"",""Sport Performance"",""Strength"",""Strength Preparation"",""Warm-up""]",Low,"[""Shoulder""]","[""Shoulder impingement""]",Stand holding a pair of dumbbells in front of your thighs with a pronated (overhand) grip.,"[""Keeping your arms straight with a slight micro-bend in the elbows, raise the dumbbells straight out in front of you to shoulder level."", ""Pause briefly."", ""Lower the weights slowly back to the starting position.""]","[""Using momentum by swinging the torso backward"", ""Raising the weights too high (above eye level)"", ""Shrugging the traps""]","[""Control the swing"", ""Raise to eye level"", ""Keep shoulders down""]","Exhale while raising, inhale while lowering.","[""Barbell Front Raise"", ""Cable Front Raise""]","[""Seated Dumbbell Front Raise""]","[""Cable Front Raise"", ""Plate Front Raise""]",2.5,"[""SRC_ACSM_2026_RT""]",Reviewed,2026-07-24
EX0081,Arnold Press,"[""Seated Arnold Press""]",Resistance Training,Upper Body,Compound,Vertical Push,Push,Open Chain,Bilateral,"[""Dumbbell"", ""Adjustable Bench""]",Overhead,"[""Anterior Deltoid"", ""Lateral Deltoid""]","[""Triceps Brachii"", ""Upper Trapezius""]","[""Rotator Cuff"", ""Core""]","[""Sagittal"", ""Frontal""]","[""Shoulder Flexion"", ""Shoulder Abduction"", ""Shoulder External Rotation"", ""Elbow Extension""]",Full,Ascending,Mid-Range,High,Intermediate,3,3.5,3,3,2,3,4.5,"[""Athletic Performance"",""Balance"",""Conditioning"",""Coordination"",""Core Stability"",""Corrective Exercise"",""Fat Loss"",""Flexibility"",""General Fitness"",""Grip Strength"",""Gymnastics"",""Injury Prevention"",""Joint Health"",""Knee Health"",""Mobility"",""Mobility and Flexibility"",""Muscle Gain"",""Muscular Endurance"",""Posture Correction"",""Power"",""Rehabilitation"",""Rehabilitation and Joint Health"",""Shoulder Health"",""Shin Splint Relief"",""Sport Performance"",""Strength"",""Strength Preparation"",""Warm-up""]",Moderate,"[""Shoulder""]","[""Rotator cuff injuries"", ""Shoulder instability""]",Sit on a bench with back support. Hold two dumbbells in front of your face with a supinated grip (palms facing you).,"[""Press the dumbbells overhead while simultaneously rotating your wrists outwards."", ""Finish with the arms fully extended and palms facing forward (pronated grip)."", ""Reverse the motion to lower the dumbbells back in front of your face.""]","[""Not rotating smoothly"", ""Arching the lower back excessively"", ""Using weights that are too heavy for the rotational component""]","[""Fluid rotation"", ""Keep chest tall"", ""Control the descent""]","Exhale while pressing up, inhale while lowering.","[""Standing Arnold Press"", ""Heavy Dumbbell Shoulder Press""]","[""Standard Seated Dumbbell Press""]","[""Dumbbell Shoulder Press"", ""Machine Shoulder Press""]",3.5,"[""SRC_ACSM_2026_RT""]",Reviewed,2026-07-24
EX0082,Meadows Row,"[""Landmine Meadows Row""]",Resistance Training,Upper Body,Compound,Horizontal Pull,Pull,Open Chain,Unilateral,"[""Barbell"", ""Landmine""]",Anterior,"[""Latissimus Dorsi"", ""Posterior Deltoid""]","[""Rhomboids"", ""Trapezius"", ""Biceps Brachii"", ""Brachialis""]","[""Core"", ""Erector Spinae"", ""Gluteus Maximus""]","[""Transverse"", ""Sagittal""]","[""Shoulder Extension"", ""Shoulder Horizontal Abduction"", ""Elbow Flexion"", ""Scapular Retraction""]",Full,Ascending,Shortened,Moderate,Intermediate,3.5,3,4,2.5,3,3.5,4.5,"[""Athletic Performance"",""Balance"",""Conditioning"",""Coordination"",""Core Stability"",""Corrective Exercise"",""Fat Loss"",""Flexibility"",""General Fitness"",""Grip Strength"",""Gymnastics"",""Injury Prevention"",""Joint Health"",""Knee Health"",""Mobility"",""Mobility and Flexibility"",""Muscle Gain"",""Muscular Endurance"",""Posture Correction"",""Power"",""Rehabilitation"",""Rehabilitation and Joint Health"",""Shoulder Health"",""Shin Splint Relief"",""Sport Performance"",""Strength"",""Strength Preparation"",""Warm-up""]",Moderate,"[""Lower Back"", ""Shoulder""]","[""Lower back pain""]","Stand perpendicular to a landmine barbell. Hinge at the hips, stagger your stance, and grip the thick end of the bar with an overhand grip.","[""Row the barbell up toward your hip/ribcage, letting your elbow flare out slightly to target the upper back and lats."", ""Squeeze your back muscles at the top."", ""Lower the bar under control until your scapula stretches forward.""]","[""Standing too upright"", ""Using too much torso rotation to swing the weight"", ""Not letting the shoulder blade stretch at the bottom""]","[""Pull with the elbow"", ""Let the shoulder blade stretch"", ""Keep the lower back flat""]","Exhale while rowing, inhale while lowering.","[""Heavy Meadows Row"", ""Deficit Meadows Row""]","[""Single-Arm Dumbbell Row"", ""Supported Machine Row""]","[""One-Arm Dumbbell Row"", ""Single-Arm Cable Row""]",4,"[""SRC_ACSM_2026_RT""]",Reviewed,2026-07-24
EX0083,Zercher Squat,"[""Barbell Zercher Squat""]",Resistance Training,Lower Body,Compound,Squat,Push,Closed Chain,Bilateral,"[""Barbell"", ""Squat Rack""]",Anterior,"[""Quadriceps"", ""Gluteus Maximus""]","[""Hamstrings"", ""Erector Spinae"", ""Biceps Brachii""]","[""Core"", ""Upper Trapezius""]","[""Sagittal""]","[""Hip Extension"", ""Knee Extension""]",Full,Ascending,Mid-Range,Moderate,Advanced,4,3.5,4.5,3.5,3.5,4.5,4.5,"[""Athletic Performance"",""Balance"",""Conditioning"",""Coordination"",""Core Stability"",""Corrective Exercise"",""Fat Loss"",""Flexibility"",""General Fitness"",""Grip Strength"",""Gymnastics"",""Injury Prevention"",""Joint Health"",""Knee Health"",""Mobility"",""Mobility and Flexibility"",""Muscle Gain"",""Muscular Endurance"",""Posture Correction"",""Power"",""Rehabilitation"",""Rehabilitation and Joint Health"",""Shoulder Health"",""Shin Splint Relief"",""Sport Performance"",""Strength"",""Strength Preparation"",""Warm-up""]",Moderate,"[""Elbow"", ""Knee"", ""Lower Back""]","[""Biceps tendonitis"", ""Severe knee pain""]","Set the barbell in a rack slightly below elbow height. Cradle the bar in the crooks of your elbows, holding your hands together.","[""Step back from the rack, keep your chest extremely upright, and brace your core."", ""Squat down by bending your knees and hips until your elbows touch or go between your thighs."", ""Drive through your feet to stand back up.""]","[""Rounding the upper back forward"", ""Letting the bar roll down the forearms"", ""Not squatting to full depth""]","[""Keep chest tall"", ""Squeeze the bar into your body"", ""Drive through the whole foot""]","Inhale and brace before descending, exhale on the way up.","[""Zercher Deadlift"", ""Paused Zercher Squat""]","[""Goblet Squat"", ""Front Squat""]","[""Front Squat"", ""Goblet Squat""]",5,"[""SRC_NCSA_TECHNIQUE""]",Reviewed,2026-07-24
EX0084,Pistol Squat,"[""Single-Leg Squat""]",Bodyweight,Lower Body,Compound,Squat,Push,Closed Chain,Unilateral,"[""Bodyweight""]",Bodyweight,"[""Quadriceps"", ""Gluteus Maximus""]","[""Hamstrings""]","[""Core"", ""Gluteus Medius"", ""Anterior Tibialis""]","[""Sagittal""]","[""Hip Extension"", ""Knee Extension""]",Full,Ascending,Lengthened,Moderate,Advanced,5,5,5,5,5,3,5,"[""Athletic Performance"",""Balance"",""Conditioning"",""Coordination"",""Core Stability"",""Corrective Exercise"",""Fat Loss"",""Flexibility"",""General Fitness"",""Grip Strength"",""Gymnastics"",""Injury Prevention"",""Joint Health"",""Knee Health"",""Mobility"",""Mobility and Flexibility"",""Muscle Gain"",""Muscular Endurance"",""Posture Correction"",""Power"",""Rehabilitation"",""Rehabilitation and Joint Health"",""Shoulder Health"",""Shin Splint Relief"",""Sport Performance"",""Strength"",""Strength Preparation"",""Warm-up""]",High,"[""Knee"", ""Ankle""]","[""Knee instability"", ""Meniscus tears"", ""Poor ankle mobility""]",Stand on one leg with the other leg extended straight out in front of you. Extend your arms forward for balance.,"[""Lower your body by bending the knee and hip of your standing leg."", ""Descend until your hamstring rests on your calf."", ""Drive through your foot to push yourself back up to a standing position without letting the raised foot touch the floor.""]","[""Heel of the standing foot lifting off the floor"", ""Knee violently caving inward (valgus)"", ""Rounding the lower back excessively at the bottom""]","[""Keep the heel planted"", ""Control the descent"", ""Squeeze the glutes""]","Inhale while descending, exhale while pushing up.","[""Weighted Pistol Squat"", ""Plyo Pistol Squat""]","[""Assisted Pistol Squat (holding a strap/ring)"", ""Box Pistol Squat""]","[""Bulgarian Split Squat"", ""Skater Squat""]",5,"[""SRC_NCSA_TECHNIQUE""]",Reviewed,2026-07-24
EX0085,Ab Crunch Machine,"[""Seated Crunch Machine""]",Resistance Training,Core,Isolation,Trunk Flexion,Pull,Open Chain,Bilateral,"[""Ab Crunch Machine""]",Machine Guided,"[""Rectus Abdominis""]","[""Obliques""]","[""None""]","[""Sagittal""]","[""Spinal Flexion""]",Full,Machine Dependent,Shortened,Low,Beginner,1,1,1,1.5,1,1.5,4,"[""Athletic Performance"",""Balance"",""Conditioning"",""Coordination"",""Core Stability"",""Corrective Exercise"",""Fat Loss"",""Flexibility"",""General Fitness"",""Grip Strength"",""Gymnastics"",""Injury Prevention"",""Joint Health"",""Knee Health"",""Mobility"",""Mobility and Flexibility"",""Muscle Gain"",""Muscular Endurance"",""Posture Correction"",""Power"",""Rehabilitation"",""Rehabilitation and Joint Health"",""Shoulder Health"",""Shin Splint Relief"",""Sport Performance"",""Strength"",""Strength Preparation"",""Warm-up""]",Low,"[""Lower Back"", ""Neck""]","[""Lumbar disc herniation""]",Sit in the machine and secure your feet or legs behind the pads. Grab the upper handles.,"[""Using your abdominal muscles, crunch your torso forward, bringing your ribs toward your pelvis."", ""Squeeze the abs hard at the point of maximum contraction."", ""Slowly return to the starting position.""]","[""Pulling with the arms instead of the abs"", ""Using momentum"", ""Arching the lower back on the return""]","[""Crunch the ribs down"", ""Don't pull with the arms"", ""Control the eccentric""]","Exhale while crunching, inhale while returning.","[""Heavier Load"", ""Pause Reps""]","[""Floor Crunch""]","[""Cable Crunch"", ""Decline Crunch""]",2.5,"[""SRC_ACSM_2026_RT""]",Reviewed,2026-07-24
EX0086,Machine Shrug,"[""Seated Machine Shrug""]",Resistance Training,Upper Body,Isolation,Scapular Elevation,Pull,Open Chain,Bilateral,"[""Shrug Machine""]",Machine Guided,"[""Upper Trapezius""]","[""Levator Scapulae""]","[""None""]","[""Frontal""]","[""Scapular Elevation""]",Partial,Machine Dependent,Shortened,Moderate,Beginner,1,1,1,1,1,2,4,"[""Athletic Performance"",""Balance"",""Conditioning"",""Coordination"",""Core Stability"",""Corrective Exercise"",""Fat Loss"",""Flexibility"",""General Fitness"",""Grip Strength"",""Gymnastics"",""Injury Prevention"",""Joint Health"",""Knee Health"",""Mobility"",""Mobility and Flexibility"",""Muscle Gain"",""Muscular Endurance"",""Posture Correction"",""Power"",""Rehabilitation"",""Rehabilitation and Joint Health"",""Shoulder Health"",""Shin Splint Relief"",""Sport Performance"",""Strength"",""Strength Preparation"",""Warm-up""]",Low,"[""Neck""]","[""Cervical spine issues""]",Sit or stand at the shrug machine and grab the handles with a neutral grip.,"[""Keep your arms straight and elevate your shoulders toward your ears."", ""Squeeze the traps at the top of the movement."", ""Lower the handles back down to a full stretch.""]","[""Rolling the shoulders"", ""Using momentum"", ""Bending the elbows""]","[""Shrug straight up"", ""Hold the squeeze"", ""Full stretch at the bottom""]","Exhale while shrugging, inhale while lowering.","[""Pause Shrugs"", ""Heavy Shrugs""]","[""Lighter Load""]","[""Dumbbell Shrug"", ""Barbell Shrug""]",2.5,"[""SRC_ACSM_2026_RT""]",Reviewed,2026-07-24
EX0087,Reverse Hack Squat,"[""V-Squat"", ""Machine Reverse Squat""]",Resistance Training,Lower Body,Compound,Squat,Push,Closed Chain,Bilateral,"[""Hack Squat Machine""]",Posterior,"[""Gluteus Maximus"", ""Hamstrings"", ""Quadriceps""]","[""Erector Spinae""]","[""Core""]","[""Sagittal""]","[""Hip Extension"", ""Knee Extension""]",Full,Machine Dependent,Lengthened,High,Intermediate,2.5,2,2,3,1.5,4,4.5,"[""Athletic Performance"",""Balance"",""Conditioning"",""Coordination"",""Core Stability"",""Corrective Exercise"",""Fat Loss"",""Flexibility"",""General Fitness"",""Grip Strength"",""Gymnastics"",""Injury Prevention"",""Joint Health"",""Knee Health"",""Mobility"",""Mobility and Flexibility"",""Muscle Gain"",""Muscular Endurance"",""Posture Correction"",""Power"",""Rehabilitation"",""Rehabilitation and Joint Health"",""Shoulder Health"",""Shin Splint Relief"",""Sport Performance"",""Strength"",""Strength Preparation"",""Warm-up""]",Moderate,"[""Knee"", ""Lower Back""]","[""Lumbar disc herniation""]",Face the backrest of the hack squat machine. Position your shoulders under the pads and feet on the platform.,"[""Lower the carriage by bending your hips and knees, pushing your hips back as if doing a traditional squat."", ""Squat until your thighs are parallel to the platform."", ""Drive through your feet to push the carriage back up.""]","[""Rounding the lower back"", ""Knees caving inward"", ""Not hitting full depth""]","[""Push hips back"", ""Keep chest up"", ""Drive through the heels""]","Inhale while descending, exhale while ascending.","[""Pause Reverse Hack Squat"", ""1.5 Reps""]","[""Leg Press"", ""Goblet Squat""]","[""Barbell Back Squat"", ""Barbell Front Squat""]",4.5,"[""SRC_ACSM_2026_RT""]",Reviewed,2026-07-24
EX0088,Glute-Ham Raise,"[""GHR""]",Bodyweight,Lower Body,Compound,Knee Flexion,Pull,Closed Chain,Bilateral,"[""GHR Machine""]",Bodyweight,"[""Hamstrings"", ""Gluteus Maximus""]","[""Gastrocnemius"", ""Erector Spinae""]","[""Core""]","[""Sagittal""]","[""Knee Flexion"", ""Hip Extension""]",Full,Ascending,Shortened,Low,Advanced,4,3.5,3,3,2,3.5,5,"[""Athletic Performance"",""Balance"",""Conditioning"",""Coordination"",""Core Stability"",""Corrective Exercise"",""Fat Loss"",""Flexibility"",""General Fitness"",""Grip Strength"",""Gymnastics"",""Injury Prevention"",""Joint Health"",""Knee Health"",""Mobility"",""Mobility and Flexibility"",""Muscle Gain"",""Muscular Endurance"",""Posture Correction"",""Power"",""Rehabilitation"",""Rehabilitation and Joint Health"",""Shoulder Health"",""Shin Splint Relief"",""Sport Performance"",""Strength"",""Strength Preparation"",""Warm-up""]",High,"[""Knee"", ""Hamstrings""]","[""Acute hamstring strain"", ""Knee pain""]",Position yourself on the GHR machine with your feet secured and knees resting just behind the hip pad.,"[""Start with your torso upright. Lower your body under control until you are parallel to the floor."", ""Use your hamstrings and glutes to pull your body back up to the vertical starting position."", ""Maintain a straight line from knees to shoulders.""]","[""Breaking at the hips instead of the knees"", ""Using momentum to swing up"", ""Hyperextending the lower back""]","[""Keep the body straight"", ""Squeeze the glutes"", ""Pull with the hamstrings""]","Inhale while lowering, exhale while pulling up.","[""Weighted GHR"", ""Band-Resisted GHR""]","[""Band-Assisted GHR"", ""Nordic Hamstring Curl (Eccentric only)""]","[""Nordic Hamstring Curl"", ""Lying Leg Curl""]",4.5,"[""SRC_NCSA_TECHNIQUE""]",Reviewed,2026-07-24
EX0089,TRX Suspension Row,"[""Inverted Suspension Row""]",Bodyweight,Upper Body,Compound,Horizontal Pull,Pull,Closed Chain,Bilateral,"[""Suspension Trainer (TRX)""]",,"[""Latissimus Dorsi"", ""Rhomboids""]","[""Biceps Brachii"", ""Posterior Deltoid"", ""Trapezius""]","[""Core"", ""Gluteus Maximus"", ""Erector Spinae""]","[""Sagittal"", ""Transverse""]","[""Shoulder Extension"", ""Elbow Flexion"", ""Scapular Retraction""]",Full,Ascending,Shortened,Low,Beginner,2,2.5,3.5,2,2.5,2.5,4,"[""Athletic Performance"",""Balance"",""Conditioning"",""Coordination"",""Core Stability"",""Corrective Exercise"",""Fat Loss"",""Flexibility"",""General Fitness"",""Grip Strength"",""Gymnastics"",""Injury Prevention"",""Joint Health"",""Knee Health"",""Mobility"",""Mobility and Flexibility"",""Muscle Gain"",""Muscular Endurance"",""Posture Correction"",""Power"",""Rehabilitation"",""Rehabilitation and Joint Health"",""Shoulder Health"",""Shin Splint Relief"",""Sport Performance"",""Strength"",""Strength Preparation"",""Warm-up""]",Low,"[""Elbow"", ""Shoulder""]","[""Acute shoulder impingement""]",Grab the TRX handles and lean back until your arms are straight. Walk your feet forward to increase the angle and difficulty. Keep your body in a straight line.,"[""Retract your shoulder blades and pull your chest up to the handles."", ""Pause and squeeze your upper back."", ""Slowly lower your body back to the starting position.""]","[""Letting the hips sag"", ""Shrugging the shoulders"", ""Using momentum to jerk up""]","[""Body like a plank"", ""Pull elbows back"", ""Squeeze the shoulder blades""]","Exhale while pulling up, inhale while lowering.","[""Feet Elevated TRX Row"", ""Single-Arm TRX Row""]","[""Walk feet back (more vertical angle)""]","[""Inverted Row (Barbell)"", ""Seated Cable Row""]",3.5,"[""SRC_ACSM_2026_RT""]",Reviewed,2026-07-24
EX0090,Landmine Press,"[""Standing Landmine Press"", ""Angled Overhead Press""]",Resistance Training,Upper Body,Compound,Vertical Push,Push,Open Chain,Unilateral,"[""Barbell"", ""Landmine""]",Anterior,"[""Anterior Deltoid"", ""Pectoralis Major (Clavicular Head)""]","[""Triceps Brachii"", ""Lateral Deltoid""]","[""Core"", ""Gluteus Maximus""]","[""Sagittal""]","[""Shoulder Flexion"", ""Elbow Extension""]",Full,Ascending,Mid-Range,Moderate,Intermediate,2.5,3,3,2.5,2.5,3,4,"[""Athletic Performance"",""Balance"",""Conditioning"",""Coordination"",""Core Stability"",""Corrective Exercise"",""Fat Loss"",""Flexibility"",""General Fitness"",""Grip Strength"",""Gymnastics"",""Injury Prevention"",""Joint Health"",""Knee Health"",""Mobility"",""Mobility and Flexibility"",""Muscle Gain"",""Muscular Endurance"",""Posture Correction"",""Power"",""Rehabilitation"",""Rehabilitation and Joint Health"",""Shoulder Health"",""Shin Splint Relief"",""Sport Performance"",""Strength"",""Strength Preparation"",""Warm-up""]",Low,"[""Shoulder"", ""Lower Back""]","[""Severe shoulder impingement""]",Stand with a staggered stance holding the end of a landmine barbell at shoulder height with one hand.,"[""Brace your core and press the barbell up and forward until your arm is fully extended."", ""Pause briefly at the top."", ""Lower the barbell under control back to your shoulder.""]","[""Leaning back excessively to press"", ""Using leg drive (turning it into a push press)"", ""Letting the elbow flare out too much""]","[""Press up and forward"", ""Keep the core tight"", ""Follow the path of the bar""]","Exhale while pressing, inhale while lowering.","[""Half-Kneeling Landmine Press"", ""Heavy Landmine Press""]","[""Lighter Load"", ""Seated Dumbbell Press""]","[""Overhead Press"", ""Incline Dumbbell Press""]",3.5,"[""SRC_ACSM_2026_RT""]",Reviewed,2026-07-24
EX0091,Sumo Deadlift,"[""Barbell Sumo Deadlift""]",Resistance Training,Lower Body,Compound,Hinge,Pull,Closed Chain,Bilateral,"[""Barbell"", ""Weight Plates""]",Anterior,"[""Gluteus Maximus"", ""Quadriceps""]","[""Hamstrings"", ""Adductor Magnus"", ""Erector Spinae""]","[""Core"", ""Latissimus Dorsi"", ""Trapezius""]","[""Sagittal"", ""Frontal""]","[""Hip Extension"", ""Knee Extension""]",Full,Ascending,Lengthened,High,Intermediate,4.5,4,4,4.5,3.5,5,4,"[""Athletic Performance"",""Balance"",""Conditioning"",""Coordination"",""Core Stability"",""Corrective Exercise"",""Fat Loss"",""Flexibility"",""General Fitness"",""Grip Strength"",""Gymnastics"",""Injury Prevention"",""Joint Health"",""Knee Health"",""Mobility"",""Mobility and Flexibility"",""Muscle Gain"",""Muscular Endurance"",""Posture Correction"",""Power"",""Rehabilitation"",""Rehabilitation and Joint Health"",""Shoulder Health"",""Shin Splint Relief"",""Sport Performance"",""Strength"",""Strength Preparation"",""Warm-up""]",Moderate,"[""Lower Back"", ""Hip""]","[""Hip impingement"", ""Lumbar disc issues""]",Take a very wide stance with your toes pointed outward. Grip the bar inside your knees.,"[""Drop your hips, lift your chest, and pull the slack out of the bar."", ""Drive through the floor with your legs, keeping your torso as upright as possible."", ""Lock out your hips and knees simultaneously at the top.""]","[""Hips shooting up first"", ""Rounding the lower back"", ""Letting the knees cave inward""]","[""Spread the floor with your feet"", ""Chest up, hips down"", ""Leg press the floor""]","Inhale and brace hard before the pull, exhale at lockout.","[""Deficit Sumo Deadlift"", ""Paused Sumo Deadlift""]","[""Kettlebell Sumo Deadlift"", ""Trap Bar Deadlift""]","[""Conventional Deadlift"", ""Trap Bar Deadlift""]",6,"[""SRC_NCSA_TECHNIQUE""]",Reviewed,2026-07-24
EX0092,Trap Bar Deadlift,"[""Hex Bar Deadlift""]",Resistance Training,Lower Body,Compound,Squat,Push,Closed Chain,Bilateral,"[""Trap Bar"", ""Weight Plates""]",Lateral,"[""Quadriceps"", ""Gluteus Maximus""]","[""Hamstrings"", ""Erector Spinae""]","[""Core"", ""Trapezius"", ""Forearms""]","[""Sagittal""]","[""Hip Extension"", ""Knee Extension""]",Full,Ascending,Mid-Range,Moderate,Beginner,3,2.5,3,3,2.5,4.5,4,"[""Athletic Performance"",""Balance"",""Conditioning"",""Coordination"",""Core Stability"",""Corrective Exercise"",""Fat Loss"",""Flexibility"",""General Fitness"",""Grip Strength"",""Gymnastics"",""Injury Prevention"",""Joint Health"",""Knee Health"",""Mobility"",""Mobility and Flexibility"",""Muscle Gain"",""Muscular Endurance"",""Posture Correction"",""Power"",""Rehabilitation"",""Rehabilitation and Joint Health"",""Shoulder Health"",""Shin Splint Relief"",""Sport Performance"",""Strength"",""Strength Preparation"",""Warm-up""]",Low,"[""Lower Back"", ""Knee""]","[""Acute low back pain""]",Step inside the trap bar. Hinge at the hips and bend your knees to grip the handles securely.,"[""Lower your hips and lift your chest."", ""Drive through your feet to stand up straight, extending hips and knees."", ""Return the weight to the floor under control.""]","[""Turning it into a stiff-legged deadlift"", ""Rounding the upper back"", ""Shrugging at the top""]","[""Stand tall"", ""Push the floor away"", ""Keep arms straight""]","Inhale and brace before lifting, exhale at the top.","[""Low Handle Trap Bar Deadlift"", ""Deficit Trap Bar Deadlift""]","[""High Handle Trap Bar Deadlift (Lighter)""]","[""Conventional Deadlift"", ""Dumbbell Squat""]",6,"[""SRC_ACSM_2026_RT""]",Reviewed,2026-07-24
EX0093,Goblet Squat,"[""Dumbbell Goblet Squat"", ""Kettlebell Goblet Squat""]",Resistance Training,Lower Body,Compound,Squat,Push,Closed Chain,Bilateral,"[""Dumbbell"", ""Kettlebell""]",Anterior,"[""Quadriceps"", ""Gluteus Maximus""]","[""Hamstrings""]","[""Core"", ""Erector Spinae"", ""Biceps Brachii""]","[""Sagittal""]","[""Hip Extension"", ""Knee Extension""]",Full,Ascending,Lengthened,Low,Beginner,2,2,2.5,3.5,2,3.5,4,"[""Athletic Performance"",""Balance"",""Conditioning"",""Coordination"",""Core Stability"",""Corrective Exercise"",""Fat Loss"",""Flexibility"",""General Fitness"",""Grip Strength"",""Gymnastics"",""Injury Prevention"",""Joint Health"",""Knee Health"",""Mobility"",""Mobility and Flexibility"",""Muscle Gain"",""Muscular Endurance"",""Posture Correction"",""Power"",""Rehabilitation"",""Rehabilitation and Joint Health"",""Shoulder Health"",""Shin Splint Relief"",""Sport Performance"",""Strength"",""Strength Preparation"",""Warm-up""]",Low,"[""Knee"", ""Lower Back""]","[""Patellofemoral pain""]",Hold a dumbbell or kettlebell vertically against your chest with both hands. Stand with feet slightly wider than shoulder-width.,"[""Keeping your chest up and core braced, sit your hips back and down."", ""Squat until your elbows touch the inside of your knees."", ""Drive through your entire foot to stand back up.""]","[""Letting the weight pull you forward"", ""Heels lifting off the ground"", ""Knees caving in""]","[""Pry knees apart with elbows"", ""Keep the weight glued to your chest"", ""Chest up""]","Inhale while descending, exhale while standing up.","[""Heels-Elevated Goblet Squat"", ""Barbell Front Squat""]","[""Bodyweight Squat"", ""Box Squat""]","[""Front Squat"", ""Leg Press""]",4.5,"[""SRC_ACSM_2026_RT""]",Reviewed,2026-07-24
EX0094,Box Squat,"[""Barbell Box Squat""]",Resistance Training,Lower Body,Compound,Squat,Push,Closed Chain,Bilateral,"[""Barbell"", ""Plyo Box"", ""Squat Rack""]",Posterior,"[""Gluteus Maximus"", ""Hamstrings""]","[""Quadriceps""]","[""Core"", ""Erector Spinae""]","[""Sagittal""]","[""Hip Extension"", ""Knee Extension""]",Partial,Ascending,Mid-Range,High,Intermediate,3.5,3,3.5,2.5,3,4,4,"[""Athletic Performance"",""Balance"",""Conditioning"",""Coordination"",""Core Stability"",""Corrective Exercise"",""Fat Loss"",""Flexibility"",""General Fitness"",""Grip Strength"",""Gymnastics"",""Injury Prevention"",""Joint Health"",""Knee Health"",""Mobility"",""Mobility and Flexibility"",""Muscle Gain"",""Muscular Endurance"",""Posture Correction"",""Power"",""Rehabilitation"",""Rehabilitation and Joint Health"",""Shoulder Health"",""Shin Splint Relief"",""Sport Performance"",""Strength"",""Strength Preparation"",""Warm-up""]",Moderate,"[""Lower Back"", ""Spine""]","[""Spinal compression issues""]",Set a box behind you to your desired squat depth. Unrack the barbell on your upper back and take a slightly wider stance.,"[""Push your hips far back and sit back onto the box completely, pausing for a split second."", ""Do not rock backward; maintain core tension."", ""Explosively drive through the floor to stand back up.""]","[""Plop dropping onto the box"", ""Rocking back to generate momentum"", ""Losing core tension on the box""]","[""Sit back, not down"", ""Stay tight on the box"", ""Explode up""]","Inhale and brace before descending, exhale upon exploding up.","[""Lower Box Squat"", ""Accommodating Resistance Box Squat (Bands/Chains)""]","[""Higher Box Squat"", ""Bodyweight Box Squat""]","[""Barbell Back Squat"", ""Pin Squat""]",5,"[""SRC_NCSA_TECHNIQUE""]",Reviewed,2026-07-24
EX0095,Push Press,"[""Barbell Push Press""]",Resistance Training,Total Body,Compound,Vertical Push,Push,Closed Chain,Bilateral,"[""Barbell""]",Anterior,"[""Anterior Deltoid"", ""Triceps Brachii""]","[""Quadriceps"", ""Gluteus Maximus"", ""Lateral Deltoid""]","[""Core"", ""Erector Spinae""]","[""Sagittal""]","[""Shoulder Flexion"", ""Elbow Extension"", ""Knee Extension"", ""Hip Extension""]",Full,Ascending,Mid-Range,High,Intermediate,4,4.5,4,3.5,3.5,4.5,4,"[""Athletic Performance"",""Balance"",""Conditioning"",""Coordination"",""Core Stability"",""Corrective Exercise"",""Fat Loss"",""Flexibility"",""General Fitness"",""Grip Strength"",""Gymnastics"",""Injury Prevention"",""Joint Health"",""Knee Health"",""Mobility"",""Mobility and Flexibility"",""Muscle Gain"",""Muscular Endurance"",""Posture Correction"",""Power"",""Rehabilitation"",""Rehabilitation and Joint Health"",""Shoulder Health"",""Shin Splint Relief"",""Sport Performance"",""Strength"",""Strength Preparation"",""Warm-up""]",Moderate,"[""Shoulder"", ""Knee"", ""Lower Back""]","[""Shoulder impingement"", ""Lumbar spine instability""]","Hold the barbell in a front rack position, resting on your shoulders. Feet shoulder-width apart.","[""Perform a shallow dip by bending your knees slightly while keeping your torso perfectly upright."", ""Explosively drive your legs to launch the bar upward."", ""Finish pressing the bar overhead with your arms until elbows lock out.""]","[""Dipping too low (turning it into a squat)"", ""Leaning forward during the dip"", ""Pressing early before the leg drive is finished""]","[""Dip and drive"", ""Chest vertical"", ""Head through the window at the top""]","Inhale and brace before the dip, exhale at lockout.","[""Push Jerk"", ""Split Jerk""]","[""Strict Overhead Press"", ""Dumbbell Push Press""]","[""Overhead Press"", ""Thruster""]",5.5,"[""SRC_NCSA_TECHNIQUE""]",Reviewed,2026-07-24
EX0096,Floor Press,"[""Barbell Floor Press""]",Resistance Training,Upper Body,Compound,Horizontal Push,Push,Open Chain,Bilateral,"[""Barbell"", ""Power Rack""]",Anterior,"[""Triceps Brachii"", ""Pectoralis Major""]","[""Anterior Deltoid""]","[""Core""]","[""Transverse"", ""Sagittal""]","[""Elbow Extension"", ""Shoulder Horizontal Adduction""]",Partial,Ascending,Shortened,Low,Intermediate,2.5,2.5,2,1,1,3.5,4,"[""Athletic Performance"",""Balance"",""Conditioning"",""Coordination"",""Core Stability"",""Corrective Exercise"",""Fat Loss"",""Flexibility"",""General Fitness"",""Grip Strength"",""Gymnastics"",""Injury Prevention"",""Joint Health"",""Knee Health"",""Mobility"",""Mobility and Flexibility"",""Muscle Gain"",""Muscular Endurance"",""Posture Correction"",""Power"",""Rehabilitation"",""Rehabilitation and Joint Health"",""Shoulder Health"",""Shin Splint Relief"",""Sport Performance"",""Strength"",""Strength Preparation"",""Warm-up""]",Low,"[""Wrist"", ""Elbow""]","[""Severe wrist pain""]",Lie on your back on the floor inside a power rack with your knees bent. Unrack the barbell like a bench press.,"[""Lower the barbell slowly until your triceps (back of the upper arms) rest completely on the floor."", ""Pause for a second, letting the floor absorb the momentum."", ""Press the bar explosively back to lockout.""]","[""Bouncing the elbows off the floor"", ""Lifting the hips to cheat the weight up"", ""Flaring elbows at 90 degrees""]","[""Soft touch on the floor"", ""Pause and explode"", ""Tuck the elbows slightly""]","Inhale while lowering, exhale while pressing.","[""Dumbbell Floor Press"", ""Close-Grip Floor Press""]","[""Lighter Barbell Floor Press""]","[""Close-Grip Bench Press"", ""Board Press""]",3.5,"[""SRC_NCSA_TECHNIQUE""]",Reviewed,2026-07-24
EX0097,Spoto Press,"[""Invisible Board Press"", ""Hover Press""]",Resistance Training,Upper Body,Compound,Horizontal Push,Push,Open Chain,Bilateral,"[""Barbell"", ""Flat Bench""]",Anterior,"[""Pectoralis Major"", ""Triceps Brachii""]","[""Anterior Deltoid""]","[""Core"", ""Latissimus Dorsi"", ""Rotator Cuff""]","[""Transverse"", ""Sagittal""]","[""Shoulder Horizontal Adduction"", ""Elbow Extension""]",Partial,Ascending,Mid-Range,Low,Advanced,4,4,4,2.5,3,4,4.5,"[""Athletic Performance"",""Balance"",""Conditioning"",""Coordination"",""Core Stability"",""Corrective Exercise"",""Fat Loss"",""Flexibility"",""General Fitness"",""Grip Strength"",""Gymnastics"",""Injury Prevention"",""Joint Health"",""Knee Health"",""Mobility"",""Mobility and Flexibility"",""Muscle Gain"",""Muscular Endurance"",""Posture Correction"",""Power"",""Rehabilitation"",""Rehabilitation and Joint Health"",""Shoulder Health"",""Shin Splint Relief"",""Sport Performance"",""Strength"",""Strength Preparation"",""Warm-up""]",Moderate,"[""Shoulder"", ""Wrist""]","[""Shoulder instability""]",Set up exactly like a standard barbell bench press. Unrack the weight.,"[""Lower the bar under extreme control until it is about 1-2 inches hovering above your chest."", ""Pause motionless in the air for 1-2 seconds, maintaining maximum tension in the chest and lats."", ""Explode back to the top.""]","[""Touching the chest"", ""Losing tension during the pause"", ""Sinking the bar during the pause""]","[""Stay tight in the hole"", ""Hover and hold"", ""Explode from the bottom""]","Inhale and brace while lowering, hold breath during pause, exhale while pressing.","[""Longer Pause Spoto Press"", ""Heavier Load""]","[""Standard Bench Press"", ""Board Press""]","[""Paused Bench Press"", ""Board Press""]",4,"[""SRC_NCSA_TECHNIQUE""]",Reviewed,2026-07-24
EX0098,Chest-Supported T-Bar Row,"[""Machine T-Bar Row""]",Resistance Training,Upper Body,Compound,Horizontal Pull,Pull,Open Chain,Bilateral,"[""Chest-Supported Row Machine""]",Anterior,"[""Latissimus Dorsi"", ""Rhomboids"", ""Middle Trapezius""]","[""Posterior Deltoid"", ""Biceps Brachii"", ""Brachialis""]","[""None""]","[""Sagittal"", ""Transverse""]","[""Shoulder Extension"", ""Elbow Flexion"", ""Scapular Retraction""]",Full,Machine Dependent,Shortened,Low,Beginner,1.5,1,1,1.5,1,2.5,4.5,"[""Athletic Performance"",""Balance"",""Conditioning"",""Coordination"",""Core Stability"",""Corrective Exercise"",""Fat Loss"",""Flexibility"",""General Fitness"",""Grip Strength"",""Gymnastics"",""Injury Prevention"",""Joint Health"",""Knee Health"",""Mobility"",""Mobility and Flexibility"",""Muscle Gain"",""Muscular Endurance"",""Posture Correction"",""Power"",""Rehabilitation"",""Rehabilitation and Joint Health"",""Shoulder Health"",""Shin Splint Relief"",""Sport Performance"",""Strength"",""Strength Preparation"",""Warm-up""]",Low,"[""Elbow""]","[""Sternum pain""]",Lie face down on the machine's chest pad. Plant your feet firmly on the footplates and grab the handles.,"[""Pull the handles upward by driving your elbows back and squeezing your shoulder blades together."", ""Pause at the top of the movement."", ""Lower the weight slowly until your arms are fully extended and shoulder blades stretched.""]","[""Lifting the chest off the pad to cheat"", ""Pulling with the biceps instead of the back"", ""Shortening the range of motion""]","[""Keep chest glued to the pad"", ""Drive elbows to the ceiling"", ""Stretch at the bottom""]","Exhale while rowing, inhale while lowering.","[""Single-Arm Supported Row"", ""Pause Reps""]","[""Lighter Load""]","[""Chest-Supported Dumbbell Row"", ""Seated Cable Row""]",3.5,"[""SRC_ACSM_2026_RT""]",Reviewed,2026-07-24
EX0099,Renegade Row,"[""Plank Row""]",Resistance Training,Total Body,Compound,Horizontal Pull,Pull,Closed Chain,Alternating,"[""Dumbbell""]",Anterior,"[""Latissimus Dorsi"", ""Rhomboids""]","[""Core"", ""Biceps Brachii"", ""Posterior Deltoid"", ""Pectoralis Major""]","[""Transverse Abdominis"", ""Obliques"", ""Quadriceps""]","[""Transverse"", ""Sagittal""]","[""Shoulder Extension"", ""Elbow Flexion"", ""Isometric Core Anti-Rotation""]",Partial,Constant,Shortened,Moderate,Advanced,4.5,4.5,5,2.5,5,4.5,4.5,"[""Athletic Performance"",""Balance"",""Conditioning"",""Coordination"",""Core Stability"",""Corrective Exercise"",""Fat Loss"",""Flexibility"",""General Fitness"",""Grip Strength"",""Gymnastics"",""Injury Prevention"",""Joint Health"",""Knee Health"",""Mobility"",""Mobility and Flexibility"",""Muscle Gain"",""Muscular Endurance"",""Posture Correction"",""Power"",""Rehabilitation"",""Rehabilitation and Joint Health"",""Shoulder Health"",""Shin Splint Relief"",""Sport Performance"",""Strength"",""Strength Preparation"",""Warm-up""]",Moderate,"[""Wrist"", ""Shoulder"", ""Lower Back""]","[""Wrist pain"", ""Shoulder instability"", ""Acute low back pain""]",Get into a high plank position holding a dumbbell in each hand directly under your shoulders. Spread your feet wide for balance.,"[""Brace your core to prevent your hips from twisting."", ""Row one dumbbell up to your ribcage while balancing on the other arm and your feet."", ""Lower the dumbbell under control, and repeat on the other side.""]","[""Twisting the hips/torso to lift the weight"", ""Dropping the hips"", ""Rushing the movement""]","[""Lock the hips"", ""Push the floor away with the non-working arm"", ""Row to the hip""]","Exhale while rowing, inhale while returning.","[""Heavier Load"", ""Feet closer together for more core instability""]","[""Kneeling Renegade Row"", ""Plank Shoulder Taps""]","[""Single-Arm Cable Row"", ""Dumbbell Row""]",5,"[""SRC_NCSA_TECHNIQUE""]",Reviewed,2026-07-24
EX0100,Zottman Curl,"[""Alternating Grip Curl""]",Resistance Training,Upper Body,Isolation,Elbow Flexion,Pull,Open Chain,Bilateral,"[""Dumbbell""]",Lateral,"[""Biceps Brachii"", ""Brachialis"", ""Brachioradialis""]","[""Forearm Extensors""]","[""Core"", ""Anterior Deltoid""]","[""Sagittal""]","[""Elbow Flexion"", ""Forearm Supination"", ""Forearm Pronation""]",Full,Ascending,Mid-Range,Low,Intermediate,3,3.5,2,1.5,2,2,4.5,"[""Athletic Performance"",""Balance"",""Conditioning"",""Coordination"",""Core Stability"",""Corrective Exercise"",""Fat Loss"",""Flexibility"",""General Fitness"",""Grip Strength"",""Gymnastics"",""Injury Prevention"",""Joint Health"",""Knee Health"",""Mobility"",""Mobility and Flexibility"",""Muscle Gain"",""Muscular Endurance"",""Posture Correction"",""Power"",""Rehabilitation"",""Rehabilitation and Joint Health"",""Shoulder Health"",""Shin Splint Relief"",""Sport Performance"",""Strength"",""Strength Preparation"",""Warm-up""]",Low,"[""Elbow"", ""Wrist""]","[""Wrist tendonitis"", ""Tennis/Golfer elbow""]",Stand holding a pair of dumbbells by your sides.,"[""Curl the dumbbells up using a supinated (underhand) grip."", ""At the top of the curl, rotate your hands so your palms face downward (pronated grip)."", ""Lower the dumbbells under control using this overhand grip. Rotate back to underhand at the bottom.""]","[""Using momentum"", ""Rushing the rotation at the top"", ""Dropping the eccentric too fast""]","[""Curl underhand, lower overhand"", ""Squeeze at the top"", ""Control the negative for forearm growth""]","Exhale while curling up, inhale while lowering.","[""Heavy Zottman Curl"", ""Pause Zottman Curl""]","[""Standard Dumbbell Curl"", ""Reverse Curl""]","[""Reverse Barbell Curl"", ""Hammer Curl""]",3,"[""SRC_ACSM_2026_RT""]",Reviewed,2026-07-24
EX0101,Spider Curl,"[""Prone Incline Curl""]",Resistance Training,Upper Body,Isolation,Elbow Flexion,Pull,Open Chain,Bilateral,"[""Dumbbell"", ""Incline Bench"", ""EZ-Bar""]",Anterior,"[""Biceps Brachii (Short Head)""]","[""Brachialis""]","[""None""]","[""Sagittal""]","[""Elbow Flexion""]",Full,Descending,Shortened,Low,Intermediate,2,2,1,1.5,1,1.5,4.5,"[""Athletic Performance"",""Balance"",""Conditioning"",""Coordination"",""Core Stability"",""Corrective Exercise"",""Fat Loss"",""Flexibility"",""General Fitness"",""Grip Strength"",""Gymnastics"",""Injury Prevention"",""Joint Health"",""Knee Health"",""Mobility"",""Mobility and Flexibility"",""Muscle Gain"",""Muscular Endurance"",""Posture Correction"",""Power"",""Rehabilitation"",""Rehabilitation and Joint Health"",""Shoulder Health"",""Shin Splint Relief"",""Sport Performance"",""Strength"",""Strength Preparation"",""Warm-up""]",Low,"[""Elbow""]","[""Biceps tendonitis""]","Lie face down on a 45-degree incline bench with your arms hanging straight down, holding dumbbells or an EZ-bar.","[""Keeping your upper arms perfectly vertical and stationary, curl the weight up as high as possible."", ""Squeeze the biceps at peak contraction."", ""Lower the weight slowly to a full dead hang.""]","[""Letting elbows drift backward as you lift"", ""Using momentum by lifting the chest off the bench"", ""Not fully extending at the bottom""]","[""Keep elbows pointed straight down"", ""Squeeze the peak"", ""Dead hang at the bottom""]","Exhale while curling, inhale while lowering.","[""Pause Spider Curl""]","[""Seated Concentration Curl""]","[""Preacher Curl"", ""Concentration Curl""]",2.5,"[""SRC_ACSM_2026_RT""]",Reviewed,2026-07-24
EX0102,Dumbbell Triceps Kickback,"[""Triceps Kickback""]",Resistance Training,Upper Body,Isolation,Elbow Extension,Push,Open Chain,Bilateral,"[""Dumbbell"", ""Bench""]",Anterior,"[""Triceps Brachii""]","[""Anconeus""]","[""Core"", ""Posterior Deltoid""]","[""Sagittal""]","[""Elbow Extension""]",Partial,Ascending,Shortened,Low,Beginner,2,2.5,2.5,2,2,1.5,4,"[""Athletic Performance"",""Balance"",""Conditioning"",""Coordination"",""Core Stability"",""Corrective Exercise"",""Fat Loss"",""Flexibility"",""General Fitness"",""Grip Strength"",""Gymnastics"",""Injury Prevention"",""Joint Health"",""Knee Health"",""Mobility"",""Mobility and Flexibility"",""Muscle Gain"",""Muscular Endurance"",""Posture Correction"",""Power"",""Rehabilitation"",""Rehabilitation and Joint Health"",""Shoulder Health"",""Shin Splint Relief"",""Sport Performance"",""Strength"",""Strength Preparation"",""Warm-up""]",Low,"[""Elbow""]","[""Elbow pain""]","Place one hand and knee on a flat bench. With the other hand, hold a light dumbbell and bring your upper arm parallel to the floor.","[""Keep your upper arm pinned to your side."", ""Extend your elbow backward until your arm is completely straight."", ""Squeeze the triceps hard, then slowly lower the dumbbell back to a 90-degree angle.""]","[""Swinging the upper arm"", ""Using momentum"", ""Using too much weight and sacrificing form""]","[""Pin the elbow to the ribs"", ""Kick straight back"", ""Hold the squeeze""]","Exhale while kicking back, inhale while returning.","[""Cable Triceps Kickback"", ""Pause Kickback""]","[""Lighter Load""]","[""Cable Triceps Pushdown"", ""Overhead Triceps Extension""]",2,"[""SRC_ACSM_2026_RT""]",Reviewed,2026-07-24
EX0103,Tate Press,"[""Dumbbell Tate Press""]",Resistance Training,Upper Body,Isolation,Elbow Extension,Push,Open Chain,Bilateral,"[""Dumbbell"", ""Flat Bench""]",Anterior,"[""Triceps Brachii""]","[""Anconeus""]","[""Pectoralis Major"", ""Core""]","[""Transverse""]","[""Elbow Extension""]",Full,Ascending,Lengthened,Low,Intermediate,3,3.5,2.5,3,2,2.5,4.5,"[""Athletic Performance"",""Balance"",""Conditioning"",""Coordination"",""Core Stability"",""Corrective Exercise"",""Fat Loss"",""Flexibility"",""General Fitness"",""Grip Strength"",""Gymnastics"",""Injury Prevention"",""Joint Health"",""Knee Health"",""Mobility"",""Mobility and Flexibility"",""Muscle Gain"",""Muscular Endurance"",""Posture Correction"",""Power"",""Rehabilitation"",""Rehabilitation and Joint Health"",""Shoulder Health"",""Shin Splint Relief"",""Sport Performance"",""Strength"",""Strength Preparation"",""Warm-up""]",Moderate,"[""Elbow"", ""Wrist""]","[""Elbow tendinopathy"", ""Wrist impingement""]","Lie flat on a bench holding dumbbells directly above your chest with a pronated grip, dumbbells touching end-to-end.","[""Keeping your elbows flared out and stationary, hinge at the elbows to lower the inner edges of the dumbbells down toward your chest."", ""Stop right before they touch your chest, then use your triceps to press them back to the starting position."", ""Maintain control and proper breathing throughout the entire movement.""]","[""Moving the shoulders instead of isolating the elbows"", ""Letting the dumbbells crash into the chest"", ""Not keeping elbows fully flared""]","[""Elbows out"", ""Hinge at the elbows"", ""Squeeze the triceps at the top""]","Inhale while lowering, exhale while pressing.","[""Incline Tate Press"", ""Heavy Tate Press""]","[""Skull Crusher (easier on wrists)""]","[""JM Press"", ""Skull Crusher""]",3,"[""SRC_NCSA_TECHNIQUE""]",Reviewed,2026-07-24
EX0104,JM Press,"[""Barbell JM Press""]",Resistance Training,Upper Body,Compound,Elbow Extension,Push,Open Chain,Bilateral,"[""Barbell"", ""Flat Bench""]",Anterior,"[""Triceps Brachii""]","[""Anterior Deltoid"", ""Pectoralis Major""]","[""Core"", ""Latissimus Dorsi""]","[""Sagittal""]","[""Elbow Extension"", ""Shoulder Flexion""]",Partial,Ascending,Mid-Range,Low,Advanced,4.5,4,3.5,3,2.5,3.5,5,"[""Athletic Performance"",""Balance"",""Conditioning"",""Coordination"",""Core Stability"",""Corrective Exercise"",""Fat Loss"",""Flexibility"",""General Fitness"",""Grip Strength"",""Gymnastics"",""Injury Prevention"",""Joint Health"",""Knee Health"",""Mobility"",""Mobility and Flexibility"",""Muscle Gain"",""Muscular Endurance"",""Posture Correction"",""Power"",""Rehabilitation"",""Rehabilitation and Joint Health"",""Shoulder Health"",""Shin Splint Relief"",""Sport Performance"",""Strength"",""Strength Preparation"",""Warm-up""]",High,"[""Elbow"", ""Wrist""]","[""Elbow tendinopathy"", ""Wrist pain""]","Lie on a bench with a close grip on the barbell, elbows tucked 45 degrees.","[""Lower the bar toward your upper chest/neck area, allowing your elbows to track forward toward your feet, blending a close-grip bench press with a skull crusher."", ""Once the forearms touch the biceps, press the bar back up in a straight line."", ""Maintain control and proper breathing throughout the entire movement.""]","[""Turning it into a pure skull crusher or pure close grip bench"", ""Failing to let elbows track forward"", ""Going too heavy too soon""]","[""Elbows forward"", ""Roll the weight back up"", ""Keep wrists strong""]","Inhale while lowering, exhale while pressing.","[""Smith Machine JM Press"", ""Heavier Load""]","[""Close-Grip Bench Press"", ""Skull Crusher""]","[""Close-Grip Bench Press"", ""Tate Press""]",4,"[""SRC_NCSA_TECHNIQUE""]",Reviewed,2026-07-24
EX0105,Lateral Band Walk,"[""Monster Walk"", ""Banded Side Step""]",Resistance Training,Lower Body,Isolation,Hip Abduction,Push,Closed Chain,Alternating,"[""Resistance Band""]",Bodyweight,"[""Gluteus Medius"", ""Gluteus Minimus""]","[""Tensor Fasciae Latae""]","[""Core"", ""Quadriceps""]","[""Frontal""]","[""Hip Abduction""]",Partial,Ascending,Shortened,Low,Beginner,1.5,2,3,1.5,3,1.5,4,"[""Athletic Performance"",""Balance"",""Conditioning"",""Coordination"",""Core Stability"",""Corrective Exercise"",""Fat Loss"",""Flexibility"",""General Fitness"",""Grip Strength"",""Gymnastics"",""Injury Prevention"",""Joint Health"",""Knee Health"",""Mobility"",""Mobility and Flexibility"",""Muscle Gain"",""Muscular Endurance"",""Posture Correction"",""Power"",""Rehabilitation"",""Rehabilitation and Joint Health"",""Shoulder Health"",""Shin Splint Relief"",""Sport Performance"",""Strength"",""Strength Preparation"",""Warm-up""]",Low,"[""Hip"", ""Knee""]","[""Severe hip osteoarthritis""]",Place a mini resistance band around your ankles or just above your knees. Adopt a quarter-squat athletic stance.,"[""Step laterally to one side, keeping tension on the band."", ""Slowly bring the trailing leg in, but do not let the band lose tension."", ""Repeat for desired reps, then switch directions.""]","[""Standing straight up instead of staying in a squat"", ""Letting the feet drag"", ""Losing band tension between steps""]","[""Stay low"", ""Lead with the heel"", ""Keep constant tension""]",Breathe continuously.,"[""Band around toes (harder)"", ""Heavier band""]","[""Band above knees (easier)"", ""Clamshells""]","[""Machine Hip Abductor"", ""Cable Hip Abduction""]",2,"[""SRC_ACSM_2026_RT""]",Reviewed,2026-07-24
EX0106,Copenhagen Plank,"[""Copenhagen Adductor Exercise""]",Bodyweight,Lower Body,Isometric,Hip Adduction,Static,Closed Chain,Unilateral,"[""Bench""]",Bodyweight,"[""Adductors (Longus, Magnus, Brevis)"", ""Gracilis""]","[""Obliques"", ""Gluteus Medius (bottom leg)""]","[""Core"", ""Shoulder (stabilizing arm)""]","[""Frontal""]","[""Isometric Hip Adduction""]",,Constant,Mid-Range,Low,Advanced,3.5,3.5,5,2,4,2.5,4.5,"[""Athletic Performance"",""Balance"",""Conditioning"",""Coordination"",""Core Stability"",""Corrective Exercise"",""Fat Loss"",""Flexibility"",""General Fitness"",""Grip Strength"",""Gymnastics"",""Injury Prevention"",""Joint Health"",""Knee Health"",""Mobility"",""Mobility and Flexibility"",""Muscle Gain"",""Muscular Endurance"",""Posture Correction"",""Power"",""Rehabilitation"",""Rehabilitation and Joint Health"",""Shoulder Health"",""Shin Splint Relief"",""Sport Performance"",""Strength"",""Strength Preparation"",""Warm-up""]",Moderate,"[""Groin"", ""Shoulder""]","[""Acute groin pull"", ""Shoulder instability""]",Place your top foot/ankle on a bench and your bottom elbow on the floor (side plank position).,"[""Press the top foot into the bench to lift your hips and bottom leg off the floor."", ""Your body should form a straight line."", ""Hold this isometric position, squeezing the inner thigh of the top leg.""]","[""Hips sagging toward the floor"", ""Hips rotated backward"", ""Bending the top knee (if performing the straight-leg version)""]","[""Push the bench down"", ""Squeeze the inner thigh"", ""Keep body in a straight line""]",Breathe steadily and rhythmically.,"[""Dynamic Copenhagen (lowering and raising hips)""]","[""Bent-Knee Copenhagen Plank (knee on bench)""]","[""Machine Hip Adductor"", ""Side-Lying Hip Adduction""]",3,"[""SRC_NCSA_TECHNIQUE""]",Reviewed,2026-07-24
EX0107,Bicycle Crunch,"[""Alternating Bicycle""]",Bodyweight,Core,Compound,Trunk Rotation,Pull,Open Chain,Alternating,"[""Mat""]",Bodyweight,"[""Rectus Abdominis"", ""Obliques""]","[""Hip Flexors (Iliopsoas, Rectus Femoris)""]","[""Transverse Abdominis""]","[""Sagittal"", ""Transverse""]","[""Spinal Flexion"", ""Spinal Rotation"", ""Hip Flexion""]",Partial,Constant,Shortened,Low,Beginner,2,3,2.5,2,1.5,2,4,"[""Athletic Performance"",""Balance"",""Conditioning"",""Coordination"",""Core Stability"",""Corrective Exercise"",""Fat Loss"",""Flexibility"",""General Fitness"",""Grip Strength"",""Gymnastics"",""Injury Prevention"",""Joint Health"",""Knee Health"",""Mobility"",""Mobility and Flexibility"",""Muscle Gain"",""Muscular Endurance"",""Posture Correction"",""Power"",""Rehabilitation"",""Rehabilitation and Joint Health"",""Shoulder Health"",""Shin Splint Relief"",""Sport Performance"",""Strength"",""Strength Preparation"",""Warm-up""]",Low,"[""Lower Back"", ""Neck""]","[""Lumbar disc herniation"", ""Neck strain""]","Lie on your back with your lower back pressed into the floor. Place your hands lightly behind your head, elbows wide.","[""Lift your head, shoulders, and legs off the floor."", ""Bring your right knee toward your chest while simultaneously twisting your torso to bring your left elbow toward the right knee."", ""Extend the right leg while bringing the left knee in and twisting the right elbow to the left knee.""]","[""Pulling on the neck with the hands"", ""Rushing the movement and using momentum"", ""Not fully extending the non-working leg""]","[""Shoulder to knee, not elbow to knee"", ""Keep elbows wide"", ""Slow and controlled""]","Exhale as you twist toward the knee, inhale as you transition.","[""Weighted Bicycle Crunch"", ""Slow Motion Bicycle Crunch""]","[""Dead Bug"", ""Basic Floor Crunch""]","[""Russian Twist"", ""Cross-Body Crunch""]",3,"[""SRC_ACSM_2026_RT""]",Reviewed,2026-07-24
EX0108,Decline Crunch,"[""Decline Sit-up""]",Bodyweight,Core,Isolation,Trunk Flexion,Pull,Open Chain,Bilateral,"[""Decline Bench""]",Bodyweight,"[""Rectus Abdominis""]","[""Hip Flexors"", ""Obliques""]","[""None""]","[""Sagittal""]","[""Spinal Flexion""]",Full,Ascending,Shortened,Low,Intermediate,2,2,2,1.5,1,2,4.5,"[""Athletic Performance"",""Balance"",""Conditioning"",""Coordination"",""Core Stability"",""Corrective Exercise"",""Fat Loss"",""Flexibility"",""General Fitness"",""Grip Strength"",""Gymnastics"",""Injury Prevention"",""Joint Health"",""Knee Health"",""Mobility"",""Mobility and Flexibility"",""Muscle Gain"",""Muscular Endurance"",""Posture Correction"",""Power"",""Rehabilitation"",""Rehabilitation and Joint Health"",""Shoulder Health"",""Shin Splint Relief"",""Sport Performance"",""Strength"",""Strength Preparation"",""Warm-up""]",Moderate,"[""Lower Back""]","[""Lumbar disc herniation""]",Secure your feet at the top of a decline bench. Lie back completely.,"[""Place your hands across your chest or lightly behind your ears."", ""Flex your spine to crunch your torso upward, focusing on bringing your ribs to your pelvis."", ""Slowly lower your torso back down under control until you feel a stretch in the abs.""]","[""Using momentum to throw the body up"", ""Pulling the neck forward"", ""Keeping the back flat instead of curling the spine""]","[""Round the upper back"", ""Crunch ribs to pelvis"", ""Control the descent""]","Exhale while crunching up, inhale while lowering.","[""Weighted Decline Crunch"", ""Decline Russian Twist""]","[""Flat Floor Crunch"", ""Machine Crunch""]","[""Cable Crunch"", ""Floor Crunch""]",3.5,"[""SRC_ACSM_2026_RT""]",Reviewed,2026-07-24
EX0109,Chest-Supported Rear Delt Row,"[""Wide Grip Chest-Supported Row""]",Resistance Training,Upper Body,Isolation,Horizontal Pull,Pull,Open Chain,Bilateral,"[""Dumbbell"", ""Incline Bench""]",Anterior,"[""Posterior Deltoid""]","[""Rhomboids"", ""Middle Trapezius"", ""Infraspinatus""]","[""None""]","[""Transverse""]","[""Shoulder Horizontal Abduction"", ""Elbow Flexion""]",Full,Ascending,Shortened,Low,Intermediate,2,2,1,1.5,1,2,4.5,"[""Athletic Performance"",""Balance"",""Conditioning"",""Coordination"",""Core Stability"",""Corrective Exercise"",""Fat Loss"",""Flexibility"",""General Fitness"",""Grip Strength"",""Gymnastics"",""Injury Prevention"",""Joint Health"",""Knee Health"",""Mobility"",""Mobility and Flexibility"",""Muscle Gain"",""Muscular Endurance"",""Posture Correction"",""Power"",""Rehabilitation"",""Rehabilitation and Joint Health"",""Shoulder Health"",""Shin Splint Relief"",""Sport Performance"",""Strength"",""Strength Preparation"",""Warm-up""]",Low,"[""Shoulder""]","[""None""]","Set a bench to a low incline. Lie face down with your chest supported, holding a dumbbell in each hand with a pronated (overhand) grip.","[""Flare your elbows out to 90 degrees."", ""Row the weights up by driving your elbows out and back."", ""Squeeze your rear delts at the top, then slowly lower the weights.""]","[""Tucking the elbows in (shifts focus to lats)"", ""Lifting the chest off the bench"", ""Using excessive weight""]","[""Elbows wide at 90 degrees"", ""Squeeze the back of the shoulder"", ""Chest glued to pad""]","Exhale while rowing, inhale while lowering.","[""Pause Rear Delt Row"", ""Heavier Load""]","[""Lighter Load"", ""Bent-Over Rear Delt Fly""]","[""Reverse Pec Deck Fly"", ""Cable Face Pull""]",2.5,"[""SRC_ACSM_2026_RT""]",Reviewed,2026-07-24
EX0110,Dumbbell Seated Calf Raise,"[""Free Weight Seated Calf Raise""]",Resistance Training,Lower Body,Isolation,Ankle Plantarflexion,Push,Closed Chain,Bilateral,"[""Dumbbell"", ""Flat Bench"", ""Weight Plate or Block""]",Anterior,"[""Soleus""]","[""Gastrocnemius""]","[""None""]","[""Sagittal""]","[""Ankle Plantarflexion""]",Full,Ascending,Lengthened,Low,Beginner,1,1.5,1.5,2,1.5,1,4,"[""Athletic Performance"",""Balance"",""Conditioning"",""Coordination"",""Core Stability"",""Corrective Exercise"",""Fat Loss"",""Flexibility"",""General Fitness"",""Grip Strength"",""Gymnastics"",""Injury Prevention"",""Joint Health"",""Knee Health"",""Mobility"",""Mobility and Flexibility"",""Muscle Gain"",""Muscular Endurance"",""Posture Correction"",""Power"",""Rehabilitation"",""Rehabilitation and Joint Health"",""Shoulder Health"",""Shin Splint Relief"",""Sport Performance"",""Strength"",""Strength Preparation"",""Warm-up""]",Low,"[""Ankle""]","[""Achilles tendinopathy""]",Sit on a bench with the balls of your feet on a block or weight plate. Rest a heavy dumbbell on top of each knee.,"[""Lower your heels toward the floor until you feel a deep stretch in the calves."", ""Press through the balls of your feet to raise your heels as high as possible."", ""Hold the squeeze at the top.""]","[""Not getting a full stretch at the bottom"", ""Bouncing the weight"", ""Dumbbells rolling off the knees""]","[""Deep stretch"", ""Drive up high"", ""Control the weight on the knees""]","Exhale while lifting heels, inhale while lowering.","[""Barbell Seated Calf Raise"", ""Machine Seated Calf Raise""]","[""Bodyweight Seated Calf Raise""]","[""Machine Seated Calf Raise"", ""Standing Calf Raise""]",2,"[""SRC_ACSM_2026_RT""]",Reviewed,2026-07-24
EX0111,Bulgarian Split Squat,"[""Rear Foot Elevated Split Squat"", ""RFESS""]",Resistance Training,Lower Body,Compound,Squat,Push,Closed Chain,Unilateral,"[""Dumbbell"", ""Bench""]",Lateral,"[""Quadriceps"", ""Gluteus Maximus""]","[""Hamstrings""]","[""Core"", ""Gluteus Medius""]","[""Sagittal""]","[""Hip Extension"", ""Knee Extension""]",Full,Ascending,Lengthened,Moderate,Intermediate,3.5,4,4.5,3.5,4.5,4.5,5,"[""Athletic Performance"",""Balance"",""Conditioning"",""Coordination"",""Core Stability"",""Corrective Exercise"",""Fat Loss"",""Flexibility"",""General Fitness"",""Grip Strength"",""Gymnastics"",""Injury Prevention"",""Joint Health"",""Knee Health"",""Mobility"",""Mobility and Flexibility"",""Muscle Gain"",""Muscular Endurance"",""Posture Correction"",""Power"",""Rehabilitation"",""Rehabilitation and Joint Health"",""Shoulder Health"",""Shin Splint Relief"",""Sport Performance"",""Strength"",""Strength Preparation"",""Warm-up""]",Moderate,"[""Knee"", ""Ankle""]","[""Knee instability"", ""Poor balance""]",Stand a few feet in front of a bench. Reach one foot back and rest the top of your foot on the bench. Hold dumbbells in each hand.,"[""Keep your chest up and core braced. Lower your body until your front thigh is parallel to the floor."", ""Your back knee should hover just above the floor."", ""Drive through the heel of your front foot to return to the starting position.""]","[""Front knee caving inward"", ""Standing too close or too far from the bench"", ""Arching the lower back""]","[""Drop straight down"", ""Drive through the front heel"", ""Keep chest proud""]","Inhale while descending, exhale while pushing up.","[""Barbell Bulgarian Split Squat"", ""Deficit Bulgarian Split Squat""]","[""Split Squat (foot on floor)"", ""Bodyweight Bulgarian Split Squat""]","[""Walking Lunge"", ""Leg Press""]",5,"[""SRC_NCSA_TECHNIQUE""]",Reviewed,2026-07-24
EX0112,Pendlay Row,"[""Strict Barbell Row"", ""Dead-Stop Row""]",Resistance Training,Upper Body,Compound,Horizontal Pull,Pull,Open Chain,Bilateral,"[""Barbell"", ""Weight Plates""]",Anterior,"[""Latissimus Dorsi"", ""Rhomboids""]","[""Trapezius"", ""Posterior Deltoid"", ""Biceps Brachii""]","[""Erector Spinae"", ""Hamstrings"", ""Core""]","[""Sagittal"", ""Transverse""]","[""Shoulder Extension"", ""Shoulder Horizontal Abduction"", ""Elbow Flexion"", ""Scapular Retraction""]",Full,Ascending,Lengthened,Moderate,Intermediate,4,4,3.5,3.5,3,4.5,4.5,"[""Athletic Performance"",""Balance"",""Conditioning"",""Coordination"",""Core Stability"",""Corrective Exercise"",""Fat Loss"",""Flexibility"",""General Fitness"",""Grip Strength"",""Gymnastics"",""Injury Prevention"",""Joint Health"",""Knee Health"",""Mobility"",""Mobility and Flexibility"",""Muscle Gain"",""Muscular Endurance"",""Posture Correction"",""Power"",""Rehabilitation"",""Rehabilitation and Joint Health"",""Shoulder Health"",""Shin Splint Relief"",""Sport Performance"",""Strength"",""Strength Preparation"",""Warm-up""]",Moderate,"[""Lower Back"", ""Shoulder""]","[""Lumbar disc herniation""]",Approach the barbell as if doing a deadlift. Hinge at the hips until your torso is strictly parallel to the floor.,"[""Grip the bar slightly wider than shoulder-width."", ""Explosively pull the bar to your lower chest/upper stomach without raising your torso."", ""Return the bar completely to the floor for a dead stop before the next rep.""]","[""Raising the torso during the pull (turning it into a standard bent-over row)"", ""Bouncing the bar off the floor"", ""Not letting the weight settle between reps""]","[""Keep torso parallel to the floor"", ""Explode up, control down"", ""Dead stop every rep""]","Inhale and brace before pulling, exhale upon returning to the floor.","[""Heavier Pendlay Row"", ""Deficit Pendlay Row""]","[""Standard Barbell Row"", ""Chest-Supported Row""]","[""Barbell Bent-Over Row"", ""Seal Row""]",4.5,"[""SRC_NCSA_TECHNIQUE""]",Reviewed,2026-07-24
EX0113,Seal Row,"[""Bench Pull"", ""Cambered Bar Row""]",Resistance Training,Upper Body,Compound,Horizontal Pull,Pull,Open Chain,Bilateral,"[""Barbell"", ""High Flat Bench""]",Anterior,"[""Latissimus Dorsi"", ""Rhomboids"", ""Middle Trapezius""]","[""Posterior Deltoid"", ""Biceps Brachii""]","[""None""]","[""Transverse"", ""Sagittal""]","[""Shoulder Extension"", ""Elbow Flexion"", ""Scapular Retraction""]",Full,Ascending,Shortened,Low,Intermediate,2,2,1,2,1,3,4.5,"[""Athletic Performance"",""Balance"",""Conditioning"",""Coordination"",""Core Stability"",""Corrective Exercise"",""Fat Loss"",""Flexibility"",""General Fitness"",""Grip Strength"",""Gymnastics"",""Injury Prevention"",""Joint Health"",""Knee Health"",""Mobility"",""Mobility and Flexibility"",""Muscle Gain"",""Muscular Endurance"",""Posture Correction"",""Power"",""Rehabilitation"",""Rehabilitation and Joint Health"",""Shoulder Health"",""Shin Splint Relief"",""Sport Performance"",""Strength"",""Strength Preparation"",""Warm-up""]",Low,"[""Shoulder"", ""Elbow""]","[""Rib injury""]",Lie face down on an elevated flat bench (high enough so the plates don't hit the floor). Grab the barbell placed under the bench.,"[""Pull the barbell straight up toward the underside of the bench."", ""Squeeze your shoulder blades together at the top."", ""Lower the bar back to a full dead hang.""]","[""Lifting the head and chest off the bench"", ""Using momentum"", ""Shortening the range of motion""]","[""Chest glued to the bench"", ""Squeeze the upper back"", ""Full stretch at the bottom""]","Exhale while rowing, inhale while lowering.","[""Pause Seal Row"", ""Dumbbell Seal Row""]","[""Chest-Supported Dumbbell Row""]","[""Pendlay Row"", ""Chest-Supported T-Bar Row""]",3.5,"[""SRC_NCSA_TECHNIQUE""]",Reviewed,2026-07-24
EX0114,Z Press,"[""Seated Barbell Press on Floor""]",Resistance Training,Upper Body,Compound,Vertical Push,Push,Open Chain,Bilateral,"[""Barbell""]",Anterior,"[""Anterior Deltoid"", ""Triceps Brachii""]","[""Lateral Deltoid"", ""Upper Trapezius""]","[""Core"", ""Hip Flexors"", ""Erector Spinae""]","[""Sagittal"", ""Frontal""]","[""Shoulder Flexion"", ""Elbow Extension""]",Full,Ascending,Mid-Range,High,Advanced,4.5,4,5,4.5,4,4,4.5,"[""Athletic Performance"",""Balance"",""Conditioning"",""Coordination"",""Core Stability"",""Corrective Exercise"",""Fat Loss"",""Flexibility"",""General Fitness"",""Grip Strength"",""Gymnastics"",""Injury Prevention"",""Joint Health"",""Knee Health"",""Mobility"",""Mobility and Flexibility"",""Muscle Gain"",""Muscular Endurance"",""Posture Correction"",""Power"",""Rehabilitation"",""Rehabilitation and Joint Health"",""Shoulder Health"",""Shin Splint Relief"",""Sport Performance"",""Strength"",""Strength Preparation"",""Warm-up""]",High,"[""Shoulder"", ""Lower Back"", ""Hip""]","[""Poor hamstring mobility"", ""Lumbar disc issues""]","Sit on the floor with your legs straight out in front of you, spread in a V-shape. Hold a barbell at shoulder height.","[""Keep your torso perfectly upright using your core and hip flexors."", ""Press the barbell overhead to full lockout."", ""Lower the bar under control back to your shoulders without slouching.""]","[""Leaning backward to press the weight"", ""Bending the knees"", ""Rounding the lower back""]","[""Sit tall"", ""Brace the core hard"", ""Press straight up""]","Exhale while pressing, inhale while lowering.","[""Pause Z Press"", ""Dumbbell Z Press""]","[""Seated Overhead Press (on bench)""]","[""Overhead Press"", ""Seated Dumbbell Press""]",4.5,"[""SRC_NCSA_TECHNIQUE""]",Reviewed,2026-07-24
EX0115,Machine Pullover,"[""Nautilus Pullover"", ""Seated Pullover""]",Resistance Training,Upper Body,Isolation,Vertical Pull,Pull,Open Chain,Bilateral,"[""Pullover Machine""]",Machine Guided,"[""Latissimus Dorsi""]","[""Pectoralis Major"", ""Serratus Anterior""]","[""Core""]","[""Sagittal""]","[""Shoulder Extension""]",Full,Machine Dependent,Mid-Range,Low,Beginner,1.5,1,1,2.5,1,2,4.5,"[""Athletic Performance"",""Balance"",""Conditioning"",""Coordination"",""Core Stability"",""Corrective Exercise"",""Fat Loss"",""Flexibility"",""General Fitness"",""Grip Strength"",""Gymnastics"",""Injury Prevention"",""Joint Health"",""Knee Health"",""Mobility"",""Mobility and Flexibility"",""Muscle Gain"",""Muscular Endurance"",""Posture Correction"",""Power"",""Rehabilitation"",""Rehabilitation and Joint Health"",""Shoulder Health"",""Shin Splint Relief"",""Sport Performance"",""Strength"",""Strength Preparation"",""Warm-up""]",Low,"[""Shoulder""]","[""Severe shoulder impingement""]",Sit in the machine and fasten the seatbelt if available. Place your elbows on the pads and grab the bar.,"[""Pull the bar overhead and down toward your abdomen using only your lats and shoulders."", ""Squeeze at the bottom of the movement."", ""Slowly return to the starting position until you feel a deep stretch in the lats.""]","[""Using the triceps to push the bar"", ""Lifting the lower back off the seat"", ""Rushing the eccentric phase""]","[""Drive with the elbows"", ""Keep chest up"", ""Feel the stretch""]","Exhale while pulling down, inhale while returning.","[""Pause Reps"", ""Heavy Machine Pullover""]","[""Dumbbell Pullover""]","[""Straight-Arm Cable Pulldown"", ""Dumbbell Pullover""]",3,"[""SRC_ACSM_2026_RT""]",Reviewed,2026-07-24
EX0116,Reverse Nordic Curl,"[""Bodyweight Leg Extension""]",Bodyweight,Lower Body,Isolation,Knee Extension,Push,Closed Chain,Bilateral,"[""Mat""]",Bodyweight,"[""Quadriceps (Rectus Femoris)""]","[""None""]","[""Core"", ""Gluteus Maximus""]","[""Sagittal""]","[""Knee Extension""]",Partial,Ascending,Lengthened,Low,Advanced,3.5,3,3.5,3.5,3,3,5,"[""Athletic Performance"",""Balance"",""Conditioning"",""Coordination"",""Core Stability"",""Corrective Exercise"",""Fat Loss"",""Flexibility"",""General Fitness"",""Grip Strength"",""Gymnastics"",""Injury Prevention"",""Joint Health"",""Knee Health"",""Mobility"",""Mobility and Flexibility"",""Muscle Gain"",""Muscular Endurance"",""Posture Correction"",""Power"",""Rehabilitation"",""Rehabilitation and Joint Health"",""Shoulder Health"",""Shin Splint Relief"",""Sport Performance"",""Strength"",""Strength Preparation"",""Warm-up""]",High,"[""Knee""]","[""Patellar tendinopathy"", ""Knee joint pain""]",Kneel on a soft mat with your knees shoulder-width apart and your feet flat or toes tucked under. Keep your body in a straight line from knees to head.,"[""Brace your core and glutes. Lean backward as far as you can while maintaining the straight line."", ""Use your quadriceps to stop the descent and pull yourself back up to the starting position."", ""Maintain control and proper breathing throughout the entire movement.""]","[""Bending at the hips to lean back"", ""Arching the lower back excessively"", ""Dropping too quickly""]","[""Straight line from knee to head"", ""Squeeze the glutes"", ""Control the stretch""]","Inhale while leaning back, exhale while returning.","[""Weighted Reverse Nordic"", ""Full ROM Reverse Nordic (touching floor)""]","[""Band-Assisted Reverse Nordic"", ""Partial Range""]","[""Leg Extension"", ""Sissy Squat""]",3.5,"[""SRC_NCSA_TECHNIQUE""]",Reviewed,2026-07-24
EX0117,Cable Glute Kickback,"[""Standing Cable Kickback""]",Resistance Training,Lower Body,Isolation,Hip Extension,Push,Open Chain,Unilateral,"[""Cable Machine"", ""Ankle Strap""]",Distal,"[""Gluteus Maximus""]","[""Hamstrings""]","[""Core"", ""Gluteus Medius (standing leg)""]","[""Sagittal""]","[""Hip Extension""]",Partial,Constant,Shortened,Low,Beginner,2,2.5,3,2,3,2,4,"[""Athletic Performance"",""Balance"",""Conditioning"",""Coordination"",""Core Stability"",""Corrective Exercise"",""Fat Loss"",""Flexibility"",""General Fitness"",""Grip Strength"",""Gymnastics"",""Injury Prevention"",""Joint Health"",""Knee Health"",""Mobility"",""Mobility and Flexibility"",""Muscle Gain"",""Muscular Endurance"",""Posture Correction"",""Power"",""Rehabilitation"",""Rehabilitation and Joint Health"",""Shoulder Health"",""Shin Splint Relief"",""Sport Performance"",""Strength"",""Strength Preparation"",""Warm-up""]",Low,"[""Lower Back""]","[""Lumbar disc herniation""]",Attach an ankle strap to a low cable pulley and put it on one ankle. Face the machine and hold the support beam.,"[""Keeping your core braced and a slight bend in your working knee, kick your leg straight back."", ""Squeeze your glute hard at the peak."", ""Slowly return to the starting position without letting the weight stack rest.""]","[""Arching the lower back to get the leg higher"", ""Swinging the leg using momentum"", ""Rotating the hips outward""]","[""Kick straight back"", ""Don't arch the lower back"", ""Squeeze the glute""]","Exhale while kicking back, inhale while returning.","[""Heavier Load"", ""Pause Kickback""]","[""Machine Glute Kickback"", ""Bodyweight Donkey Kick""]","[""Glute Bridge"", ""Cable Pull-Through""]",2.5,"[""SRC_ACSM_2026_RT""]",Reviewed,2026-07-24
EX0118,Neck Flexion,"[""Plate Neck Curl""]",Resistance Training,Upper Body,Isolation,Spinal Flexion,Pull,Open Chain,Bilateral,"[""Weight Plate"", ""Bench""]",Anterior,"[""Sternocleidomastoid"", ""Longus Colli""]","[""Scalenes""]","[""None""]","[""Sagittal""]","[""Cervical Flexion""]",Partial,Ascending,Shortened,Low,Intermediate,1.5,1.5,1,1.5,1,1,4,"[""Athletic Performance"",""Balance"",""Conditioning"",""Coordination"",""Core Stability"",""Corrective Exercise"",""Fat Loss"",""Flexibility"",""General Fitness"",""Grip Strength"",""Gymnastics"",""Injury Prevention"",""Joint Health"",""Knee Health"",""Mobility"",""Mobility and Flexibility"",""Muscle Gain"",""Muscular Endurance"",""Posture Correction"",""Power"",""Rehabilitation"",""Rehabilitation and Joint Health"",""Shoulder Health"",""Shin Splint Relief"",""Sport Performance"",""Strength"",""Strength Preparation"",""Warm-up""]",High,"[""Cervical Spine""]","[""Cervical disc herniation"", ""Neck pain/spasm""]","Lie on your back on a flat bench with your head hanging off the edge. Place a folded towel and a light weight plate on your forehead, holding it with both hands.","[""Lower your head backward as far as comfortably possible to stretch the front of your neck."", ""Curl your head upward, bringing your chin toward your chest."", ""Slowly return to the starting position.""]","[""Using too much weight"", ""Jerking the head"", ""Releasing the plate and letting it slip""]","[""Control the movement"", ""Tuck the chin"", ""Smooth and steady""]","Exhale while curling up, inhale while lowering.","[""Heavier Load"", ""Neck Harness (if applicable)""]","[""Bodyweight Neck Flexion"", ""Isometric Neck Holds""]","[""Isometric Neck Flexion against hand""]",1.5,"[""SRC_NCSA_TECHNIQUE""]",Reviewed,2026-07-24
EX0119,Neck Extension,"[""Plate Neck Extension""]",Resistance Training,Upper Body,Isolation,Spinal Extension,Pull,Open Chain,Bilateral,"[""Weight Plate"", ""Bench""]",Posterior,"[""Splenius Capitis"", ""Upper Trapezius"", ""Erector Spinae (Cervical)""]","[""Levator Scapulae""]","[""None""]","[""Sagittal""]","[""Cervical Extension""]",Partial,Ascending,Shortened,Low,Intermediate,1.5,1.5,1,1.5,1,1,4,"[""Athletic Performance"",""Balance"",""Conditioning"",""Coordination"",""Core Stability"",""Corrective Exercise"",""Fat Loss"",""Flexibility"",""General Fitness"",""Grip Strength"",""Gymnastics"",""Injury Prevention"",""Joint Health"",""Knee Health"",""Mobility"",""Mobility and Flexibility"",""Muscle Gain"",""Muscular Endurance"",""Posture Correction"",""Power"",""Rehabilitation"",""Rehabilitation and Joint Health"",""Shoulder Health"",""Shin Splint Relief"",""Sport Performance"",""Strength"",""Strength Preparation"",""Warm-up""]",High,"[""Cervical Spine""]","[""Cervical disc herniation"", ""Neck pain/spasm""]","Lie face down on a flat bench with your head hanging off the edge. Place a towel and a light weight plate on the back of your head, holding it securely.","[""Lower your head down toward the floor to stretch the back of your neck."", ""Raise your head up and back, looking toward the wall in front of you."", ""Hold briefly and lower under control.""]","[""Using jerky movements"", ""Overextending the neck to the point of pain"", ""Using excessive weight""]","[""Look up slowly"", ""Control the descent"", ""Keep the movement smooth""]","Exhale while extending up, inhale while lowering.","[""Neck Harness Extension""]","[""Bodyweight Neck Extension"", ""Isometric Extension""]","[""Isometric Neck Extension against hand""]",1.5,"[""SRC_NCSA_TECHNIQUE""]",Reviewed,2026-07-24
EX0120,L-Sit,"[""Parallette L-Sit"", ""Floor L-Sit""]",Bodyweight,Core,Isometric,Core Anti-Extension,Static,Closed Chain,Bilateral,"[""Parallettes"", ""Floor""]",Bodyweight,"[""Rectus Abdominis"", ""Iliopsoas"", ""Rectus Femoris""]","[""Obliques"", ""Triceps Brachii"", ""Anterior Deltoid""]","[""Pectoralis Major"", ""Latissimus Dorsi""]","[""Sagittal""]","[""Isometric Hip Flexion"", ""Isometric Shoulder Depression"", ""Isometric Elbow Extension""]",,Constant,Shortened,Low,Advanced,4,4.5,5,3.5,4.5,3.5,5,"[""Athletic Performance"",""Balance"",""Conditioning"",""Coordination"",""Core Stability"",""Corrective Exercise"",""Fat Loss"",""Flexibility"",""General Fitness"",""Grip Strength"",""Gymnastics"",""Injury Prevention"",""Joint Health"",""Knee Health"",""Mobility"",""Mobility and Flexibility"",""Muscle Gain"",""Muscular Endurance"",""Posture Correction"",""Power"",""Rehabilitation"",""Rehabilitation and Joint Health"",""Shoulder Health"",""Shin Splint Relief"",""Sport Performance"",""Strength"",""Strength Preparation"",""Warm-up""]",Moderate,"[""Shoulder"", ""Wrist"", ""Lower Back""]","[""Hip flexor strain"", ""Wrist pain""]",Sit on the floor or between parallettes with your legs straight out in front of you.,"[""Place your hands on the floor/parallettes. Depress your shoulders, lock your elbows, and lift your hips and legs off the ground."", ""Keep your legs perfectly straight and parallel to the floor, forming an L shape with your body."", ""Hold this position for time.""]","[""Bending the knees"", ""Hips sagging back behind the arms"", ""Shrugging the shoulders up to the ears""]","[""Push the floor away"", ""Point the toes"", ""Keep legs straight""]","Breathe continuously, using shallow breaths while bracing.","[""V-Sit"", ""Rings L-Sit""]","[""Tuck L-Sit"", ""One-Leg Extended L-Sit""]","[""Hanging Leg Raise"", ""Captain's Chair Leg Raise""]",4,"[""SRC_NCSA_TECHNIQUE""]",Reviewed,2026-07-24
EX0121,Dragon Flag,"[""Bruce Lee Dragon Flag""]",Bodyweight,Core,Compound,Core Anti-Extension,Pull,Closed Chain,Bilateral,"[""Flat Bench"", ""Pole""]",Bodyweight,"[""Rectus Abdominis"", ""Transverse Abdominis""]","[""Obliques"", ""Gluteus Maximus"", ""Latissimus Dorsi""]","[""Shoulders"", ""Biceps Brachii""]","[""Sagittal""]","[""Isometric Hip Extension"", ""Eccentric Spinal Flexion""]",Full,Ascending,Lengthened,Low,Advanced,5,4.5,5,2.5,3.5,4,5,"[""Athletic Performance"",""Balance"",""Conditioning"",""Coordination"",""Core Stability"",""Corrective Exercise"",""Fat Loss"",""Flexibility"",""General Fitness"",""Grip Strength"",""Gymnastics"",""Injury Prevention"",""Joint Health"",""Knee Health"",""Mobility"",""Mobility and Flexibility"",""Muscle Gain"",""Muscular Endurance"",""Posture Correction"",""Power"",""Rehabilitation"",""Rehabilitation and Joint Health"",""Shoulder Health"",""Shin Splint Relief"",""Sport Performance"",""Strength"",""Strength Preparation"",""Warm-up""]",High,"[""Lower Back"", ""Neck"", ""Shoulder""]","[""Lumbar disc herniation"", ""Neck pain""]",Lie on your back on a flat bench and grip the edges of the bench firmly behind your head.,"[""Raise your entire body (legs and torso) up until it is almost vertical, resting only on your upper shoulders."", ""Keeping your body in a perfectly straight line, slowly lower your legs and torso together toward the bench."", ""Stop just before touching, then raise back up.""]","[""Bending the hips (turning it into a leg raise)"", ""Arching the lower back excessively on the descent"", ""Putting weight on the neck instead of the upper back""]","[""Body like a board"", ""Squeeze the glutes"", ""Control the negative""]","Inhale while lowering, exhale while pushing back up.","[""Weighted Dragon Flag""]","[""Dragon Flag Negatives"", ""Tuck Dragon Flag""]","[""Lying Leg Raise"", ""Ab Wheel Rollout""]",4.5,"[""SRC_NCSA_TECHNIQUE""]",Reviewed,2026-07-24
EX0122,Turkish Get-Up,"[""TGU""]",Resistance Training,Total Body,Compound,Total Body Integration,Push,Closed Chain,Unilateral,"[""Kettlebell"", ""Dumbbell""]",Overhead,"[""Core"", ""Shoulders (Deltoids)"", ""Gluteus Maximus""]","[""Quadriceps"", ""Hamstrings"", ""Triceps Brachii"", ""Obliques""]","[""Rotator Cuff"", ""Scapular Stabilizers""]","[""Sagittal"", ""Frontal"", ""Transverse""]","[""Shoulder Flexion"", ""Hip Extension"", ""Spinal Rotation"", ""Knee Extension""]",Full,Constant,Mid-Range,Moderate,Advanced,5,5,5,4.5,5,5,4,"[""Athletic Performance"",""Balance"",""Conditioning"",""Coordination"",""Core Stability"",""Corrective Exercise"",""Fat Loss"",""Flexibility"",""General Fitness"",""Grip Strength"",""Gymnastics"",""Injury Prevention"",""Joint Health"",""Knee Health"",""Mobility"",""Mobility and Flexibility"",""Muscle Gain"",""Muscular Endurance"",""Posture Correction"",""Power"",""Rehabilitation"",""Rehabilitation and Joint Health"",""Shoulder Health"",""Shin Splint Relief"",""Sport Performance"",""Strength"",""Strength Preparation"",""Warm-up""]",Moderate,"[""Shoulder"", ""Knee"", ""Lower Back""]","[""Shoulder instability"", ""Acute knee pain""]","Lie on your back, holding a kettlebell in your right hand straight up over your chest. Bend your right knee and plant the foot. Extend your left arm and leg out at a 45-degree angle.","[""Roll onto your left elbow, then push up to your left hand. Bridge your hips up."", ""Sweep your left leg under you into a kneeling position."", ""Stand up completely, keeping the kettlebell locked out overhead."", ""Reverse the exact sequence to return to the floor.""]","[""Taking your eyes off the kettlebell"", ""Bending the arm holding the weight"", ""Rushing the steps""]","[""Eyes on the bell"", ""Lock the elbow"", ""Move purposefully through each step""]",Breathe continuously through each transition phase.,"[""Heavier Kettlebell"", ""Barbell TGU (Extreme balance)""]","[""Naked TGU (No weight)"", ""Half Get-Up""]","[""Overhead Lunge"", ""Windmill""]",5.5,"[""SRC_NCSA_TECHNIQUE""]",Reviewed,2026-07-24
EX0123,Kettlebell Snatch,"[""KB Snatch""]",Resistance Training,Total Body,Compound,Hinge,Pull,Closed Chain,Unilateral,"[""Kettlebell""]",Anterior,"[""Gluteus Maximus"", ""Hamstrings""]","[""Quadriceps"", ""Erector Spinae"", ""Shoulders""]","[""Core"", ""Trapezius"", ""Forearms""]","[""Sagittal""]","[""Hip Extension"", ""Shoulder Flexion"", ""Knee Extension""]",Full,Variable,Mid-Range,Moderate,Advanced,4.5,4.5,4,3.5,4,5,4.5,"[""Athletic Performance"",""Balance"",""Conditioning"",""Coordination"",""Core Stability"",""Corrective Exercise"",""Fat Loss"",""Flexibility"",""General Fitness"",""Grip Strength"",""Gymnastics"",""Injury Prevention"",""Joint Health"",""Knee Health"",""Mobility"",""Mobility and Flexibility"",""Muscle Gain"",""Muscular Endurance"",""Posture Correction"",""Power"",""Rehabilitation"",""Rehabilitation and Joint Health"",""Shoulder Health"",""Shin Splint Relief"",""Sport Performance"",""Strength"",""Strength Preparation"",""Warm-up""]",High,"[""Shoulder"", ""Lower Back"", ""Wrist""]","[""Shoulder impingement"", ""Lumbar disc issues"", ""Wrist pain""]","Stand with feet shoulder-width apart, holding a kettlebell in one hand. Hinge at the hips to swing the kettlebell back between your legs.","[""Explosively drive your hips forward to launch the kettlebell upward."", ""As the bell passes your chest, pull it close and punch your hand upward to catch it smoothly overhead."", ""Let the bell drop back down between your legs, absorbing the force with your hips.""]","[""Letting the bell slam into the wrist"", ""Using the shoulder to lift instead of the hips"", ""Casting the bell too far forward on the drop""]","[""Snap the hips"", ""Tame the arc"", ""Punch through at the top""]","Inhale on the drop, exhale sharply on the hip snap.","[""Double Kettlebell Snatch"", ""Heavy Single KB Snatch""]","[""Kettlebell Swing"", ""Kettlebell High Pull"", ""Kettlebell Clean""]","[""Dumbbell Snatch"", ""Barbell Snatch""]",6.5,"[""SRC_NCSA_TECHNIQUE""]",Reviewed,2026-07-24
EX0124,Muscle-Up,"[""Bar Muscle-Up"", ""Ring Muscle-Up""]",Bodyweight,Upper Body,Compound,Vertical Pull,Pull,Closed Chain,Bilateral,"[""Pull-up Bar"", ""Gymnastics Rings""]",,"[""Latissimus Dorsi"", ""Pectoralis Major"", ""Triceps Brachii""]","[""Biceps Brachii"", ""Anterior Deltoid"", ""Core""]","[""Forearms"", ""Rotator Cuff""]","[""Sagittal"", ""Frontal""]","[""Shoulder Extension"", ""Elbow Flexion"", ""Elbow Extension"", ""Shoulder Flexion""]",Full,Ascending,Mid-Range,Low,Advanced,5,5,4.5,4,4,5,5,"[""Athletic Performance"",""Balance"",""Conditioning"",""Coordination"",""Core Stability"",""Corrective Exercise"",""Fat Loss"",""Flexibility"",""General Fitness"",""Grip Strength"",""Gymnastics"",""Injury Prevention"",""Joint Health"",""Knee Health"",""Mobility"",""Mobility and Flexibility"",""Muscle Gain"",""Muscular Endurance"",""Posture Correction"",""Power"",""Rehabilitation"",""Rehabilitation and Joint Health"",""Shoulder Health"",""Shin Splint Relief"",""Sport Performance"",""Strength"",""Strength Preparation"",""Warm-up""]",High,"[""Shoulder"", ""Elbow"", ""Wrist""]","[""Shoulder impingement"", ""Rotator cuff tear"", ""Elbow tendinopathy""]",Hang from a pull-up bar with a false grip or standard overhand grip. Generate slight momentum.,"[""Perform an explosive pull-up, pulling the bar down to your upper stomach."", ""Aggressively throw your chest and head forward over the bar to transition into a dip position."", ""Press out of the dip until your arms are fully extended.""]","[""Chicken-winging (transitioning one arm at a time, highly dangerous for shoulders)"", ""Not pulling high enough before the transition"", ""Losing core tension""]","[""Explosive pull"", ""Fast transition"", ""Snap over the bar""]","Inhale before the pull, exhale on the dip press out.","[""Strict Muscle-Up"", ""Weighted Muscle-Up""]","[""Jumping Muscle-Up"", ""Band-Assisted Muscle-Up"", ""High Pull-Ups""]","[""Pull-Up"", ""Triceps Dip""]",6.5,"[""SRC_NCSA_TECHNIQUE""]",Reviewed,2026-07-24
EX0125,Machine Lateral Raise,"[""Seated Lateral Raise Machine""]",Resistance Training,Upper Body,Isolation,Vertical Push,Push,Open Chain,Bilateral,"[""Lateral Raise Machine""]",Machine Guided,"[""Lateral Deltoid""]","[""Anterior Deltoid"", ""Supraspinatus""]","[""None""]","[""Frontal""]","[""Shoulder Abduction""]",Full,Machine Dependent,Shortened,Low,Beginner,1,1,1,1.5,1,1.5,4.5,"[""Athletic Performance"",""Balance"",""Conditioning"",""Coordination"",""Core Stability"",""Corrective Exercise"",""Fat Loss"",""Flexibility"",""General Fitness"",""Grip Strength"",""Gymnastics"",""Injury Prevention"",""Joint Health"",""Knee Health"",""Mobility"",""Mobility and Flexibility"",""Muscle Gain"",""Muscular Endurance"",""Posture Correction"",""Power"",""Rehabilitation"",""Rehabilitation and Joint Health"",""Shoulder Health"",""Shin Splint Relief"",""Sport Performance"",""Strength"",""Strength Preparation"",""Warm-up""]",Low,"[""Shoulder""]","[""Acute shoulder impingement""]",Sit in the machine and adjust the seat so the pivot point aligns with your shoulder joints. Place your arms against the pads and grip the handles.,"[""Raise your arms out to the sides until they are parallel to the floor."", ""Pause and squeeze the side delts."", ""Slowly lower the pads back to the starting position.""]","[""Shrugging the shoulders up"", ""Using momentum"", ""Leaning back excessively""]","[""Lead with the elbows"", ""Keep shoulders down"", ""Control the negative""]","Exhale while raising, inhale while lowering.","[""Pause Machine Lateral Raise"", ""Drop Sets""]","[""Lighter Load""]","[""Dumbbell Lateral Raise"", ""Cable Lateral Raise""]",2,"[""SRC_ACSM_2026_RT""]",Reviewed,2026-07-24
EX0126,Single-Arm Lat Pulldown,"[""Unilateral Cable Pulldown""]",Resistance Training,Upper Body,Isolation,Vertical Pull,Pull,Open Chain,Unilateral,"[""Cable Machine"", ""D-Handle""]",Overhead,"[""Latissimus Dorsi""]","[""Biceps Brachii"", ""Posterior Deltoid""]","[""Core"", ""Obliques""]","[""Frontal"", ""Sagittal""]","[""Shoulder Adduction"", ""Elbow Flexion""]",Full,Constant,Lengthened,Low,Intermediate,2,2.5,2.5,2,2,2,4.5,"[""Athletic Performance"",""Balance"",""Conditioning"",""Coordination"",""Core Stability"",""Corrective Exercise"",""Fat Loss"",""Flexibility"",""General Fitness"",""Grip Strength"",""Gymnastics"",""Injury Prevention"",""Joint Health"",""Knee Health"",""Mobility"",""Mobility and Flexibility"",""Muscle Gain"",""Muscular Endurance"",""Posture Correction"",""Power"",""Rehabilitation"",""Rehabilitation and Joint Health"",""Shoulder Health"",""Shin Splint Relief"",""Sport Performance"",""Strength"",""Strength Preparation"",""Warm-up""]",Low,"[""Shoulder""]","[""Acute shoulder pain""]",Attach a D-handle to a high pulley. Sit or kneel facing the machine. Grab the handle with one hand.,"[""Pull the handle down to your side, driving your elbow toward your hip."", ""Squeeze the lat intensely at the bottom."", ""Slowly let the handle pull your arm back up to a full stretch.""]","[""Twisting the torso excessively"", ""Pulling with the bicep instead of the lat"", ""Not getting a full stretch at the top""]","[""Elbow to the hip"", ""Stretch the lat"", ""Keep the torso still""]","Exhale while pulling, inhale while stretching.","[""Heavy Single-Arm Pulldown"", ""Slight Lean Away Pulldown""]","[""Bilateral Lat Pulldown""]","[""Lat Pulldown"", ""Single-Arm Cable Row""]",2.5,"[""SRC_ACSM_2026_RT""]",Reviewed,2026-07-24
EX0127,Decline Dumbbell Bench Press,"[""Decline Dumbbell Press""]",Resistance Training,Upper Body,Compound,Horizontal Push,Push,Open Chain,Bilateral,"[""Dumbbell"", ""Decline Bench""]",Anterior,"[""Pectoralis Major (Lower Head)""]","[""Triceps Brachii"", ""Anterior Deltoid""]","[""Core"", ""Latissimus Dorsi""]","[""Transverse"", ""Sagittal""]","[""Shoulder Horizontal Adduction"", ""Elbow Extension""]",Full,Ascending,Lengthened,Low,Intermediate,3,3.5,3.5,2,3,3.5,4.5,"[""Athletic Performance"",""Balance"",""Conditioning"",""Coordination"",""Core Stability"",""Corrective Exercise"",""Fat Loss"",""Flexibility"",""General Fitness"",""Grip Strength"",""Gymnastics"",""Injury Prevention"",""Joint Health"",""Knee Health"",""Mobility"",""Mobility and Flexibility"",""Muscle Gain"",""Muscular Endurance"",""Posture Correction"",""Power"",""Rehabilitation"",""Rehabilitation and Joint Health"",""Shoulder Health"",""Shin Splint Relief"",""Sport Performance"",""Strength"",""Strength Preparation"",""Warm-up""]",Moderate,"[""Shoulder""]","[""Glaucoma (due to decline angle)""]",Secure your legs on a decline bench. Lie back holding a pair of dumbbells at your chest.,"[""Press the dumbbells straight up until your arms are fully extended."", ""Slowly lower the dumbbells back to the starting position, keeping your elbows tucked at roughly a 45-degree angle."", ""Feel the stretch in the lower chest.""]","[""Flaring the elbows out to 90 degrees"", ""Clanking the dumbbells together at the top"", ""Dropping the weight too fast""]","[""Press up and slightly together"", ""Tuck the elbows"", ""Control the stretch""]","Exhale while pressing, inhale while lowering.","[""Pause Decline Press"", ""Heavy Decline Press""]","[""Flat Dumbbell Bench Press""]","[""Decline Barbell Bench Press"", ""Chest Dips""]",3,"[""SRC_ACSM_2026_RT""]",Reviewed,2026-07-24
EX0128,Waiter's Walk,"[""Overhead Carry""]",Resistance Training,Core,Isometric,Gait,Static,Closed Chain,Unilateral,"[""Dumbbell"", ""Kettlebell""]",Overhead,"[""Core"", ""Shoulders (Stabilizers)""]","[""Trapezius"", ""Triceps Brachii"", ""Gluteus Maximus""]","[""Rotator Cuff"", ""Obliques""]","[""Sagittal"", ""Frontal""]","[""Isometric Shoulder Flexion"", ""Gait Cycle""]",,Constant,Mid-Range,Moderate,Intermediate,2.5,3.5,4.5,3.5,4.5,3.5,3.5,"[""Athletic Performance"",""Balance"",""Conditioning"",""Coordination"",""Core Stability"",""Corrective Exercise"",""Fat Loss"",""Flexibility"",""General Fitness"",""Grip Strength"",""Gymnastics"",""Injury Prevention"",""Joint Health"",""Knee Health"",""Mobility"",""Mobility and Flexibility"",""Muscle Gain"",""Muscular Endurance"",""Posture Correction"",""Power"",""Rehabilitation"",""Rehabilitation and Joint Health"",""Shoulder Health"",""Shin Splint Relief"",""Sport Performance"",""Strength"",""Strength Preparation"",""Warm-up""]",Moderate,"[""Shoulder"", ""Lower Back""]","[""Shoulder instability"", ""Poor overhead mobility""]",Clean and press a kettlebell or dumbbell overhead with one arm. Keep your elbow locked and bicep close to your ear.,"[""Brace your core to prevent your ribs from flaring and lower back from arching."", ""Walk forward slowly and deliberately while balancing the weight directly overhead."", ""Maintain perfect upright posture.""]","[""Bending the elbow"", ""Arching the lower back to compensate for poor shoulder mobility"", ""Walking too fast""]","[""Lock the elbow"", ""Ribs down"", ""Walk heel to toe smoothly""]",Breathe rhythmically into a braced core.,"[""Bilateral Overhead Carry"", ""Bottoms-Up Kettlebell Carry""]","[""Rack Carry"", ""Suitcase Carry""]","[""Farmer's Walk"", ""Pallof Press""]",4,"[""SRC_ACSM_2026_RT""]",Reviewed,2026-07-24
EX0129,Cuban Press,"[""Dumbbell Cuban Press""]",Resistance Training,Upper Body,Compound,Vertical Push,Push,Open Chain,Bilateral,"[""Dumbbell"", ""Barbell""]",Anterior,"[""Rotator Cuff (Infraspinatus, Teres Minor)"", ""Lateral Deltoid""]","[""Anterior Deltoid"", ""Upper Trapezius""]","[""Core""]","[""Frontal"", ""Sagittal""]","[""Shoulder Abduction"", ""Shoulder External Rotation"", ""Shoulder Flexion"", ""Elbow Extension""]",Full,Ascending,Shortened,Low,Intermediate,4,4,3,3,2,2.5,4,"[""Athletic Performance"",""Balance"",""Conditioning"",""Coordination"",""Core Stability"",""Corrective Exercise"",""Fat Loss"",""Flexibility"",""General Fitness"",""Grip Strength"",""Gymnastics"",""Injury Prevention"",""Joint Health"",""Knee Health"",""Mobility"",""Mobility and Flexibility"",""Muscle Gain"",""Muscular Endurance"",""Posture Correction"",""Power"",""Rehabilitation"",""Rehabilitation and Joint Health"",""Shoulder Health"",""Shin Splint Relief"",""Sport Performance"",""Strength"",""Strength Preparation"",""Warm-up""]",Moderate,"[""Shoulder""]","[""Acute rotator cuff tear""]",Hold light dumbbells in front of your thighs. Perform a wide upright row until your upper arms are parallel to the floor.,"[""Keeping your upper arms parallel to the floor, externally rotate your shoulders to flip the dumbbells up."", ""Press the dumbbells straight overhead."", ""Reverse the entire sequence slowly to return to the start.""]","[""Using too much weight"", ""Rushing the external rotation phase"", ""Arching the back""]","[""Row, rotate, press"", ""Keep elbows high during rotation"", ""Control the negative""]","Inhale on the row and rotation, exhale on the press.","[""Barbell Cuban Press"", ""Seated Cuban Press""]","[""Dumbbell External Rotation (Seated)""]","[""Face Pull"", ""Upright Row""]",2.5,"[""SRC_NCSA_TECHNIQUE""]",Reviewed,2026-07-24
EX0130,Jefferson Curl,"[""Weighted Spinal Articulation""]",Resistance Training,Lower Body,Isolation,Spinal Flexion,Pull,Closed Chain,Bilateral,"[""Kettlebell"", ""Barbell"", ""Box""]",Anterior,"[""Erector Spinae"", ""Hamstrings""]","[""Gluteus Maximus"", ""Calves""]","[""Core""]","[""Sagittal""]","[""Spinal Flexion"", ""Hip Flexion""]",Full,Ascending,Lengthened,Moderate,Advanced,4.5,4,3,5,3.5,3,4,"[""Athletic Performance"",""Balance"",""Conditioning"",""Coordination"",""Core Stability"",""Corrective Exercise"",""Fat Loss"",""Flexibility"",""General Fitness"",""Grip Strength"",""Gymnastics"",""Injury Prevention"",""Joint Health"",""Knee Health"",""Mobility"",""Mobility and Flexibility"",""Muscle Gain"",""Muscular Endurance"",""Posture Correction"",""Power"",""Rehabilitation"",""Rehabilitation and Joint Health"",""Shoulder Health"",""Shin Splint Relief"",""Sport Performance"",""Strength"",""Strength Preparation"",""Warm-up""]",High,"[""Lower Back"", ""Spine""]","[""Acute disc herniation"", ""Sciatica"", ""Osteoporosis""]",Stand on a box holding a light kettlebell or barbell. Keep your legs completely straight (knees locked).,"[""Tuck your chin to your chest and slowly roll your spine downward, vertebrae by vertebrae."", ""Allow the weight to pull you into a deep hamstring and lower back stretch below the level of the box."", ""Slowly reverse the motion, unrolling the spine from the bottom up until you are standing tall.""]","[""Using heavy weight (this is a mobility drill, not a strength lift)"", ""Bending the knees"", ""Hinging at the hips instead of articulating the spine""]","[""Vertebrae by vertebrae"", ""Keep legs locked"", ""Tuck the chin first""]","Exhale as you roll down, inhale as you roll up.","[""Increase range of motion (higher box)"", ""Slightly increase load""]","[""Bodyweight Jefferson Curl"", ""Seated Pike Stretch""]","[""Romanian Deadlift (for strength)"", ""Good Morning""]",2.5,"[""SRC_NCSA_TECHNIQUE""]",Reviewed,2026-07-24
EX0131,Machine Hip Thrust,"[""Hip Thrust Machine""]",Resistance Training,Lower Body,Compound,Hip Extension,Push,Closed Chain,Bilateral,"[""Hip Thrust Machine""]",Anterior,"[""Gluteus Maximus""]","[""Hamstrings"", ""Quadriceps""]","[""Core""]","[""Sagittal""]","[""Hip Extension""]",Partial,Machine Dependent,Shortened,Moderate,Beginner,1.5,1.5,1,1.5,1.5,3,4.5,"[""Athletic Performance"",""Balance"",""Conditioning"",""Coordination"",""Core Stability"",""Corrective Exercise"",""Fat Loss"",""Flexibility"",""General Fitness"",""Grip Strength"",""Gymnastics"",""Injury Prevention"",""Joint Health"",""Knee Health"",""Mobility"",""Mobility and Flexibility"",""Muscle Gain"",""Muscular Endurance"",""Posture Correction"",""Power"",""Rehabilitation"",""Rehabilitation and Joint Health"",""Shoulder Health"",""Shin Splint Relief"",""Sport Performance"",""Strength"",""Strength Preparation"",""Warm-up""]",Low,"[""Lower Back"", ""Pelvis""]","[""Pelvic floor issues""]",Sit in the machine and strap the belt securely across your hip crease. Plant your feet shoulder-width apart on the platform.,"[""Drive through your heels to extend your hips fully."", ""Squeeze the glutes at the top of the movement."", ""Lower the weight under control until your hips are near the floor.""]","[""Hyperextending the lower back instead of locking out the hips"", ""Pushing through the toes""]","[""Tuck the chin"", ""Drive through heels"", ""Squeeze glutes at lockout""]","Inhale while lowering, exhale while thrusting up.","[""Single-Leg Machine Hip Thrust"", ""Pause Reps""]","[""Lighter Load"", ""Glute Bridge""]","[""Barbell Hip Thrust"", ""Cable Pull-Through""]",4,"[""SRC_ACSM_2026_RT""]",Reviewed,2026-07-24
EX0132,Standing Cable Pullover,"[""Cable Lat Pulldown (Straight Arm)""]",Resistance Training,Upper Body,Isolation,Vertical Pull,Pull,Open Chain,Bilateral,"[""Cable Machine"", ""Straight Bar""]",Anterior,"[""Latissimus Dorsi""]","[""Posterior Deltoid"", ""Triceps Brachii (Long Head)""]","[""Core"", ""Rectus Abdominis""]","[""Sagittal""]","[""Shoulder Extension""]",Full,Descending,Lengthened,Low,Beginner,2,2,2.5,2,2,2,4,"[""Athletic Performance"",""Balance"",""Conditioning"",""Coordination"",""Core Stability"",""Corrective Exercise"",""Fat Loss"",""Flexibility"",""General Fitness"",""Grip Strength"",""Gymnastics"",""Injury Prevention"",""Joint Health"",""Knee Health"",""Mobility"",""Mobility and Flexibility"",""Muscle Gain"",""Muscular Endurance"",""Posture Correction"",""Power"",""Rehabilitation"",""Rehabilitation and Joint Health"",""Shoulder Health"",""Shin Splint Relief"",""Sport Performance"",""Strength"",""Strength Preparation"",""Warm-up""]",Low,"[""Shoulder"", ""Lower Back""]","[""Acute shoulder impingement""]","Attach a straight bar or rope to a high pulley. Stand facing the machine, step back to create tension, and hinge slightly at the hips.","[""Keeping your arms straight (with a micro-bend in the elbows), pull the bar down in an arc to your thighs."", ""Squeeze your lats at the bottom."", ""Slowly return to the starting position until you feel a stretch in the lats.""]","[""Bending the elbows (turning it into a triceps pushdown)"", ""Arching the lower back""]","[""Keep arms locked"", ""Sweep the bar to your pockets"", ""Control the stretch""]","Exhale while pulling down, inhale while returning.","[""Heavier Load"", ""Single-Arm Cable Pullover""]","[""Lighter Load"", ""Machine Pullover""]","[""Dumbbell Pullover"", ""Machine Pullover""]",3,"[""SRC_ACSM_2026_RT""]",Reviewed,2026-07-24
EX0133,Bear Crawl,"[""Forward Bear Crawl""]",Bodyweight,Total Body,Compound,Gait,Push,Closed Chain,Alternating,"[""Bodyweight""]",Bodyweight,"[""Core"", ""Shoulders (Deltoids)"", ""Quadriceps""]","[""Triceps Brachii"", ""Pectoralis Major"", ""Gluteus Maximus""]","[""Scapular Stabilizers"", ""Rotator Cuff""]","[""Sagittal""]","[""Shoulder Flexion"", ""Hip Flexion"", ""Spinal Stabilization""]",Full,Constant,Mid-Range,Low,Intermediate,3,4,3.5,4.5,3,4.5,3.5,"[""Athletic Performance"",""Balance"",""Conditioning"",""Coordination"",""Core Stability"",""Corrective Exercise"",""Fat Loss"",""Flexibility"",""General Fitness"",""Grip Strength"",""Gymnastics"",""Injury Prevention"",""Joint Health"",""Knee Health"",""Mobility"",""Mobility and Flexibility"",""Muscle Gain"",""Muscular Endurance"",""Posture Correction"",""Power"",""Rehabilitation"",""Rehabilitation and Joint Health"",""Shoulder Health"",""Shin Splint Relief"",""Sport Performance"",""Strength"",""Strength Preparation"",""Warm-up""]",Low,"[""Wrist"", ""Shoulder"", ""Knee""]","[""Wrist pain"", ""Severe shoulder instability""]","Start on all fours. Lift your knees an inch off the ground, keeping your back perfectly flat like a table.","[""Move your right hand and left foot forward simultaneously."", ""Then move your left hand and right foot forward."", ""Keep your hips low and avoid swaying side to side.""]","[""Hips lifting too high (downward dog position)"", ""Taking steps that are too large"", ""Swinging the hips""]","[""Knees close to the ground"", ""Back flat as a table"", ""Small, controlled steps""]",Breathe continuously and shallowly.,"[""Weighted Bear Crawl (vest)"", ""Reverse Bear Crawl""]","[""Stationary Bear Plank (Hold)"", ""Kneeling Crawl""]","[""Farmer's Walk"", ""Plank""]",5.5,"[""SRC_NCSA_TECHNIQUE""]",Reviewed,2026-07-24
EX0134,Hollow Body Hold,"[""Hollow Hold"", ""Gymnastics Hollow""]",Bodyweight,Core,Isometric,Trunk Flexion,Static,Closed Chain,Bilateral,"[""Mat""]",Bodyweight,"[""Rectus Abdominis"", ""Transverse Abdominis""]","[""Obliques"", ""Hip Flexors""]","[""Quadriceps"", ""Shoulders""]","[""Sagittal""]","[""Isometric Spinal Flexion"", ""Isometric Hip Flexion""]",,Constant,Shortened,Low,Intermediate,3.5,3,3,4,2.5,3,4.5,"[""Athletic Performance"",""Balance"",""Conditioning"",""Coordination"",""Core Stability"",""Corrective Exercise"",""Fat Loss"",""Flexibility"",""General Fitness"",""Grip Strength"",""Gymnastics"",""Injury Prevention"",""Joint Health"",""Knee Health"",""Mobility"",""Mobility and Flexibility"",""Muscle Gain"",""Muscular Endurance"",""Posture Correction"",""Power"",""Rehabilitation"",""Rehabilitation and Joint Health"",""Shoulder Health"",""Shin Splint Relief"",""Sport Performance"",""Strength"",""Strength Preparation"",""Warm-up""]",Low,"[""Lower Back""]","[""Acute low back pain""]",Lie on your back with legs straight and arms extended overhead.,"[""Press your lower back firmly into the floor by contracting your abs."", ""Lift your shoulders and legs slightly off the ground, creating a banana or hollow shape."", ""Hold this position, keeping the lower back glued to the floor.""]","[""Lower back coming off the floor"", ""Lifting the legs too high"", ""Holding breath""]","[""Crush the floor with your lower back"", ""Point your toes"", ""Biceps to ears""]",Breathe shallowly while keeping the core fully braced.,"[""Hollow Body Rocks"", ""Weighted Hollow Hold""]","[""Tuck Hollow Hold (knees bent)"", ""Arms by the sides""]","[""Plank"", ""Dead Bug""]",4,"[""SRC_NCSA_TECHNIQUE""]",Reviewed,2026-07-24
EX0135,Dumbbell Reverse Lunge,"[""Reverse Lunge""]",Resistance Training,Lower Body,Compound,Lunge,Push,Closed Chain,Alternating,"[""Dumbbell""]",Lateral,"[""Quadriceps"", ""Gluteus Maximus""]","[""Hamstrings""]","[""Core"", ""Gluteus Medius""]","[""Sagittal""]","[""Hip Extension"", ""Knee Extension""]",Full,Ascending,Lengthened,Moderate,Beginner,2.5,3.5,4,3,3.5,4,4,"[""Athletic Performance"",""Balance"",""Conditioning"",""Coordination"",""Core Stability"",""Corrective Exercise"",""Fat Loss"",""Flexibility"",""General Fitness"",""Grip Strength"",""Gymnastics"",""Injury Prevention"",""Joint Health"",""Knee Health"",""Mobility"",""Mobility and Flexibility"",""Muscle Gain"",""Muscular Endurance"",""Posture Correction"",""Power"",""Rehabilitation"",""Rehabilitation and Joint Health"",""Shoulder Health"",""Shin Splint Relief"",""Sport Performance"",""Strength"",""Strength Preparation"",""Warm-up""]",Low,"[""Knee"", ""Ankle""]","[""Knee instability""]",Stand tall holding a dumbbell in each hand. Brace your core.,"[""Step backward with one leg, lowering your hips until both knees are bent at a 90-degree angle."", ""The back knee should hover just above the floor."", ""Drive through the heel of the front foot to return to the starting position.""]","[""Slamming the back knee into the floor"", ""Torso collapsing forward"", ""Front knee caving inward""]","[""Step straight back"", ""Drive through the front heel"", ""Keep chest tall""]","Inhale while stepping back, exhale while returning.","[""Deficit Reverse Lunge"", ""Barbell Reverse Lunge""]","[""Bodyweight Reverse Lunge"", ""Stationary Split Squat""]","[""Walking Lunge"", ""Bulgarian Split Squat""]",4.5,"[""SRC_ACSM_2026_RT""]",Reviewed,2026-07-24
EX0136,Skater Squat,"[""Airborne Squat""]",Bodyweight,Lower Body,Compound,Squat,Push,Closed Chain,Unilateral,"[""Mat""]",Bodyweight,"[""Quadriceps"", ""Gluteus Maximus""]","[""Hamstrings""]","[""Core"", ""Gluteus Medius""]","[""Sagittal""]","[""Hip Extension"", ""Knee Extension""]",Full,Ascending,Lengthened,Moderate,Advanced,4.5,4.5,5,4,4.5,3.5,5,"[""Athletic Performance"",""Balance"",""Conditioning"",""Coordination"",""Core Stability"",""Corrective Exercise"",""Fat Loss"",""Flexibility"",""General Fitness"",""Grip Strength"",""Gymnastics"",""Injury Prevention"",""Joint Health"",""Knee Health"",""Mobility"",""Mobility and Flexibility"",""Muscle Gain"",""Muscular Endurance"",""Posture Correction"",""Power"",""Rehabilitation"",""Rehabilitation and Joint Health"",""Shoulder Health"",""Shin Splint Relief"",""Sport Performance"",""Strength"",""Strength Preparation"",""Warm-up""]",Moderate,"[""Knee"", ""Ankle""]","[""Patellofemoral pain"", ""Meniscus issues""]",Stand on one leg. Lift the other foot off the ground and bend the knee so the foot is behind you.,"[""Lower your body by bending the standing knee, reaching your arms forward for balance."", ""Touch your back knee lightly to the floor (or a pad) without letting the back foot touch."", ""Drive through your standing foot to return to the top.""]","[""Letting the back foot touch the ground to assist the push"", ""Knee valgus (caving in) on the working leg"", ""Crashing the back knee into the floor""]","[""Reach forward as you go down"", ""Control the descent"", ""Drive through the whole foot""]","Inhale on the way down, exhale on the way up.","[""Weighted Skater Squat (holding light DBs forward)""]","[""Skater Squat to a higher pad"", ""Assisted Skater Squat (holding a TRX)""]","[""Pistol Squat"", ""Bulgarian Split Squat""]",5,"[""SRC_NCSA_TECHNIQUE""]",Reviewed,2026-07-24
EX0137,Machine Bicep Curl,"[""Seated Bicep Curl Machine""]",Resistance Training,Upper Body,Isolation,Elbow Flexion,Pull,Open Chain,Bilateral,"[""Bicep Curl Machine""]",Machine Guided,"[""Biceps Brachii"", ""Brachialis""]","[""Brachioradialis""]","[""None""]","[""Sagittal""]","[""Elbow Flexion""]",Full,Machine Dependent,Shortened,Low,Beginner,1,1,1,1.5,1,1.5,4.5,"[""Athletic Performance"",""Balance"",""Conditioning"",""Coordination"",""Core Stability"",""Corrective Exercise"",""Fat Loss"",""Flexibility"",""General Fitness"",""Grip Strength"",""Gymnastics"",""Injury Prevention"",""Joint Health"",""Knee Health"",""Mobility"",""Mobility and Flexibility"",""Muscle Gain"",""Muscular Endurance"",""Posture Correction"",""Power"",""Rehabilitation"",""Rehabilitation and Joint Health"",""Shoulder Health"",""Shin Splint Relief"",""Sport Performance"",""Strength"",""Strength Preparation"",""Warm-up""]",Low,"[""Elbow"", ""Wrist""]","[""Medial epicondylitis""]",Sit in the machine and adjust the seat so your elbows align with the pivot point. Rest your triceps flat on the pad.,"[""Grip the handles and curl the weight upward toward your shoulders."", ""Squeeze the biceps at the peak of the movement."", ""Lower the handles slowly until your arms are fully extended.""]","[""Lifting the elbows off the pad"", ""Using momentum by throwing the torso back"", ""Not fully extending at the bottom""]","[""Keep triceps glued to the pad"", ""Squeeze at the top"", ""Control the negative""]","Exhale while curling, inhale while lowering.","[""Single-Arm Machine Curl"", ""Pause Reps""]","[""Lighter Load""]","[""EZ-Bar Preacher Curl"", ""Dumbbell Concentration Curl""]",2,"[""SRC_ACSM_2026_RT""]",Reviewed,2026-07-24
EX0138,Machine Triceps Extension,"[""Seated Triceps Machine""]",Resistance Training,Upper Body,Isolation,Elbow Extension,Push,Open Chain,Bilateral,"[""Triceps Extension Machine""]",Machine Guided,"[""Triceps Brachii""]","[""Anconeus""]","[""None""]","[""Sagittal""]","[""Elbow Extension""]",Full,Machine Dependent,Shortened,Low,Beginner,1,1,1,1.5,1,1.5,4.5,"[""Athletic Performance"",""Balance"",""Conditioning"",""Coordination"",""Core Stability"",""Corrective Exercise"",""Fat Loss"",""Flexibility"",""General Fitness"",""Grip Strength"",""Gymnastics"",""Injury Prevention"",""Joint Health"",""Knee Health"",""Mobility"",""Mobility and Flexibility"",""Muscle Gain"",""Muscular Endurance"",""Posture Correction"",""Power"",""Rehabilitation"",""Rehabilitation and Joint Health"",""Shoulder Health"",""Shin Splint Relief"",""Sport Performance"",""Strength"",""Strength Preparation"",""Warm-up""]",Low,"[""Elbow""]","[""Lateral epicondylitis""]",Sit in the machine and adjust the seat so your elbows align with the pivot point. Rest your upper arms on the pad.,"[""Grip the handles and push them downward or outward (depending on the machine design) until your arms are fully extended."", ""Squeeze the triceps hard."", ""Return slowly to the starting position.""]","[""Letting the elbows flare off the pad"", ""Using body weight to press the handles"", ""Shortening the range of motion""]","[""Keep elbows pinned"", ""Full lockout"", ""Control the return""]","Exhale while extending, inhale while returning.","[""Single-Arm Machine Extension"", ""Pause Reps""]","[""Lighter Load""]","[""Cable Triceps Pushdown"", ""Dumbbell Triceps Kickback""]",2,"[""SRC_ACSM_2026_RT""]",Reviewed,2026-07-24
EX0139,Suitcase Carry,"[""Unilateral Farmer's Walk""]",Resistance Training,Core,Isometric,Gait,Static,Closed Chain,Unilateral,"[""Dumbbell"", ""Kettlebell""]",Lateral,"[""Core (Obliques, Quadratus Lumborum)""]","[""Forearms"", ""Trapezius"", ""Gluteus Medius""]","[""Shoulders (Rotator Cuff)""]","[""Frontal""]","[""Isometric Lateral Flexion Resistance"", ""Gait Cycle""]",,Constant,Mid-Range,Moderate,Intermediate,2,3.5,4,4.5,2.5,3.5,3.5,"[""Athletic Performance"",""Balance"",""Conditioning"",""Coordination"",""Core Stability"",""Corrective Exercise"",""Fat Loss"",""Flexibility"",""General Fitness"",""Grip Strength"",""Gymnastics"",""Injury Prevention"",""Joint Health"",""Knee Health"",""Mobility"",""Mobility and Flexibility"",""Muscle Gain"",""Muscular Endurance"",""Posture Correction"",""Power"",""Rehabilitation"",""Rehabilitation and Joint Health"",""Shoulder Health"",""Shin Splint Relief"",""Sport Performance"",""Strength"",""Strength Preparation"",""Warm-up""]",Moderate,"[""Lower Back"", ""Shoulder""]","[""Lumbar disc herniation (acute)""]","Stand next to a heavy dumbbell or kettlebell. Hinge down and pick it up with one hand, keeping your back flat.","[""Stand perfectly upright. Brace your core to resist the weight pulling you to one side."", ""Walk forward with controlled, even steps."", ""Keep your shoulders level and do not lean away from the weight.""]","[""Leaning away from the weight to compensate"", ""Resting the weight against the leg"", ""Shrugging the shoulder of the working arm""]","[""Stay perfectly vertical"", ""Shoulders level"", ""Walk smoothly""]",Breathe rhythmically into a braced core.,"[""Heavier Load"", ""Longer Distance""]","[""Lighter Load"", ""Suitcase Hold (Stationary)""]","[""Farmer's Walk"", ""Pallof Press""]",4.5,"[""SRC_NCSA_TECHNIQUE""]",Reviewed,2026-07-24
EX0140,Kettlebell Halo,"[""Halo""]",Resistance Training,Upper Body,Compound,Trunk Rotation,Push,Open Chain,Bilateral,"[""Kettlebell""]",Overhead,"[""Shoulders (Deltoids)"", ""Core""]","[""Triceps Brachii"", ""Upper Trapezius""]","[""Rotator Cuff"", ""Gluteus Maximus""]","[""Transverse"", ""Frontal""]","[""Shoulder Flexion"", ""Shoulder Abduction"", ""Shoulder External Rotation""]",Full,Constant,Mid-Range,Low,Beginner,2.5,3.5,2.5,3,4,2,3,"[""Athletic Performance"",""Balance"",""Conditioning"",""Coordination"",""Core Stability"",""Corrective Exercise"",""Fat Loss"",""Flexibility"",""General Fitness"",""Grip Strength"",""Gymnastics"",""Injury Prevention"",""Joint Health"",""Knee Health"",""Mobility"",""Mobility and Flexibility"",""Muscle Gain"",""Muscular Endurance"",""Posture Correction"",""Power"",""Rehabilitation"",""Rehabilitation and Joint Health"",""Shoulder Health"",""Shin Splint Relief"",""Sport Performance"",""Strength"",""Strength Preparation"",""Warm-up""]",Low,"[""Shoulder"", ""Neck""]","[""Severe shoulder impingement""]",Hold a kettlebell by the ''horns'' (sides of the handle) upside down in front of your chest.,"[""Keeping the kettlebell close to your body, slowly circle it around your head."", ""Keep your core braced so your torso does not sway."", ""Complete a full circle back to the chest, then reverse the direction.""]","[""Moving the head to get around the kettlebell instead of moving the arms"", ""Arching the lower back"", ""Using a weight that is too heavy""]","[""Keep the head still"", ""Trace the neckline"", ""Core tight""]",Breathe continuously throughout the circle.,"[""Half-Kneeling Halo"", ""Tall-Kneeling Halo""]","[""Lighter Load"", ""Plate Halo""]","[""Cuban Press"", ""Shoulder Dislocates (PVC)""]",3,"[""SRC_ACSM_2026_RT""]",Reviewed,2026-07-24
EX0141,Band Pull-Apart,"[""Resistance Band Pull-Apart""]",Resistance Training,Upper Body,Isolation,Horizontal Pull,Pull,Open Chain,Bilateral,"[""Resistance Band""]",Anterior,"[""Posterior Deltoid"", ""Rhomboids"", ""Middle Trapezius""]","[""Infraspinatus"", ""Teres Minor""]","[""Core""]","[""Transverse""]","[""Shoulder Horizontal Abduction"", ""Scapular Retraction""]",Full,Ascending,Shortened,Low,Beginner,1.5,1.5,1.5,1.5,1.5,1,4,"[""Athletic Performance"",""Balance"",""Conditioning"",""Coordination"",""Core Stability"",""Corrective Exercise"",""Fat Loss"",""Flexibility"",""General Fitness"",""Grip Strength"",""Gymnastics"",""Injury Prevention"",""Joint Health"",""Knee Health"",""Mobility"",""Mobility and Flexibility"",""Muscle Gain"",""Muscular Endurance"",""Posture Correction"",""Power"",""Rehabilitation"",""Rehabilitation and Joint Health"",""Shoulder Health"",""Shin Splint Relief"",""Sport Performance"",""Strength"",""Strength Preparation"",""Warm-up""]",Low,"[""Shoulder""]","[""None""]","Stand holding a resistance band in front of you with straight arms, hands shoulder-width apart. Overhand or underhand grip.","[""Keeping your arms straight, pull the band apart until it touches your chest."", ""Squeeze your shoulder blades together hard."", ""Slowly return to the starting position without letting the band lose all tension.""]","[""Shrugging the shoulders up to the ears"", ""Bending the elbows"", ""Arching the lower back""]","[""Shoulders down"", ""Pull from the upper back"", ""Snap it to the chest""]","Exhale while pulling apart, inhale while returning.","[""Thicker Band"", ""Double-looped band""]","[""Thinner Band"", ""Wider Grip""]","[""Face Pull"", ""Bent-Over Reverse Fly""]",2,"[""SRC_ACSM_2026_RT""]",Reviewed,2026-07-24
EX0142,Clamshell,"[""Side-Lying Hip Abduction""]",Bodyweight,Lower Body,Isolation,Hip Abduction,Push,Open Chain,Unilateral,"[""Mat"", ""Resistance Band (Optional)""]",Bodyweight,"[""Gluteus Medius"", ""Gluteus Minimus""]","[""Tensor Fasciae Latae""]","[""Core""]","[""Transverse""]","[""Hip External Rotation"", ""Hip Abduction""]",Partial,Constant,Shortened,Low,Beginner,1,1.5,1,1.5,2,1,4,"[""Athletic Performance"",""Balance"",""Conditioning"",""Coordination"",""Core Stability"",""Corrective Exercise"",""Fat Loss"",""Flexibility"",""General Fitness"",""Grip Strength"",""Gymnastics"",""Injury Prevention"",""Joint Health"",""Knee Health"",""Mobility"",""Mobility and Flexibility"",""Muscle Gain"",""Muscular Endurance"",""Posture Correction"",""Power"",""Rehabilitation"",""Rehabilitation and Joint Health"",""Shoulder Health"",""Shin Splint Relief"",""Sport Performance"",""Strength"",""Strength Preparation"",""Warm-up""]",Low,"[""Hip""]","[""None""]","Lie on your side with your hips and knees bent at 45 degrees, legs stacked. Rest your head on your lower arm.","[""Keeping your feet touching, raise your top knee as high as you can without rolling your pelvis backward."", ""Squeeze the side of your glute at the top."", ""Lower the knee slowly back down.""]","[""Rolling the hips backward to get the knee higher"", ""Moving the feet apart""]","[""Keep heels glued together"", ""Don't open the hips"", ""Squeeze the glute""]","Exhale while opening the knee, inhale while closing.","[""Banded Clamshell"", ""Side Plank Clamshell""]","[""Unresisted Clamshell""]","[""Machine Hip Abductor"", ""Lateral Band Walk""]",1.5,"[""SRC_ACSM_2026_RT""]",Reviewed,2026-07-24
EX0143,Glute Kickback Machine,"[""Machine Kickback""]",Resistance Training,Lower Body,Isolation,Hip Extension,Push,Closed Chain,Unilateral,"[""Glute Kickback Machine""]",Machine Guided,"[""Gluteus Maximus""]","[""Hamstrings""]","[""Core""]","[""Sagittal""]","[""Hip Extension""]",Full,Machine Dependent,Shortened,Low,Beginner,1.5,1.5,1.5,2,1.5,2,4.5,"[""Athletic Performance"",""Balance"",""Conditioning"",""Coordination"",""Core Stability"",""Corrective Exercise"",""Fat Loss"",""Flexibility"",""General Fitness"",""Grip Strength"",""Gymnastics"",""Injury Prevention"",""Joint Health"",""Knee Health"",""Mobility"",""Mobility and Flexibility"",""Muscle Gain"",""Muscular Endurance"",""Posture Correction"",""Power"",""Rehabilitation"",""Rehabilitation and Joint Health"",""Shoulder Health"",""Shin Splint Relief"",""Sport Performance"",""Strength"",""Strength Preparation"",""Warm-up""]",Low,"[""Lower Back"", ""Hip""]","[""Lumbar disc herniation""]",Adjust the chest pad and position yourself in the machine (standing or kneeling depending on the design). Place one foot on the push plate.,"[""Drive the plate backward by extending your hip."", ""Squeeze the glute forcefully at the end of the movement."", ""Slowly let the leg return to the starting position.""]","[""Arching the lower back to extend the leg further"", ""Using momentum"", ""Shortening the range of motion""]","[""Kick straight back"", ""Keep the lower back neutral"", ""Squeeze the glute""]","Exhale while kicking back, inhale while returning.","[""Pause Reps"", ""Heavier Load""]","[""Lighter Load""]","[""Cable Glute Kickback"", ""Donkey Kick""]",3,"[""SRC_ACSM_2026_RT""]",Reviewed,2026-07-24
EX0144,Landmine Squat,"[""Anterior Landmine Squat""]",Resistance Training,Lower Body,Compound,Squat,Push,Closed Chain,Bilateral,"[""Barbell"", ""Landmine""]",Anterior,"[""Quadriceps"", ""Gluteus Maximus""]","[""Hamstrings""]","[""Core"", ""Erector Spinae"", ""Shoulders""]","[""Sagittal""]","[""Hip Extension"", ""Knee Extension""]",Full,Ascending,Lengthened,Low,Beginner,2,2.5,2.5,2.5,3,3.5,4,"[""Athletic Performance"",""Balance"",""Conditioning"",""Coordination"",""Core Stability"",""Corrective Exercise"",""Fat Loss"",""Flexibility"",""General Fitness"",""Grip Strength"",""Gymnastics"",""Injury Prevention"",""Joint Health"",""Knee Health"",""Mobility"",""Mobility and Flexibility"",""Muscle Gain"",""Muscular Endurance"",""Posture Correction"",""Power"",""Rehabilitation"",""Rehabilitation and Joint Health"",""Shoulder Health"",""Shin Splint Relief"",""Sport Performance"",""Strength"",""Strength Preparation"",""Warm-up""]",Low,"[""Knee"", ""Lower Back""]","[""Patellofemoral pain""]","Stand holding the loaded end of a landmine barbell at chest height with both hands, fingers interlaced. Lean slightly forward into the bar.","[""Squat down by sitting your hips back and bending your knees."", ""Keep your chest up and core tight."", ""Drive through your feet to stand back up, pushing slightly into the bar.""]","[""Standing too far away and leaning too much"", ""Rounding the upper back"", ""Letting the knees cave in""]","[""Lean into the weight"", ""Chest up"", ""Drive through the floor""]","Inhale while descending, exhale while ascending.","[""Landmine Hack Squat (facing away)"", ""Heavier Load""]","[""Goblet Squat""]","[""Goblet Squat"", ""Front Squat""]",4,"[""SRC_ACSM_2026_RT""]",Reviewed,2026-07-24
EX0145,Wall Sit,"[""Isometric Wall Squat""]",Bodyweight,Lower Body,Isometric,Squat,Static,Closed Chain,Bilateral,"[""Wall""]",Bodyweight,"[""Quadriceps""]","[""Gluteus Maximus"", ""Calves""]","[""Core""]","[""Sagittal""]","[""Isometric Knee Extension"", ""Isometric Hip Extension""]",,Constant,Mid-Range,Low,Beginner,1,1,1,1.5,1,2,5,"[""Athletic Performance"",""Balance"",""Conditioning"",""Coordination"",""Core Stability"",""Corrective Exercise"",""Fat Loss"",""Flexibility"",""General Fitness"",""Grip Strength"",""Gymnastics"",""Injury Prevention"",""Joint Health"",""Knee Health"",""Mobility"",""Mobility and Flexibility"",""Muscle Gain"",""Muscular Endurance"",""Posture Correction"",""Power"",""Rehabilitation"",""Rehabilitation and Joint Health"",""Shoulder Health"",""Shin Splint Relief"",""Sport Performance"",""Strength"",""Strength Preparation"",""Warm-up""]",Low,"[""Knee""]","[""Acute knee pain""]",Stand with your back against a wall. Walk your feet out and slide down until your hips and knees are both at 90-degree angles.,"[""Keep your back flat against the wall and your weight in your heels."", ""Hold this seated position for the desired amount of time."", ""Do not rest your hands on your thighs.""]","[""Not sinking down to 90 degrees"", ""Resting hands on the legs to cheat"", ""Sliding feet too close to the wall (knees over toes awkwardly)""]","[""Back flat"", ""90 degrees"", ""Push through the heels""]",Breathe continuously and evenly.,"[""Weighted Wall Sit"", ""Single-Leg Wall Sit""]","[""Shallower angle (not 90 degrees)""]","[""Isometric Squat Hold"", ""Leg Extension (Isometric)""]",3,"[""SRC_ACSM_2026_RT""]",Reviewed,2026-07-24
EX0146,Trap Bar Shrug,"[""Hex Bar Shrug""]",Resistance Training,Upper Body,Isolation,Scapular Elevation,Pull,Closed Chain,Bilateral,"[""Trap Bar"", ""Weight Plates""]",Lateral,"[""Upper Trapezius""]","[""Levator Scapulae""]","[""Core"", ""Forearms""]","[""Frontal""]","[""Scapular Elevation""]",Partial,Ascending,Shortened,Moderate,Intermediate,1.5,2,2.5,2,1.5,3,4.5,"[""Athletic Performance"",""Balance"",""Conditioning"",""Coordination"",""Core Stability"",""Corrective Exercise"",""Fat Loss"",""Flexibility"",""General Fitness"",""Grip Strength"",""Gymnastics"",""Injury Prevention"",""Joint Health"",""Knee Health"",""Mobility"",""Mobility and Flexibility"",""Muscle Gain"",""Muscular Endurance"",""Posture Correction"",""Power"",""Rehabilitation"",""Rehabilitation and Joint Health"",""Shoulder Health"",""Shin Splint Relief"",""Sport Performance"",""Strength"",""Strength Preparation"",""Warm-up""]",Low,"[""Neck"", ""Lower Back""]","[""Cervical spine pain""]",Stand inside a trap bar and deadlift it up to a standing position.,"[""Keeping your arms perfectly straight, shrug your shoulders straight up toward your ears."", ""Hold the contraction at the top."", ""Lower the bar back to a full stretch without bending your arms or rounding your back.""]","[""Rolling the shoulders"", ""Bending the elbows to cheat"", ""Using leg drive""]","[""Shrug straight up"", ""Keep arms locked"", ""Hold the squeeze""]","Exhale while shrugging, inhale while lowering.","[""Pause Shrugs"", ""Heavier Load""]","[""Dumbbell Shrug""]","[""Barbell Shrug"", ""Dumbbell Shrug""]",3.5,"[""SRC_ACSM_2026_RT""]",Reviewed,2026-07-24
EX0147,Standing Cable Crunch,"[""Standing Ab Pulldown""]",Resistance Training,Core,Isolation,Trunk Flexion,Pull,Open Chain,Bilateral,"[""Cable Machine"", ""Rope Attachment""]",Overhead,"[""Rectus Abdominis""]","[""Obliques""]","[""Latissimus Dorsi"", ""Hip Flexors""]","[""Sagittal""]","[""Spinal Flexion""]",Full,Constant,Shortened,Low,Intermediate,2.5,2.5,2.5,2,2,2,4,"[""Athletic Performance"",""Balance"",""Conditioning"",""Coordination"",""Core Stability"",""Corrective Exercise"",""Fat Loss"",""Flexibility"",""General Fitness"",""Grip Strength"",""Gymnastics"",""Injury Prevention"",""Joint Health"",""Knee Health"",""Mobility"",""Mobility and Flexibility"",""Muscle Gain"",""Muscular Endurance"",""Posture Correction"",""Power"",""Rehabilitation"",""Rehabilitation and Joint Health"",""Shoulder Health"",""Shin Splint Relief"",""Sport Performance"",""Strength"",""Strength Preparation"",""Warm-up""]",Low,"[""Lower Back""]","[""Lumbar disc herniation""]","Attach a rope to a high pulley. Stand facing away from the machine, holding the rope ends behind your neck.","[""Hinge slightly at the hips to start."", ""Flex your spine, crunching your torso down and bringing your elbows toward your knees."", ""Slowly return to the starting position without hyperextending your back.""]","[""Pulling with the arms instead of the abs"", ""Flexing at the hips instead of the spine"", ""Arching the lower back on the return""]","[""Crunch ribs to pelvis"", ""Keep hips stationary"", ""Control the negative""]","Exhale while crunching down, inhale while returning.","[""Heavier Load"", ""Kneeling Cable Crunch""]","[""Machine Crunch""]","[""Kneeling Cable Crunch"", ""Decline Crunch""]",2.5,"[""SRC_ACSM_2026_RT""]",Reviewed,2026-07-24
EX0148,Dumbbell Snatch,"[""Single-Arm Dumbbell Snatch""]",Resistance Training,Total Body,Compound,Total Body Integration,Pull,Closed Chain,Unilateral,"[""Dumbbell""]",Anterior,"[""Gluteus Maximus"", ""Hamstrings""]","[""Quadriceps"", ""Erector Spinae"", ""Shoulders (Deltoids)"", ""Trapezius""]","[""Core"", ""Rotator Cuff""]","[""Sagittal""]","[""Hip Extension"", ""Knee Extension"", ""Shoulder Flexion"", ""Elbow Extension""]",Full,Ascending,Mid-Range,Moderate,Intermediate,4,4,3.5,3.5,3.5,5,3.5,"[""Athletic Performance"",""Balance"",""Conditioning"",""Coordination"",""Core Stability"",""Corrective Exercise"",""Fat Loss"",""Flexibility"",""General Fitness"",""Grip Strength"",""Gymnastics"",""Injury Prevention"",""Joint Health"",""Knee Health"",""Mobility"",""Mobility and Flexibility"",""Muscle Gain"",""Muscular Endurance"",""Posture Correction"",""Power"",""Rehabilitation"",""Rehabilitation and Joint Health"",""Shoulder Health"",""Shin Splint Relief"",""Sport Performance"",""Strength"",""Strength Preparation"",""Warm-up""]",Moderate,"[""Shoulder"", ""Lower Back""]","[""Shoulder impingement"", ""Acute low back pain""]","Stand with feet wider than shoulder-width, a dumbbell on the floor between your feet. Hinge down and grab it with one hand.","[""Explosively extend your hips, knees, and ankles."", ""As the dumbbell flies upward, pull it close to your body and quickly punch your hand under it to catch it overhead with a straight arm."", ""Lower the dumbbell safely back to the floor.""]","[""Pressing the weight out instead of using momentum"", ""Letting the dumbbell swing far away from the body"", ""Rounding the lower back""]","[""Jump the weight up"", ""Keep it close like zipping a jacket"", ""Punch the ceiling""]","Inhale before the pull, exhale as you punch overhead.","[""Barbell Snatch"", ""Kettlebell Snatch""]","[""Dumbbell Clean"", ""Dumbbell High Pull""]","[""Kettlebell Snatch"", ""Kettlebell Swing""]",6,"[""SRC_NCSA_TECHNIQUE""]",Reviewed,2026-07-24
EX0149,Donkey Kick,"[""Quadruped Hip Extension""]",Bodyweight,Lower Body,Isolation,Hip Extension,Push,Closed Chain,Unilateral,"[""Mat""]",Bodyweight,"[""Gluteus Maximus""]","[""Hamstrings""]","[""Core""]","[""Sagittal""]","[""Hip Extension""]",Partial,Constant,Shortened,Low,Beginner,1.5,2,2.5,2,2,1.5,3.5,"[""Athletic Performance"",""Balance"",""Conditioning"",""Coordination"",""Core Stability"",""Corrective Exercise"",""Fat Loss"",""Flexibility"",""General Fitness"",""Grip Strength"",""Gymnastics"",""Injury Prevention"",""Joint Health"",""Knee Health"",""Mobility"",""Mobility and Flexibility"",""Muscle Gain"",""Muscular Endurance"",""Posture Correction"",""Power"",""Rehabilitation"",""Rehabilitation and Joint Health"",""Shoulder Health"",""Shin Splint Relief"",""Sport Performance"",""Strength"",""Strength Preparation"",""Warm-up""]",Low,"[""Lower Back"", ""Wrist""]","[""Wrist pain""]","Get on all fours on a mat, hands under shoulders and knees under hips. Keep your back flat.","[""Keeping your right knee bent at 90 degrees, lift your right leg and press your heel toward the ceiling."", ""Squeeze your glute at the top of the movement."", ""Lower the knee back down without letting it touch the ground.""]","[""Arching the lower back to get the leg higher"", ""Straightening the leg"", ""Rotating the hips""]","[""Keep the core tight"", ""Press the heel to the ceiling"", ""Squeeze the glute""]","Exhale while lifting the leg, inhale while lowering.","[""Banded Donkey Kick"", ""Smith Machine Donkey Kick""]","[""Standing Hip Extension""]","[""Cable Glute Kickback"", ""Glute Bridge""]",2,"[""SRC_ACSM_2026_RT""]",Reviewed,2026-07-24
EX0150,Wrist Roller,"[""Forearm Roller""]",Resistance Training,Upper Body,Isolation,Wrist Flexion,Pull,Open Chain,Bilateral,"[""Wrist Roller Device"", ""Weight Plates""]",Anterior,"[""Forearm Flexors"", ""Forearm Extensors""]","[""Anterior Deltoid (Isometric hold)""]","[""Core""]","[""Sagittal""]","[""Wrist Flexion"", ""Wrist Extension""]",Full,Constant,Mid-Range,Low,Beginner,1.5,2,1,1.5,1,2,5,"[""Athletic Performance"",""Balance"",""Conditioning"",""Coordination"",""Core Stability"",""Corrective Exercise"",""Fat Loss"",""Flexibility"",""General Fitness"",""Grip Strength"",""Gymnastics"",""Injury Prevention"",""Joint Health"",""Knee Health"",""Mobility"",""Mobility and Flexibility"",""Muscle Gain"",""Muscular Endurance"",""Posture Correction"",""Power"",""Rehabilitation"",""Rehabilitation and Joint Health"",""Shoulder Health"",""Shin Splint Relief"",""Sport Performance"",""Strength"",""Strength Preparation"",""Warm-up""]",Low,"[""Wrist"", ""Shoulder""]","[""Carpal tunnel syndrome""]",Hold a wrist roller device with both hands straight out in front of you at shoulder height (or resting on a rack).,"[""Roll the weight up by alternately flexing/extending your wrists, winding the rope around the dowel."", ""Once the weight reaches the top, slowly unroll it back down under control."", ""Repeat by rolling in the opposite direction (flexion vs extension).""]","[""Letting the weight free-fall on the way down"", ""Dropping the arms because the shoulders get tired"", ""Using momentum""]","[""Roll deliberately"", ""Control the negative"", ""Keep arms parallel to the floor""]",Breathe continuously.,"[""Heavier Weight"", ""Thicker Handle""]","[""Rest arms on a rack to eliminate shoulder fatigue"", ""Lighter Weight""]","[""Barbell Wrist Curl"", ""Reverse Wrist Curl""]",3,"[""SRC_ACSM_2026_RT""]",Reviewed,2026-07-24
EX0151,Slider Leg Curl,"[""Valslide Leg Curl"", ""Glute Bridge Curl""]",Bodyweight,Lower Body,Isolation,Knee Flexion,Pull,Closed Chain,Bilateral,"[""Sliders"", ""Towels""]",Bodyweight,"[""Hamstrings""]","[""Gluteus Maximus"", ""Gastrocnemius""]","[""Core"", ""Erector Spinae""]","[""Sagittal""]","[""Knee Flexion"", ""Hip Extension""]",Full,Ascending,Shortened,Low,Intermediate,3,3,2.5,2.5,3.5,3.5,3,"[""Athletic Performance"",""Balance"",""Conditioning"",""Coordination"",""Core Stability"",""Corrective Exercise"",""Fat Loss"",""Flexibility"",""General Fitness"",""Grip Strength"",""Gymnastics"",""Injury Prevention"",""Joint Health"",""Knee Health"",""Mobility"",""Mobility and Flexibility"",""Muscle Gain"",""Muscular Endurance"",""Posture Correction"",""Power"",""Rehabilitation"",""Rehabilitation and Joint Health"",""Shoulder Health"",""Shin Splint Relief"",""Sport Performance"",""Strength"",""Strength Preparation"",""Warm-up""]",Low,"[""Knee""]","[""Acute hamstring strain""]","Lie on your back with your knees bent, feet flat on the sliders/towels. Bridge your hips up.","[""Keeping your hips bridged high, slowly slide your feet out until your legs are nearly straight."", ""Dig your heels into the sliders and pull your feet back toward your glutes."", ""Maintain the hip bridge throughout the entire movement.""]","[""Letting the hips sag toward the floor as the legs extend"", ""Pulling with only one leg"", ""Not fully extending the legs""]","[""Keep hips high"", ""Dig heels down"", ""Control the slide out""]","Inhale as you slide out, exhale as you curl back.","[""Single-Leg Slider Curl"", ""Weighted Slider Curl""]","[""Eccentric-Only Slider Curl"", ""Swiss Ball Leg Curl""]","[""Lying Leg Curl"", ""Nordic Hamstring Curl""]",3.5,"[""SRC_ACSM_2026_RT""]",Reviewed,2026-07-24
EX0152,Cross-Body Cable Triceps Extension,"[""Katana Extension""]",Resistance Training,Upper Body,Isolation,Elbow Extension,Push,Open Chain,Unilateral,"[""Cable Machine""]",Anterior,"[""Triceps Brachii""]","[""Anconeus""]","[""Core"", ""Posterior Deltoid""]","[""Frontal""]","[""Elbow Extension""]",Full,Constant,Lengthened,Low,Intermediate,2.5,2,2,1.5,2,4.5,3,"[""Athletic Performance"",""Balance"",""Conditioning"",""Coordination"",""Core Stability"",""Corrective Exercise"",""Fat Loss"",""Flexibility"",""General Fitness"",""Grip Strength"",""Gymnastics"",""Injury Prevention"",""Joint Health"",""Knee Health"",""Mobility"",""Mobility and Flexibility"",""Muscle Gain"",""Muscular Endurance"",""Posture Correction"",""Power"",""Rehabilitation"",""Rehabilitation and Joint Health"",""Shoulder Health"",""Shin Splint Relief"",""Sport Performance"",""Strength"",""Strength Preparation"",""Warm-up""]",Low,"[""Elbow""]","[""Elbow tendinopathy""]","Set a cable pulley to chest/shoulder height. Stand sideways to the machine, reaching across your torso to grab the cable (no attachment needed, grab the ball/stopper).","[""Keep your upper arm pinned to your side or slightly elevated."", ""Extend your elbow across your body until your arm is fully straight."", ""Squeeze the triceps and slowly return to the stretched position across your chest.""]","[""Moving the upper arm"", ""Using torso rotation to pull the weight"", ""Standing too close and losing tension""]","[""Pin the elbow"", ""Kick out to the side"", ""Full stretch across chest""]","Exhale while extending, inhale while returning.","[""Heavier Load"", ""Bilateral Cross-Body Extension (Dual Cables)""]","[""Cable Triceps Pushdown""]","[""Overhead Triceps Extension"", ""Dumbbell Kickback""]",2,"[""SRC_ACSM_2026_RT""]",Reviewed,2026-07-24
EX0153,Low-to-High Cable Woodchopper,"[""Reverse Woodchop""]",Resistance Training,Core,Compound,Trunk Rotation,Pull,Open Chain,Unilateral,"[""Cable Machine"", ""D-Handle""]",Lateral,"[""Obliques""]","[""Rectus Abdominis"", ""Transverse Abdominis""]","[""Gluteus Maximus"", ""Shoulders"", ""Erector Spinae""]","[""Transverse"", ""Frontal""]","[""Spinal Rotation"", ""Shoulder Flexion""]",Full,Constant,Mid-Range,Low,Intermediate,3,3.5,3.5,2.5,3,2.5,3.5,"[""Athletic Performance"",""Balance"",""Conditioning"",""Coordination"",""Core Stability"",""Corrective Exercise"",""Fat Loss"",""Flexibility"",""General Fitness"",""Grip Strength"",""Gymnastics"",""Injury Prevention"",""Joint Health"",""Knee Health"",""Mobility"",""Mobility and Flexibility"",""Muscle Gain"",""Muscular Endurance"",""Posture Correction"",""Power"",""Rehabilitation"",""Rehabilitation and Joint Health"",""Shoulder Health"",""Shin Splint Relief"",""Sport Performance"",""Strength"",""Strength Preparation"",""Warm-up""]",Moderate,"[""Lower Back"", ""Shoulder""]","[""Lumbar disc herniation""]","Set a cable pulley to the lowest position. Stand sideways to the machine, hinge slightly, and grab the handle with both hands.","[""Keeping your arms relatively straight, pull the handle diagonally upward and across your body."", ""Pivot your back foot and rotate your torso."", ""Slowly reverse the motion back to the low starting point.""]","[""Using only the arms (front raise) instead of rotating"", ""Keeping feet planted firmly without pivoting"", ""Jerking the cable""]","[""Rotate from the core"", ""Pivot the back foot"", ""Eyes follow the hands""]","Exhale while chopping up, inhale while returning.","[""Heavy Low-to-High Woodchop"", ""Medicine Ball Toss""]","[""High-to-Low Woodchop (easier on lower back)""]","[""Russian Twist"", ""Landmine Rotation""]",3.5,"[""SRC_ACSM_2026_RT""]",Reviewed,2026-07-24
EX0154,Medicine Ball Slam,"[""Med Ball Slam"", ""Ball Slam""]",Resistance Training,Total Body,Compound,Trunk Flexion,Pull,Open Chain,Bilateral,"[""Medicine Ball""]",Overhead,"[""Latissimus Dorsi"", ""Rectus Abdominis""]","[""Gluteus Maximus"", ""Hamstrings"", ""Triceps Brachii"", ""Anterior Deltoid""]","[""Core""]","[""Sagittal""]","[""Shoulder Extension"", ""Spinal Flexion"", ""Hip Extension"", ""Hip Flexion""]",Full,Variable,Mid-Range,Moderate,Beginner,2,3,2.5,4,4,2,3,"[""Athletic Performance"",""Balance"",""Conditioning"",""Coordination"",""Core Stability"",""Corrective Exercise"",""Fat Loss"",""Flexibility"",""General Fitness"",""Grip Strength"",""Gymnastics"",""Injury Prevention"",""Joint Health"",""Knee Health"",""Mobility"",""Mobility and Flexibility"",""Muscle Gain"",""Muscular Endurance"",""Posture Correction"",""Power"",""Rehabilitation"",""Rehabilitation and Joint Health"",""Shoulder Health"",""Shin Splint Relief"",""Sport Performance"",""Strength"",""Strength Preparation"",""Warm-up""]",Low,"[""Shoulder"", ""Lower Back""]","[""Severe lower back pain""]","Stand with feet shoulder-width apart, holding a non-bouncing medicine ball.","[""Reach the ball high overhead, extending your hips and coming up onto your toes."", ""Explosively throw the ball straight down into the floor, hinging at the hips and crunching your abs."", ""Catch the ball on the bounce or pick it up to repeat.""]","[""Arching the back excessively at the top"", ""Throwing with just the arms instead of using the core"", ""Using a bouncy ball and getting hit in the face""]","[""Reach tall"", ""Slam with the abs"", ""Follow through with the hips""]","Inhale as you reach up, exhale forcefully as you slam.","[""Heavier Ball"", ""Rotational Med Ball Slam""]","[""Kettlebell Swing"", ""Cable Crunch""]","[""Cable Woodchopper"", ""Battle Ropes""]",6,"[""SRC_NCSA_TECHNIQUE""]",Reviewed,2026-07-24
EX0155,Kettlebell Clean,"[""KB Clean""]",Resistance Training,Total Body,Compound,Hinge,Pull,Closed Chain,Unilateral,"[""Kettlebell""]",Anterior,"[""Gluteus Maximus"", ""Hamstrings""]","[""Quadriceps"", ""Erector Spinae"", ""Trapezius""]","[""Core"", ""Rotator Cuff""]","[""Sagittal""]","[""Hip Extension"", ""Knee Extension"", ""Elbow Flexion""]",Full,Variable,Mid-Range,Moderate,Intermediate,3.5,3.5,3,3,3.5,3.5,4,"[""Athletic Performance"",""Balance"",""Conditioning"",""Coordination"",""Core Stability"",""Corrective Exercise"",""Fat Loss"",""Flexibility"",""General Fitness"",""Grip Strength"",""Gymnastics"",""Injury Prevention"",""Joint Health"",""Knee Health"",""Mobility"",""Mobility and Flexibility"",""Muscle Gain"",""Muscular Endurance"",""Posture Correction"",""Power"",""Rehabilitation"",""Rehabilitation and Joint Health"",""Shoulder Health"",""Shin Splint Relief"",""Sport Performance"",""Strength"",""Strength Preparation"",""Warm-up""]",Moderate,"[""Wrist"", ""Lower Back"", ""Shoulder""]","[""Wrist pain""]",Stand over a kettlebell. Hinge down and grip the handle with one hand.,"[""Swing the kettlebell back between your legs to generate momentum."", ""Explosively drive your hips forward and pull the kettlebell upward."", ""Keep the bell close to your body and quickly rotate your wrist to catch the kettlebell softly in the rack position at your chest."", ""Drop it back down into the swing.""]","[""Casting the kettlebell out away from the body"", ""Letting it slam painfully into the forearm"", ""Curling the weight instead of using hip power""]","[""Zip the jacket"", ""Snap the hips"", ""Catch softly in the rack""]","Inhale on the drop, exhale on the catch.","[""Double Kettlebell Clean"", ""Kettlebell Clean and Press""]","[""Kettlebell Swing"", ""Kettlebell High Pull""]","[""Dumbbell Clean"", ""Barbell Power Clean""]",5.5,"[""SRC_NCSA_TECHNIQUE""]",Reviewed,2026-07-24
EX0156,Kettlebell Windmill,"[""Windmill""]",Resistance Training,Core,Compound,Trunk Rotation,Static,Closed Chain,Unilateral,"[""Kettlebell""]",Overhead,"[""Obliques"", ""Core""]","[""Shoulders (Deltoids)"", ""Gluteus Maximus"", ""Hamstrings""]","[""Rotator Cuff""]","[""Frontal"", ""Transverse""]","[""Spinal Lateral Flexion"", ""Spinal Rotation"", ""Isometric Shoulder Flexion""]",Full,Constant,Lengthened,Moderate,Advanced,4.5,4,4.5,3,4,2,3,"[""Athletic Performance"",""Balance"",""Conditioning"",""Coordination"",""Core Stability"",""Corrective Exercise"",""Fat Loss"",""Flexibility"",""General Fitness"",""Grip Strength"",""Gymnastics"",""Injury Prevention"",""Joint Health"",""Knee Health"",""Mobility"",""Mobility and Flexibility"",""Muscle Gain"",""Muscular Endurance"",""Posture Correction"",""Power"",""Rehabilitation"",""Rehabilitation and Joint Health"",""Shoulder Health"",""Shin Splint Relief"",""Sport Performance"",""Strength"",""Strength Preparation"",""Warm-up""]",High,"[""Shoulder"", ""Lower Back""]","[""Shoulder instability"", ""Lumbar disc issues""]",Press a kettlebell overhead with your right arm. Point both feet 45 degrees to the left. Keep your right leg perfectly straight.,"[""Looking up at the kettlebell, push your right hip out to the side."", ""Hinge at the hips and slide your left hand down your left leg toward the floor."", ""Go as low as your mobility allows without bending the right knee."", ""Squeeze your glutes and core to stand back up.""]","[""Bending the knee of the loaded side"", ""Taking your eyes off the kettlebell"", ""Rounding the lower back""]","[""Eyes on the bell"", ""Push the hip out"", ""Keep the loaded arm vertical""]","Inhale as you lower, exhale as you stand.","[""Heavier Load"", ""Double Kettlebell Windmill""]","[""Unweighted Windmill"", ""Half Windmill""]","[""Turkish Get-Up"", ""Overhead Squat""]",3.5,"[""SRC_NCSA_TECHNIQUE""]",Reviewed,2026-07-24
EX0157,B-Stance Barbell Hip Thrust,"[""Staggered Stance Hip Thrust""]",Resistance Training,Lower Body,Compound,Hip Extension,Push,Closed Chain,Unilateral,"[""Barbell"", ""Bench""]",Anterior,"[""Gluteus Maximus""]","[""Hamstrings"", ""Quadriceps""]","[""Core""]","[""Sagittal""]","[""Hip Extension""]",Partial,Ascending,Shortened,Low,Intermediate,3,3.5,3.5,3,3,4.5,4,"[""Athletic Performance"",""Balance"",""Conditioning"",""Coordination"",""Core Stability"",""Corrective Exercise"",""Fat Loss"",""Flexibility"",""General Fitness"",""Grip Strength"",""Gymnastics"",""Injury Prevention"",""Joint Health"",""Knee Health"",""Mobility"",""Mobility and Flexibility"",""Muscle Gain"",""Muscular Endurance"",""Posture Correction"",""Power"",""Rehabilitation"",""Rehabilitation and Joint Health"",""Shoulder Health"",""Shin Splint Relief"",""Sport Performance"",""Strength"",""Strength Preparation"",""Warm-up""]",Low,"[""Lower Back"", ""Pelvis""]","[""Pelvic floor dysfunction""]","Set up exactly like a standard barbell hip thrust. Stagger your feet: keep the working foot flat on the floor, and step the non-working foot slightly forward, resting only on the heel/toes for balance.","[""Drive through the heel of the working leg to thrust the barbell upward."", ""The staggered foot should provide only 10-20% of the effort for balance."", ""Squeeze the glute of the working leg hard at the top."", ""Lower under control.""]","[""Using both legs equally"", ""Twisting the hips/pelvis"", ""Hyperextending the lower back""]","[""80/20 weight distribution"", ""Drive through the working heel"", ""Keep hips square""]","Inhale before the thrust, exhale at the top.","[""True Single-Leg Hip Thrust"", ""Heavier Load""]","[""Standard Bilateral Hip Thrust""]","[""Single-Leg Glute Bridge"", ""Bulgarian Split Squat""]",4,"[""SRC_ACSM_2026_RT""]",Reviewed,2026-07-24
EX0158,Dumbbell Lateral Raise,"[""Standing Lateral Raise"", ""Side Delt Raise""]",Resistance Training,Upper Body,Isolation,Vertical Push,Push,Open Chain,Bilateral,"[""Dumbbell""]",Lateral,"[""Lateral Deltoid""]","[""Anterior Deltoid"", ""Supraspinatus""]","[""Core"", ""Trapezius""]","[""Frontal""]","[""Shoulder Abduction""]",Full,Ascending,Shortened,Low,Beginner,1.5,1.5,2,1.5,1.5,2,4.5,"[""Athletic Performance"",""Balance"",""Conditioning"",""Coordination"",""Core Stability"",""Corrective Exercise"",""Fat Loss"",""Flexibility"",""General Fitness"",""Grip Strength"",""Gymnastics"",""Injury Prevention"",""Joint Health"",""Knee Health"",""Mobility"",""Mobility and Flexibility"",""Muscle Gain"",""Muscular Endurance"",""Posture Correction"",""Power"",""Rehabilitation"",""Rehabilitation and Joint Health"",""Shoulder Health"",""Shin Splint Relief"",""Sport Performance"",""Strength"",""Strength Preparation"",""Warm-up""]",Low,"[""Shoulder""]","[""Shoulder impingement""]",Stand tall holding a pair of dumbbells by your sides with a neutral grip.,"[""With a slight bend in your elbows, raise the dumbbells out to the sides until your arms are parallel to the floor."", ""Pour the water out of the pitchers slightly at the top (internally rotate wrists)."", ""Lower the dumbbells slowly back to the starting position.""]","[""Using momentum by swinging the torso"", ""Shrugging the traps to lift the weight"", ""Raising the weights above shoulder level""]","[""Lead with the pinkies"", ""Keep shoulders depressed"", ""Control the negative""]","Exhale while raising, inhale while lowering.","[""Seated Dumbbell Lateral Raise"", ""Heavy Partial Lateral Raise""]","[""Lighter Load""]","[""Cable Lateral Raise"", ""Machine Lateral Raise""]",2,"[""SRC_ACSM_2026_RT""]",Reviewed,2026-07-24
EX0159,Single-Leg Standing Calf Raise,"[""One-Leg Calf Raise""]",Resistance Training,Lower Body,Isolation,Ankle Plantarflexion,Push,Closed Chain,Unilateral,"[""Dumbbell"", ""Calf Block""]",Lateral,"[""Gastrocnemius""]","[""Soleus""]","[""Core"", ""Gluteus Medius""]","[""Sagittal""]","[""Ankle Plantarflexion""]",Full,Ascending,Mid-Range,Low,Intermediate,2,2.5,3.5,2,2.5,2,4.5,"[""Athletic Performance"",""Balance"",""Conditioning"",""Coordination"",""Core Stability"",""Corrective Exercise"",""Fat Loss"",""Flexibility"",""General Fitness"",""Grip Strength"",""Gymnastics"",""Injury Prevention"",""Joint Health"",""Knee Health"",""Mobility"",""Mobility and Flexibility"",""Muscle Gain"",""Muscular Endurance"",""Posture Correction"",""Power"",""Rehabilitation"",""Rehabilitation and Joint Health"",""Shoulder Health"",""Shin Splint Relief"",""Sport Performance"",""Strength"",""Strength Preparation"",""Warm-up""]",Low,"[""Ankle"", ""Achilles Tendon""]","[""Achilles tendinopathy""]","Stand on the edge of a block or step with one foot. Hold a dumbbell in the same-side hand, and hold onto a wall/rack with the other hand for balance. Tuck the non-working leg behind you.","[""Lower your heel as far as possible to stretch the calf."", ""Push through the ball of your foot to raise your heel as high as possible."", ""Squeeze the calf at the peak.""]","[""Bouncing at the bottom"", ""Bending the knee to assist"", ""Not going through a full range of motion""]","[""Deep stretch"", ""Drive through the big toe"", ""Lock the knee""]","Exhale while raising, inhale while lowering.","[""Weighted Vest Single-Leg Calf Raise"", ""Pause Reps""]","[""Bilateral Standing Calf Raise""]","[""Machine Standing Calf Raise"", ""Leg Press Calf Raise""]",2.5,"[""SRC_ACSM_2026_RT""]",Reviewed,2026-07-24
EX0160,Reverse Crunch,"[""Lying Reverse Crunch""]",Bodyweight,Core,Isolation,Trunk Flexion,Pull,Open Chain,Bilateral,"[""Mat""]",Bodyweight,"[""Rectus Abdominis""]","[""Obliques"", ""Hip Flexors""]","[""None""]","[""Sagittal""]","[""Spinal Flexion"", ""Hip Flexion""]",Full,Ascending,Shortened,Low,Beginner,2,2,1.5,1.5,1,1.5,4,"[""Athletic Performance"",""Balance"",""Conditioning"",""Coordination"",""Core Stability"",""Corrective Exercise"",""Fat Loss"",""Flexibility"",""General Fitness"",""Grip Strength"",""Gymnastics"",""Injury Prevention"",""Joint Health"",""Knee Health"",""Mobility"",""Mobility and Flexibility"",""Muscle Gain"",""Muscular Endurance"",""Posture Correction"",""Power"",""Rehabilitation"",""Rehabilitation and Joint Health"",""Shoulder Health"",""Shin Splint Relief"",""Sport Performance"",""Strength"",""Strength Preparation"",""Warm-up""]",Low,"[""Lower Back""]","[""Lumbar disc herniation""]",Lie on your back on a mat. Bend your knees to 90 degrees and lift your feet off the floor. Place your hands by your sides or hold onto a heavy object behind your head.,"[""Contract your abs to curl your hips off the floor, bringing your knees toward your chest."", ""Squeeze the abs hard at the top."", ""Slowly lower your hips back to the floor without letting your lower back arch.""]","[""Using momentum by kicking the legs"", ""Not lifting the pelvis off the floor (only moving the hips)"", ""Letting the lower back arch at the bottom""]","[""Curl the pelvis up"", ""Don't swing the legs"", ""Control the descent""]","Exhale while curling up, inhale while lowering.","[""Decline Reverse Crunch"", ""Dragon Flag""]","[""Lying Leg Raise (partial)""]","[""Hanging Knee Raise"", ""Cable Crunch""]",3,"[""SRC_ACSM_2026_RT""]",Reviewed,2026-07-24
EX0161,Hanging Windshield Wiper,"[""Windshield Wipers""]",Bodyweight,Core,Compound,Trunk Rotation,Pull,Closed Chain,Bilateral,"[""Pull-up Bar""]",,"[""Obliques"", ""Rectus Abdominis""]","[""Hip Flexors (Iliopsoas, Rectus Femoris)""]","[""Latissimus Dorsi"", ""Forearms"", ""Shoulders""]","[""Transverse"", ""Frontal""]","[""Spinal Rotation"", ""Isometric Hip Flexion""]",Full,Constant,Mid-Range,Low,Advanced,4.5,4,4,3.5,4,4,4.5,"[""Athletic Performance"",""Balance"",""Conditioning"",""Coordination"",""Core Stability"",""Corrective Exercise"",""Fat Loss"",""Flexibility"",""General Fitness"",""Grip Strength"",""Gymnastics"",""Injury Prevention"",""Joint Health"",""Knee Health"",""Mobility"",""Mobility and Flexibility"",""Muscle Gain"",""Muscular Endurance"",""Posture Correction"",""Power"",""Rehabilitation"",""Rehabilitation and Joint Health"",""Shoulder Health"",""Shin Splint Relief"",""Sport Performance"",""Strength"",""Strength Preparation"",""Warm-up""]",High,"[""Lower Back"", ""Shoulder""]","[""Shoulder impingement"", ""Lumbar disc issues""]",Hang from a pull-up bar. Lift your legs straight up until your feet are near the bar (pike position).,"[""Keeping your legs perfectly straight and pressed together, rotate your hips to sweep your legs to the right side like a windshield wiper."", ""Control the momentum, then sweep them all the way across to the left side."", ""Maintain tension in your lats and core to avoid swinging wildly.""]","[""Bending the knees"", ""Dropping the legs out of the pike position"", ""Losing shoulder stability""]","[""Lock the elbows"", ""Glue the legs together"", ""Rotate from the core""]",Breathe shallowly but continuously during the movement.,"[""Ankle Weights""]","[""Floor Windshield Wipers (lying on back)"", ""Hanging Knee Wipers""]","[""Russian Twist"", ""Cable Woodchopper""]",4.5,"[""SRC_NCSA_TECHNIQUE""]",Reviewed,2026-07-24
EX0162,Swiss Ball Crunch,"[""Stability Ball Crunch""]",Bodyweight,Core,Isolation,Trunk Flexion,Pull,Open Chain,Bilateral,"[""Swiss Ball""]",Bodyweight,"[""Rectus Abdominis""]","[""Obliques""]","[""Core"", ""Gluteus Maximus""]","[""Sagittal""]","[""Spinal Flexion""]",Full,Ascending,Lengthened,Low,Beginner,1.5,2.5,3,1.5,1.5,1.5,4,"[""Athletic Performance"",""Balance"",""Conditioning"",""Coordination"",""Core Stability"",""Corrective Exercise"",""Fat Loss"",""Flexibility"",""General Fitness"",""Grip Strength"",""Gymnastics"",""Injury Prevention"",""Joint Health"",""Knee Health"",""Mobility"",""Mobility and Flexibility"",""Muscle Gain"",""Muscular Endurance"",""Posture Correction"",""Power"",""Rehabilitation"",""Rehabilitation and Joint Health"",""Shoulder Health"",""Shin Splint Relief"",""Sport Performance"",""Strength"",""Strength Preparation"",""Warm-up""]",Low,"[""Lower Back""]","[""None""]","Sit on a Swiss ball, then walk your feet forward and roll down until your lower and mid-back are supported by the curve of the ball. Plant feet firmly.","[""With hands behind your head or crossed on your chest, stretch your abs over the contour of the ball."", ""Contract your abs to crunch your torso upward."", ""Slowly lower back down, feeling a deep stretch in the abdominals.""]","[""Pulling the neck forward"", ""Rolling the ball instead of crunching the spine"", ""Not getting a full stretch at the bottom""]","[""Stretch over the ball"", ""Crunch the ribs down"", ""Keep the ball perfectly still""]","Exhale while crunching, inhale while stretching.","[""Weighted Swiss Ball Crunch"", ""Swiss Ball Russian Twist""]","[""Floor Crunch""]","[""Decline Crunch"", ""Cable Crunch""]",2.5,"[""SRC_ACSM_2026_RT""]",Reviewed,2026-07-24
EX0163,Batwing Row,"[""Chest-Supported Isometric Row""]",Resistance Training,Upper Body,Isolation,Horizontal Pull,Pull,Open Chain,Bilateral,"[""Dumbbell"", ""Incline Bench""]",Anterior,"[""Rhomboids"", ""Middle Trapezius""]","[""Latissimus Dorsi"", ""Posterior Deltoid"", ""Biceps Brachii""]","[""None""]","[""Transverse""]","[""Scapular Retraction"", ""Shoulder Horizontal Abduction"", ""Elbow Flexion""]",Partial,Constant,Shortened,Low,Intermediate,2,2,1,1.5,1,3,3.5,"[""Athletic Performance"",""Balance"",""Conditioning"",""Coordination"",""Core Stability"",""Corrective Exercise"",""Fat Loss"",""Flexibility"",""General Fitness"",""Grip Strength"",""Gymnastics"",""Injury Prevention"",""Joint Health"",""Knee Health"",""Mobility"",""Mobility and Flexibility"",""Muscle Gain"",""Muscular Endurance"",""Posture Correction"",""Power"",""Rehabilitation"",""Rehabilitation and Joint Health"",""Shoulder Health"",""Shin Splint Relief"",""Sport Performance"",""Strength"",""Strength Preparation"",""Warm-up""]",Low,"[""Shoulder""]","[""None""]","Lie face down on an incline bench holding heavy dumbbells. Pull the dumbbells up as high as possible, retracting the shoulder blades.","[""Hold the peak contraction (the batwing position) for a full 3-5 seconds."", ""Squeeze the rhomboids and mid-traps as hard as possible."", ""Lower the dumbbells completely, let the scapula stretch, and repeat.""]","[""Not holding the squeeze long enough"", ""Using weight that is too heavy to hold at the top"", ""Lifting the chest off the bench""]","[""Squeeze the shoulder blades together"", ""Hold the peak"", ""Chest glued to pad""]","Exhale on the pull, breathe shallowly during the hold, inhale on the release.","[""Heavier Load"", ""Longer Isometrics""]","[""Chest-Supported Dumbbell Row (No hold)""]","[""Seal Row"", ""Reverse Pec Deck""]",3,"[""SRC_ACSM_2026_RT""]",Reviewed,2026-07-24
EX0164,Kelso Shrug,"[""Chest-Supported Shrug"", ""Prone Shrug""]",Resistance Training,Upper Body,Isolation,Scapular Retraction,Pull,Open Chain,Bilateral,"[""Dumbbell"", ""Incline Bench""]",Anterior,"[""Rhomboids"", ""Middle Trapezius""]","[""Posterior Deltoid""]","[""None""]","[""Transverse""]","[""Scapular Retraction""]",Partial,Ascending,Shortened,Low,Intermediate,1.5,1.5,1,1,1,1.5,4,"[""Athletic Performance"",""Balance"",""Conditioning"",""Coordination"",""Core Stability"",""Corrective Exercise"",""Fat Loss"",""Flexibility"",""General Fitness"",""Grip Strength"",""Gymnastics"",""Injury Prevention"",""Joint Health"",""Knee Health"",""Mobility"",""Mobility and Flexibility"",""Muscle Gain"",""Muscular Endurance"",""Posture Correction"",""Power"",""Rehabilitation"",""Rehabilitation and Joint Health"",""Shoulder Health"",""Shin Splint Relief"",""Sport Performance"",""Strength"",""Strength Preparation"",""Warm-up""]",Low,"[""Shoulder""]","[""None""]","Lie face down on an incline bench holding dumbbells. Let your arms hang straight down, completely relaxing your shoulder blades so they stretch forward (protraction).","[""Keeping your arms perfectly straight, pinch your shoulder blades together as hard as possible to lift the weight."", ""Hold the squeeze for a second."", ""Lower the weight back to a full dead stretch.""]","[""Bending the elbows (turning it into a row)"", ""Lifting the chest"", ""Rushing the movement""]","[""Arms are just hooks"", ""Pinch a pencil between your shoulder blades"", ""Full stretch at the bottom""]","Exhale while retracting, inhale while protracting.","[""Barbell Kelso Shrug"", ""Pause Reps""]","[""Lighter Load""]","[""Band Pull-Apart"", ""Batwing Row""]",2,"[""SRC_NCSA_TECHNIQUE""]",Reviewed,2026-07-24
EX0165,Kroc Row,"[""Heavy High-Rep Dumbbell Row""]",Resistance Training,Upper Body,Compound,Horizontal Pull,Pull,Open Chain,Unilateral,"[""Dumbbell"", ""Bench""]",Anterior,"[""Latissimus Dorsi"", ""Rhomboids"", ""Middle Trapezius""]","[""Posterior Deltoid"", ""Biceps Brachii"", ""Brachialis"", ""Forearms""]","[""Core"", ""Erector Spinae""]","[""Sagittal"", ""Transverse""]","[""Shoulder Extension"", ""Elbow Flexion"", ""Scapular Retraction""]",Full,Variable,Mid-Range,Moderate,Advanced,3,3.5,3,4.5,3.5,4.5,4,"[""Athletic Performance"",""Balance"",""Conditioning"",""Coordination"",""Core Stability"",""Corrective Exercise"",""Fat Loss"",""Flexibility"",""General Fitness"",""Grip Strength"",""Gymnastics"",""Injury Prevention"",""Joint Health"",""Knee Health"",""Mobility"",""Mobility and Flexibility"",""Muscle Gain"",""Muscular Endurance"",""Posture Correction"",""Power"",""Rehabilitation"",""Rehabilitation and Joint Health"",""Shoulder Health"",""Shin Splint Relief"",""Sport Performance"",""Strength"",""Strength Preparation"",""Warm-up""]",Moderate,"[""Lower Back"", ""Shoulder"", ""Wrist""]","[""Acute low back pain""]","Set up like a standard single-arm dumbbell row, but use a much heavier dumbbell. Plant one hand and knee on a bench.","[""Use a slight amount of body english (momentum) from the torso and legs to initiate the pull."", ""Row the massive dumbbell forcefully to your chest/ribcage."", ""Control the descent somewhat, but focus on moving heavy weight for high reps (15-20+).""]","[""Standing completely upright"", ""Using so much momentum that the lats are completely bypassed"", ""Dropping the weight carelessly""]","[""Let it stretch at the bottom"", ""Explode up"", ""Fight the negative slightly""]",Breathe forcefully and rhythmically.,"[""Heavier Dumbbell"", ""Strapless Kroc Rows (for grip)""]","[""Strict Single-Arm Dumbbell Row""]","[""Meadows Row"", ""Pendlay Row""]",5.5,"[""SRC_NCSA_TECHNIQUE""]",Reviewed,2026-07-24
EX0166,Reverse Grip Bench Press,"[""Supinated Bench Press""]",Resistance Training,Upper Body,Compound,Horizontal Push,Push,Open Chain,Bilateral,"[""Barbell"", ""Flat Bench""]",Anterior,"[""Pectoralis Major (Clavicular Head)"", ""Triceps Brachii""]","[""Anterior Deltoid""]","[""Core"", ""Latissimus Dorsi""]","[""Sagittal"", ""Transverse""]","[""Shoulder Flexion"", ""Shoulder Horizontal Adduction"", ""Elbow Extension""]",Full,Ascending,Mid-Range,Low,Advanced,4,4,3.5,3,2.5,3.5,4.5,"[""Athletic Performance"",""Balance"",""Conditioning"",""Coordination"",""Core Stability"",""Corrective Exercise"",""Fat Loss"",""Flexibility"",""General Fitness"",""Grip Strength"",""Gymnastics"",""Injury Prevention"",""Joint Health"",""Knee Health"",""Mobility"",""Mobility and Flexibility"",""Muscle Gain"",""Muscular Endurance"",""Posture Correction"",""Power"",""Rehabilitation"",""Rehabilitation and Joint Health"",""Shoulder Health"",""Shin Splint Relief"",""Sport Performance"",""Strength"",""Strength Preparation"",""Warm-up""]",High,"[""Wrist"", ""Shoulder"", ""Elbow""]","[""Wrist impingement"", ""Shoulder instability""]","Lie on a flat bench. Grip the barbell with a supinated (underhand) grip, slightly wider than shoulder-width. (Highly recommended to use a spotter to unrack).","[""Unrack the bar and lower it to your lower chest/upper abs."", ""Keep your elbows tucked close to your body."", ""Press the bar up and back in a slight arc until your arms are fully extended.""]","[""Not using a spotter for the unrack (highly dangerous for wrists)"", ""Lowering the bar too high on the chest"", ""Flaring elbows out""]","[""Tuck the elbows"", ""Touch low on the chest"", ""Squeeze the upper chest""]","Inhale while lowering, exhale while pressing.","[""Reverse Grip Incline Bench Press""]","[""Standard Flat Bench Press"", ""Close-Grip Bench Press""]","[""Incline Barbell Bench Press"", ""Close-Grip Bench Press""]",4,"[""SRC_NCSA_TECHNIQUE""]",Reviewed,2026-07-24
EX0167,Cyclist Squat,"[""Heel-Elevated Goblet Squat""]",Resistance Training,Lower Body,Compound,Squat,Push,Closed Chain,Bilateral,"[""Dumbbell"", ""Kettlebell"", ""Heel Wedge""]",Anterior,"[""Quadriceps (Vastus Medialis Bias)""]","[""Gluteus Maximus"", ""Hamstrings""]","[""Core""]","[""Sagittal""]","[""Knee Extension"", ""Hip Extension""]",Full,Ascending,Lengthened,Low,Intermediate,2.5,3,3,2.5,2.5,3.5,4.5,"[""Athletic Performance"",""Balance"",""Conditioning"",""Coordination"",""Core Stability"",""Corrective Exercise"",""Fat Loss"",""Flexibility"",""General Fitness"",""Grip Strength"",""Gymnastics"",""Injury Prevention"",""Joint Health"",""Knee Health"",""Mobility"",""Mobility and Flexibility"",""Muscle Gain"",""Muscular Endurance"",""Posture Correction"",""Power"",""Rehabilitation"",""Rehabilitation and Joint Health"",""Shoulder Health"",""Shin Splint Relief"",""Sport Performance"",""Strength"",""Strength Preparation"",""Warm-up""]",Moderate,"[""Knee""]","[""Patellar tendinopathy (acute)""]","Stand with your heels elevated on a wedge or weight plates, feet close together (narrow stance). Hold a dumbbell in the goblet position.","[""Keeping your torso extremely upright, squat down deeply, letting your knees track far forward over your toes."", ""Go as deep as your mobility allows, attempting to touch hamstrings to calves."", ""Drive through your quads to stand back up.""]","[""Pushing the hips far back like a standard squat"", ""Leaning forward"", ""Not going deep enough to bias the teardrop quad muscle""]","[""Elevate the heels"", ""Stay vertical"", ""Drive knees forward""]","Inhale while descending, exhale while ascending.","[""Barbell Cyclist Squat"", ""Heavier Load""]","[""Standard Goblet Squat (no elevation)""]","[""Sissy Squat"", ""Hack Squat""]",4,"[""SRC_ACSM_2026_RT""]",Reviewed,2026-07-24
EX0168,V-Up,"[""Jackknife Sit-up"", ""V-Crunch""]",Bodyweight,Core,Compound,Trunk Flexion,Pull,Open Chain,Bilateral,"[""Mat""]",Bodyweight,"[""Rectus Abdominis"", ""Hip Flexors (Iliopsoas, Rectus Femoris)""]","[""Obliques""]","[""None""]","[""Sagittal""]","[""Spinal Flexion"", ""Hip Flexion""]",Full,Ascending,Shortened,Low,Intermediate,3,3,3,2.5,2,2.5,4,"[""Athletic Performance"",""Balance"",""Conditioning"",""Coordination"",""Core Stability"",""Corrective Exercise"",""Fat Loss"",""Flexibility"",""General Fitness"",""Grip Strength"",""Gymnastics"",""Injury Prevention"",""Joint Health"",""Knee Health"",""Mobility"",""Mobility and Flexibility"",""Muscle Gain"",""Muscular Endurance"",""Posture Correction"",""Power"",""Rehabilitation"",""Rehabilitation and Joint Health"",""Shoulder Health"",""Shin Splint Relief"",""Sport Performance"",""Strength"",""Strength Preparation"",""Warm-up""]",Low,"[""Lower Back""]","[""Lumbar disc herniation""]",Lie flat on your back with legs straight and arms extended overhead on the floor.,"[""Simultaneously lift your straight legs and your torso off the floor."", ""Reach your hands toward your toes, balancing on your tailbone to form a V shape."", ""Slowly lower your arms and legs back to the floor without letting them completely rest.""]","[""Bending the knees"", ""Not lifting the torso (just doing a leg raise)"", ""Using momentum to throw the body up""]","[""Fold in half"", ""Keep legs straight"", ""Control the descent""]","Exhale as you fold up, inhale as you lower.","[""Weighted V-Up (holding a medicine ball)""]","[""Tuck-Up (bending knees)"", ""Alternating V-Up""]","[""Hanging Leg Raise"", ""Reverse Crunch""]",3.5,"[""SRC_ACSM_2026_RT""]",Reviewed,2026-07-24
EX0169,Seated Good Morning,"[""Barbell Seated Good Morning""]",Resistance Training,Lower Body,Compound,Hinge,Pull,Closed Chain,Bilateral,"[""Barbell"", ""Bench""]",Posterior,"[""Erector Spinae""]","[""Gluteus Maximus"", ""Adductor Magnus""]","[""Core"", ""Latissimus Dorsi""]","[""Sagittal""]","[""Hip Extension"", ""Spinal Extension""]",Partial,Constant,Lengthened,High,Advanced,4,3.5,3,3,3,3,4,"[""Athletic Performance"",""Balance"",""Conditioning"",""Coordination"",""Core Stability"",""Corrective Exercise"",""Fat Loss"",""Flexibility"",""General Fitness"",""Grip Strength"",""Gymnastics"",""Injury Prevention"",""Joint Health"",""Knee Health"",""Mobility"",""Mobility and Flexibility"",""Muscle Gain"",""Muscular Endurance"",""Posture Correction"",""Power"",""Rehabilitation"",""Rehabilitation and Joint Health"",""Shoulder Health"",""Shin Splint Relief"",""Sport Performance"",""Strength"",""Strength Preparation"",""Warm-up""]",High,"[""Lower Back"", ""Hip""]","[""Acute lumbar disc issues"", ""Sciatica""]",Sit on a flat bench with your feet planted wide apart. Unrack a barbell and place it across your upper back.,"[""Keeping your back perfectly flat and chest up, hinge forward at the hips."", ""Lower your torso between your legs as far as your mobility allows."", ""Use your lower back and glutes to pull your torso back to the upright position.""]","[""Rounding the lower back"", ""Going too heavy"", ""Looking down instead of keeping a neutral neck""]","[""Chest up"", ""Hinge from the hips"", ""Feel the stretch in the groin and lower back""]","Inhale as you lower, exhale as you return upright.","[""Zercher Seated Good Morning"", ""Heavier Load""]","[""Bodyweight Seated Good Morning"", ""Standing Good Morning""]","[""Romanian Deadlift"", ""45-Degree Back Extension""]",4,"[""SRC_NCSA_TECHNIQUE""]",Reviewed,2026-07-24
EX0170,Incline Cable Fly,"[""Low-to-High Cable Fly""]",Resistance Training,Upper Body,Isolation,Horizontal Push,Push,Open Chain,Bilateral,"[""Cable Machine"", ""D-Handle"", ""Incline Bench""]",Lateral,"[""Pectoralis Major (Clavicular Head)""]","[""Anterior Deltoid""]","[""Core"", ""Biceps Brachii""]","[""Transverse"", ""Sagittal""]","[""Shoulder Horizontal Adduction"", ""Shoulder Flexion""]",Full,Constant,Lengthened,Low,Intermediate,2.5,2.5,2,2,2,2,4.5,"[""Athletic Performance"",""Balance"",""Conditioning"",""Coordination"",""Core Stability"",""Corrective Exercise"",""Fat Loss"",""Flexibility"",""General Fitness"",""Grip Strength"",""Gymnastics"",""Injury Prevention"",""Joint Health"",""Knee Health"",""Mobility"",""Mobility and Flexibility"",""Muscle Gain"",""Muscular Endurance"",""Posture Correction"",""Power"",""Rehabilitation"",""Rehabilitation and Joint Health"",""Shoulder Health"",""Shin Splint Relief"",""Sport Performance"",""Strength"",""Strength Preparation"",""Warm-up""]",Low,"[""Shoulder""]","[""Anterior shoulder instability""]",Place an incline bench between two low cable pulleys. Grab the handles and lie back on the bench.,"[""With a slight bend in your elbows, pull the handles up and together in an arc until they meet above your upper chest."", ""Squeeze the upper chest hard."", ""Slowly lower the handles back down until you feel a stretch across your chest.""]","[""Bending the elbows into a press"", ""Going too heavy and tearing the shoulder capsule at the bottom"", ""Lifting the head off the bench""]","[""Hug a barrel"", ""Squeeze the upper chest"", ""Control the stretch""]","Exhale while bringing the cables together, inhale while lowering.","[""Standing Low-to-High Cable Fly"", ""Pause Reps""]","[""Incline Dumbbell Fly""]","[""Cable Crossover"", ""Incline Dumbbell Fly""]",2.5,"[""SRC_ACSM_2026_RT""]",Reviewed,2026-07-24
EX0171,Spanish Squat,"[""Banded Isometric Squat""]",Resistance Training,Lower Body,Isolation,Squat,Push,Closed Chain,Bilateral,"[""Resistance Band"", ""Rig""]",Anterior,"[""Quadriceps""]","[""None""]","[""Core"", ""Gluteus Maximus""]","[""Sagittal""]","[""Isometric Knee Extension""]",,Constant,Mid-Range,Low,Intermediate,2,2.5,3,1.5,4,2,4,"[""Athletic Performance"",""Balance"",""Conditioning"",""Coordination"",""Core Stability"",""Corrective Exercise"",""Fat Loss"",""Flexibility"",""General Fitness"",""Grip Strength"",""Gymnastics"",""Injury Prevention"",""Joint Health"",""Knee Health"",""Mobility"",""Mobility and Flexibility"",""Muscle Gain"",""Muscular Endurance"",""Posture Correction"",""Power"",""Rehabilitation"",""Rehabilitation and Joint Health"",""Shoulder Health"",""Shin Splint Relief"",""Sport Performance"",""Strength"",""Strength Preparation"",""Warm-up""]",Low,"[""Knee""]","[""Acute knee pain (depending on condition)""]","Loop a heavy resistance band around a sturdy rig and step inside it, placing the band behind both knees. Step back to create high tension.","[""Sit back into a squat position, keeping your shins perfectly vertical."", ""Let the band support your weight while your quads work to keep your knees extended against the band."", ""Hold this position for the desired time.""]","[""Leaning too far forward"", ""Not keeping the shins vertical"", ""Not using a heavy enough band""]","[""Shins vertical"", ""Sit back into the band"", ""Squeeze the quads""]",Breathe rhythmically.,"[""Weighted Spanish Squat"", ""Single-Leg Spanish Squat""]","[""Wall Sit"", ""Leg Extension""]","[""Wall Sit"", ""Sissy Squat""]",2.5,"[""SRC_ACSM_2026_RT""]",Reviewed,2026-07-24
EX0172,Cossack Squat,"[""Side Lunge to Heel""]",Bodyweight,Lower Body,Compound,Squat,Push,Closed Chain,Alternating,"[""Bodyweight""]",Bodyweight,"[""Quadriceps"", ""Gluteus Maximus"", ""Adductor Magnus""]","[""Hamstrings""]","[""Core"", ""Gluteus Medius""]","[""Frontal"", ""Sagittal""]","[""Hip Flexion"", ""Knee Flexion"", ""Hip Abduction""]",Full,Ascending,Lengthened,Moderate,Intermediate,3.5,4,3.5,3,3,3.5,4,"[""Athletic Performance"",""Balance"",""Conditioning"",""Coordination"",""Core Stability"",""Corrective Exercise"",""Fat Loss"",""Flexibility"",""General Fitness"",""Grip Strength"",""Gymnastics"",""Injury Prevention"",""Joint Health"",""Knee Health"",""Mobility"",""Mobility and Flexibility"",""Muscle Gain"",""Muscular Endurance"",""Posture Correction"",""Power"",""Rehabilitation"",""Rehabilitation and Joint Health"",""Shoulder Health"",""Shin Splint Relief"",""Sport Performance"",""Strength"",""Strength Preparation"",""Warm-up""]",Moderate,"[""Knee"", ""Hip""]","[""Groin strain"", ""Knee meniscus issues""]","Stand with a very wide stance, toes pointed slightly outward.","[""Shift your weight to the right leg, bending the right knee and pushing the hips back."", ""Keep the left leg completely straight and let the left toes point up toward the ceiling (rotating on the heel)."", ""Go as deep as your mobility allows, then push back to the center and repeat on the other side.""]","[""Heel of the bent leg coming off the floor"", ""Rounding the lower back"", ""Not rotating the straight leg's toes up""]","[""Chest up"", ""Heel planted"", ""Sink into the hip""]","Inhale as you descend, exhale as you push up.","[""Weighted Cossack Squat (Goblet)"", ""Barbell Cossack Squat""]","[""Lateral Lunge"", ""Assisted Cossack Squat (holding a rig)""]","[""Lateral Lunge"", ""Machine Hip Adductor""]",4,"[""SRC_NCSA_TECHNIQUE""]",Reviewed,2026-07-24
EX0173,Curtsy Lunge,"[""Cross-back Lunge""]",Resistance Training,Lower Body,Compound,Lunge,Push,Closed Chain,Alternating,"[""Dumbbell"", ""Kettlebell""]",Lateral,"[""Gluteus Maximus"", ""Gluteus Medius""]","[""Quadriceps"", ""Hamstrings""]","[""Core""]","[""Sagittal"", ""Transverse""]","[""Hip Extension"", ""Knee Extension"", ""Hip External Rotation""]",Full,Ascending,Lengthened,Low,Beginner,2.5,3.5,3.5,3,3,3.5,3.5,"[""Athletic Performance"",""Balance"",""Conditioning"",""Coordination"",""Core Stability"",""Corrective Exercise"",""Fat Loss"",""Flexibility"",""General Fitness"",""Grip Strength"",""Gymnastics"",""Injury Prevention"",""Joint Health"",""Knee Health"",""Mobility"",""Mobility and Flexibility"",""Muscle Gain"",""Muscular Endurance"",""Posture Correction"",""Power"",""Rehabilitation"",""Rehabilitation and Joint Health"",""Shoulder Health"",""Shin Splint Relief"",""Sport Performance"",""Strength"",""Strength Preparation"",""Warm-up""]",Moderate,"[""Knee"", ""Hip""]","[""Knee valgus issues"", ""Hip impingement""]",Stand tall holding dumbbells by your sides.,"[""Step your right foot behind and across your left leg (like a curtsy)."", ""Bend both knees to lower your hips until your left thigh is parallel to the floor."", ""Drive through the left heel to return to the starting position, then switch sides.""]","[""Twisting the front knee awkwardly"", ""Taking a step that is too wide or too narrow"", ""Torso collapsing""]","[""Keep front foot pointing straight"", ""Drive through the front heel"", ""Chest up""]","Inhale as you step back, exhale as you return.","[""Barbell Curtsy Lunge"", ""Deficit Curtsy Lunge""]","[""Bodyweight Curtsy Lunge"", ""Reverse Lunge""]","[""Reverse Lunge"", ""Bulgarian Split Squat""]",4,"[""SRC_ACSM_2026_RT""]",Reviewed,2026-07-24
EX0174,Sled Push,"[""Prowler Push""]",Resistance Training,Total Body,Compound,Gait,Push,Closed Chain,Alternating,"[""Sled"", ""Weight Plates""]",Anterior,"[""Quadriceps"", ""Gluteus Maximus"", ""Calves""]","[""Hamstrings"", ""Anterior Deltoid"", ""Triceps Brachii""]","[""Core"", ""Pectoralis Major""]","[""Sagittal""]","[""Hip Extension"", ""Knee Extension"", ""Ankle Plantarflexion"", ""Isometric Shoulder Flexion""]",Partial,Constant,Mid-Range,Low,Beginner,1.5,2,2.5,5,4.5,3,4,"[""Athletic Performance"",""Balance"",""Conditioning"",""Coordination"",""Core Stability"",""Corrective Exercise"",""Fat Loss"",""Flexibility"",""General Fitness"",""Grip Strength"",""Gymnastics"",""Injury Prevention"",""Joint Health"",""Knee Health"",""Mobility"",""Mobility and Flexibility"",""Muscle Gain"",""Muscular Endurance"",""Posture Correction"",""Power"",""Rehabilitation"",""Rehabilitation and Joint Health"",""Shoulder Health"",""Shin Splint Relief"",""Sport Performance"",""Strength"",""Strength Preparation"",""Warm-up""]",Low,"[""Achilles Tendon"", ""Knee""]","[""Achilles tendinopathy""]",Load a sled with plates. Grip the high or low handles with straight arms. Lean your torso forward.,"[""Drive your legs into the ground, taking powerful, rhythmic steps to push the sled forward."", ""Keep your core braced and spine neutral."", ""Continue for the desired distance.""]","[""Bending the elbows and losing power transfer"", ""Rounding the lower back"", ""Taking steps that are too short/choppy""]","[""Arms locked"", ""Body at a 45-degree angle"", ""Drive through the toes""]",Breathe continuously and heavily.,"[""Heavier Load"", ""Low Handle Push""]","[""Lighter Load"", ""High Handle Push""]","[""Farmer's Walk"", ""Treadmill Sprint""]",7,"[""SRC_NCSA_TECHNIQUE""]",Reviewed,2026-07-24
EX0175,Sled Pull,"[""Reverse Sled Drag""]",Resistance Training,Lower Body,Compound,Gait,Pull,Closed Chain,Alternating,"[""Sled"", ""Weight Plates"", ""Harness/Straps""]",Posterior,"[""Quadriceps (Vastus Medialis)"", ""Gluteus Maximus""]","[""Hamstrings"", ""Calves""]","[""Core"", ""Latissimus Dorsi"", ""Biceps Brachii (if holding straps)""]","[""Sagittal""]","[""Knee Extension"", ""Hip Extension""]",Partial,Constant,Mid-Range,Low,Beginner,1.5,2.5,2.5,4.5,4.5,3,4,"[""Athletic Performance"",""Balance"",""Conditioning"",""Coordination"",""Core Stability"",""Corrective Exercise"",""Fat Loss"",""Flexibility"",""General Fitness"",""Grip Strength"",""Gymnastics"",""Injury Prevention"",""Joint Health"",""Knee Health"",""Mobility"",""Mobility and Flexibility"",""Muscle Gain"",""Muscular Endurance"",""Posture Correction"",""Power"",""Rehabilitation"",""Rehabilitation and Joint Health"",""Shoulder Health"",""Shin Splint Relief"",""Sport Performance"",""Strength"",""Strength Preparation"",""Warm-up""]",Low,"[""Knee""]","[""None""]","Attach straps to a sled and hold them, or wear a harness. Face away from the sled (or toward it for reverse drag). For reverse drag: face the sled, hold straps with arms straight.","[""Lean back slightly, keeping tension on the straps."", ""Take deliberate steps backward, driving through your toes and fully extending your knees to pull the sled."", ""Maintain a braced core and upright posture.""]","[""Jerking the sled with the arms instead of using the legs"", ""Standing too upright and losing leverage"", ""Taking steps that are too large""]","[""Lean back"", ""Pump the legs"", ""Keep arms straight (if dragging backward)""]",Breathe continuously.,"[""Heavier Load"", ""Longer Distance""]","[""Lighter Load""]","[""Sled Push"", ""Farmer's Walk""]",6.5,"[""SRC_NCSA_TECHNIQUE""]",Reviewed,2026-07-24
EX0176,Side Plank,"[""Lateral Pillar Bridge""]",Bodyweight,Core,Isometric,Core Anti-Lateral Flexion,Static,Closed Chain,Unilateral,"[""Mat""]",Bodyweight,"[""Obliques"", ""Quadratus Lumborum""]","[""Gluteus Medius""]","[""Shoulders (Rotator Cuff)""]","[""Frontal""]","[""Isometric Spinal Lateral Flexion""]",,Constant,Shortened,Low,Beginner,1.5,2.5,3.5,1.5,2.5,1.5,3.5,"[""Athletic Performance"",""Balance"",""Conditioning"",""Coordination"",""Core Stability"",""Corrective Exercise"",""Fat Loss"",""Flexibility"",""General Fitness"",""Grip Strength"",""Gymnastics"",""Injury Prevention"",""Joint Health"",""Knee Health"",""Mobility"",""Mobility and Flexibility"",""Muscle Gain"",""Muscular Endurance"",""Posture Correction"",""Power"",""Rehabilitation"",""Rehabilitation and Joint Health"",""Shoulder Health"",""Shin Splint Relief"",""Sport Performance"",""Strength"",""Strength Preparation"",""Warm-up""]",Low,"[""Shoulder""]","[""Shoulder impingement or instability""]","Lie on your side with your legs straight. Prop your upper body up on your forearm, with your elbow directly under your shoulder.","[""Brace your core and lift your hips until your body forms a straight line from ankles to shoulders."", ""Hold this position, preventing your hips from sagging toward the floor."", ""Keep your neck neutral.""]","[""Hips sagging"", ""Hips rotating forward or backward"", ""Shoulder collapsing toward the ear""]","[""Push the floor away with the elbow"", ""Squeeze the glutes"", ""Body like a board""]",Breathe rhythmically.,"[""Side Plank with Leg Lift (Star Plank)"", ""Weighted Side Plank""]","[""Kneeling Side Plank""]","[""Suitcase Carry"", ""Pallof Press""]",3,"[""SRC_ACSM_2026_RT""]",Reviewed,2026-07-24
EX0177,Star Plank,"[""Side Plank with Abduction""]",Bodyweight,Core,Isometric,Core Anti-Lateral Flexion,Static,Closed Chain,Unilateral,"[""Mat""]",Bodyweight,"[""Obliques"", ""Gluteus Medius""]","[""Quadratus Lumborum""]","[""Shoulders (Rotator Cuff)"", ""Core""]","[""Frontal""]","[""Isometric Spinal Lateral Flexion"", ""Isometric Hip Abduction""]",,Constant,Shortened,Low,Advanced,3,4,4.5,2.5,3.5,2.5,4,"[""Athletic Performance"",""Balance"",""Conditioning"",""Coordination"",""Core Stability"",""Corrective Exercise"",""Fat Loss"",""Flexibility"",""General Fitness"",""Grip Strength"",""Gymnastics"",""Injury Prevention"",""Joint Health"",""Knee Health"",""Mobility"",""Mobility and Flexibility"",""Muscle Gain"",""Muscular Endurance"",""Posture Correction"",""Power"",""Rehabilitation"",""Rehabilitation and Joint Health"",""Shoulder Health"",""Shin Splint Relief"",""Sport Performance"",""Strength"",""Strength Preparation"",""Warm-up""]",Moderate,"[""Shoulder"", ""Hip""]","[""Shoulder instability"", ""Hip pain""]",Get into a standard side plank position on your forearm or hand.,"[""Once stable, lift your top leg straight up into the air (hip abduction)."", ""Simultaneously reach your top arm straight toward the ceiling."", ""Hold this star shape, keeping the hips high and body aligned.""]","[""Hips dropping immediately upon lifting the leg"", ""Losing balance and falling forward/backward"", ""Bending the top knee""]","[""Hips to the sky"", ""Squeeze the side glute"", ""Hold the star rigid""]",Breathe rhythmically into a braced core.,"[""Hand supported Star Plank (straight arm)""]","[""Standard Side Plank"", ""Clamshells""]","[""Copenhagen Plank"", ""Suitcase Carry""]",4,"[""SRC_NCSA_TECHNIQUE""]",Reviewed,2026-07-24
EX0178,Swiss Ball Rollout,"[""Stability Ball Rollout""]",Bodyweight,Core,Compound,Core Anti-Extension,Push,Closed Chain,Bilateral,"[""Swiss Ball"", ""Mat""]",Bodyweight,"[""Rectus Abdominis""]","[""Latissimus Dorsi"", ""Triceps Brachii""]","[""Erector Spinae"", ""Gluteus Maximus""]","[""Sagittal""]","[""Shoulder Flexion"", ""Isometric Spinal Flexion""]",Full,Ascending,Lengthened,Low,Intermediate,2.5,3,3.5,2,2.5,2.5,4,"[""Athletic Performance"",""Balance"",""Conditioning"",""Coordination"",""Core Stability"",""Corrective Exercise"",""Fat Loss"",""Flexibility"",""General Fitness"",""Grip Strength"",""Gymnastics"",""Injury Prevention"",""Joint Health"",""Knee Health"",""Mobility"",""Mobility and Flexibility"",""Muscle Gain"",""Muscular Endurance"",""Posture Correction"",""Power"",""Rehabilitation"",""Rehabilitation and Joint Health"",""Shoulder Health"",""Shin Splint Relief"",""Sport Performance"",""Strength"",""Strength Preparation"",""Warm-up""]",Low,"[""Lower Back"", ""Shoulder""]","[""Lumbar disc herniation""]",Kneel on a mat with your forearms resting on a Swiss ball in front of you.,"[""Keeping your core braced and your body in a straight line from knees to head, slowly roll the ball forward."", ""Extend your arms as far as you can without letting your lower back sag."", ""Use your core and lats to pull the ball back to the starting position.""]","[""Hinging at the hips (sticking the butt out) instead of rolling the whole body"", ""Letting the lower back sag"", ""Not rolling out far enough""]","[""Hips move with the shoulders"", ""Squeeze the glutes"", ""Don't break the straight line""]","Inhale while rolling out, exhale while pulling back.","[""Ab Wheel Rollout (harder)""]","[""Plank (easier)""]","[""Ab Wheel Rollout"", ""Long-Lever Plank""]",3,"[""SRC_ACSM_2026_RT""]",Reviewed,2026-07-24
EX0179,Dead Bug,"[""Dying Bug""]",Bodyweight,Core,Compound,Core Anti-Extension,Pull,Open Chain,Alternating,"[""Mat""]",Bodyweight,"[""Rectus Abdominis"", ""Transverse Abdominis""]","[""Obliques"", ""Hip Flexors""]","[""None""]","[""Sagittal""]","[""Hip Flexion"", ""Shoulder Flexion"", ""Isometric Spinal Flexion""]",Full,Constant,Mid-Range,Low,Beginner,2.5,2.5,2,1.5,1.5,1.5,3,"[""Athletic Performance"",""Balance"",""Conditioning"",""Coordination"",""Core Stability"",""Corrective Exercise"",""Fat Loss"",""Flexibility"",""General Fitness"",""Grip Strength"",""Gymnastics"",""Injury Prevention"",""Joint Health"",""Knee Health"",""Mobility"",""Mobility and Flexibility"",""Muscle Gain"",""Muscular Endurance"",""Posture Correction"",""Power"",""Rehabilitation"",""Rehabilitation and Joint Health"",""Shoulder Health"",""Shin Splint Relief"",""Sport Performance"",""Strength"",""Strength Preparation"",""Warm-up""]",Low,"[""Lower Back""]","[""None""]",Lie on your back with your arms extended toward the ceiling and your knees bent at 90 degrees (shins parallel to the floor).,"[""Press your lower back firmly into the floor."", ""Slowly lower your right arm and left leg toward the floor simultaneously."", ""Stop just before they touch the ground, keeping your lower back glued to the floor."", ""Return to the starting position and repeat with the opposite arm and leg.""]","[""Lower back arching off the floor"", ""Moving the same side arm and leg"", ""Rushing the movement""]","[""Crush the floor with your lower back"", ""Slow and controlled"", ""Coordinate opposite limbs""]","Inhale as limbs go down, exhale as they come up.","[""Weighted Dead Bug (holding light dumbbells)"", ""Straight Leg Dead Bug""]","[""Legs only Dead Bug (arms stationary)""]","[""Bird Dog"", ""Hollow Hold""]",2.5,"[""SRC_ACSM_2026_RT""]",Reviewed,2026-07-24
EX0180,Bird Dog,"[""Quadruped Alternate Arm/Leg Raise""]",Bodyweight,Core,Compound,Core Anti-Rotation,Push,Closed Chain,Alternating,"[""Mat""]",Bodyweight,"[""Erector Spinae"", ""Gluteus Maximus"", ""Transverse Abdominis""]","[""Deltoids"", ""Hamstrings""]","[""Rotator Cuff"", ""Scapular Stabilizers""]","[""Sagittal""]","[""Hip Extension"", ""Shoulder Flexion"", ""Isometric Spinal Stabilization""]",Full,Constant,Mid-Range,Low,Beginner,2,3,3,1.5,1.5,1,3,"[""Athletic Performance"",""Balance"",""Conditioning"",""Coordination"",""Core Stability"",""Corrective Exercise"",""Fat Loss"",""Flexibility"",""General Fitness"",""Grip Strength"",""Gymnastics"",""Injury Prevention"",""Joint Health"",""Knee Health"",""Mobility"",""Mobility and Flexibility"",""Muscle Gain"",""Muscular Endurance"",""Posture Correction"",""Power"",""Rehabilitation"",""Rehabilitation and Joint Health"",""Shoulder Health"",""Shin Splint Relief"",""Sport Performance"",""Strength"",""Strength Preparation"",""Warm-up""]",Low,"[""Lower Back"", ""Wrist""]","[""None""]",Start on all fours with hands under shoulders and knees under hips. Keep your back flat like a table.,"[""Simultaneously extend your right arm straight forward and your left leg straight backward."", ""Reach long through the fingertips and heel, squeezing the glute and back."", ""Avoid rotating your hips or arching your lower back."", ""Return to the start and switch sides.""]","[""Arching the lower back to lift the leg higher"", ""Twisting the hips to the side"", ""Looking up and straining the neck""]","[""Reach long, not high"", ""Keep a glass of water on your back"", ""Square the hips""]","Inhale as you extend, exhale as you return.","[""Bird Dog with resistance bands"", ""Bird Dog from a high plank position""]","[""Arms only or legs only""]","[""Dead Bug"", ""Superman""]",2,"[""SRC_ACSM_2026_RT""]",Reviewed,2026-07-24
EX0181,TRX Push-Up,"[""Suspension Push-Up""]",Bodyweight,Upper Body,Compound,Horizontal Push,Push,Closed Chain,Bilateral,"[""Suspension Trainer (TRX)""]",,"[""Pectoralis Major"", ""Triceps Brachii""]","[""Anterior Deltoid""]","[""Core"", ""Serratus Anterior"", ""Rotator Cuff""]","[""Transverse"", ""Sagittal""]","[""Shoulder Horizontal Adduction"", ""Elbow Extension""]",Full,Ascending,Lengthened,Low,Intermediate,3,4,4.5,3,3,3.5,4,"[""Athletic Performance"",""Balance"",""Conditioning"",""Coordination"",""Core Stability"",""Corrective Exercise"",""Fat Loss"",""Flexibility"",""General Fitness"",""Grip Strength"",""Gymnastics"",""Injury Prevention"",""Joint Health"",""Knee Health"",""Mobility"",""Mobility and Flexibility"",""Muscle Gain"",""Muscular Endurance"",""Posture Correction"",""Power"",""Rehabilitation"",""Rehabilitation and Joint Health"",""Shoulder Health"",""Shin Splint Relief"",""Sport Performance"",""Strength"",""Strength Preparation"",""Warm-up""]",Moderate,"[""Shoulder"", ""Wrist""]","[""Shoulder instability""]",Grab the TRX handles and get into a push-up position. Walk your feet back to increase the angle and difficulty. Brace your core.,"[""Lower your body by bending your elbows, letting them track at about a 45-degree angle."", ""Go as deep as you comfortably can, feeling a stretch in the chest."", ""Press back up to the starting position, keeping the straps from rubbing your arms.""]","[""Hips sagging"", ""Straps sawing against the arms"", ""Flaring elbows out too wide""]","[""Body like a plank"", ""Hands slightly apart"", ""Control the wobble""]","Inhale while lowering, exhale while pressing.","[""Feet Elevated TRX Push-Up"", ""TRX Spiderman Push-Up""]","[""Walk feet forward (more upright angle)"", ""Standard Push-Up""]","[""Push-Up"", ""Ring Push-Up""]",4,"[""SRC_NCSA_TECHNIQUE""]",Reviewed,2026-07-24
EX0182,Deficit Push-Up,"[""Deep Push-Up""]",Bodyweight,Upper Body,Compound,Horizontal Push,Push,Closed Chain,Bilateral,"[""Dumbbells"", ""Parallettes"", ""Plates""]",Bodyweight,"[""Pectoralis Major"", ""Triceps Brachii""]","[""Anterior Deltoid""]","[""Core"", ""Serratus Anterior""]","[""Transverse"", ""Sagittal""]","[""Shoulder Horizontal Adduction"", ""Elbow Extension""]",Full,Ascending,Lengthened,Low,Intermediate,2,2,2.5,3,3.5,4,4,"[""Athletic Performance"",""Balance"",""Conditioning"",""Coordination"",""Core Stability"",""Corrective Exercise"",""Fat Loss"",""Flexibility"",""General Fitness"",""Grip Strength"",""Gymnastics"",""Injury Prevention"",""Joint Health"",""Knee Health"",""Mobility"",""Mobility and Flexibility"",""Muscle Gain"",""Muscular Endurance"",""Posture Correction"",""Power"",""Rehabilitation"",""Rehabilitation and Joint Health"",""Shoulder Health"",""Shin Splint Relief"",""Sport Performance"",""Strength"",""Strength Preparation"",""Warm-up""]",Moderate,"[""Shoulder"", ""Wrist""]","[""Anterior shoulder pain"", ""Poor shoulder mobility""]","Place your hands on parallettes, weight plates, or hex dumbbells slightly wider than shoulder-width. Get into a push-up position.","[""Lower your body, allowing your chest to go below the level of your hands to achieve a deep stretch in the pecs."", ""Pause briefly at the bottom."", ""Press forcefully back up to lockout.""]","[""Going too deep and straining the shoulder capsule"", ""Hips sagging"", ""Flaring elbows out 90 degrees""]","[""Deep stretch, but don't force pain"", ""Keep core tight"", ""Tuck elbows slightly""]","Inhale while lowering, exhale while pressing.","[""Weighted Deficit Push-Up"", ""Deficit Ring Push-Up""]","[""Standard Push-Up""]","[""Dumbbell Bench Press"", ""Standard Push-Up""]",4,"[""SRC_ACSM_2026_RT""]",Reviewed,2026-07-24
EX0183,Lu Raise,"[""Full ROM Lateral Raise""]",Resistance Training,Upper Body,Isolation,Vertical Push,Push,Open Chain,Bilateral,"[""Dumbbell"", ""Weight Plates""]",Lateral,"[""Lateral Deltoid"", ""Anterior Deltoid""]","[""Upper Trapezius"", ""Serratus Anterior""]","[""Core""]","[""Frontal""]","[""Shoulder Abduction"", ""Scapular Upward Rotation""]",Full,Ascending,Mid-Range,Low,Intermediate,3,2,2,2,2.5,2,3.5,"[""Athletic Performance"",""Balance"",""Conditioning"",""Coordination"",""Core Stability"",""Corrective Exercise"",""Fat Loss"",""Flexibility"",""General Fitness"",""Grip Strength"",""Gymnastics"",""Injury Prevention"",""Joint Health"",""Knee Health"",""Mobility"",""Mobility and Flexibility"",""Muscle Gain"",""Muscular Endurance"",""Posture Correction"",""Power"",""Rehabilitation"",""Rehabilitation and Joint Health"",""Shoulder Health"",""Shin Splint Relief"",""Sport Performance"",""Strength"",""Strength Preparation"",""Warm-up""]",Moderate,"[""Shoulder""]","[""Shoulder impingement (painful arc)""]",Stand holding very light weight plates or dumbbells by your sides.,"[""Keeping your arms straight, raise the weights out to the sides."", ""Continue raising them past parallel all the way until they touch overhead."", ""Slowly lower them back down through the same wide arc.""]","[""Using heavy weight (this requires light weight)"", ""Bending the elbows"", ""Arching the lower back at the top""]","[""Huge sweeping arc"", ""Shrug at the very top"", ""Control the negative""]","Exhale while raising, inhale while lowering.","[""Slightly heavier plates (micro-loading)""]","[""Standard Lateral Raise (stopping at parallel)""]","[""Lateral Raise"", ""Cuban Press""]",3,"[""SRC_NCSA_TECHNIQUE""]",Reviewed,2026-07-24
EX0184,Single-Arm Smith Machine Row,"[""Smith Machine One-Arm Row""]",Resistance Training,Upper Body,Compound,Horizontal Pull,Pull,Open Chain,Unilateral,"[""Smith Machine""]",Anterior,"[""Latissimus Dorsi"", ""Rhomboids"", ""Middle Trapezius""]","[""Posterior Deltoid"", ""Biceps Brachii"", ""Brachialis""]","[""Core"", ""Erector Spinae""]","[""Sagittal"", ""Transverse""]","[""Shoulder Extension"", ""Elbow Flexion"", ""Scapular Retraction""]",Full,Machine Dependent,Mid-Range,Low,Intermediate,2,2,2,2.5,3.5,4,4,"[""Athletic Performance"",""Balance"",""Conditioning"",""Coordination"",""Core Stability"",""Corrective Exercise"",""Fat Loss"",""Flexibility"",""General Fitness"",""Grip Strength"",""Gymnastics"",""Injury Prevention"",""Joint Health"",""Knee Health"",""Mobility"",""Mobility and Flexibility"",""Muscle Gain"",""Muscular Endurance"",""Posture Correction"",""Power"",""Rehabilitation"",""Rehabilitation and Joint Health"",""Shoulder Health"",""Shin Splint Relief"",""Sport Performance"",""Strength"",""Strength Preparation"",""Warm-up""]",Low,"[""Lower Back"", ""Elbow""]","[""None""]",Stand beside the Smith machine bar. Hinge at the hips until your torso is nearly parallel to the floor. Grab the bar with one hand.,"[""Row the bar up toward your hip/ribcage, keeping your elbow tucked."", ""Squeeze your lat at the top."", ""Lower the bar back down to a full stretch. The Smith machine fixes the bar path, allowing you to focus entirely on the muscle.""]","[""Standing too upright"", ""Pulling toward the chest instead of the hip"", ""Twisting the torso excessively""]","[""Pull to the pocket"", ""Let the scapula stretch"", ""Brace the core""]","Exhale while rowing, inhale while lowering.","[""Heavier Load"", ""Pause Reps""]","[""Dumbbell Row""]","[""One-Arm Dumbbell Row"", ""Meadows Row""]",3,"[""SRC_ACSM_2026_RT""]",Reviewed,2026-07-24
EX0185,Behind-the-Back Cable Lateral Raise,"[""Cable Side Raise (Behind Back)""]",Resistance Training,Upper Body,Isolation,Vertical Push,Push,Open Chain,Unilateral,"[""Cable Machine"", ""D-Handle""]",Lateral,"[""Lateral Deltoid""]","[""Anterior Deltoid""]","[""Core"", ""Trapezius""]","[""Frontal""]","[""Shoulder Abduction""]",Full,Constant,Lengthened,Low,Intermediate,2.5,2,2.5,2,2.5,2,4.5,"[""Athletic Performance"",""Balance"",""Conditioning"",""Coordination"",""Core Stability"",""Corrective Exercise"",""Fat Loss"",""Flexibility"",""General Fitness"",""Grip Strength"",""Gymnastics"",""Injury Prevention"",""Joint Health"",""Knee Health"",""Mobility"",""Mobility and Flexibility"",""Muscle Gain"",""Muscular Endurance"",""Posture Correction"",""Power"",""Rehabilitation"",""Rehabilitation and Joint Health"",""Shoulder Health"",""Shin Splint Relief"",""Sport Performance"",""Strength"",""Strength Preparation"",""Warm-up""]",Low,"[""Shoulder""]","[""Shoulder impingement""]",Set a low cable pulley. Stand slightly in front of it and reach behind your back to grab the handle with the opposite hand.,"[""Keeping a slight bend in your elbow, raise the handle out to the side until it reaches shoulder height."", ""Squeeze the lateral delt."", ""Slowly lower it back behind your body, feeling a deep stretch across the shoulder.""]","[""Using momentum"", ""Leaning too far forward"", ""Pulling the cable in front of the body""]","[""Sweep the arm out"", ""Keep the cable close to the glutes"", ""Stretch at the bottom""]","Exhale while raising, inhale while lowering.","[""Heavier Load"", ""Pause at the top""]","[""Dumbbell Lateral Raise"", ""Cable Lateral Raise (in front)""]","[""Cable Lateral Raise"", ""Machine Lateral Raise""]",2.5,"[""SRC_ACSM_2026_RT""]",Reviewed,2026-07-24
EX0186,Lying Cable Curl,"[""Floor Cable Curl""]",Resistance Training,Upper Body,Isolation,Elbow Flexion,Pull,Open Chain,Bilateral,"[""Cable Machine"", ""Straight Bar""]",Anterior,"[""Biceps Brachii"", ""Brachialis""]","[""Brachioradialis""]","[""None""]","[""Sagittal""]","[""Elbow Flexion""]",Full,Constant,Shortened,Low,Beginner,1.5,1,1,1.5,1.5,1.5,4,"[""Athletic Performance"",""Balance"",""Conditioning"",""Coordination"",""Core Stability"",""Corrective Exercise"",""Fat Loss"",""Flexibility"",""General Fitness"",""Grip Strength"",""Gymnastics"",""Injury Prevention"",""Joint Health"",""Knee Health"",""Mobility"",""Mobility and Flexibility"",""Muscle Gain"",""Muscular Endurance"",""Posture Correction"",""Power"",""Rehabilitation"",""Rehabilitation and Joint Health"",""Shoulder Health"",""Shin Splint Relief"",""Sport Performance"",""Strength"",""Strength Preparation"",""Warm-up""]",Low,"[""Elbow""]","[""Biceps tendonitis""]","Attach a straight bar to a low pulley. Lie flat on your back on the floor, with your feet bracing against the machine.","[""Keeping your elbows pinned to the floor and upper arms stationary, curl the bar toward your chest."", ""Squeeze the biceps hard."", ""Slowly extend your arms back to the starting position. Lying down prevents any body english (momentum).""]","[""Lifting the elbows off the floor"", ""Lifting the head off the floor"", ""Shortening the range of motion""]","[""Pin the elbows to the ground"", ""Strict curl"", ""Control the negative""]","Exhale while curling, inhale while lowering.","[""Heavier Load"", ""Pause Cable Curl""]","[""Standing Cable Curl""]","[""Standing Cable Curl"", ""Barbell Curl""]",2.5,"[""SRC_ACSM_2026_RT""]",Reviewed,2026-07-24
EX0187,Drag Curl,"[""Barbell Drag Curl""]",Resistance Training,Upper Body,Isolation,Elbow Flexion,Pull,Open Chain,Bilateral,"[""Barbell"", ""Smith Machine""]",Anterior,"[""Biceps Brachii (Long Head Bias)""]","[""Brachialis"", ""Brachioradialis""]","[""Posterior Deltoid""]","[""Sagittal""]","[""Elbow Flexion"", ""Shoulder Extension""]",Partial,Ascending,Shortened,Low,Intermediate,2.5,2,1.5,1.5,1.5,1.5,4.5,"[""Athletic Performance"",""Balance"",""Conditioning"",""Coordination"",""Core Stability"",""Corrective Exercise"",""Fat Loss"",""Flexibility"",""General Fitness"",""Grip Strength"",""Gymnastics"",""Injury Prevention"",""Joint Health"",""Knee Health"",""Mobility"",""Mobility and Flexibility"",""Muscle Gain"",""Muscular Endurance"",""Posture Correction"",""Power"",""Rehabilitation"",""Rehabilitation and Joint Health"",""Shoulder Health"",""Shin Splint Relief"",""Sport Performance"",""Strength"",""Strength Preparation"",""Warm-up""]",Low,"[""Elbow"", ""Shoulder""]","[""Anterior shoulder pain""]","Stand holding a barbell with an underhand grip, resting against your thighs.","[""Instead of curling the bar in an arc, drag the bar straight up your torso."", ""To do this, you must pull your elbows back behind your body as you flex them."", ""Squeeze the biceps at the top, then drag the bar back down.""]","[""Curling the bar away from the body (turning it into a standard curl)"", ""Shrugging the shoulders"", ""Not pulling the elbows back""]","[""Drag it up your shirt"", ""Elbows back"", ""Squeeze the peak""]","Exhale while dragging up, inhale while lowering.","[""Smith Machine Drag Curl"", ""Dumbbell Drag Curl""]","[""Standard Barbell Curl""]","[""Barbell Biceps Curl"", ""Incline Dumbbell Curl""]",2,"[""SRC_ACSM_2026_RT""]",Reviewed,2026-07-24
EX0188,Reverse Grip Triceps Pushdown,"[""Supinated Triceps Pushdown""]",Resistance Training,Upper Body,Isolation,Elbow Extension,Push,Open Chain,Bilateral,"[""Cable Machine"", ""Straight Bar""]",Anterior,"[""Triceps Brachii (Medial/Lateral Head)""]","[""Anconeus""]","[""Core"", ""Latissimus Dorsi""]","[""Sagittal""]","[""Elbow Extension""]",Full,Constant,Shortened,Low,Beginner,1.5,1.5,2,1.5,1.5,1.5,4,"[""Athletic Performance"",""Balance"",""Conditioning"",""Coordination"",""Core Stability"",""Corrective Exercise"",""Fat Loss"",""Flexibility"",""General Fitness"",""Grip Strength"",""Gymnastics"",""Injury Prevention"",""Joint Health"",""Knee Health"",""Mobility"",""Mobility and Flexibility"",""Muscle Gain"",""Muscular Endurance"",""Posture Correction"",""Power"",""Rehabilitation"",""Rehabilitation and Joint Health"",""Shoulder Health"",""Shin Splint Relief"",""Sport Performance"",""Strength"",""Strength Preparation"",""Warm-up""]",Low,"[""Elbow"", ""Wrist""]","[""Wrist pain""]","Attach a straight bar to a high pulley. Grab the bar with a supinated (underhand) grip, palms facing up.","[""Keep your elbows pinned to your sides."", ""Push the bar down until your arms are fully extended."", ""Squeeze the triceps, then slowly return to the starting position. The underhand grip forces strict form and prevents you from pressing with your chest/shoulders.""]","[""Flaring the elbows"", ""Letting the wrists bend backward excessively"", ""Using bodyweight to push down""]","[""Elbows tight"", ""Wrists straight"", ""Isolate the triceps""]","Exhale while pushing down, inhale while returning.","[""Heavier Load"", ""Single-Arm Reverse Grip Pushdown""]","[""Standard Overhand Triceps Pushdown""]","[""Cable Triceps Pushdown"", ""Triceps Kickback""]",2,"[""SRC_ACSM_2026_RT""]",Reviewed,2026-07-24
EX0189,Cable Overhead Triceps Extension,"[""Overhead Cable Extension""]",Resistance Training,Upper Body,Isolation,Elbow Extension,Push,Open Chain,Bilateral,"[""Cable Machine"", ""Rope Attachment""]",Overhead,"[""Triceps Brachii (Long Head Bias)""]","[""Anconeus""]","[""Core""]","[""Sagittal""]","[""Elbow Extension""]",Full,Constant,Lengthened,Low,Intermediate,2,2.5,2.5,2,2,2,4.5,"[""Athletic Performance"",""Balance"",""Conditioning"",""Coordination"",""Core Stability"",""Corrective Exercise"",""Fat Loss"",""Flexibility"",""General Fitness"",""Grip Strength"",""Gymnastics"",""Injury Prevention"",""Joint Health"",""Knee Health"",""Mobility"",""Mobility and Flexibility"",""Muscle Gain"",""Muscular Endurance"",""Posture Correction"",""Power"",""Rehabilitation"",""Rehabilitation and Joint Health"",""Shoulder Health"",""Shin Splint Relief"",""Sport Performance"",""Strength"",""Strength Preparation"",""Warm-up""]",Low,"[""Elbow"", ""Shoulder""]","[""Shoulder mobility issues"", ""Elbow tendinopathy""]","Attach a rope to a low or mid pulley. Turn away from the machine, grab the rope, and bring your hands behind your head.","[""Adopt a staggered stance and lean forward slightly."", ""Keeping your elbows pointing forward and stationary, extend your arms straight out."", ""Squeeze the triceps, then control the weight back down to a deep stretch behind the head.""]","[""Flaring elbows out to the sides"", ""Using torso momentum"", ""Not getting a full stretch""]","[""Elbows forward"", ""Lock it out"", ""Feel the deep stretch""]","Exhale while extending, inhale while returning.","[""Heavier Load"", ""V-Bar Attachment""]","[""Dumbbell Overhead Extension""]","[""Overhead Dumbbell Triceps Extension"", ""Skull Crusher""]",2.5,"[""SRC_ACSM_2026_RT""]",Reviewed,2026-07-24
EX0190,Tibialis Raise,"[""Wall Tib Raise"", ""Toe Raise""]",Bodyweight,Lower Body,Isolation,Ankle Dorsiflexion,Pull,Closed Chain,Bilateral,"[""Wall""]",Bodyweight,"[""Tibialis Anterior""]","[""Extensor Digitorum Longus""]","[""None""]","[""Sagittal""]","[""Ankle Dorsiflexion""]",Partial,Ascending,Shortened,Low,Beginner,1,1,1.5,1,1.5,1,3.5,"[""Athletic Performance"",""Balance"",""Conditioning"",""Coordination"",""Core Stability"",""Corrective Exercise"",""Fat Loss"",""Flexibility"",""General Fitness"",""Grip Strength"",""Gymnastics"",""Injury Prevention"",""Joint Health"",""Knee Health"",""Mobility"",""Mobility and Flexibility"",""Muscle Gain"",""Muscular Endurance"",""Posture Correction"",""Power"",""Rehabilitation"",""Rehabilitation and Joint Health"",""Shoulder Health"",""Shin Splint Relief"",""Sport Performance"",""Strength"",""Strength Preparation"",""Warm-up""]",Low,"[""Ankle""]","[""None""]",Stand with your back against a wall. Walk your feet forward about 1-2 feet. Keep your legs straight.,"[""Keeping your heels on the ground, flex your ankles to pull your toes up toward your shins as high as possible."", ""Squeeze the muscle on the front of your shin (tibialis anterior)."", ""Lower your toes slowly back to the ground.""]","[""Bending the knees"", ""Not pulling the toes high enough"", ""Rushing the reps""]","[""Legs locked"", ""Toes to the sky"", ""Squeeze the shins""]",Breathe continuously.,"[""Walk feet further away from the wall (increases difficulty)"", ""Weighted Tibialis Bar""]","[""Walk feet closer to the wall""]","[""Kettlebell Toe Raise (sitting)"", ""Band Dorsiflexion""]",2,"[""SRC_ACSM_2026_RT""]",Reviewed,2026-07-24
EX0191,Cable Upright Row,"[""Straight Bar Upright Row""]",Resistance Training,Upper Body,Compound,Vertical Pull,Pull,Open Chain,Bilateral,"[""Cable Machine"", ""Straight Bar""]",Anterior,"[""Lateral Deltoid"", ""Upper Trapezius""]","[""Anterior Deltoid"", ""Biceps Brachii"", ""Brachialis""]","[""Core""]","[""Frontal""]","[""Shoulder Abduction"", ""Elbow Flexion""]",Full,Constant,Mid-Range,Low,Beginner,2,2,2,1.5,1.5,2,4,"[""Athletic Performance"",""Balance"",""Conditioning"",""Coordination"",""Core Stability"",""Corrective Exercise"",""Fat Loss"",""Flexibility"",""General Fitness"",""Grip Strength"",""Gymnastics"",""Injury Prevention"",""Joint Health"",""Knee Health"",""Mobility"",""Mobility and Flexibility"",""Muscle Gain"",""Muscular Endurance"",""Posture Correction"",""Power"",""Rehabilitation"",""Rehabilitation and Joint Health"",""Shoulder Health"",""Shin Splint Relief"",""Sport Performance"",""Strength"",""Strength Preparation"",""Warm-up""]",Moderate,"[""Shoulder"", ""Wrist""]","[""Shoulder impingement""]","Attach a straight bar to a low cable pulley. Stand facing the machine, holding the bar with an overhand grip.","[""Pull the bar straight up along the front of your body until it reaches chest height."", ""Lead with your elbows, keeping them higher than your wrists."", ""Slowly lower the bar back to the starting position.""]","[""Pulling the bar too high (above the chest) causing shoulder impingement"", ""Using momentum"", ""Wrists higher than elbows""]","[""Lead with the elbows"", ""Keep the bar close to your body"", ""Control the negative""]","Exhale while pulling up, inhale while lowering.","[""Barbell Upright Row"", ""Pause Cable Upright Row""]","[""Dumbbell Upright Row""]","[""Dumbbell Lateral Raise"", ""Barbell Upright Row""]",3,"[""SRC_ACSM_2026_RT""]",Reviewed,2026-07-24
EX0192,Box Jump,"[""Plyometric Box Jump""]",Bodyweight,Lower Body,Compound,Squat,Push,Closed Chain,Bilateral,"[""Plyo Box""]",Bodyweight,"[""Quadriceps"", ""Gluteus Maximus"", ""Calves""]","[""Hamstrings""]","[""Core"", ""Shoulders (arm swing)""]","[""Sagittal""]","[""Hip Extension"", ""Knee Extension"", ""Ankle Plantarflexion""]",Full,Variable,Mid-Range,Moderate,Intermediate,4,4,4.5,2,4,4,3,"[""Athletic Performance"",""Balance"",""Conditioning"",""Coordination"",""Core Stability"",""Corrective Exercise"",""Fat Loss"",""Flexibility"",""General Fitness"",""Grip Strength"",""Gymnastics"",""Injury Prevention"",""Joint Health"",""Knee Health"",""Mobility"",""Mobility and Flexibility"",""Muscle Gain"",""Muscular Endurance"",""Posture Correction"",""Power"",""Rehabilitation"",""Rehabilitation and Joint Health"",""Shoulder Health"",""Shin Splint Relief"",""Sport Performance"",""Strength"",""Strength Preparation"",""Warm-up""]",High,"[""Knee"", ""Achilles Tendon"", ""Ankle""]","[""Achilles tendinopathy"", ""Severe knee osteoarthritis""]","Stand facing a sturdy plyo box, about a foot away. Feet shoulder-width apart.","[""Swing your arms back and hinge slightly at the hips and knees to gather power."", ""Explosively jump up and forward onto the box, using your arm swing for momentum."", ""Land softly on the box with both feet in a partial squat. Step down carefully.""]","[""Landing with straight legs or a loud thud"", ""Jumping down backward (high risk for Achilles tear)"", ""Using a box that is too high""]","[""Land like a ninja"", ""Step down, don't jump down"", ""Use the arms""]","Inhale before the jump, exhale mid-air or upon landing.","[""Higher Box Jump"", ""Seated Box Jump""]","[""Step-Up"", ""Squat Jump (no box)""]","[""Squat Jump"", ""Broad Jump""]",6,"[""SRC_NCSA_TECHNIQUE""]",Reviewed,2026-07-24
EX0193,Barbell Thruster,"[""Thruster""]",Resistance Training,Total Body,Compound,Total Body Integration,Push,Closed Chain,Bilateral,"[""Barbell""]",Anterior,"[""Quadriceps"", ""Gluteus Maximus"", ""Anterior Deltoid""]","[""Triceps Brachii"", ""Hamstrings"", ""Lateral Deltoid""]","[""Core"", ""Erector Spinae""]","[""Sagittal""]","[""Hip Extension"", ""Knee Extension"", ""Shoulder Flexion"", ""Elbow Extension""]",Full,Ascending,Mid-Range,High,Advanced,5,4.5,5,3.5,4.5,4.5,4,"[""Athletic Performance"",""Balance"",""Conditioning"",""Coordination"",""Core Stability"",""Corrective Exercise"",""Fat Loss"",""Flexibility"",""General Fitness"",""Grip Strength"",""Gymnastics"",""Injury Prevention"",""Joint Health"",""Knee Health"",""Mobility"",""Mobility and Flexibility"",""Muscle Gain"",""Muscular Endurance"",""Posture Correction"",""Power"",""Rehabilitation"",""Rehabilitation and Joint Health"",""Shoulder Health"",""Shin Splint Relief"",""Sport Performance"",""Strength"",""Strength Preparation"",""Warm-up""]",High,"[""Shoulder"", ""Knee"", ""Wrist""]","[""Shoulder impingement"", ""Knee valgus issues""]","Hold a barbell in the front rack position, resting on your shoulders. Stand with feet shoulder-width apart.","[""Perform a full front squat, descending until your hips are below your knees."", ""Explosively stand up from the squat."", ""Use the momentum from your legs to seamlessly press the barbell overhead until your arms are fully locked out.""]","[""Pressing the bar before the hips are fully extended"", ""Dropping the chest during the squat"", ""Pausing at the shoulders between the squat and press""]","[""One fluid motion"", ""Legs drive the arms"", ""Keep the chest tall""]","Inhale on the squat, exhale forcefully on the press.","[""Heavier Load"", ""Dumbbell Thruster""]","[""Front Squat"", ""Push Press""]","[""Push Press"", ""Kettlebell Thruster""]",7.5,"[""SRC_NCSA_TECHNIQUE""]",Reviewed,2026-07-24
EX0194,Burpee,"[""Squat Thrust with Jump""]",Bodyweight,Total Body,Compound,Total Body Integration,Push,Closed Chain,Bilateral,"[""Bodyweight""]",Bodyweight,"[""Quadriceps"", ""Pectoralis Major"", ""Gluteus Maximus""]","[""Triceps Brachii"", ""Anterior Deltoid"", ""Hamstrings"", ""Calves""]","[""Core""]","[""Sagittal""]","[""Hip Extension"", ""Knee Extension"", ""Shoulder Horizontal Adduction"", ""Elbow Extension""]",Full,Constant,Mid-Range,Low,Beginner,4.5,4,5,1,3,3,2,"[""Athletic Performance"",""Balance"",""Conditioning"",""Coordination"",""Core Stability"",""Corrective Exercise"",""Fat Loss"",""Flexibility"",""General Fitness"",""Grip Strength"",""Gymnastics"",""Injury Prevention"",""Joint Health"",""Knee Health"",""Mobility"",""Mobility and Flexibility"",""Muscle Gain"",""Muscular Endurance"",""Posture Correction"",""Power"",""Rehabilitation"",""Rehabilitation and Joint Health"",""Shoulder Health"",""Shin Splint Relief"",""Sport Performance"",""Strength"",""Strength Preparation"",""Warm-up""]",Moderate,"[""Wrist"", ""Knee"", ""Lower Back""]",[],Stand tall with feet shoulder-width apart.,"[""Drop into a squat position and place your hands on the floor."", ""Kick your feet back to a plank position and perform a push-up (chest to floor)."", ""Quickly jump your feet back to the squat position."", ""Explosively jump into the air, reaching your arms overhead.""]","[""Letting the lower back sag during the plank/push-up"", ""Skipping the push-up (unless doing a half-burpee)"", ""Landing heavily on the final jump""]","[""Core tight in the plank"", ""Chest to the floor"", ""Explode up""]","Breathe continuously, matching the rhythm of the movement.","[""Burpee over Bar"", ""Burpee Box Jump""]","[""Sprawl (no push-up, no jump)"", ""Step-back Burpee""]","[""Mountain Climbers"", ""Kettlebell Swing""]",8,"[""SRC_ACSM_2026_RT""]",Reviewed,2026-07-24
EX0195,Battle Ropes,"[""Alternating Waves"", ""Rope Waves""]",Resistance Training,Total Body,Compound,Vertical Push,Push,Open Chain,Alternating,"[""Battle Ropes""]",Anterior,"[""Anterior Deltoid"", ""Core""]","[""Latissimus Dorsi"", ""Biceps Brachii"", ""Triceps Brachii"", ""Quadriceps (Isometric)""]","[""Gluteus Maximus"", ""Erector Spinae""]","[""Sagittal""]","[""Shoulder Flexion"", ""Shoulder Extension""]",Partial,Constant,Mid-Range,Low,Beginner,3.5,4.5,4.5,2,1.5,3,2.5,"[""Athletic Performance"",""Balance"",""Conditioning"",""Coordination"",""Core Stability"",""Corrective Exercise"",""Fat Loss"",""Flexibility"",""General Fitness"",""Grip Strength"",""Gymnastics"",""Injury Prevention"",""Joint Health"",""Knee Health"",""Mobility"",""Mobility and Flexibility"",""Muscle Gain"",""Muscular Endurance"",""Posture Correction"",""Power"",""Rehabilitation"",""Rehabilitation and Joint Health"",""Shoulder Health"",""Shin Splint Relief"",""Sport Performance"",""Strength"",""Strength Preparation"",""Warm-up""]",Low,"[""Shoulder""]","[""Acute shoulder impingement""]","Hold the ends of a battle rope with an overhand grip. Adopt a quarter-squat athletic stance, bracing your core.","[""Rapidly alternate whipping your arms up and down to create waves that travel all the way to the anchor point."", ""Keep your torso stable and do not let your hips bounce up and down."", ""Maintain control and proper breathing throughout the entire movement.""]","[""Standing too upright"", ""Using only the wrists"", ""Losing core tension and letting the body sway""]","[""Whip from the shoulders"", ""Core tight"", ""Keep the waves moving""]",Breathe rapidly and continuously.,"[""Double Arm Slam"", ""Heavier/Thicker Ropes""]","[""Slower Waves"", ""Seated Battle Ropes""]","[""Medicine Ball Slam"", ""Rowing Machine""]",7,"[""SRC_NCSA_TECHNIQUE""]",Reviewed,2026-07-24
EX0196,Machine Assisted Pull-Up,"[""Assisted Pull-Up""]",Resistance Training,Upper Body,Compound,Vertical Pull,Pull,Open Chain,Bilateral,"[""Assisted Pull-Up Machine""]",Overhead,"[""Latissimus Dorsi""]","[""Biceps Brachii"", ""Brachialis"", ""Rhomboids"", ""Posterior Deltoid""]","[""Core"", ""Trapezius""]","[""Frontal"", ""Sagittal""]","[""Shoulder Adduction"", ""Shoulder Extension"", ""Elbow Flexion""]",Full,Machine Dependent,Lengthened,Low,Beginner,1.5,2,2,1.5,1,1.5,4,"[""Athletic Performance"",""Balance"",""Conditioning"",""Coordination"",""Core Stability"",""Corrective Exercise"",""Fat Loss"",""Flexibility"",""General Fitness"",""Grip Strength"",""Gymnastics"",""Injury Prevention"",""Joint Health"",""Knee Health"",""Mobility"",""Mobility and Flexibility"",""Muscle Gain"",""Muscular Endurance"",""Posture Correction"",""Power"",""Rehabilitation"",""Rehabilitation and Joint Health"",""Shoulder Health"",""Shin Splint Relief"",""Sport Performance"",""Strength"",""Strength Preparation"",""Warm-up""]",Low,"[""Shoulder"", ""Elbow""]","[""Severe shoulder impingement""]",Set the weight stack to provide the desired amount of assistance (more weight = easier). Kneel on the pad and grip the overhead handles.,"[""Pull your body up until your chin clears the bar, squeezing your lats."", ""Control your descent back to a full dead hang, letting the machine pad support your knees/feet."", ""Maintain control and proper breathing throughout the entire movement.""]","[""Using momentum"", ""Not getting a full stretch at the bottom"", ""Shrugging the shoulders at the top""]","[""Drive elbows to the floor"", ""Chest up"", ""Control the negative""]","Exhale while pulling up, inhale while lowering.","[""Reduce assistance weight"", ""Band-Assisted Pull-Up""]","[""Increase assistance weight"", ""Lat Pulldown""]","[""Lat Pulldown"", ""Bodyweight Pull-Up""]",4,"[""SRC_ACSM_2026_RT""]",Reviewed,2026-07-24
EX0197,Machine Assisted Dip,"[""Assisted Triceps Dip""]",Resistance Training,Upper Body,Compound,Vertical Push,Push,Closed Chain,Bilateral,"[""Assisted Dip Machine""]",Anterior,"[""Triceps Brachii"", ""Pectoralis Major""]","[""Anterior Deltoid""]","[""Core"", ""Rhomboids""]","[""Sagittal""]","[""Elbow Extension"", ""Shoulder Flexion""]",Full,Machine Dependent,Lengthened,Low,Beginner,1.5,2,2,1.5,1,1.5,4,"[""Athletic Performance"",""Balance"",""Conditioning"",""Coordination"",""Core Stability"",""Corrective Exercise"",""Fat Loss"",""Flexibility"",""General Fitness"",""Grip Strength"",""Gymnastics"",""Injury Prevention"",""Joint Health"",""Knee Health"",""Mobility"",""Mobility and Flexibility"",""Muscle Gain"",""Muscular Endurance"",""Posture Correction"",""Power"",""Rehabilitation"",""Rehabilitation and Joint Health"",""Shoulder Health"",""Shin Splint Relief"",""Sport Performance"",""Strength"",""Strength Preparation"",""Warm-up""]",Moderate,"[""Shoulder"", ""Wrist"", ""Elbow""]","[""AC joint pain""]",Set the assistance weight (more weight = easier). Kneel on the pad and grip the parallel bars with arms locked out.,"[""Lower your body by bending your elbows to 90 degrees."", ""Keep your elbows tucked slightly to target the triceps."", ""Press back up to full lockout.""]","[""Going too deep and straining the shoulder"", ""Flaring elbows out excessively"", ""Shrugging the shoulders""]","[""Keep torso upright"", ""Shoulders down"", ""90-degree elbows""]","Inhale while lowering, exhale while pressing.","[""Reduce assistance weight"", ""Band-Assisted Dip""]","[""Increase assistance weight"", ""Triceps Pushdown""]","[""Bodyweight Triceps Dip"", ""Close-Grip Bench Press""]",3.5,"[""SRC_ACSM_2026_RT""]",Reviewed,2026-07-24
EX0198,Lying Dumbbell Leg Curl,"[""Prone Dumbbell Hamstring Curl""]",Resistance Training,Lower Body,Isolation,Knee Flexion,Pull,Open Chain,Bilateral,"[""Dumbbell"", ""Flat Bench or Mat""]",Posterior,"[""Hamstrings""]","[""Gastrocnemius""]","[""Core"", ""Gluteus Maximus (Isometric)""]","[""Sagittal""]","[""Knee Flexion""]",Partial,Descending,Lengthened,Low,Beginner,2,1.5,1.5,2.5,2,2.5,4,"[""Athletic Performance"",""Balance"",""Conditioning"",""Coordination"",""Core Stability"",""Corrective Exercise"",""Fat Loss"",""Flexibility"",""General Fitness"",""Grip Strength"",""Gymnastics"",""Injury Prevention"",""Joint Health"",""Knee Health"",""Mobility"",""Mobility and Flexibility"",""Muscle Gain"",""Muscular Endurance"",""Posture Correction"",""Power"",""Rehabilitation"",""Rehabilitation and Joint Health"",""Shoulder Health"",""Shin Splint Relief"",""Sport Performance"",""Strength"",""Strength Preparation"",""Warm-up""]",Low,"[""Knee"", ""Lower Back""]","[""Acute hamstring strain""]","Lie face down on a bench or the floor. Have a partner place a dumbbell between your arches/heels, or secure it yourself before lying down.","[""Squeeze the dumbbell securely between your feet."", ""Curl the weight up by flexing your knees until your shins are past perpendicular."", ""Slowly lower the dumbbell back down without letting it rest on the floor.""]","[""Arching the lower back to lift the weight"", ""Dropping the dumbbell"", ""Not controlling the eccentric""]","[""Press hips into the bench"", ""Squeeze the feet together"", ""Control the negative""]","Exhale while curling, inhale while lowering.","[""Heavier Dumbbell"", ""Machine Lying Leg Curl""]","[""Slider Leg Curl"", ""Lighter Dumbbell""]","[""Machine Lying Leg Curl"", ""Nordic Hamstring Curl""]",3,"[""SRC_ACSM_2026_RT""]",Reviewed,2026-07-24
EX0199,Cable Front Raise,"[""Low Pulley Front Raise""]",Resistance Training,Upper Body,Isolation,Vertical Push,Push,Open Chain,Bilateral,"[""Cable Machine"", ""Straight Bar or Rope""]",Anterior,"[""Anterior Deltoid""]","[""Lateral Deltoid"", ""Pectoralis Major (Clavicular Head)""]","[""Core"", ""Trapezius""]","[""Sagittal""]","[""Shoulder Flexion""]",Full,Constant,Lengthened,Low,Beginner,1.5,1.5,2,1.5,1,2,4,"[""Athletic Performance"",""Balance"",""Conditioning"",""Coordination"",""Core Stability"",""Corrective Exercise"",""Fat Loss"",""Flexibility"",""General Fitness"",""Grip Strength"",""Gymnastics"",""Injury Prevention"",""Joint Health"",""Knee Health"",""Mobility"",""Mobility and Flexibility"",""Muscle Gain"",""Muscular Endurance"",""Posture Correction"",""Power"",""Rehabilitation"",""Rehabilitation and Joint Health"",""Shoulder Health"",""Shin Splint Relief"",""Sport Performance"",""Strength"",""Strength Preparation"",""Warm-up""]",Low,"[""Shoulder""]","[""Shoulder impingement""]",Attach a bar or rope to a low pulley. Stand facing away from the machine with the cable running between your legs (or face the machine).,"[""Keeping your arms straight with a micro-bend in the elbows, raise the attachment in front of you until your arms are parallel to the floor."", ""Squeeze the front delts."", ""Slowly return to the starting position without losing tension.""]","[""Leaning back to cheat the weight up"", ""Bending the elbows"", ""Shrugging the shoulders""]","[""Keep torso rigid"", ""Raise to eye level"", ""Control the descent""]","Exhale while raising, inhale while lowering.","[""Pause Cable Front Raise"", ""Heavier Load""]","[""Dumbbell Front Raise""]","[""Dumbbell Front Raise"", ""Barbell Front Raise""]",2.5,"[""SRC_ACSM_2026_RT""]",Reviewed,2026-07-24
EX0200,Barbell Clean and Press,"[""Power Clean and Press""]",Resistance Training,Total Body,Compound,Total Body Integration,Push,Closed Chain,Bilateral,"[""Barbell"", ""Weight Plates""]",Anterior,"[""Gluteus Maximus"", ""Hamstrings"", ""Quadriceps"", ""Anterior Deltoid"", ""Triceps Brachii""]","[""Trapezius"", ""Lateral Deltoid"", ""Calves"", ""Erector Spinae""]","[""Core"", ""Rotator Cuff""]","[""Sagittal""]","[""Hip Extension"", ""Knee Extension"", ""Shoulder Flexion"", ""Elbow Extension""]",Full,Ascending,Mid-Range,High,Advanced,5,5,5,4,4.5,5,4,"[""Athletic Performance"",""Balance"",""Conditioning"",""Coordination"",""Core Stability"",""Corrective Exercise"",""Fat Loss"",""Flexibility"",""General Fitness"",""Grip Strength"",""Gymnastics"",""Injury Prevention"",""Joint Health"",""Knee Health"",""Mobility"",""Mobility and Flexibility"",""Muscle Gain"",""Muscular Endurance"",""Posture Correction"",""Power"",""Rehabilitation"",""Rehabilitation and Joint Health"",""Shoulder Health"",""Shin Splint Relief"",""Sport Performance"",""Strength"",""Strength Preparation"",""Warm-up""]",High,"[""Shoulder"", ""Lower Back"", ""Wrist"", ""Knee""]","[""Lumbar disc herniation"", ""Shoulder instability""]","Stand with feet shoulder-width apart, holding a barbell on the floor with an overhand grip.","[""Explosively extend your hips and knees to pull the bar high, dropping quickly under it to catch it in the front rack position (the Clean)."", ""From the rack position, immediately dip slightly and explosively press the bar overhead to full lockout (the Press)."", ""Control the bar back to the shoulders, then safely to the floor.""]","[""Curling the bar instead of using hip power"", ""Pressing the bar out in front instead of straight up"", ""Rounding the lower back off the floor""]","[""Explosive hips"", ""Fast elbows under the bar"", ""Press straight to the ceiling""]","Inhale before the pull, exhale forcefully on the press overhead.","[""Heavier Load"", ""Clean and Jerk""]","[""Dumbbell Clean and Press"", ""Hang Clean and Press""]","[""Push Press"", ""Power Clean""]",7.5,"[""SRC_NCSA_TECHNIQUE""]",Reviewed,2026-07-24
EX0201,Leg Press,"[""45-Degree Leg Press"", ""Machine Leg Press""]",Resistance Training,Lower Body,Compound,Squat,Push,Closed Chain,Bilateral,"[""Leg Press Machine""]",Machine Guided,"[""Quadriceps"", ""Gluteus Maximus""]","[""Hamstrings"", ""Adductor Magnus""]","[""None""]","[""Sagittal""]","[""Hip Extension"", ""Knee Extension""]",Full,Machine Dependent,Mid-Range,Moderate,Beginner,1.5,1,1,4,4,4.5,4.5,"[""Athletic Performance"",""Balance"",""Conditioning"",""Coordination"",""Core Stability"",""Corrective Exercise"",""Fat Loss"",""Flexibility"",""General Fitness"",""Grip Strength"",""Gymnastics"",""Injury Prevention"",""Joint Health"",""Knee Health"",""Mobility"",""Mobility and Flexibility"",""Muscle Gain"",""Muscular Endurance"",""Posture Correction"",""Power"",""Rehabilitation"",""Rehabilitation and Joint Health"",""Shoulder Health"",""Shin Splint Relief"",""Sport Performance"",""Strength"",""Strength Preparation"",""Warm-up""]",Moderate,"[""Knee"", ""Hip""]","[""Severe knee osteoarthritis""]",Sit in the machine with your back flat against the pad. Place your feet shoulder-width apart in the middle of the sled.,"[""Unrack the sled. Lower it by bending your knees and hips until your legs form a 90-degree angle (or as deep as your mobility allows without your lower back rounding)."", ""Drive through your entire foot to push the sled back up, stopping just short of locking your knees."", ""Maintain control and proper breathing throughout the entire movement.""]","[""Locking the knees forcefully at the top"", ""Letting the lower back round off the pad at the bottom (butt wink)"", ""Knees caving inward""]","[""Keep lower back glued to the pad"", ""Drive through the mid-foot"", ""Soft lockout""]","Inhale while lowering, exhale while pressing.","[""Single-Leg Press"", ""Pause Leg Press""]","[""Lighter Load"", ""Seated Leg Press Machine""]","[""Hack Squat"", ""Barbell Squat""]",4,"[""SRC_ACSM_2026_RT""]",Reviewed,2026-07-24
EX0202,Leg Extension,[],Resistance Training,Lower Body,Isolation,Knee Extension,Push,Open Chain,Bilateral,"[""Leg Extension Machine""]",Machine Guided,"[""Quadriceps (Rectus Femoris, Vastus Lateralis, Vastus Medialis, Vastus Intermedius)""]","[""None""]","[""Core""]","[""Sagittal""]","[""Knee Extension""]",Full,Machine Dependent,Shortened,Low,Beginner,1,1,1,1.5,1,2.5,4.5,"[""Athletic Performance"",""Balance"",""Conditioning"",""Coordination"",""Core Stability"",""Corrective Exercise"",""Fat Loss"",""Flexibility"",""General Fitness"",""Grip Strength"",""Gymnastics"",""Injury Prevention"",""Joint Health"",""Knee Health"",""Mobility"",""Mobility and Flexibility"",""Muscle Gain"",""Muscular Endurance"",""Posture Correction"",""Power"",""Rehabilitation"",""Rehabilitation and Joint Health"",""Shoulder Health"",""Shin Splint Relief"",""Sport Performance"",""Strength"",""Strength Preparation"",""Warm-up""]",High,"[""Knee""]","[""ACL reconstruction (early stages)"", ""Patellofemoral pain syndrome""]",Sit in the machine. Adjust the pad so it rests on your lower shins just above the feet. Adjust the backrest so your knees align with the machine's pivot point.,"[""Grip the handles tightly. Extend your knees to lift the pad until your legs are fully straight."", ""Squeeze your quads hard at the top."", ""Slowly lower the weight back to the starting position without letting the plates crash.""]","[""Using momentum by kicking the weight up"", ""Lifting the glutes off the seat"", ""Not reaching full extension""]","[""Squeeze at the top"", ""Control the negative"", ""Keep glutes pinned down""]","Exhale while extending, inhale while lowering.","[""Single-Leg Extension"", ""Pause Reps""]","[""Lighter Load""]","[""Sissy Squat"", ""Reverse Nordic Curl""]",3,"[""SRC_ACSM_2026_RT""]",Reviewed,2026-07-24
EX0203,V-Bar Seated Cable Row,"[""Low Row"", ""V-Bar Row""]",Resistance Training,Upper Body,Compound,Horizontal Pull,Pull,Open Chain,Bilateral,"[""Cable Machine"", ""V-Bar Attachment""]",Anterior,"[""Latissimus Dorsi"", ""Rhomboids"", ""Middle Trapezius""]","[""Posterior Deltoid"", ""Biceps Brachii"", ""Brachialis""]","[""Erector Spinae"", ""Core""]","[""Sagittal""]","[""Shoulder Extension"", ""Elbow Flexion"", ""Scapular Retraction""]",Full,Constant,Mid-Range,Low,Beginner,2,2,2.5,2,2.5,2.5,4,"[""Athletic Performance"",""Balance"",""Conditioning"",""Coordination"",""Core Stability"",""Corrective Exercise"",""Fat Loss"",""Flexibility"",""General Fitness"",""Grip Strength"",""Gymnastics"",""Injury Prevention"",""Joint Health"",""Knee Health"",""Mobility"",""Mobility and Flexibility"",""Muscle Gain"",""Muscular Endurance"",""Posture Correction"",""Power"",""Rehabilitation"",""Rehabilitation and Joint Health"",""Shoulder Health"",""Shin Splint Relief"",""Sport Performance"",""Strength"",""Strength Preparation"",""Warm-up""]",Low,"[""Lower Back"", ""Shoulder""]","[""Acute low back pain""]","Sit on the bench with your feet on the footplates, knees slightly bent. Grab the V-bar with both hands and sit up tall with a flat back.","[""Pull the handle to your lower stomach by driving your elbows back and squeezing your shoulder blades together."", ""Pause briefly at the chest."", ""Control the weight back, allowing your shoulder blades to stretch forward without rounding your lower back.""]","[""Using excessive torso momentum (leaning far back)"", ""Rounding the lower back"", ""Pulling with the biceps instead of the back""]","[""Chest up"", ""Pull to the belly button"", ""Squeeze a pencil between your shoulder blades""]","Exhale while pulling, inhale while releasing.","[""Heavier Load"", ""Pause Cable Row""]","[""Chest-Supported Row"", ""Lighter Load""]","[""Barbell Row"", ""Dumbbell Row""]",3.5,"[""SRC_ACSM_2026_RT""]",Reviewed,2026-07-24
EX0204,Single-Arm Dumbbell Row,"[""One-Arm Row"", ""Lawnmower Pull""]",Resistance Training,Upper Body,Compound,Horizontal Pull,Pull,Open Chain,Unilateral,"[""Dumbbell"", ""Flat Bench""]",Anterior,"[""Latissimus Dorsi"", ""Rhomboids"", ""Middle Trapezius""]","[""Posterior Deltoid"", ""Biceps Brachii"", ""Brachialis""]","[""Core"", ""Erector Spinae""]","[""Sagittal"", ""Transverse""]","[""Shoulder Extension"", ""Elbow Flexion"", ""Scapular Retraction""]",Full,Ascending,Mid-Range,Moderate,Beginner,2.5,2.5,3,2.5,3,3.5,4,"[""Athletic Performance"",""Balance"",""Conditioning"",""Coordination"",""Core Stability"",""Corrective Exercise"",""Fat Loss"",""Flexibility"",""General Fitness"",""Grip Strength"",""Gymnastics"",""Injury Prevention"",""Joint Health"",""Knee Health"",""Mobility"",""Mobility and Flexibility"",""Muscle Gain"",""Muscular Endurance"",""Posture Correction"",""Power"",""Rehabilitation"",""Rehabilitation and Joint Health"",""Shoulder Health"",""Shin Splint Relief"",""Sport Performance"",""Strength"",""Strength Preparation"",""Warm-up""]",Low,"[""Lower Back"", ""Shoulder""]","[""None""]",Place one knee and the same-side hand on a flat bench. Keep your back flat and parallel to the floor. Hold a dumbbell in the free hand.,"[""Pull the dumbbell straight up toward your hip/ribcage, keeping your elbow relatively close to your side."", ""Squeeze your back muscles at the top."", ""Lower the dumbbell under control until your arm is fully extended and you feel a stretch in the lat.""]","[""Twisting the torso excessively"", ""Pulling the dumbbell to the chest instead of the hip"", ""Rounding the lower back""]","[""Pull to the hip"", ""Keep shoulders square"", ""Let the scapula stretch at the bottom""]","Exhale while rowing, inhale while lowering.","[""Kroc Row"", ""Deficit Dumbbell Row""]","[""Chest-Supported Dumbbell Row""]","[""Seated Cable Row"", ""Barbell Row""]",3.5,"[""SRC_NCSA_TECHNIQUE""]",Reviewed,2026-07-24
EX0205,Flat Dumbbell Bench Press,"[""Dumbbell Press"", ""DB Bench""]",Resistance Training,Upper Body,Compound,Horizontal Push,Push,Open Chain,Bilateral,"[""Dumbbell"", ""Flat Bench""]",Anterior,"[""Pectoralis Major""]","[""Anterior Deltoid"", ""Triceps Brachii""]","[""Core"", ""Latissimus Dorsi""]","[""Transverse"", ""Sagittal""]","[""Shoulder Horizontal Adduction"", ""Elbow Extension""]",Full,Ascending,Lengthened,Moderate,Intermediate,3,3,3.5,2.5,3,3.5,4.5,"[""Athletic Performance"",""Balance"",""Conditioning"",""Coordination"",""Core Stability"",""Corrective Exercise"",""Fat Loss"",""Flexibility"",""General Fitness"",""Grip Strength"",""Gymnastics"",""Injury Prevention"",""Joint Health"",""Knee Health"",""Mobility"",""Mobility and Flexibility"",""Muscle Gain"",""Muscular Endurance"",""Posture Correction"",""Power"",""Rehabilitation"",""Rehabilitation and Joint Health"",""Shoulder Health"",""Shin Splint Relief"",""Sport Performance"",""Strength"",""Strength Preparation"",""Warm-up""]",Moderate,"[""Shoulder"", ""Elbow""]","[""Shoulder instability""]",Sit on a flat bench with dumbbells resting on your thighs. Kick the weights up with your knees as you lie back.,"[""Hold the dumbbells over your chest with arms fully extended, palms facing forward."", ""Lower the dumbbells under control until they are roughly level with your chest, elbows tucked at a 45-degree angle."", ""Press the weights forcefully back to the starting position.""]","[""Flaring elbows out to 90 degrees"", ""Clanking the dumbbells together at the top"", ""Lifting the glutes off the bench""]","[""Tuck the elbows"", ""Drive feet into the floor"", ""Squeeze the chest at the top""]","Inhale while lowering, exhale while pressing.","[""Pause Dumbbell Press"", ""Heavier Load""]","[""Machine Chest Press"", ""Push-Up""]","[""Barbell Bench Press"", ""Machine Chest Press""]",4,"[""SRC_NCSA_TECHNIQUE""]",Reviewed,2026-07-24
EX0206,Incline Dumbbell Chest Press,"[""Incline DB Press""]",Resistance Training,Upper Body,Compound,Horizontal Push,Push,Open Chain,Bilateral,"[""Dumbbell"", ""Incline Bench""]",Anterior,"[""Pectoralis Major (Clavicular Head)""]","[""Anterior Deltoid"", ""Triceps Brachii""]","[""Core"", ""Latissimus Dorsi""]","[""Transverse"", ""Sagittal""]","[""Shoulder Horizontal Adduction"", ""Shoulder Flexion"", ""Elbow Extension""]",Full,Ascending,Lengthened,Moderate,Intermediate,3,3,3.5,2.5,3,3.5,4.5,"[""Athletic Performance"",""Balance"",""Conditioning"",""Coordination"",""Core Stability"",""Corrective Exercise"",""Fat Loss"",""Flexibility"",""General Fitness"",""Grip Strength"",""Gymnastics"",""Injury Prevention"",""Joint Health"",""Knee Health"",""Mobility"",""Mobility and Flexibility"",""Muscle Gain"",""Muscular Endurance"",""Posture Correction"",""Power"",""Rehabilitation"",""Rehabilitation and Joint Health"",""Shoulder Health"",""Shin Splint Relief"",""Sport Performance"",""Strength"",""Strength Preparation"",""Warm-up""]",Moderate,"[""Shoulder"", ""Elbow""]","[""Shoulder impingement""]",Set a bench to a 30-45 degree incline. Kick the dumbbells up to your shoulders and lie back.,"[""Press the dumbbells straight up over your upper chest."", ""Lower the dumbbells slowly until you feel a deep stretch in the upper pecs."", ""Press the weights back to the top, squeezing the chest.""]","[""Setting the bench too high (turns it into a shoulder press)"", ""Arching the lower back excessively"", ""Flaring the elbows""]","[""Elbows at 45 degrees"", ""Press straight up over the collarbone"", ""Control the descent""]","Inhale while lowering, exhale while pressing.","[""Pause Incline Press"", ""Heavier Load""]","[""Machine Incline Press"", ""Flat Dumbbell Press""]","[""Incline Barbell Press"", ""Low-to-High Cable Fly""]",4,"[""SRC_NCSA_TECHNIQUE""]",Reviewed,2026-07-24
EX0207,High Pulley Face Pull,"[""Face Pull""]",Resistance Training,Upper Body,Isolation,Horizontal Pull,Pull,Open Chain,Bilateral,"[""Cable Machine"", ""Rope Attachment""]",Anterior,"[""Posterior Deltoid"", ""Infraspinatus"", ""Teres Minor""]","[""Rhomboids"", ""Middle Trapezius""]","[""Core""]","[""Transverse""]","[""Shoulder Horizontal Abduction"", ""Shoulder External Rotation""]",Full,Constant,Shortened,Low,Beginner,2.5,2.5,2,1.5,1.5,1.5,4,"[""Athletic Performance"",""Balance"",""Conditioning"",""Coordination"",""Core Stability"",""Corrective Exercise"",""Fat Loss"",""Flexibility"",""General Fitness"",""Grip Strength"",""Gymnastics"",""Injury Prevention"",""Joint Health"",""Knee Health"",""Mobility"",""Mobility and Flexibility"",""Muscle Gain"",""Muscular Endurance"",""Posture Correction"",""Power"",""Rehabilitation"",""Rehabilitation and Joint Health"",""Shoulder Health"",""Shin Splint Relief"",""Sport Performance"",""Strength"",""Strength Preparation"",""Warm-up""]",Low,"[""Shoulder""]","[""None""]",Set a cable pulley to upper chest or face height. Grab the rope with a neutral or overhand grip.,"[""Pull the rope toward your face, letting your elbows flare outward and pulling your hands apart."", ""As the rope nears your face, externally rotate your shoulders so your hands go back past your ears (like a double bicep pose)."", ""Squeeze your upper back, then slowly return to the start.""]","[""Pulling to the neck instead of the face"", ""Not separating the hands"", ""Using too much weight and leaning back""]","[""Pull to the eyes/nose"", ""Squeeze the shoulder blades"", ""Rotate the hands back""]","Exhale while pulling, inhale while returning.","[""Kneeling Face Pull"", ""Pause Reps""]","[""Band Face Pull""]","[""Band Pull-Apart"", ""Reverse Pec Deck Fly""]",2,"[""SRC_ACSM_2026_RT""]",Reviewed,2026-07-24
EX0208,Barbell Romanian Deadlift,"[""Barbell RDL""]",Resistance Training,Lower Body,Compound,Hinge,Pull,Closed Chain,Bilateral,"[""Barbell"", ""Weight Plates""]",Anterior,"[""Hamstrings"", ""Gluteus Maximus""]","[""Erector Spinae"", ""Adductor Magnus""]","[""Core"", ""Latissimus Dorsi"", ""Forearms""]","[""Sagittal""]","[""Hip Extension""]",Partial,Ascending,Lengthened,High,Intermediate,3.5,3.5,3.5,3.5,3.5,4.5,4.5,"[""Athletic Performance"",""Balance"",""Conditioning"",""Coordination"",""Core Stability"",""Corrective Exercise"",""Fat Loss"",""Flexibility"",""General Fitness"",""Grip Strength"",""Gymnastics"",""Injury Prevention"",""Joint Health"",""Knee Health"",""Mobility"",""Mobility and Flexibility"",""Muscle Gain"",""Muscular Endurance"",""Posture Correction"",""Power"",""Rehabilitation"",""Rehabilitation and Joint Health"",""Shoulder Health"",""Shin Splint Relief"",""Sport Performance"",""Strength"",""Strength Preparation"",""Warm-up""]",High,"[""Lower Back"", ""Hamstrings""]","[""Lumbar disc herniation"", ""Acute hamstring strain""]","Stand holding a barbell with an overhand grip, feet shoulder-width apart. Keep a slight, fixed bend in your knees.","[""Hinge at the hips, pushing your glutes backward to lower the bar along your thighs."", ""Keep your back perfectly straight and your lats engaged. Lower until you feel a deep stretch in the hamstrings (usually just below the knees)."", ""Drive your hips forward to stand back up, squeezing the glutes.""]","[""Rounding the lower back"", ""Bending the knees too much (turning it into a squat)"", ""Letting the bar drift away from the legs""]","[""Shave your legs with the bar"", ""Push hips to the wall behind you"", ""Chest proud""]","Inhale and brace while hinging down, exhale while standing up.","[""Deficit RDL"", ""Snatch-Grip RDL""]","[""Dumbbell RDL"", ""Cable Pull-Through""]","[""Good Morning"", ""Glute-Ham Raise""]",4.5,"[""SRC_NCSA_TECHNIQUE""]",Reviewed,2026-07-24
EX0209,Cross-Bench Dumbbell Pullover,"[""Cross-Bench Pullover""]",Resistance Training,Upper Body,Compound,Vertical Pull,Pull,Open Chain,Bilateral,"[""Dumbbell"", ""Flat Bench""]",Overhead,"[""Latissimus Dorsi"", ""Pectoralis Major""]","[""Serratus Anterior"", ""Triceps Brachii (Long Head)""]","[""Core""]","[""Sagittal""]","[""Shoulder Extension""]",Full,Ascending,Lengthened,Low,Intermediate,3,3,2.5,2.5,2,3,4.5,"[""Athletic Performance"",""Balance"",""Conditioning"",""Coordination"",""Core Stability"",""Corrective Exercise"",""Fat Loss"",""Flexibility"",""General Fitness"",""Grip Strength"",""Gymnastics"",""Injury Prevention"",""Joint Health"",""Knee Health"",""Mobility"",""Mobility and Flexibility"",""Muscle Gain"",""Muscular Endurance"",""Posture Correction"",""Power"",""Rehabilitation"",""Rehabilitation and Joint Health"",""Shoulder Health"",""Shin Splint Relief"",""Sport Performance"",""Strength"",""Strength Preparation"",""Warm-up""]",Moderate,"[""Shoulder"", ""Lower Back""]","[""Shoulder impingement"", ""Anterior shoulder instability""]",Lie perpendicular across a flat bench with your upper back resting on it. Hold a single dumbbell with both hands (diamond grip under the top plate) directly over your chest.,"[""Keeping your arms relatively straight with a slight elbow bend, lower the dumbbell in an arc behind your head."", ""Lower until you feel a deep stretch in your lats and chest."", ""Pull the dumbbell back over your chest in the same arc.""]","[""Bending the elbows into a triceps extension"", ""Dropping the hips too much"", ""Overstretching the shoulder joint""]","[""Keep elbows fixed"", ""Stretch the ribcage"", ""Pull with the lats""]","Inhale deeply while lowering, exhale while pulling back over.","[""Barbell Pullover"", ""Heavier Dumbbell""]","[""Machine Pullover"", ""Cable Pullover""]","[""Straight-Arm Cable Pulldown"", ""Machine Pullover""]",3,"[""SRC_NCSA_TECHNIQUE""]",Reviewed,2026-07-24
EX0210,Seated Machine Chest Press,[],Resistance Training,Upper Body,Compound,Horizontal Push,Push,Open Chain,Bilateral,"[""Chest Press Machine""]",Machine Guided,"[""Pectoralis Major""]","[""Anterior Deltoid"", ""Triceps Brachii""]","[""None""]","[""Transverse"", ""Sagittal""]","[""Shoulder Horizontal Adduction"", ""Elbow Extension""]",Full,Machine Dependent,Shortened,Low,Beginner,1,1,1,2,1.5,3,4,"[""Athletic Performance"",""Balance"",""Conditioning"",""Coordination"",""Core Stability"",""Corrective Exercise"",""Fat Loss"",""Flexibility"",""General Fitness"",""Grip Strength"",""Gymnastics"",""Injury Prevention"",""Joint Health"",""Knee Health"",""Mobility"",""Mobility and Flexibility"",""Muscle Gain"",""Muscular Endurance"",""Posture Correction"",""Power"",""Rehabilitation"",""Rehabilitation and Joint Health"",""Shoulder Health"",""Shin Splint Relief"",""Sport Performance"",""Strength"",""Strength Preparation"",""Warm-up""]",Low,"[""Shoulder"", ""Elbow""]",[],Adjust the seat height so the handles align with your mid-chest. Sit with your back flat against the pad.,"[""Grip the handles and press them forward until your arms are fully extended."", ""Squeeze your chest at the top."", ""Slowly lower the handles back until you feel a stretch in your chest, without letting the weight stack rest.""]","[""Lifting the lower back off the pad"", ""Using momentum"", ""Locking the elbows too violently""]","[""Keep chest up"", ""Drive through the palms"", ""Control the negative""]","Exhale while pressing, inhale while returning.","[""Single-Arm Machine Press"", ""Pause Reps""]","[""Lighter Load"", ""Push-Up (Kneeling)""]","[""Barbell Bench Press"", ""Dumbbell Bench Press""]",3,"[""SRC_ACSM_2026_RT""]",Reviewed,2026-07-24
EX0211,Belt Squat,"[""Machine Belt Squat""]",Resistance Training,Lower Body,Compound,Squat,Push,Closed Chain,Bilateral,"[""Belt Squat Machine""]",Distal,"[""Quadriceps"", ""Gluteus Maximus""]","[""Hamstrings""]","[""Core (Minimal)""]","[""Sagittal""]","[""Hip Extension"", ""Knee Extension""]",Full,Machine Dependent,Mid-Range,Low,Beginner,2,2,1.5,3.5,3,4,4.5,"[""Athletic Performance"",""Balance"",""Conditioning"",""Coordination"",""Core Stability"",""Corrective Exercise"",""Fat Loss"",""Flexibility"",""General Fitness"",""Grip Strength"",""Gymnastics"",""Injury Prevention"",""Joint Health"",""Knee Health"",""Mobility"",""Mobility and Flexibility"",""Muscle Gain"",""Muscular Endurance"",""Posture Correction"",""Power"",""Rehabilitation"",""Rehabilitation and Joint Health"",""Shoulder Health"",""Shin Splint Relief"",""Sport Performance"",""Strength"",""Strength Preparation"",""Warm-up""]",Moderate,"[""Knee"", ""Hip""]","[""Pelvic floor dysfunction""]",Strap the belt around your hips and attach it to the machine's carriage. Stand on the platform with feet shoulder-width apart.,"[""Squat down by bending your knees and hips, keeping your torso upright."", ""Go as deep as your mobility allows."", ""Drive through your feet to stand back up. The load is placed entirely on the hips, completely deloading the spine.""]","[""Letting the knees cave inward"", ""Standing too far forward or back on the platform"", ""Not achieving full depth""]","[""Chest tall"", ""Drive through the mid-foot"", ""Enjoy the spinal decompression""]","Inhale while descending, exhale while ascending.","[""Pause Belt Squat"", ""Belt Squat March""]","[""Leg Press""]","[""Barbell Back Squat"", ""Hack Squat""]",4,"[""SRC_ACSM_2026_RT""]",Reviewed,2026-07-24
EX0212,Pendulum Squat,"[""Machine Pendulum Squat""]",Resistance Training,Lower Body,Compound,Squat,Push,Closed Chain,Bilateral,"[""Pendulum Squat Machine""]",Posterior,"[""Quadriceps (Vastus Biased)""]","[""Gluteus Maximus"", ""Hamstrings""]","[""Core""]","[""Sagittal""]","[""Hip Extension"", ""Knee Extension""]",Full,Machine Dependent,Lengthened,Low,Intermediate,2.5,2,1.5,4,3,4.5,4.5,"[""Athletic Performance"",""Balance"",""Conditioning"",""Coordination"",""Core Stability"",""Corrective Exercise"",""Fat Loss"",""Flexibility"",""General Fitness"",""Grip Strength"",""Gymnastics"",""Injury Prevention"",""Joint Health"",""Knee Health"",""Mobility"",""Mobility and Flexibility"",""Muscle Gain"",""Muscular Endurance"",""Posture Correction"",""Power"",""Rehabilitation"",""Rehabilitation and Joint Health"",""Shoulder Health"",""Shin Splint Relief"",""Sport Performance"",""Strength"",""Strength Preparation"",""Warm-up""]",Moderate,"[""Knee"", ""Lower Back""]","[""Acute knee pain""]",Position your back flat against the pad and shoulders under the yokes. Place your feet on the platform.,"[""Lower the machine by bending your knees. The pendulum arc allows you to squat extremely deep while maintaining an upright torso."", ""Squat until your hamstrings touch your calves (if mobility permits)."", ""Drive through the platform to stand back up.""]","[""Lifting the heels off the platform"", ""Letting the lower back round off the pad"", ""Bouncing out of the bottom""]","[""Keep back glued to pad"", ""Deep stretch for the quads"", ""Control the descent""]","Inhale while descending, exhale while ascending.","[""Pause Pendulum Squat"", ""1.5 Reps""]","[""Leg Press"", ""Hack Squat""]","[""Hack Squat"", ""Barbell Front Squat""]",4.5,"[""SRC_ACSM_2026_RT""]",Reviewed,2026-07-24
EX0213,Incline Chest-Supported Dumbbell Row,"[""Incline Dumbbell Row""]",Resistance Training,Upper Body,Compound,Horizontal Pull,Pull,Open Chain,Bilateral,"[""Dumbbell"", ""Incline Bench""]",Anterior,"[""Latissimus Dorsi"", ""Rhomboids"", ""Middle Trapezius""]","[""Posterior Deltoid"", ""Biceps Brachii""]","[""None""]","[""Sagittal"", ""Transverse""]","[""Shoulder Extension"", ""Elbow Flexion"", ""Scapular Retraction""]",Full,Ascending,Shortened,Low,Beginner,1.5,1.5,1,2,1.5,2.5,4.5,"[""Athletic Performance"",""Balance"",""Conditioning"",""Coordination"",""Core Stability"",""Corrective Exercise"",""Fat Loss"",""Flexibility"",""General Fitness"",""Grip Strength"",""Gymnastics"",""Injury Prevention"",""Joint Health"",""Knee Health"",""Mobility"",""Mobility and Flexibility"",""Muscle Gain"",""Muscular Endurance"",""Posture Correction"",""Power"",""Rehabilitation"",""Rehabilitation and Joint Health"",""Shoulder Health"",""Shin Splint Relief"",""Sport Performance"",""Strength"",""Strength Preparation"",""Warm-up""]",Low,"[""Shoulder"", ""Elbow""]","[""None""]",Set a bench to a 30-45 degree incline. Lie face down with your chest supported by the pad. Hold a dumbbell in each hand with arms hanging straight down.,"[""Pull the dumbbells up toward your ribcage by driving your elbows back."", ""Squeeze your shoulder blades together at the top."", ""Lower the dumbbells slowly to a full stretch.""]","[""Lifting the chest off the pad"", ""Swinging the weights"", ""Pulling too high into the armpits (engages traps instead of lats/mid-back)""]","[""Chest glued to the bench"", ""Drive elbows to the ceiling"", ""Squeeze the back""]","Exhale while rowing, inhale while lowering.","[""Pause Chest-Supported Row"", ""Single-Arm Alternating""]","[""Lighter Load""]","[""Machine Row"", ""Seal Row""]",3,"[""SRC_ACSM_2026_RT""]",Reviewed,2026-07-24
EX0214,Iso-Lateral Machine Row,"[""Hammer Strength Row""]",Resistance Training,Upper Body,Compound,Horizontal Pull,Pull,Open Chain,Unilateral,"[""Iso-Lateral Row Machine""]",Machine Guided,"[""Latissimus Dorsi"", ""Rhomboids""]","[""Posterior Deltoid"", ""Biceps Brachii"", ""Trapezius""]","[""Core (if unsupported)""]","[""Sagittal""]","[""Shoulder Extension"", ""Elbow Flexion""]",Full,Machine Dependent,Shortened,Low,Beginner,1.5,1.5,1.5,2,1.5,3,4.5,"[""Athletic Performance"",""Balance"",""Conditioning"",""Coordination"",""Core Stability"",""Corrective Exercise"",""Fat Loss"",""Flexibility"",""General Fitness"",""Grip Strength"",""Gymnastics"",""Injury Prevention"",""Joint Health"",""Knee Health"",""Mobility"",""Mobility and Flexibility"",""Muscle Gain"",""Muscular Endurance"",""Posture Correction"",""Power"",""Rehabilitation"",""Rehabilitation and Joint Health"",""Shoulder Health"",""Shin Splint Relief"",""Sport Performance"",""Strength"",""Strength Preparation"",""Warm-up""]",Low,"[""Shoulder"", ""Elbow""]","[""None""]","Adjust the seat height so the chest pad hits your mid-chest. Sit and grab the handles (perform one arm at a time for better focus, or both).","[""Pull the handle back toward your torso, squeezing the lat and upper back."", ""Keep your chest pressed against the pad."", ""Control the weight back to a full stretch.""]","[""Twisting the torso off the pad to cheat the weight"", ""Shortening the range of motion""]","[""Pull with the elbow"", ""Squeeze the back"", ""Control the stretch""]","Exhale while pulling, inhale while returning.","[""Heavier Load"", ""Pause Reps""]","[""Lighter Load"", ""Seated Cable Row""]","[""Seated Cable Row"", ""Dumbbell Row""]",3.5,"[""SRC_ACSM_2026_RT""]",Reviewed,2026-07-24
EX0215,Close-Grip Push-Up,"[""Diamond Push-Up"", ""Triceps Push-Up""]",Bodyweight,Upper Body,Compound,Horizontal Push,Push,Closed Chain,Bilateral,"[""Bodyweight""]",Bodyweight,"[""Triceps Brachii"", ""Pectoralis Major (Inner/Clavicular Bias)""]","[""Anterior Deltoid""]","[""Core"", ""Serratus Anterior""]","[""Sagittal"", ""Transverse""]","[""Elbow Extension"", ""Shoulder Flexion""]",Full,Ascending,Lengthened,Low,Intermediate,2.5,2,3,3,2,3.5,4,"[""Athletic Performance"",""Balance"",""Conditioning"",""Coordination"",""Core Stability"",""Corrective Exercise"",""Fat Loss"",""Flexibility"",""General Fitness"",""Grip Strength"",""Gymnastics"",""Injury Prevention"",""Joint Health"",""Knee Health"",""Mobility"",""Mobility and Flexibility"",""Muscle Gain"",""Muscular Endurance"",""Posture Correction"",""Power"",""Rehabilitation"",""Rehabilitation and Joint Health"",""Shoulder Health"",""Shin Splint Relief"",""Sport Performance"",""Strength"",""Strength Preparation"",""Warm-up""]",Moderate,"[""Wrist"", ""Elbow"", ""Shoulder""]","[""Wrist impingement""]",Get into a push-up position. Place your hands close together under your chest (forming a diamond shape with index fingers and thumbs is optional).,"[""Keeping your body in a straight line, lower your chest toward your hands."", ""Keep your elbows tucked tightly to your sides to maximize triceps engagement."", ""Press forcefully back up to full elbow lockout.""]","[""Hips sagging"", ""Flaring elbows out (puts extreme stress on wrists)"", ""Not locking out elbows""]","[""Elbows brush the ribs"", ""Body like a board"", ""Squeeze triceps at the top""]","Inhale while lowering, exhale while pressing.","[""Weighted Close-Grip Push-Up"", ""Feet Elevated Close-Grip Push-Up""]","[""Kneeling Close-Grip Push-Up"", ""Incline Close-Grip Push-Up""]","[""Close-Grip Bench Press"", ""Triceps Dip""]",3.5,"[""SRC_NCSA_TECHNIQUE""]",Reviewed,2026-07-24
EX0216,Suitcase Deadlift,"[""Unilateral Deadlift""]",Resistance Training,Total Body,Compound,Hinge,Pull,Closed Chain,Unilateral,"[""Dumbbell"", ""Kettlebell""]",Lateral,"[""Gluteus Maximus"", ""Hamstrings"", ""Quadriceps""]","[""Erector Spinae"", ""Forearms""]","[""Core (Obliques)"", ""Quadratus Lumborum""]","[""Sagittal"", ""Frontal""]","[""Hip Extension"", ""Knee Extension"", ""Isometric Spinal Lateral Flexion""]",Full,Ascending,Lengthened,Moderate,Intermediate,3,3.5,4,3.5,3.5,4,4,"[""Athletic Performance"",""Balance"",""Conditioning"",""Coordination"",""Core Stability"",""Corrective Exercise"",""Fat Loss"",""Flexibility"",""General Fitness"",""Grip Strength"",""Gymnastics"",""Injury Prevention"",""Joint Health"",""Knee Health"",""Mobility"",""Mobility and Flexibility"",""Muscle Gain"",""Muscular Endurance"",""Posture Correction"",""Power"",""Rehabilitation"",""Rehabilitation and Joint Health"",""Shoulder Health"",""Shin Splint Relief"",""Sport Performance"",""Strength"",""Strength Preparation"",""Warm-up""]",Moderate,"[""Lower Back"", ""Knee""]","[""Acute low back pain"", ""Herniated disc""]",Stand next to a heavy dumbbell or kettlebell. Feet shoulder-width apart.,"[""Hinge at the hips and bend your knees to grip the weight with one hand."", ""Keeping your core highly braced to prevent your torso from twisting or leaning, drive through the floor to stand up straight."", ""Lower the weight back to the floor under control.""]","[""Leaning heavily toward the weight side"", ""Twisting the shoulders"", ""Rounding the lower back""]","[""Shoulders square"", ""Brace the core hard"", ""Push the floor away""]","Inhale and brace before lifting, exhale at the top.","[""Heavier Load"", ""Deficit Suitcase Deadlift""]","[""Suitcase Deadlift off a block (shorter ROM)"", ""Suitcase Carry""]","[""Conventional Deadlift"", ""Farmer's Walk""]",4,"[""SRC_NCSA_TECHNIQUE""]",Reviewed,2026-07-24
EX0217,Kas Glute Bridge,"[""Short ROM Glute Bridge""]",Resistance Training,Lower Body,Isolation,Hip Extension,Push,Closed Chain,Bilateral,"[""Barbell"", ""Bench""]",Anterior,"[""Gluteus Maximus""]","[""None""]","[""Core""]","[""Sagittal""]","[""Hip Extension""]",Partial,Ascending,Shortened,Low,Intermediate,2.5,2.5,2,2.5,1.5,2,5,"[""Athletic Performance"",""Balance"",""Conditioning"",""Coordination"",""Core Stability"",""Corrective Exercise"",""Fat Loss"",""Flexibility"",""General Fitness"",""Grip Strength"",""Gymnastics"",""Injury Prevention"",""Joint Health"",""Knee Health"",""Mobility"",""Mobility and Flexibility"",""Muscle Gain"",""Muscular Endurance"",""Posture Correction"",""Power"",""Rehabilitation"",""Rehabilitation and Joint Health"",""Shoulder Health"",""Shin Splint Relief"",""Sport Performance"",""Strength"",""Strength Preparation"",""Warm-up""]",Low,"[""Pelvis""]","[""Pelvic floor dysfunction""]",Set up exactly like a barbell hip thrust on a bench.,"[""Instead of a full range of motion, drop your hips only a few inches (keeping tension entirely on the glutes)."", ""Thrust back up and squeeze the glutes intensely at lockout."", ""This shortened ROM minimizes quad and hamstring involvement.""]","[""Doing a full hip thrust (which engages more quads/hamstrings)"", ""Hyperextending the lower back"", ""Rushing the reps""]","[""Tiny movement"", ""Squeeze the glutes"", ""Keep chin tucked""]","Inhale on the slight drop, exhale on the squeeze.","[""Heavier Load"", ""Pause Reps"", ""Banded Kas Glute Bridge""]","[""Bodyweight Glute Bridge""]","[""Barbell Hip Thrust"", ""Cable Kickback""]",4,"[""SRC_ACSM_2026_RT""]",Reviewed,2026-07-24
EX0218,Front Plank with Reach,"[""Plank Reach""]",Bodyweight,Core,Isometric,Core Anti-Rotation,Push,Closed Chain,Alternating,"[""Mat""]",Bodyweight,"[""Rectus Abdominis"", ""Transverse Abdominis""]","[""Obliques"", ""Erector Spinae""]","[""Shoulders"", ""Gluteus Maximus""]","[""Sagittal"", ""Transverse""]","[""Isometric Spinal Stabilization"", ""Shoulder Flexion""]",,Constant,Mid-Range,Moderate,Intermediate,2.5,3,3.5,2.5,2.5,2,3.5,"[""Athletic Performance"",""Balance"",""Conditioning"",""Coordination"",""Core Stability"",""Corrective Exercise"",""Fat Loss"",""Flexibility"",""General Fitness"",""Grip Strength"",""Gymnastics"",""Injury Prevention"",""Joint Health"",""Knee Health"",""Mobility"",""Mobility and Flexibility"",""Muscle Gain"",""Muscular Endurance"",""Posture Correction"",""Power"",""Rehabilitation"",""Rehabilitation and Joint Health"",""Shoulder Health"",""Shin Splint Relief"",""Sport Performance"",""Strength"",""Strength Preparation"",""Warm-up""]",Low,"[""Shoulder"", ""Lower Back""]","[""Shoulder instability""]",Get into a standard forearm plank position with a slightly wider foot stance for balance.,"[""Brace your core to lock your hips in place."", ""Slowly reach one arm straight out in front of you."", ""Hold for a second, return the arm, and alternate to the other side."", ""Do not let your hips twist or sway as you lift the arm.""]","[""Hips aggressively twisting side to side"", ""Lower back sagging"", ""Lifting the arm too fast""]","[""Imagine a glass of water on your back"", ""Squeeze the glutes"", ""Reach slowly""]",Breathe rhythmically.,"[""Plank with DB Reach"", ""Plank on an unstable surface (Bosu)""]","[""Standard Plank"", ""Kneeling Plank with Reach""]","[""Bird Dog"", ""Renegade Row""]",3,"[""SRC_ACSM_2026_RT""]",Reviewed,2026-07-24
EX0219,Dumbbell Y-Raise,"[""Prone Y-Raise"", ""Trap Y-Raise""]",Resistance Training,Upper Body,Isolation,Vertical Pull,Pull,Open Chain,Bilateral,"[""Dumbbell"", ""Incline Bench""]",Anterior,"[""Lower Trapezius"", ""Lateral Deltoid""]","[""Anterior Deltoid"", ""Serratus Anterior""]","[""Core""]","[""Frontal"", ""Sagittal""]","[""Shoulder Flexion"", ""Scapular Upward Rotation""]",Full,Ascending,Shortened,Low,Beginner,2.5,2,1.5,2,1,1.5,4,"[""Athletic Performance"",""Balance"",""Conditioning"",""Coordination"",""Core Stability"",""Corrective Exercise"",""Fat Loss"",""Flexibility"",""General Fitness"",""Grip Strength"",""Gymnastics"",""Injury Prevention"",""Joint Health"",""Knee Health"",""Mobility"",""Mobility and Flexibility"",""Muscle Gain"",""Muscular Endurance"",""Posture Correction"",""Power"",""Rehabilitation"",""Rehabilitation and Joint Health"",""Shoulder Health"",""Shin Splint Relief"",""Sport Performance"",""Strength"",""Strength Preparation"",""Warm-up""]",Low,"[""Shoulder""]","[""Shoulder impingement""]",Lie face down on a 45-degree incline bench holding light dumbbells. Let arms hang straight down with thumbs pointing up.,"[""Keeping your arms straight, raise them up and out at a 45-degree angle to form a Y shape with your body."", ""Squeeze your lower traps at the top."", ""Slowly lower back to the start.""]","[""Using too much weight"", ""Bending the elbows"", ""Lifting the chest off the bench""]","[""Thumbs to the ceiling"", ""Form a Y"", ""Squeeze the lower back/traps""]","Exhale while raising, inhale while lowering.","[""Cable Y-Raise"", ""TRX Y-Raise""]","[""Bodyweight Y-Raise"", ""Lighter Dumbbells""]","[""Face Pull"", ""Band Pull-Apart""]",2,"[""SRC_NCSA_TECHNIQUE""]",Reviewed,2026-07-24
EX0220,Standing Single-Leg Curl,"[""Standing Machine Leg Curl""]",Resistance Training,Lower Body,Isolation,Knee Flexion,Pull,Open Chain,Unilateral,"[""Standing Leg Curl Machine""]",Machine Guided,"[""Hamstrings""]","[""Gastrocnemius""]","[""Gluteus Medius (Stabilizing Leg)"", ""Core""]","[""Sagittal""]","[""Knee Flexion""]",Full,Machine Dependent,Shortened,Low,Beginner,1.5,1.5,2,2,1.5,2,4.5,"[""Athletic Performance"",""Balance"",""Conditioning"",""Coordination"",""Core Stability"",""Corrective Exercise"",""Fat Loss"",""Flexibility"",""General Fitness"",""Grip Strength"",""Gymnastics"",""Injury Prevention"",""Joint Health"",""Knee Health"",""Mobility"",""Mobility and Flexibility"",""Muscle Gain"",""Muscular Endurance"",""Posture Correction"",""Power"",""Rehabilitation"",""Rehabilitation and Joint Health"",""Shoulder Health"",""Shin Splint Relief"",""Sport Performance"",""Strength"",""Strength Preparation"",""Warm-up""]",Low,"[""Knee""]","[""Acute hamstring strain""]","Stand at the machine, adjusting the roller pad to sit just above your heel. Brace your torso against the support pads.","[""Curl the pad upward by flexing your knee as far as possible."", ""Squeeze the hamstring forcefully at the peak."", ""Slowly lower the pad back to the starting position.""]","[""Arching the lower back to cheat the weight up"", ""Swinging the leg"", ""Not controlling the negative phase""]","[""Keep hips pressed into the pad"", ""Squeeze at the top"", ""Control the descent""]","Exhale while curling, inhale while lowering.","[""Pause Reps"", ""Heavier Load""]","[""Lighter Load""]","[""Lying Leg Curl"", ""Seated Leg Curl""]",2.5,"[""SRC_ACSM_2026_RT""]",Reviewed,2026-07-24
EX0221,Barbell T-Bar Row,"[""Standing T-Bar Row"", ""Landmine Row""]",Resistance Training,Upper Body,Compound,Horizontal Pull,Pull,Open Chain,Bilateral,"[""Barbell"", ""Landmine"", ""V-Grip Handle""]",Anterior,"[""Latissimus Dorsi"", ""Rhomboids"", ""Middle Trapezius""]","[""Posterior Deltoid"", ""Biceps Brachii"", ""Brachialis""]","[""Core"", ""Erector Spinae"", ""Gluteus Maximus"", ""Hamstrings""]","[""Sagittal"", ""Transverse""]","[""Shoulder Extension"", ""Elbow Flexion"", ""Scapular Retraction""]",Full,Ascending,Mid-Range,Moderate,Intermediate,3.5,3.5,3,3.5,3,4.5,4.5,"[""Athletic Performance"",""Balance"",""Conditioning"",""Coordination"",""Core Stability"",""Corrective Exercise"",""Fat Loss"",""Flexibility"",""General Fitness"",""Grip Strength"",""Gymnastics"",""Injury Prevention"",""Joint Health"",""Knee Health"",""Mobility"",""Mobility and Flexibility"",""Muscle Gain"",""Muscular Endurance"",""Posture Correction"",""Power"",""Rehabilitation"",""Rehabilitation and Joint Health"",""Shoulder Health"",""Shin Splint Relief"",""Sport Performance"",""Strength"",""Strength Preparation"",""Warm-up""]",Moderate,"[""Lower Back"", ""Shoulder""]","[""Lumbar disc herniation""]",Place one end of a barbell in a landmine attachment. Straddle the bar facing away from the landmine. Hook a V-grip handle under the bar near the loaded plates. Hinge at the hips.,"[""Keeping your back flat and core braced, pull the bar up toward your chest by driving your elbows back."", ""Squeeze your shoulder blades together at the top."", ""Lower the bar back down to a full stretch without letting it touch the ground.""]","[""Rounding the lower back"", ""Standing too upright (turning it into a shrug)"", ""Jerking the weight with the lower back""]","[""Hinge deep"", ""Pull to the stomach"", ""Squeeze the back""]","Exhale while rowing, inhale while lowering.","[""Heavier Load"", ""Deficit T-Bar Row""]","[""Chest-Supported T-Bar Row (saves the lower back)""]","[""Barbell Bent-Over Row"", ""Seated Cable Row""]",4,"[""SRC_ACSM_2026_RT""]",Reviewed,2026-07-24
EX0222,Dumbbell Split Squat,"[""Stationary Lunge""]",Resistance Training,Lower Body,Compound,Squat,Push,Closed Chain,Unilateral,"[""Dumbbell""]",Lateral,"[""Quadriceps"", ""Gluteus Maximus""]","[""Hamstrings"", ""Adductor Magnus""]","[""Core"", ""Gluteus Medius""]","[""Sagittal""]","[""Hip Extension"", ""Knee Extension""]",Full,Ascending,Lengthened,Low,Beginner,2.5,3.5,3,3.5,3.5,4,3.5,"[""Athletic Performance"",""Balance"",""Conditioning"",""Coordination"",""Core Stability"",""Corrective Exercise"",""Fat Loss"",""Flexibility"",""General Fitness"",""Grip Strength"",""Gymnastics"",""Injury Prevention"",""Joint Health"",""Knee Health"",""Mobility"",""Mobility and Flexibility"",""Muscle Gain"",""Muscular Endurance"",""Posture Correction"",""Power"",""Rehabilitation"",""Rehabilitation and Joint Health"",""Shoulder Health"",""Shin Splint Relief"",""Sport Performance"",""Strength"",""Strength Preparation"",""Warm-up""]",Low,"[""Knee"", ""Ankle""]","[""Knee instability""]","Stand holding a dumbbell in each hand. Take a large step forward with one foot and plant it securely. Keep your rear foot stationary, resting on the ball of the foot.","[""Lower your hips straight down until both knees are bent at a 90-degree angle."", ""The rear knee should hover just above the floor."", ""Drive through the heel of the front foot to push straight back up to the starting staggered stance.""]","[""Stepping too narrow (like walking on a tightrope)"", ""Letting the front knee cave inward"", ""Leaning too far forward over the front toes""]","[""Drop straight down like an elevator"", ""Drive through the front heel"", ""Keep chest tall""]","Inhale while descending, exhale while ascending.","[""Bulgarian Split Squat"", ""Barbell Split Squat""]","[""Bodyweight Split Squat"", ""Assisted Split Squat""]","[""Walking Lunge"", ""Reverse Lunge""]",4,"[""SRC_ACSM_2026_RT""]",Reviewed,2026-07-24
EX0223,Decline Push-Up,"[""Feet-Elevated Push-Up""]",Bodyweight,Upper Body,Compound,Horizontal Push,Push,Closed Chain,Bilateral,"[""Bench""]",Bodyweight,"[""Pectoralis Major (Clavicular Head Bias)""]","[""Anterior Deltoid"", ""Triceps Brachii""]","[""Core"", ""Serratus Anterior""]","[""Sagittal"", ""Transverse""]","[""Shoulder Horizontal Adduction"", ""Elbow Extension""]",Full,Ascending,Lengthened,Low,Intermediate,2.5,3,3.5,2.5,2.5,3.5,3.5,"[""Athletic Performance"",""Balance"",""Conditioning"",""Coordination"",""Core Stability"",""Corrective Exercise"",""Fat Loss"",""Flexibility"",""General Fitness"",""Grip Strength"",""Gymnastics"",""Injury Prevention"",""Joint Health"",""Knee Health"",""Mobility"",""Mobility and Flexibility"",""Muscle Gain"",""Muscular Endurance"",""Posture Correction"",""Power"",""Rehabilitation"",""Rehabilitation and Joint Health"",""Shoulder Health"",""Shin Splint Relief"",""Sport Performance"",""Strength"",""Strength Preparation"",""Warm-up""]",Moderate,"[""Shoulder"", ""Wrist""]","[""Shoulder impingement""]","Place your feet on a bench or box and your hands on the floor, slightly wider than shoulder-width. Your body should form a straight line angling downward.","[""Lower your chest toward the floor by bending your elbows."", ""Keep your core braced so your hips don't sag."", ""Press forcefully back up to the starting position.""]","[""Hips sagging toward the floor"", ""Looking up and straining the neck"", ""Flaring elbows out to 90 degrees""]","[""Body like a steel plank"", ""Tuck elbows slightly"", ""Press the floor away""]","Inhale while lowering, exhale while pressing.","[""Higher elevation (more shoulder bias)"", ""Weighted Decline Push-Up""]","[""Standard Push-Up""]","[""Incline Bench Press"", ""Pike Push-Up""]",4,"[""SRC_ACSM_2026_RT""]",Reviewed,2026-07-24
EX0224,Pike Push-Up,"[""Inverted Push-Up""]",Bodyweight,Upper Body,Compound,Vertical Push,Push,Closed Chain,Bilateral,"[""Mat""]",Bodyweight,"[""Anterior Deltoid"", ""Lateral Deltoid""]","[""Triceps Brachii"", ""Upper Trapezius""]","[""Core"", ""Serratus Anterior""]","[""Sagittal""]","[""Shoulder Flexion"", ""Elbow Extension""]",Full,Ascending,Mid-Range,Moderate,Intermediate,2.5,3,3.5,3,3,3,3.5,"[""Athletic Performance"",""Balance"",""Conditioning"",""Coordination"",""Core Stability"",""Corrective Exercise"",""Fat Loss"",""Flexibility"",""General Fitness"",""Grip Strength"",""Gymnastics"",""Injury Prevention"",""Joint Health"",""Knee Health"",""Mobility"",""Mobility and Flexibility"",""Muscle Gain"",""Muscular Endurance"",""Posture Correction"",""Power"",""Rehabilitation"",""Rehabilitation and Joint Health"",""Shoulder Health"",""Shin Splint Relief"",""Sport Performance"",""Strength"",""Strength Preparation"",""Warm-up""]",High,"[""Shoulder"", ""Wrist"", ""Neck""]","[""High blood pressure"", ""Shoulder instability""]","Start in a downward dog or push-up position, then walk your feet closer to your hands while keeping your legs straight. Your body should form an inverted V shape.","[""Lower the top of your head toward the floor slightly in front of your hands (creating a triangle with your hands and head)."", ""Keep your elbows tucked in."", ""Press back up to the starting inverted V position, pushing your head back between your shoulders.""]","[""Flaring elbows out to the sides"", ""Lowering the head straight down between the hands instead of forward"", ""Bending the knees""]","[""Form a tripod with hands and head"", ""Tuck the elbows"", ""Push through the shoulders""]","Inhale while lowering, exhale while pressing.","[""Feet Elevated Pike Push-Up"", ""Handstand Push-Up""]","[""Standard Push-Up"", ""Kneeling Pike Push-Up""]","[""Dumbbell Shoulder Press"", ""Overhead Press""]",4.5,"[""SRC_NCSA_TECHNIQUE""]",Reviewed,2026-07-24
EX0225,Handstand Push-Up,"[""HSPU"", ""Wall Handstand Push-Up""]",Bodyweight,Upper Body,Compound,Vertical Push,Push,Closed Chain,Bilateral,"[""Wall"", ""Mat""]",Bodyweight,"[""Anterior Deltoid"", ""Lateral Deltoid""]","[""Triceps Brachii"", ""Upper Trapezius"", ""Pectoralis Major (Clavicular Head)""]","[""Core"", ""Serratus Anterior""]","[""Sagittal"", ""Frontal""]","[""Shoulder Flexion"", ""Shoulder Abduction"", ""Elbow Extension""]",Full,Ascending,Mid-Range,High,Advanced,4,4.5,4.5,4.5,4,4,5,"[""Athletic Performance"",""Balance"",""Conditioning"",""Coordination"",""Core Stability"",""Corrective Exercise"",""Fat Loss"",""Flexibility"",""General Fitness"",""Grip Strength"",""Gymnastics"",""Injury Prevention"",""Joint Health"",""Knee Health"",""Mobility"",""Mobility and Flexibility"",""Muscle Gain"",""Muscular Endurance"",""Posture Correction"",""Power"",""Rehabilitation"",""Rehabilitation and Joint Health"",""Shoulder Health"",""Shin Splint Relief"",""Sport Performance"",""Strength"",""Strength Preparation"",""Warm-up""]",High,"[""Shoulder"", ""Wrist"", ""Neck""]","[""High blood pressure"", ""Glaucoma"", ""Shoulder injuries""]","Kick up into a handstand against a wall (heels touching the wall). Place your hands slightly wider than shoulder-width, fingers pointing slightly outward.","[""Lower your body under control until your head touches the mat (or a deficit block)."", ""Keep your elbows pointing forward at a 45-degree angle, not flared directly out to the sides."", ""Press powerfully back up to full elbow lockout.""]","[""Arching the lower back excessively (banana back)"", ""Flaring elbows out to 90 degrees"", ""Crashing the head into the floor""]","[""Tuck the ribs in"", ""Elbows forward"", ""Press tall""]","Inhale deeply at the top, hold while lowering, exhale while pressing.","[""Strict Freestanding HSPU"", ""Deficit HSPU""]","[""Kipping HSPU"", ""Pike Push-Up""]","[""Barbell Overhead Press"", ""Dumbbell Shoulder Press""]",6,"[""SRC_NCSA_TECHNIQUE""]",Reviewed,2026-07-24
EX0226,Lying Leg Raise,"[""Flat Leg Raise"", ""Straight Leg Raise""]",Bodyweight,Core,Compound,Trunk Flexion,Pull,Open Chain,Bilateral,"[""Mat""]",Bodyweight,"[""Rectus Abdominis"", ""Hip Flexors (Iliopsoas, Rectus Femoris)""]","[""Obliques""]","[""None""]","[""Sagittal""]","[""Hip Flexion"", ""Isometric Spinal Flexion""]",Partial,Constant,Shortened,Low,Beginner,2,2,2.5,1.5,1,2,3.5,"[""Athletic Performance"",""Balance"",""Conditioning"",""Coordination"",""Core Stability"",""Corrective Exercise"",""Fat Loss"",""Flexibility"",""General Fitness"",""Grip Strength"",""Gymnastics"",""Injury Prevention"",""Joint Health"",""Knee Health"",""Mobility"",""Mobility and Flexibility"",""Muscle Gain"",""Muscular Endurance"",""Posture Correction"",""Power"",""Rehabilitation"",""Rehabilitation and Joint Health"",""Shoulder Health"",""Shin Splint Relief"",""Sport Performance"",""Strength"",""Strength Preparation"",""Warm-up""]",Low,"[""Lower Back""]","[""Lumbar disc herniation (if performed with poor form)""]",Lie flat on your back on a mat. Place your hands under your glutes or by your sides. Keep your legs completely straight.,"[""Press your lower back firmly into the floor."", ""Lift both legs up until they are perpendicular to the floor."", ""Slowly lower your legs back down, stopping just before they touch the floor or as soon as you feel your lower back arching.""]","[""Letting the lower back arch completely off the floor on the descent"", ""Bending the knees"", ""Using momentum to swing the legs up""]","[""Crush the floor with your lower back"", ""Legs straight"", ""Control the negative""]","Exhale while lifting the legs, inhale while lowering.","[""Hanging Leg Raise"", ""Weighted Lying Leg Raise""]","[""Lying Knee Tucks"", ""Single Leg Raise""]","[""Reverse Crunch"", ""Captain's Chair Leg Raise""]",3,"[""SRC_ACSM_2026_RT""]",Reviewed,2026-07-24
EX0227,Mountain Climbers,"[""Alternating Knee Tucks in Plank""]",Bodyweight,Total Body,Compound,Total Body Integration,Push,Closed Chain,Alternating,"[""Mat""]",Bodyweight,"[""Core"", ""Hip Flexors""]","[""Shoulders (Deltoids)"", ""Triceps Brachii"", ""Quadriceps""]","[""Pectoralis Major"", ""Serratus Anterior""]","[""Sagittal""]","[""Hip Flexion"", ""Knee Flexion"", ""Isometric Shoulder Flexion""]",Full,Constant,Mid-Range,Low,Beginner,3.5,3,3.5,2.5,3,1.5,2,"[""Athletic Performance"",""Balance"",""Conditioning"",""Coordination"",""Core Stability"",""Corrective Exercise"",""Fat Loss"",""Flexibility"",""General Fitness"",""Grip Strength"",""Gymnastics"",""Injury Prevention"",""Joint Health"",""Knee Health"",""Mobility"",""Mobility and Flexibility"",""Muscle Gain"",""Muscular Endurance"",""Posture Correction"",""Power"",""Rehabilitation"",""Rehabilitation and Joint Health"",""Shoulder Health"",""Shin Splint Relief"",""Sport Performance"",""Strength"",""Strength Preparation"",""Warm-up""]",Low,"[""Wrist"", ""Shoulder""]","[""Wrist pain""]","Start in a high plank (push-up) position, hands directly under your shoulders and body forming a straight line.","[""Drive your right knee toward your chest quickly."", ""As you return the right foot to the start, simultaneously drive the left knee toward your chest."", ""Alternate rapidly as if running in a plank position.""]","[""Bouncing the hips up and down"", ""Rounding the lower back"", ""Looking back at the feet instead of slightly forward""]","[""Hips low and stable"", ""Drive the knees"", ""Light on the toes""]",Breathe rapidly and continuously.,"[""Cross-Body Mountain Climbers"", ""Slider Mountain Climbers""]","[""Slow Mountain Climbers"", ""High Knees (standing)""]","[""Burpees"", ""Bicycle Crunches""]",6.5,"[""SRC_ACSM_2026_RT""]",Reviewed,2026-07-24
EX0228,Seated Barbell Overhead Press,"[""Seated Military Press""]",Resistance Training,Upper Body,Compound,Vertical Push,Push,Open Chain,Bilateral,"[""Barbell"", ""Bench with Back Support"", ""Squat Rack""]",Overhead,"[""Anterior Deltoid"", ""Triceps Brachii""]","[""Lateral Deltoid"", ""Upper Trapezius"", ""Pectoralis Major (Clavicular Head)""]","[""Core"", ""Rotator Cuff""]","[""Sagittal"", ""Frontal""]","[""Shoulder Flexion"", ""Shoulder Abduction"", ""Elbow Extension""]",Full,Ascending,Mid-Range,High,Intermediate,3.5,4,3.5,2,2,4,4.5,"[""Athletic Performance"",""Balance"",""Conditioning"",""Coordination"",""Core Stability"",""Corrective Exercise"",""Fat Loss"",""Flexibility"",""General Fitness"",""Grip Strength"",""Gymnastics"",""Injury Prevention"",""Joint Health"",""Knee Health"",""Mobility"",""Mobility and Flexibility"",""Muscle Gain"",""Muscular Endurance"",""Posture Correction"",""Power"",""Rehabilitation"",""Rehabilitation and Joint Health"",""Shoulder Health"",""Shin Splint Relief"",""Sport Performance"",""Strength"",""Strength Preparation"",""Warm-up""]",High,"[""Shoulder"", ""Lower Back""]","[""Shoulder impingement"", ""Lumbar disc issues (if excessively arched)""]",Sit on a bench with back support inside a rack. Grip the barbell slightly wider than shoulder-width.,"[""Unrack the bar and hold it at upper chest/collarbone level."", ""Press the bar straight up overhead until your arms are fully locked out."", ""Slowly lower the bar back to the upper chest under control.""]","[""Arching the lower back excessively to turn it into an incline press"", ""Flaring elbows too far back"", ""Bouncing the bar off the chest""]","[""Press straight up"", ""Keep lower back flat against the pad"", ""Control the descent""]","Inhale while lowering, exhale while pressing.","[""Standing Barbell Overhead Press"", ""Heavier Load""]","[""Seated Dumbbell Press"", ""Machine Shoulder Press""]","[""Standing Overhead Press"", ""Dumbbell Shoulder Press""]",4.5,"[""SRC_NCSA_TECHNIQUE""]",Reviewed,2026-07-24
EX0229,Barbell Hack Squat,"[""Behind-the-Back Deadlift""]",Resistance Training,Lower Body,Compound,Squat,Pull,Closed Chain,Bilateral,"[""Barbell"", ""Weight Plates""]",Anterior,"[""Quadriceps""]","[""Gluteus Maximus"", ""Hamstrings""]","[""Core"", ""Forearms"", ""Trapezius""]","[""Sagittal""]","[""Hip Extension"", ""Knee Extension""]",Full,Ascending,Mid-Range,High,Advanced,4,4,4,4,3.5,4,4,"[""Athletic Performance"",""Balance"",""Conditioning"",""Coordination"",""Core Stability"",""Corrective Exercise"",""Fat Loss"",""Flexibility"",""General Fitness"",""Grip Strength"",""Gymnastics"",""Injury Prevention"",""Joint Health"",""Knee Health"",""Mobility"",""Mobility and Flexibility"",""Muscle Gain"",""Muscular Endurance"",""Posture Correction"",""Power"",""Rehabilitation"",""Rehabilitation and Joint Health"",""Shoulder Health"",""Shin Splint Relief"",""Sport Performance"",""Strength"",""Strength Preparation"",""Warm-up""]",Moderate,"[""Knee"", ""Lower Back""]","[""Poor shoulder/wrist mobility (to hold bar behind)""]","Stand with feet shoulder-width apart, with a barbell on the floor behind your legs. Squat down and grip the bar behind you with an overhand grip.","[""Keep your chest up and back flat."", ""Drive through your heels to stand up, dragging the barbell up the back of your calves and thighs."", ""Squeeze your glutes and quads at the top, then lower the bar back to the floor.""]","[""Rounding the lower back"", ""Letting the bar swing away from the legs"", ""Hips shooting up before the chest""]","[""Chest up"", ""Drag the bar up your legs"", ""Leg press the floor""]","Inhale and brace before lifting, exhale at the top.","[""Heavier Load"", ""Deficit Barbell Hack Squat""]","[""Machine Hack Squat"", ""Trap Bar Deadlift""]","[""Machine Hack Squat"", ""Front Squat""]",5.5,"[""SRC_NCSA_TECHNIQUE""]",Reviewed,2026-07-24
EX0230,Cable Shrug,"[""Low Pulley Shrug""]",Resistance Training,Upper Body,Isolation,Scapular Elevation,Pull,Open Chain,Bilateral,"[""Cable Machine"", ""Straight Bar or D-Handles""]",Anterior,"[""Upper Trapezius""]","[""Levator Scapulae""]","[""Core""]","[""Frontal""]","[""Scapular Elevation""]",Partial,Constant,Shortened,Low,Beginner,1.5,1.5,1.5,1.5,1.5,2,4,"[""Athletic Performance"",""Balance"",""Conditioning"",""Coordination"",""Core Stability"",""Corrective Exercise"",""Fat Loss"",""Flexibility"",""General Fitness"",""Grip Strength"",""Gymnastics"",""Injury Prevention"",""Joint Health"",""Knee Health"",""Mobility"",""Mobility and Flexibility"",""Muscle Gain"",""Muscular Endurance"",""Posture Correction"",""Power"",""Rehabilitation"",""Rehabilitation and Joint Health"",""Shoulder Health"",""Shin Splint Relief"",""Sport Performance"",""Strength"",""Strength Preparation"",""Warm-up""]",Low,"[""Neck""]","[""Neck spasm""]","Attach a straight bar to a low pulley. Stand close to the machine, holding the bar with an overhand grip.","[""Keep your arms straight and elevate your shoulders straight up toward your ears."", ""The cable provides constant tension throughout the movement, pulling slightly forward as well as down."", ""Squeeze the traps hard at the top, then lower slowly.""]","[""Rolling the shoulders"", ""Bending the elbows"", ""Leaning too far back""]","[""Shrug straight up"", ""Keep arms locked"", ""Hold the squeeze""]","Exhale while shrugging, inhale while lowering.","[""Heavier Load"", ""Pause Reps""]","[""Dumbbell Shrug (lighter)""]","[""Barbell Shrug"", ""Dumbbell Shrug""]",2.5,"[""SRC_ACSM_2026_RT""]",Reviewed,2026-07-24
EX0231,Plate Pinch Hold,"[""Farmer's Pinch"", ""Grip Pinch""]",Resistance Training,Upper Body,Isometric,Grip,Static,Open Chain,Bilateral,"[""Weight Plates""]",Lateral,"[""Forearm Flexors"", ""Hand/Finger Flexors""]","[""Brachioradialis""]","[""Core"", ""Shoulders (Isometric stabilization)""]","[""Sagittal""]","[""Isometric Grip (Pinch)""]",,Constant,Shortened,Low,Beginner,1.5,3.5,1,1.5,1.5,1.5,4.5,"[""Athletic Performance"",""Balance"",""Conditioning"",""Coordination"",""Core Stability"",""Corrective Exercise"",""Fat Loss"",""Flexibility"",""General Fitness"",""Grip Strength"",""Gymnastics"",""Injury Prevention"",""Joint Health"",""Knee Health"",""Mobility"",""Mobility and Flexibility"",""Muscle Gain"",""Muscular Endurance"",""Posture Correction"",""Power"",""Rehabilitation"",""Rehabilitation and Joint Health"",""Shoulder Health"",""Shin Splint Relief"",""Sport Performance"",""Strength"",""Strength Preparation"",""Warm-up""]",Low,"[""Wrist"", ""Fingers""]","[""Carpal tunnel syndrome"", ""Arthritis in hands""]","Stand tall. Take two flat weight plates (e.g., two 10lb or 25lb plates with smooth sides out) in one or both hands.","[""Pinch the plates together using only your fingertips and thumb (do not hook your fingers through the holes)."", ""Hold the plates by your sides for as long as possible."", ""Keep your chest up and shoulders pulled back.""]","[""Resting the plates against the leg to cheat"", ""Hooking fingers in the plate holes"", ""Dropping them on your toes""]","[""Squeeze hard"", ""Fingertips only"", ""Stand tall""]",Breathe continuously.,"[""Heavier Plates"", ""Longer Hold Time"", ""Farmer's Pinch Walk""]","[""Lighter Plates"", ""Dumbbell Hold""]","[""Farmer's Walk"", ""Barbell Static Hold""]",2,"[""SRC_NCSA_TECHNIQUE""]",Reviewed,2026-07-24
EX0232,Dumbbell Z-Press,"[""Seated Floor Dumbbell Press""]",Resistance Training,Upper Body,Compound,Vertical Push,Push,Open Chain,Bilateral,"[""Dumbbell""]",Overhead,"[""Anterior Deltoid"", ""Triceps Brachii""]","[""Lateral Deltoid"", ""Upper Trapezius""]","[""Core"", ""Hip Flexors"", ""Erector Spinae""]","[""Sagittal"", ""Frontal""]","[""Shoulder Flexion"", ""Shoulder Abduction"", ""Elbow Extension""]",Full,Ascending,Mid-Range,High,Advanced,4,4,4.5,4,3.5,4,4,"[""Athletic Performance"",""Balance"",""Conditioning"",""Coordination"",""Core Stability"",""Corrective Exercise"",""Fat Loss"",""Flexibility"",""General Fitness"",""Grip Strength"",""Gymnastics"",""Injury Prevention"",""Joint Health"",""Knee Health"",""Mobility"",""Mobility and Flexibility"",""Muscle Gain"",""Muscular Endurance"",""Posture Correction"",""Power"",""Rehabilitation"",""Rehabilitation and Joint Health"",""Shoulder Health"",""Shin Splint Relief"",""Sport Performance"",""Strength"",""Strength Preparation"",""Warm-up""]",High,"[""Shoulder"", ""Lower Back"", ""Hip""]","[""Poor hamstring mobility"", ""Lumbar disc issues""]",Sit on the floor with your legs straight out in front of you in a V-shape. Hold a dumbbell in each hand at shoulder height.,"[""Keep your torso completely upright by intensely bracing your core and hip flexors."", ""Press the dumbbells straight up overhead until your arms are fully extended."", ""Lower them under control. If your core weakens, you will fall backward.""]","[""Leaning back"", ""Bending the knees to cheat"", ""Pressing the dumbbells forward instead of straight up""]","[""Sit tall"", ""Brace the core hard"", ""Press straight up""]","Exhale while pressing, inhale while lowering.","[""Barbell Z-Press"", ""Heavier Load""]","[""Seated Dumbbell Press (on bench with back support)""]","[""Barbell Z-Press"", ""Seated Dumbbell Press""]",4.5,"[""SRC_NCSA_TECHNIQUE""]",Reviewed,2026-07-24
EX0233,Smith Machine Bench Press,"[""Guided Bench Press""]",Resistance Training,Upper Body,Compound,Horizontal Push,Push,Open Chain,Bilateral,"[""Smith Machine"", ""Flat Bench""]",Anterior,"[""Pectoralis Major""]","[""Anterior Deltoid"", ""Triceps Brachii""]","[""None""]","[""Transverse"", ""Sagittal""]","[""Shoulder Horizontal Adduction"", ""Elbow Extension""]",Full,Machine Dependent,Lengthened,Low,Beginner,2,2.5,2,1.5,1,3.5,4,"[""Athletic Performance"",""Balance"",""Conditioning"",""Coordination"",""Core Stability"",""Corrective Exercise"",""Fat Loss"",""Flexibility"",""General Fitness"",""Grip Strength"",""Gymnastics"",""Injury Prevention"",""Joint Health"",""Knee Health"",""Mobility"",""Mobility and Flexibility"",""Muscle Gain"",""Muscular Endurance"",""Posture Correction"",""Power"",""Rehabilitation"",""Rehabilitation and Joint Health"",""Shoulder Health"",""Shin Splint Relief"",""Sport Performance"",""Strength"",""Strength Preparation"",""Warm-up""]",Moderate,"[""Shoulder"", ""Elbow""]","[""Shoulder pain (due to fixed bar path)""]",Center a flat bench under the Smith machine bar. Lie back so the bar aligns with your mid-chest. Grip the bar slightly wider than shoulder-width.,"[""Unrack the bar by rotating it."", ""Lower the bar slowly to your chest. The machine guides the path."", ""Press the bar forcefully back up to full extension.""]","[""Positioning the bench too far forward or backward (causing an unnatural pressing angle)"", ""Bouncing the bar off the chest"", ""Lifting the glutes""]","[""Align bar with mid-chest"", ""Control the negative"", ""Drive through the floor""]","Inhale while lowering, exhale while pressing.","[""Pause Smith Machine Bench Press"", ""Heavier Load""]","[""Machine Chest Press"", ""Lighter Load""]","[""Barbell Bench Press"", ""Dumbbell Bench Press""]",3.5,"[""SRC_ACSM_2026_RT""]",Reviewed,2026-07-24
EX0234,Smith Machine Overhead Press,"[""Seated Smith Press""]",Resistance Training,Upper Body,Compound,Vertical Push,Push,Open Chain,Bilateral,"[""Smith Machine"", ""Bench with Back Support""]",Overhead,"[""Anterior Deltoid"", ""Triceps Brachii""]","[""Lateral Deltoid"", ""Upper Trapezius""]","[""None""]","[""Sagittal"", ""Frontal""]","[""Shoulder Flexion"", ""Shoulder Abduction"", ""Elbow Extension""]",Full,Machine Dependent,Mid-Range,Low,Beginner,2,2.5,2,1.5,1,3.5,3.5,"[""Athletic Performance"",""Balance"",""Conditioning"",""Coordination"",""Core Stability"",""Corrective Exercise"",""Fat Loss"",""Flexibility"",""General Fitness"",""Grip Strength"",""Gymnastics"",""Injury Prevention"",""Joint Health"",""Knee Health"",""Mobility"",""Mobility and Flexibility"",""Muscle Gain"",""Muscular Endurance"",""Posture Correction"",""Power"",""Rehabilitation"",""Rehabilitation and Joint Health"",""Shoulder Health"",""Shin Splint Relief"",""Sport Performance"",""Strength"",""Strength Preparation"",""Warm-up""]",High,"[""Shoulder"", ""Lower Back""]","[""Shoulder impingement (due to fixed bar path)""]",Place a bench with back support under the Smith machine. Align the bench so the bar lowers just in front of your face. Grip the bar wider than shoulder-width.,"[""Unrack the bar."", ""Lower the bar to chin or upper chest level."", ""Press the bar straight up until your arms are fully extended.""]","[""Setting the bench too far back (strains the rotator cuff)"", ""Bouncing at the bottom"", ""Arching the back off the pad""]","[""Bar path just clears the nose"", ""Control the descent"", ""Press straight up""]","Inhale while lowering, exhale while pressing.","[""Pause Smith Press"", ""Heavier Load""]","[""Machine Shoulder Press""]","[""Seated Barbell Overhead Press"", ""Dumbbell Shoulder Press""]",3.5,"[""SRC_ACSM_2026_RT""]",Reviewed,2026-07-24
EX0235,Single-Arm Cable Lateral Raise,"[""One-Arm Cable Side Raise""]",Resistance Training,Upper Body,Isolation,Vertical Push,Push,Open Chain,Unilateral,"[""Cable Machine"", ""D-Handle""]",Lateral,"[""Lateral Deltoid""]","[""Anterior Deltoid"", ""Supraspinatus""]","[""Core"", ""Trapezius""]","[""Frontal""]","[""Shoulder Abduction""]",Full,Constant,Mid-Range,Low,Intermediate,2,2.5,2,2,2,2,4.5,"[""Athletic Performance"",""Balance"",""Conditioning"",""Coordination"",""Core Stability"",""Corrective Exercise"",""Fat Loss"",""Flexibility"",""General Fitness"",""Grip Strength"",""Gymnastics"",""Injury Prevention"",""Joint Health"",""Knee Health"",""Mobility"",""Mobility and Flexibility"",""Muscle Gain"",""Muscular Endurance"",""Posture Correction"",""Power"",""Rehabilitation"",""Rehabilitation and Joint Health"",""Shoulder Health"",""Shin Splint Relief"",""Sport Performance"",""Strength"",""Strength Preparation"",""Warm-up""]",Low,"[""Shoulder""]","[""Shoulder impingement""]",Set a low cable pulley. Stand sideways to the machine and grab the handle with your outside hand. The cable runs across the front of your body.,"[""Keeping a slight bend in your elbow, raise the handle out to the side until it reaches shoulder height."", ""Squeeze the side delt."", ""Slowly lower it back down. The cable provides constant tension unlike a dumbbell.""]","[""Using momentum"", ""Leaning aggressively away from the machine to cheat"", ""Pulling the handle backward""]","[""Sweep out, not up"", ""Keep the shoulder down"", ""Control the negative""]","Exhale while raising, inhale while lowering.","[""Behind-the-Back Cable Lateral Raise"", ""Heavier Load""]","[""Dumbbell Lateral Raise"", ""Machine Lateral Raise""]","[""Dumbbell Lateral Raise"", ""Machine Lateral Raise""]",2.5,"[""SRC_ACSM_2026_RT""]",Reviewed,2026-07-24
EX0236,Single-Arm Overhead Cable Triceps Extension,"[""One-Arm Cable Overhead Extension""]",Resistance Training,Upper Body,Isolation,Elbow Extension,Push,Open Chain,Unilateral,"[""Cable Machine"", ""D-Handle""]",Overhead,"[""Triceps Brachii (Long Head Bias)""]","[""Anconeus""]","[""Core""]","[""Sagittal""]","[""Elbow Extension""]",Full,Constant,Lengthened,Low,Intermediate,2,2.5,2,2.5,2.5,2,4.5,"[""Athletic Performance"",""Balance"",""Conditioning"",""Coordination"",""Core Stability"",""Corrective Exercise"",""Fat Loss"",""Flexibility"",""General Fitness"",""Grip Strength"",""Gymnastics"",""Injury Prevention"",""Joint Health"",""Knee Health"",""Mobility"",""Mobility and Flexibility"",""Muscle Gain"",""Muscular Endurance"",""Posture Correction"",""Power"",""Rehabilitation"",""Rehabilitation and Joint Health"",""Shoulder Health"",""Shin Splint Relief"",""Sport Performance"",""Strength"",""Strength Preparation"",""Warm-up""]",Low,"[""Elbow"", ""Shoulder""]","[""Shoulder mobility issues"", ""Elbow tendinopathy""]","Set a cable pulley to a low or mid height. Turn away from the machine, grab the handle with one hand, and bring it behind your head.","[""Adopt a staggered stance."", ""Keeping your elbow pointing forward and stationary, extend your arm straight up and forward."", ""Squeeze the triceps, then slowly return to a deep stretch behind the head.""]","[""Flaring the elbow out to the side"", ""Moving the upper arm (turning it into a press)"", ""Not getting a full stretch""]","[""Elbow points forward"", ""Lock it out"", ""Feel the stretch""]","Exhale while extending, inhale while returning.","[""Bilateral Cable Overhead Extension"", ""Heavier Load""]","[""Single-Arm Triceps Pushdown""]","[""Dumbbell Overhead Extension"", ""Skull Crusher""]",2.5,"[""SRC_ACSM_2026_RT""]",Reviewed,2026-07-24
EX0237,Machine Preacher Curl,"[""Seated Preacher Curl Machine""]",Resistance Training,Upper Body,Isolation,Elbow Flexion,Pull,Open Chain,Bilateral,"[""Preacher Curl Machine""]",Machine Guided,"[""Biceps Brachii"", ""Brachialis""]","[""Brachioradialis""]","[""None""]","[""Sagittal""]","[""Elbow Flexion""]",Full,Machine Dependent,Shortened,Low,Beginner,1,1,1.5,1.5,1,1.5,4.5,"[""Athletic Performance"",""Balance"",""Conditioning"",""Coordination"",""Core Stability"",""Corrective Exercise"",""Fat Loss"",""Flexibility"",""General Fitness"",""Grip Strength"",""Gymnastics"",""Injury Prevention"",""Joint Health"",""Knee Health"",""Mobility"",""Mobility and Flexibility"",""Muscle Gain"",""Muscular Endurance"",""Posture Correction"",""Power"",""Rehabilitation"",""Rehabilitation and Joint Health"",""Shoulder Health"",""Shin Splint Relief"",""Sport Performance"",""Strength"",""Strength Preparation"",""Warm-up""]",Low,"[""Elbow"", ""Wrist""]","[""Biceps tendonitis""]",Sit in the machine and adjust the seat so your armpits rest comfortably over the top of the pad. Grip the handles.,"[""Curl the handles upward toward your shoulders, squeezing the biceps at the peak."", ""Slowly lower the handles back down until your arms are fully extended."", ""Do not hyperextend the elbows at the bottom.""]","[""Leaning back to pull the weight"", ""Not fully extending at the bottom"", ""Jerking the weight""]","[""Armpits snug over the pad"", ""Squeeze at the top"", ""Control the stretch""]","Exhale while curling, inhale while lowering.","[""Single-Arm Machine Preacher Curl"", ""Pause Reps""]","[""Lighter Load""]","[""EZ-Bar Preacher Curl"", ""Dumbbell Concentration Curl""]",2,"[""SRC_ACSM_2026_RT""]",Reviewed,2026-07-24
EX0238,Alternating Dumbbell Walking Lunge,[],Resistance Training,Lower Body,Compound,Lunge,Push,Closed Chain,Alternating,"[""Dumbbell""]",Lateral,"[""Quadriceps"", ""Gluteus Maximus""]","[""Hamstrings"", ""Adductor Magnus""]","[""Core"", ""Gluteus Medius""]","[""Sagittal""]","[""Hip Extension"", ""Knee Extension""]",Full,Ascending,Lengthened,Moderate,Intermediate,3.5,4,4.5,3.5,4,4,4.5,"[""Athletic Performance"",""Balance"",""Conditioning"",""Coordination"",""Core Stability"",""Corrective Exercise"",""Fat Loss"",""Flexibility"",""General Fitness"",""Grip Strength"",""Gymnastics"",""Injury Prevention"",""Joint Health"",""Knee Health"",""Mobility"",""Mobility and Flexibility"",""Muscle Gain"",""Muscular Endurance"",""Posture Correction"",""Power"",""Rehabilitation"",""Rehabilitation and Joint Health"",""Shoulder Health"",""Shin Splint Relief"",""Sport Performance"",""Strength"",""Strength Preparation"",""Warm-up""]",Moderate,"[""Knee"", ""Ankle""]","[""Knee instability""]",Stand holding dumbbells by your sides. Brace your core.,"[""Take a large step forward with one leg and lower your hips until both knees are bent at 90-degree angles."", ""Drive through the heel of the front foot to push yourself up and immediately step forward with the opposite leg into the next lunge."", ""Continue walking forward continuously.""]","[""Taking steps that are too short (stresses the front knee)"", ""Torso collapsing forward"", ""Knee caving inward""]","[""Chest tall"", ""Long strides"", ""Drive through the front heel""]","Inhale as you step and drop, exhale as you drive up.","[""Barbell Walking Lunge"", ""Overhead Walking Lunge""]","[""Stationary Dumbbell Lunge"", ""Bodyweight Walking Lunge""]","[""Bulgarian Split Squat"", ""Reverse Lunge""]",5,"[""SRC_ACSM_2026_RT""]",Reviewed,2026-07-24
EX0239,Rope Hammer Curl,"[""Cable Hammer Curl""]",Resistance Training,Upper Body,Isolation,Elbow Flexion,Pull,Open Chain,Bilateral,"[""Cable Machine"", ""Rope Attachment""]",Anterior,"[""Brachioradialis"", ""Brachialis""]","[""Biceps Brachii""]","[""Core"", ""Anterior Deltoid""]","[""Sagittal""]","[""Elbow Flexion""]",Full,Constant,Mid-Range,Low,Beginner,1.5,1.5,2,1.5,1.5,1.5,4,"[""Athletic Performance"",""Balance"",""Conditioning"",""Coordination"",""Core Stability"",""Corrective Exercise"",""Fat Loss"",""Flexibility"",""General Fitness"",""Grip Strength"",""Gymnastics"",""Injury Prevention"",""Joint Health"",""Knee Health"",""Mobility"",""Mobility and Flexibility"",""Muscle Gain"",""Muscular Endurance"",""Posture Correction"",""Power"",""Rehabilitation"",""Rehabilitation and Joint Health"",""Shoulder Health"",""Shin Splint Relief"",""Sport Performance"",""Strength"",""Strength Preparation"",""Warm-up""]",Low,"[""Elbow"", ""Wrist""]","[""Elbow tendinopathy""]",Attach a rope to a low cable pulley. Stand facing the machine and grip the rope with a neutral grip (palms facing each other).,"[""Keep your elbows pinned to your sides."", ""Curl the rope up toward your shoulders, pulling the ends of the rope slightly apart at the top."", ""Squeeze the forearms and biceps, then slowly lower the rope back to a full extension.""]","[""Letting elbows drift forward"", ""Swinging the torso"", ""Using momentum""]","[""Elbows tight to the ribs"", ""Spread the rope at the top"", ""Control the negative""]","Exhale while curling, inhale while lowering.","[""Heavier Load"", ""Pause Reps""]","[""Dumbbell Hammer Curl"", ""Lighter Load""]","[""Dumbbell Hammer Curl"", ""Reverse Barbell Curl""]",2.5,"[""SRC_ACSM_2026_RT""]",Reviewed,2026-07-24
EX0240,Forward Sled Drag,"[""Sled Pull (Forward)""]",Resistance Training,Total Body,Compound,Gait,Pull,Closed Chain,Alternating,"[""Sled"", ""Weight Plates"", ""Harness/Straps""]",Posterior,"[""Gluteus Maximus"", ""Hamstrings"", ""Calves""]","[""Quadriceps"", ""Core""]","[""Erector Spinae"", ""Trapezius (if holding straps)""]","[""Sagittal""]","[""Hip Extension"", ""Knee Extension"", ""Ankle Plantarflexion""]",Partial,Constant,Mid-Range,Low,Beginner,1.5,2.5,2.5,4.5,4.5,3,4,"[""Athletic Performance"",""Balance"",""Conditioning"",""Coordination"",""Core Stability"",""Corrective Exercise"",""Fat Loss"",""Flexibility"",""General Fitness"",""Grip Strength"",""Gymnastics"",""Injury Prevention"",""Joint Health"",""Knee Health"",""Mobility"",""Mobility and Flexibility"",""Muscle Gain"",""Muscular Endurance"",""Posture Correction"",""Power"",""Rehabilitation"",""Rehabilitation and Joint Health"",""Shoulder Health"",""Shin Splint Relief"",""Sport Performance"",""Strength"",""Strength Preparation"",""Warm-up""]",Low,"[""Knee"", ""Achilles Tendon""]","[""Achilles tendinopathy""]","Attach a harness or straps to a sled. Face away from the sled. If using straps, hold them over your shoulders or at your sides.","[""Lean your body forward aggressively, keeping tension on the straps."", ""Drive your legs into the ground, taking powerful steps forward to drag the sled behind you."", ""Keep your core braced and spine neutral.""]","[""Standing too upright and losing leverage"", ""Taking tiny, ineffective steps"", ""Rounding the back""]","[""Lean forward 45 degrees"", ""Drive the knees"", ""Powerful strides""]",Breathe continuously and heavily.,"[""Heavier Load"", ""Longer Distance""]","[""Lighter Load""]","[""Sled Push"", ""Farmer's Walk""]",6.5,"[""SRC_NCSA_TECHNIQUE""]",Reviewed,2026-07-24
EX0241,Kneeling Cable Crunch,[],Resistance Training,Core,Isolation,Trunk Flexion,Pull,Open Chain,Bilateral,"[""Cable Machine"", ""Rope Attachment""]",Anterior,"[""Rectus Abdominis""]","[""Obliques""]","[""Latissimus Dorsi"", ""Hip Flexors""]","[""Sagittal""]","[""Spinal Flexion""]",Full,Constant,Shortened,Low,Beginner,2,2.5,2.5,2,2,2,4,"[""Athletic Performance"",""Balance"",""Conditioning"",""Coordination"",""Core Stability"",""Corrective Exercise"",""Fat Loss"",""Flexibility"",""General Fitness"",""Grip Strength"",""Gymnastics"",""Injury Prevention"",""Joint Health"",""Knee Health"",""Mobility"",""Mobility and Flexibility"",""Muscle Gain"",""Muscular Endurance"",""Posture Correction"",""Power"",""Rehabilitation"",""Rehabilitation and Joint Health"",""Shoulder Health"",""Shin Splint Relief"",""Sport Performance"",""Strength"",""Strength Preparation"",""Warm-up""]",Low,"[""Lower Back""]","[""Lumbar disc herniation""]","Attach a rope to a high cable pulley. Kneel on a mat facing the machine, holding the rope behind your neck.","[""Keeping your hips relatively stationary, contract your abs to curl your torso downward."", ""Bring your elbows toward your knees, rounding your upper back."", ""Slowly return to the starting position without letting the weight stack rest.""]","[""Pulling with the arms instead of the abs"", ""Flexing at the hips instead of the spine"", ""Arching the lower back on the return""]","[""Crunch ribs to pelvis"", ""Round the back"", ""Control the negative""]","Exhale while crunching down, inhale while returning.","[""Heavier Load"", ""Standing Cable Crunch""]","[""Lighter Load"", ""Floor Crunch""]","[""Standing Cable Crunch"", ""Machine Crunch""]",2.5,"[""SRC_ACSM_2026_RT""]",Reviewed,2026-07-25
EX0242,Dumbbell Floor Press,"[""Floor DB Press""]",Resistance Training,Upper Body,Compound,Horizontal Push,Push,Open Chain,Bilateral,"[""Dumbbell""]",Anterior,"[""Pectoralis Major"", ""Triceps Brachii""]","[""Anterior Deltoid""]","[""Core""]","[""Transverse"", ""Sagittal""]","[""Shoulder Horizontal Adduction"", ""Elbow Extension""]",Partial,Ascending,Shortened,Low,Intermediate,2,2.5,2.5,2,1.5,3.5,4,"[""Athletic Performance"",""Balance"",""Conditioning"",""Coordination"",""Core Stability"",""Corrective Exercise"",""Fat Loss"",""Flexibility"",""General Fitness"",""Grip Strength"",""Gymnastics"",""Injury Prevention"",""Joint Health"",""Knee Health"",""Mobility"",""Mobility and Flexibility"",""Muscle Gain"",""Muscular Endurance"",""Posture Correction"",""Power"",""Rehabilitation"",""Rehabilitation and Joint Health"",""Shoulder Health"",""Shin Splint Relief"",""Sport Performance"",""Strength"",""Strength Preparation"",""Warm-up""]",Low,"[""Wrist"", ""Elbow""]","[""Wrist pain""]",Lie on your back on the floor with knees bent. Hold a dumbbell in each hand above your chest.,"[""Lower the dumbbells under control until your upper arms rest completely on the floor."", ""Pause for a split second to kill the momentum."", ""Press the dumbbells explosively back to lockout.""]","[""Bouncing the triceps off the floor"", ""Lifting the hips off the floor to cheat"", ""Flaring elbows to 90 degrees""]","[""Soft touch on the floor"", ""Pause and explode"", ""Tuck the elbows slightly""]","Inhale while lowering, exhale while pressing.","[""Barbell Floor Press"", ""Pause Dumbbell Floor Press""]","[""Lighter Load""]","[""Barbell Floor Press"", ""Dumbbell Bench Press""]",3,"[""SRC_NCSA_TECHNIQUE""]",Reviewed,2026-07-25
EX0243,Single-Arm Kettlebell Press,"[""One-Arm KB Press""]",Resistance Training,Upper Body,Compound,Vertical Push,Push,Open Chain,Unilateral,"[""Kettlebell""]",Overhead,"[""Anterior Deltoid"", ""Triceps Brachii""]","[""Lateral Deltoid"", ""Upper Trapezius"", ""Pectoralis Major (Clavicular Head)""]","[""Core"", ""Gluteus Maximus"", ""Latissimus Dorsi""]","[""Sagittal"", ""Frontal""]","[""Shoulder Flexion"", ""Shoulder Abduction"", ""Elbow Extension""]",Full,Ascending,Mid-Range,Moderate,Intermediate,3,4,4.5,3,3.5,4,4,"[""Athletic Performance"",""Balance"",""Conditioning"",""Coordination"",""Core Stability"",""Corrective Exercise"",""Fat Loss"",""Flexibility"",""General Fitness"",""Grip Strength"",""Gymnastics"",""Injury Prevention"",""Joint Health"",""Knee Health"",""Mobility"",""Mobility and Flexibility"",""Muscle Gain"",""Muscular Endurance"",""Posture Correction"",""Power"",""Rehabilitation"",""Rehabilitation and Joint Health"",""Shoulder Health"",""Shin Splint Relief"",""Sport Performance"",""Strength"",""Strength Preparation"",""Warm-up""]",Moderate,"[""Shoulder"", ""Lower Back"", ""Wrist""]","[""Shoulder impingement"", ""Wrist pain""]","Clean a kettlebell into the rack position on one side. Stand tall, brace your core, and squeeze your glutes.","[""Press the kettlebell straight up overhead, allowing your arm to rotate naturally so your palm faces forward at the top."", ""Lock out the elbow with your bicep close to your ear."", ""Actively pull the kettlebell back down to the rack position.""]","[""Leaning away from the weight"", ""Arching the lower back"", ""Letting the wrist bend backward""]","[""Crush the handle"", ""Brace the core"", ""Pull the weight down""]","Inhale before pressing, exhale at lockout.","[""Heavier Load"", ""Kettlebell Push Press""]","[""Seated Single-Arm Press"", ""Half-Kneeling KB Press""]","[""Single-Arm Dumbbell Press"", ""Barbell Overhead Press""]",4,"[""SRC_NCSA_TECHNIQUE""]",Reviewed,2026-07-25
EX0244,Barbell Glute Bridge,"[""Weighted Glute Bridge""]",Resistance Training,Lower Body,Compound,Hip Extension,Push,Closed Chain,Bilateral,"[""Barbell"", ""Barbell Pad"", ""Mat""]",Anterior,"[""Gluteus Maximus""]","[""Hamstrings""]","[""Core"", ""Erector Spinae""]","[""Sagittal""]","[""Hip Extension""]",Partial,Ascending,Shortened,Moderate,Intermediate,3,3,3,2.5,2.5,4,4,"[""Athletic Performance"",""Balance"",""Conditioning"",""Coordination"",""Core Stability"",""Corrective Exercise"",""Fat Loss"",""Flexibility"",""General Fitness"",""Grip Strength"",""Gymnastics"",""Injury Prevention"",""Joint Health"",""Knee Health"",""Mobility"",""Mobility and Flexibility"",""Muscle Gain"",""Muscular Endurance"",""Posture Correction"",""Power"",""Rehabilitation"",""Rehabilitation and Joint Health"",""Shoulder Health"",""Shin Splint Relief"",""Sport Performance"",""Strength"",""Strength Preparation"",""Warm-up""]",Low,"[""Pelvis"", ""Lower Back""]","[""Pelvic floor issues""]","Lie on your back with knees bent, feet flat on the floor. Roll a padded barbell over your hips.","[""Hold the bar to keep it stable."", ""Drive through your heels to lift your hips until your body forms a straight line from knees to shoulders."", ""Squeeze your glutes extremely hard at the top."", ""Lower under control.""]","[""Hyperextending the lower back instead of locking out the hips"", ""Pushing through the toes""]","[""Tuck the chin"", ""Drive through the heels"", ""Squeeze the glutes""]","Inhale while lowering, exhale while thrusting up.","[""Barbell Hip Thrust (greater ROM)"", ""Pause Reps""]","[""Bodyweight Glute Bridge"", ""Dumbbell Glute Bridge""]","[""Barbell Hip Thrust"", ""Cable Pull-Through""]",4,"[""SRC_ACSM_2026_RT""]",Reviewed,2026-07-25
EX0245,Machine Reverse Pec Deck,"[""Reverse Fly Machine"", ""Rear Delt Machine""]",Resistance Training,Upper Body,Isolation,Horizontal Pull,Pull,Open Chain,Bilateral,"[""Pec Deck Machine""]",Machine Guided,"[""Posterior Deltoid""]","[""Rhomboids"", ""Middle Trapezius"", ""Infraspinatus""]","[""None""]","[""Transverse""]","[""Shoulder Horizontal Abduction""]",Full,Machine Dependent,Shortened,Low,Beginner,1,1,1,1.5,1,2,4.5,"[""Athletic Performance"",""Balance"",""Conditioning"",""Coordination"",""Core Stability"",""Corrective Exercise"",""Fat Loss"",""Flexibility"",""General Fitness"",""Grip Strength"",""Gymnastics"",""Injury Prevention"",""Joint Health"",""Knee Health"",""Mobility"",""Mobility and Flexibility"",""Muscle Gain"",""Muscular Endurance"",""Posture Correction"",""Power"",""Rehabilitation"",""Rehabilitation and Joint Health"",""Shoulder Health"",""Shin Splint Relief"",""Sport Performance"",""Strength"",""Strength Preparation"",""Warm-up""]",Low,"[""Shoulder""]","[""None""]",Sit facing the machine pad. Adjust the seat so the handles are at shoulder level. Grab the handles with a neutral or pronated grip.,"[""Keep a slight bend in your elbows and pull the handles backward in an arc."", ""Squeeze your rear delts and upper back at the end of the movement."", ""Slowly return to the starting position without letting the weight stack crash.""]","[""Using momentum"", ""Shrugging the shoulders up"", ""Pulling with the triceps instead of the rear delts""]","[""Sweep the arms back"", ""Keep shoulders down"", ""Squeeze the back of the shoulder""]","Exhale while pulling back, inhale while returning.","[""Pause Reps"", ""Single-Arm Reverse Pec Deck""]","[""Lighter Load""]","[""Dumbbell Reverse Fly"", ""Cable Face Pull""]",2,"[""SRC_ACSM_2026_RT""]",Reviewed,2026-07-25
EX0246,Behind the Back Barbell Shrug,"[""Lee Haney Shrug""]",Resistance Training,Upper Body,Isolation,Scapular Elevation,Pull,Open Chain,Bilateral,"[""Barbell"", ""Squat Rack""]",Posterior,"[""Upper Trapezius"", ""Middle Trapezius""]","[""Levator Scapulae"", ""Forearms""]","[""Core""]","[""Frontal"", ""Sagittal""]","[""Scapular Elevation"", ""Scapular Retraction""]",Partial,Ascending,Shortened,Low,Intermediate,2,2.5,2,2,1.5,2.5,4,"[""Athletic Performance"",""Balance"",""Conditioning"",""Coordination"",""Core Stability"",""Corrective Exercise"",""Fat Loss"",""Flexibility"",""General Fitness"",""Grip Strength"",""Gymnastics"",""Injury Prevention"",""Joint Health"",""Knee Health"",""Mobility"",""Mobility and Flexibility"",""Muscle Gain"",""Muscular Endurance"",""Posture Correction"",""Power"",""Rehabilitation"",""Rehabilitation and Joint Health"",""Shoulder Health"",""Shin Splint Relief"",""Sport Performance"",""Strength"",""Strength Preparation"",""Warm-up""]",Low,"[""Shoulder"", ""Lower Back""]","[""Shoulder mobility issues""]",Set a barbell on pins in a rack just below glute level. Stand facing away from the bar and grab it with an overhand grip.,"[""Keep your arms straight and your chest proud."", ""Shrug your shoulders up and slightly back toward your ears."", ""Hold the squeeze at the top, then lower the bar to a full stretch.""]","[""Bending the elbows"", ""Rolling the shoulders"", ""Leaning too far forward""]","[""Shrug up and back"", ""Keep arms locked"", ""Squeeze the traps""]","Exhale while shrugging, inhale while lowering.","[""Heavier Load"", ""Pause Reps""]","[""Standard Barbell Shrug"", ""Dumbbell Shrug""]","[""Standard Barbell Shrug"", ""Trap Bar Shrug""]",3,"[""SRC_ACSM_2026_RT""]",Reviewed,2026-07-25
EX0247,Single-Leg Romanian Deadlift,"[""SLRDL"", ""One-Leg RDL""]",Resistance Training,Lower Body,Compound,Hinge,Pull,Closed Chain,Unilateral,"[""Dumbbell""]",Anterior,"[""Hamstrings"", ""Gluteus Maximus""]","[""Erector Spinae""]","[""Core"", ""Gluteus Medius"", ""Anterior Tibialis""]","[""Sagittal""]","[""Hip Extension""]",Full,Ascending,Lengthened,Moderate,Intermediate,4,4.5,4.5,3.5,4.5,4,4,"[""Athletic Performance"",""Balance"",""Conditioning"",""Coordination"",""Core Stability"",""Corrective Exercise"",""Fat Loss"",""Flexibility"",""General Fitness"",""Grip Strength"",""Gymnastics"",""Injury Prevention"",""Joint Health"",""Knee Health"",""Mobility"",""Mobility and Flexibility"",""Muscle Gain"",""Muscular Endurance"",""Posture Correction"",""Power"",""Rehabilitation"",""Rehabilitation and Joint Health"",""Shoulder Health"",""Shin Splint Relief"",""Sport Performance"",""Strength"",""Strength Preparation"",""Warm-up""]",Moderate,"[""Lower Back"", ""Ankle""]","[""Lumbar disc issues"", ""Ankle instability""]","Stand on one leg, holding a dumbbell in the hand opposite to the planted leg (or in both hands). Keep a soft bend in the planted knee.","[""Hinge at the hips, extending your free leg straight back behind you for balance."", ""Lower your torso until it is nearly parallel to the floor, feeling a deep stretch in the planted hamstring."", ""Drive your hips forward to stand back up.""]","[""Rounding the lower back"", ""Bending the planted knee too much"", ""Opening the hips to the side instead of keeping them square""]","[""Hips square to the floor"", ""Push the back heel to the wall"", ""Chest proud""]","Inhale while hinging down, exhale while standing up.","[""Barbell SLRDL"", ""Heavier Dumbbells""]","[""B-Stance RDL"", ""Assisted SLRDL (holding a rack)""]","[""B-Stance RDL"", ""Standard RDL""]",4.5,"[""SRC_NCSA_TECHNIQUE""]",Reviewed,2026-07-25
EX0248,Weighted Pull-Up,"[""Pull-Up with Weight""]",Resistance Training,Upper Body,Compound,Vertical Pull,Pull,Open Chain,Bilateral,"[""Pull-Up Bar"", ""Weight Belt"", ""Weight Plates""]",Overhead,"[""Latissimus Dorsi"", ""Biceps Brachii"", ""Brachialis""]","[""Rhomboids"", ""Posterior Deltoid"", ""Lower Trapezius""]","[""Core"", ""Forearms""]","[""Frontal"", ""Sagittal""]","[""Shoulder Adduction"", ""Shoulder Extension"", ""Elbow Flexion""]",Full,Ascending,Lengthened,High,Advanced,3.5,3.5,4,4.5,3.5,4.5,4.5,"[""Athletic Performance"",""Balance"",""Conditioning"",""Coordination"",""Core Stability"",""Corrective Exercise"",""Fat Loss"",""Flexibility"",""General Fitness"",""Grip Strength"",""Gymnastics"",""Injury Prevention"",""Joint Health"",""Knee Health"",""Mobility"",""Mobility and Flexibility"",""Muscle Gain"",""Muscular Endurance"",""Posture Correction"",""Power"",""Rehabilitation"",""Rehabilitation and Joint Health"",""Shoulder Health"",""Shin Splint Relief"",""Sport Performance"",""Strength"",""Strength Preparation"",""Warm-up""]",Moderate,"[""Shoulder"", ""Elbow"", ""Wrist""]","[""Shoulder impingement"", ""Golfer's elbow""]",Strap a weight belt around your waist and attach plates. Grab the pull-up bar with an overhand grip slightly wider than shoulder-width.,"[""From a dead hang, pull your chest up toward the bar by driving your elbows down."", ""Clear the bar with your chin."", ""Lower yourself under control back to a full dead hang.""]","[""Kipping or swinging"", ""Not fully extending the arms at the bottom"", ""Reaching with the chin instead of pulling the chest up""]","[""Drive elbows to the floor"", ""Chest to bar"", ""Dead hang between reps""]","Exhale while pulling up, inhale while lowering.","[""Heavier Load"", ""Pause Weighted Pull-Up""]","[""Bodyweight Pull-Up"", ""Lat Pulldown""]","[""Lat Pulldown"", ""Weighted Chin-Up""]",5,"[""SRC_NCSA_TECHNIQUE""]",Reviewed,2026-07-25
EX0249,Weighted Triceps Dip,"[""Weighted Dip""]",Resistance Training,Upper Body,Compound,Vertical Push,Push,Closed Chain,Bilateral,"[""Dip Station"", ""Weight Belt"", ""Weight Plates""]",Anterior,"[""Triceps Brachii"", ""Pectoralis Major""]","[""Anterior Deltoid""]","[""Core"", ""Rhomboids"", ""Lower Trapezius""]","[""Sagittal""]","[""Elbow Extension"", ""Shoulder Flexion""]",Full,Ascending,Lengthened,High,Advanced,3.5,3.5,4,4.5,3,4.5,4.5,"[""Athletic Performance"",""Balance"",""Conditioning"",""Coordination"",""Core Stability"",""Corrective Exercise"",""Fat Loss"",""Flexibility"",""General Fitness"",""Grip Strength"",""Gymnastics"",""Injury Prevention"",""Joint Health"",""Knee Health"",""Mobility"",""Mobility and Flexibility"",""Muscle Gain"",""Muscular Endurance"",""Posture Correction"",""Power"",""Rehabilitation"",""Rehabilitation and Joint Health"",""Shoulder Health"",""Shin Splint Relief"",""Sport Performance"",""Strength"",""Strength Preparation"",""Warm-up""]",High,"[""Shoulder"", ""Elbow"", ""Wrist""]","[""AC joint pain"", ""Sternum pain"", ""Shoulder instability""]",Strap a weight belt around your waist. Mount the parallel bars and lock out your arms.,"[""Keep your torso relatively upright to target the triceps."", ""Lower your body by bending your elbows to 90 degrees."", ""Press forcefully back up to full lockout.""]","[""Going too deep and over-stretching the shoulder capsule"", ""Flaring the elbows out excessively"", ""Shrugging the shoulders""]","[""Keep chest up"", ""Tuck the elbows"", ""Drive through the palms""]","Inhale while lowering, exhale while pressing.","[""Heavier Load"", ""Pause Weighted Dip""]","[""Bodyweight Dip"", ""Machine Assisted Dip""]","[""Close-Grip Bench Press"", ""Decline Bench Press""]",5,"[""SRC_NCSA_TECHNIQUE""]",Reviewed,2026-07-25
EX0250,Single-Leg Leg Press,"[""Unilateral Leg Press""]",Resistance Training,Lower Body,Compound,Squat,Push,Closed Chain,Unilateral,"[""Leg Press Machine""]",Machine Guided,"[""Quadriceps"", ""Gluteus Maximus""]","[""Hamstrings"", ""Adductor Magnus""]","[""None""]","[""Sagittal""]","[""Hip Extension"", ""Knee Extension""]",Full,Machine Dependent,Mid-Range,Moderate,Intermediate,2,2.5,3,2.5,2.5,4,4.5,"[""Athletic Performance"",""Balance"",""Conditioning"",""Coordination"",""Core Stability"",""Corrective Exercise"",""Fat Loss"",""Flexibility"",""General Fitness"",""Grip Strength"",""Gymnastics"",""Injury Prevention"",""Joint Health"",""Knee Health"",""Mobility"",""Mobility and Flexibility"",""Muscle Gain"",""Muscular Endurance"",""Posture Correction"",""Power"",""Rehabilitation"",""Rehabilitation and Joint Health"",""Shoulder Health"",""Shin Splint Relief"",""Sport Performance"",""Strength"",""Strength Preparation"",""Warm-up""]",Low,"[""Knee"", ""Hip""]","[""Severe knee osteoarthritis""]",Sit in the leg press machine. Place one foot in the middle of the sled and let the other leg rest safely out of the way.,"[""Unrack the sled."", ""Lower the sled by bending your knee and hip as deep as comfortable without rounding your lower back."", ""Drive through your entire foot to push the sled back up.""]","[""Letting the working knee cave inward"", ""Lifting the heel off the sled"", ""Twisting the hips in the seat""]","[""Keep knee tracking over toes"", ""Drive through the mid-foot"", ""Hips square""]","Inhale while lowering, exhale while pressing.","[""Heavier Load"", ""Pause Single-Leg Press""]","[""Bilateral Leg Press"", ""Lighter Load""]","[""Bulgarian Split Squat"", ""Step-Up""]",4,"[""SRC_ACSM_2026_RT""]",Reviewed,2026-07-25
EX0251,Lean-Away Cable Lateral Raise,"[""Leaning Cable Side Raise""]",Resistance Training,Upper Body,Isolation,Vertical Push,Push,Open Chain,Unilateral,"[""Cable Machine"", ""D-Handle""]",Lateral,"[""Lateral Deltoid""]","[""Anterior Deltoid"", ""Supraspinatus""]","[""Core"", ""Trapezius""]","[""Frontal""]","[""Shoulder Abduction""]",Full,Constant,Mid-Range,Low,Intermediate,2.5,3,2.5,2.5,2,2.5,4.5,"[""Athletic Performance"",""Balance"",""Conditioning"",""Coordination"",""Core Stability"",""Corrective Exercise"",""Fat Loss"",""Flexibility"",""General Fitness"",""Grip Strength"",""Gymnastics"",""Injury Prevention"",""Joint Health"",""Knee Health"",""Mobility"",""Mobility and Flexibility"",""Muscle Gain"",""Muscular Endurance"",""Posture Correction"",""Power"",""Rehabilitation"",""Rehabilitation and Joint Health"",""Shoulder Health"",""Shin Splint Relief"",""Sport Performance"",""Strength"",""Strength Preparation"",""Warm-up""]",Low,"[""Shoulder""]","[""Shoulder impingement""]","Set a low cable pulley. Stand next to the machine, holding the vertical beam with your inside hand. Grab the cable handle with your outside hand.","[""Lean your body away from the machine until your inside arm is fully extended. Keep your feet planted."", ""Raise the cable handle out to the side until it is parallel to the floor."", ""Slowly lower it back down. The lean increases the range of motion and alters the resistance profile.""]","[""Using momentum"", ""Shrugging the shoulder"", ""Pulling the handle backward""]","[""Lean away"", ""Sweep the arm out"", ""Control the negative""]","Exhale while raising, inhale while lowering.","[""Heavier Load"", ""Pause Reps""]","[""Standing Cable Lateral Raise (no lean)""]","[""Dumbbell Lateral Raise"", ""Machine Lateral Raise""]",3,"[""SRC_ACSM_2026_RT""]",Reviewed,2026-07-25
EX0252,Bayesian Cable Curl,"[""Face-Away Cable Curl""]",Resistance Training,Upper Body,Isolation,Elbow Flexion,Pull,Open Chain,Unilateral,"[""Cable Machine"", ""D-Handle""]",Anterior,"[""Biceps Brachii (Long Head Bias)""]","[""Brachialis"", ""Brachioradialis""]","[""Core"", ""Anterior Deltoid""]","[""Sagittal""]","[""Elbow Flexion""]",Full,Constant,Lengthened,Low,Intermediate,2.5,2.5,2,2,2.5,2,4.5,"[""Athletic Performance"",""Balance"",""Conditioning"",""Coordination"",""Core Stability"",""Corrective Exercise"",""Fat Loss"",""Flexibility"",""General Fitness"",""Grip Strength"",""Gymnastics"",""Injury Prevention"",""Joint Health"",""Knee Health"",""Mobility"",""Mobility and Flexibility"",""Muscle Gain"",""Muscular Endurance"",""Posture Correction"",""Power"",""Rehabilitation"",""Rehabilitation and Joint Health"",""Shoulder Health"",""Shin Splint Relief"",""Sport Performance"",""Strength"",""Strength Preparation"",""Warm-up""]",Low,"[""Elbow"", ""Shoulder""]","[""Anterior shoulder pain"", ""Biceps tendonitis""]","Set a cable pulley to the bottom. Grab the handle and stand facing away from the machine, stepping forward to create tension.","[""Let your arm be pulled slightly behind your body, stretching the bicep."", ""Keeping your elbow stationary behind your torso, curl the handle forward and up."", ""Squeeze the bicep, then slowly return to the stretched position.""]","[""Letting the elbow swing forward during the curl"", ""Using torso momentum"", ""Not letting the arm go behind the body""]","[""Elbow stays behind the body"", ""Squeeze the peak"", ""Deep stretch""]","Exhale while curling, inhale while lowering.","[""Heavier Load"", ""Bilateral Bayesian Curl (Dual Cables)""]","[""Standard Cable Curl (facing machine)""]","[""Incline Dumbbell Curl"", ""Drag Curl""]",2.5,"[""SRC_ACSM_2026_RT""]",Reviewed,2026-07-25
EX0253,Reverse Grip Lat Pulldown,"[""Supinated Lat Pulldown"", ""Underhand Pulldown""]",Resistance Training,Upper Body,Compound,Vertical Pull,Pull,Open Chain,Bilateral,"[""Lat Pulldown Machine"", ""Straight Bar""]",Overhead,"[""Latissimus Dorsi"", ""Biceps Brachii"", ""Brachialis""]","[""Rhomboids"", ""Lower Trapezius""]","[""Core""]","[""Sagittal""]","[""Shoulder Extension"", ""Elbow Flexion""]",Full,Constant,Lengthened,Low,Beginner,1.5,1.5,2,1.5,1.5,2.5,4.5,"[""Athletic Performance"",""Balance"",""Conditioning"",""Coordination"",""Core Stability"",""Corrective Exercise"",""Fat Loss"",""Flexibility"",""General Fitness"",""Grip Strength"",""Gymnastics"",""Injury Prevention"",""Joint Health"",""Knee Health"",""Mobility"",""Mobility and Flexibility"",""Muscle Gain"",""Muscular Endurance"",""Posture Correction"",""Power"",""Rehabilitation"",""Rehabilitation and Joint Health"",""Shoulder Health"",""Shin Splint Relief"",""Sport Performance"",""Strength"",""Strength Preparation"",""Warm-up""]",Low,"[""Shoulder"", ""Elbow"", ""Wrist""]","[""Wrist impingement""]","Sit at the lat pulldown machine. Grab the bar with a supinated (underhand) grip, roughly shoulder-width apart.","[""Keep your chest up and lean back slightly."", ""Pull the bar down to your upper chest by driving your elbows down and back."", ""Squeeze your lats and biceps, then slowly let the bar return to a full stretch.""]","[""Using extreme momentum (swinging the torso)"", ""Pulling the bar down to the stomach"", ""Rounding the shoulders forward at the bottom""]","[""Drive elbows to the floor"", ""Chest up"", ""Stretch at the top""]","Exhale while pulling, inhale while returning.","[""Heavier Load"", ""Pause Reverse Grip Pulldown""]","[""Lighter Load""]","[""Chin-Up"", ""Standard Lat Pulldown""]",3,"[""SRC_ACSM_2026_RT""]",Reviewed,2026-07-25
EX0254,Wide-Grip Pronated Lat Pulldown,"[""Wide Pulldown""]",Resistance Training,Upper Body,Compound,Vertical Pull,Pull,Open Chain,Bilateral,"[""Lat Pulldown Machine"", ""Wide Bar""]",Overhead,"[""Latissimus Dorsi"", ""Teres Major""]","[""Biceps Brachii"", ""Brachialis"", ""Rhomboids"", ""Lower Trapezius""]","[""Core""]","[""Frontal""]","[""Shoulder Adduction"", ""Elbow Flexion""]",Full,Constant,Lengthened,Low,Beginner,2,2,2,2,2,2.5,4.5,"[""Athletic Performance"",""Balance"",""Conditioning"",""Coordination"",""Core Stability"",""Corrective Exercise"",""Fat Loss"",""Flexibility"",""General Fitness"",""Grip Strength"",""Gymnastics"",""Injury Prevention"",""Joint Health"",""Knee Health"",""Mobility"",""Mobility and Flexibility"",""Muscle Gain"",""Muscular Endurance"",""Posture Correction"",""Power"",""Rehabilitation"",""Rehabilitation and Joint Health"",""Shoulder Health"",""Shin Splint Relief"",""Sport Performance"",""Strength"",""Strength Preparation"",""Warm-up""]",Low,"[""Shoulder"", ""Elbow""]","[""Shoulder impingement""]","Sit at the lat pulldown machine. Grab the bar with a pronated (overhand) grip, wider than shoulder-width.","[""Keep your chest up."", ""Pull the bar down to your upper chest by driving your elbows straight down toward your sides."", ""Squeeze your lats, then slowly let the bar return to a full stretch.""]","[""Pulling the bar behind the neck (dangerous for rotator cuff)"", ""Swinging the torso"", ""Pulling with the arms instead of the back""]","[""Pull to the collarbone"", ""Drive elbows to the hips"", ""Chest tall""]","Exhale while pulling, inhale while returning.","[""Heavier Load"", ""Pause Wide Grip Pulldown""]","[""Lighter Load"", ""Machine Assisted Pull-Up""]","[""Pull-Up"", ""V-Grip Lat Pulldown""]",3,"[""SRC_ACSM_2026_RT""]",Reviewed,2026-07-25
EX0255,Trap Bar Jump,"[""Hex Bar Jump""]",Resistance Training,Total Body,Compound,Squat,Push,Closed Chain,Bilateral,"[""Trap Bar"", ""Weight Plates""]",Lateral,"[""Quadriceps"", ""Gluteus Maximus"", ""Calves""]","[""Hamstrings"", ""Trapezius""]","[""Core"", ""Forearms"", ""Erector Spinae""]","[""Sagittal""]","[""Hip Extension"", ""Knee Extension"", ""Ankle Plantarflexion""]",Partial,Variable,Mid-Range,High,Advanced,4,4,4.5,3,4.5,5,3.5,"[""Athletic Performance"",""Balance"",""Conditioning"",""Coordination"",""Core Stability"",""Corrective Exercise"",""Fat Loss"",""Flexibility"",""General Fitness"",""Grip Strength"",""Gymnastics"",""Injury Prevention"",""Joint Health"",""Knee Health"",""Mobility"",""Mobility and Flexibility"",""Muscle Gain"",""Muscular Endurance"",""Posture Correction"",""Power"",""Rehabilitation"",""Rehabilitation and Joint Health"",""Shoulder Health"",""Shin Splint Relief"",""Sport Performance"",""Strength"",""Strength Preparation"",""Warm-up""]",High,"[""Knee"", ""Lower Back"", ""Ankle""]","[""Acute low back pain"", ""Knee/Ankle joint issues""]",Step inside a loaded trap bar. Use relatively light weight (20-30% of 1RM). Hinge down and grip the handles.,"[""Drop your hips and lift your chest."", ""Explosively drive through the floor to jump straight up into the air as high as possible while holding the bar."", ""Absorb the landing by bending your knees and hips, resetting completely before the next jump.""]","[""Landing with stiff, straight legs"", ""Rounding the back during the jump or landing"", ""Using too much weight""]","[""Explode up"", ""Land soft"", ""Reset every rep""]","Inhale before jumping, exhale in the air.","[""Heavier Load (carefully)"", ""Continuous Trap Bar Jumps (no reset)""]","[""Bodyweight Squat Jump"", ""Box Jump""]","[""Squat Jump"", ""Power Clean""]",6.5,"[""SRC_NCSA_TECHNIQUE""]",Reviewed,2026-07-25
EX0256,Dumbbell Front Squat,"[""DB Front Squat""]",Resistance Training,Lower Body,Compound,Squat,Push,Closed Chain,Bilateral,"[""Dumbbell""]",Anterior,"[""Quadriceps"", ""Gluteus Maximus""]","[""Hamstrings""]","[""Core"", ""Erector Spinae"", ""Shoulders (Anterior Deltoid)""]","[""Sagittal""]","[""Hip Extension"", ""Knee Extension""]",Full,Ascending,Lengthened,Moderate,Beginner,2.5,2.5,3,3,2.5,4,4,"[""Athletic Performance"",""Balance"",""Conditioning"",""Coordination"",""Core Stability"",""Corrective Exercise"",""Fat Loss"",""Flexibility"",""General Fitness"",""Grip Strength"",""Gymnastics"",""Injury Prevention"",""Joint Health"",""Knee Health"",""Mobility"",""Mobility and Flexibility"",""Muscle Gain"",""Muscular Endurance"",""Posture Correction"",""Power"",""Rehabilitation"",""Rehabilitation and Joint Health"",""Shoulder Health"",""Shin Splint Relief"",""Sport Performance"",""Strength"",""Strength Preparation"",""Warm-up""]",Low,"[""Knee"", ""Lower Back"", ""Wrist""]","[""Patellofemoral pain""]","Stand holding a pair of dumbbells. Clean them up so they rest vertically on the front of your shoulders, elbows pointing forward.","[""Keep your chest tall and core braced."", ""Sit your hips back and down to squat as deep as possible."", ""Drive through your feet to return to a standing position.""]","[""Dropping the elbows and rounding the upper back"", ""Letting the knees cave in"", ""Heels lifting off the floor""]","[""Elbows high"", ""Chest up"", ""Drive through the whole foot""]","Inhale while descending, exhale while ascending.","[""Barbell Front Squat"", ""Heavier Dumbbells""]","[""Goblet Squat"", ""Bodyweight Squat""]","[""Barbell Front Squat"", ""Goblet Squat""]",4.5,"[""SRC_ACSM_2026_RT""]",Reviewed,2026-07-25
EX0257,Horizontal Cable Woodchopper,"[""Cable Trunk Rotation"", ""Standing Cable Twist""]",Resistance Training,Core,Compound,Trunk Rotation,Pull,Open Chain,Unilateral,"[""Cable Machine"", ""D-Handle""]",Lateral,"[""Obliques""]","[""Rectus Abdominis"", ""Transverse Abdominis""]","[""Gluteus Maximus"", ""Shoulders"", ""Erector Spinae""]","[""Transverse""]","[""Spinal Rotation""]",Full,Constant,Mid-Range,Low,Intermediate,2.5,3,3.5,2.5,2.5,2.5,3.5,"[""Athletic Performance"",""Balance"",""Conditioning"",""Coordination"",""Core Stability"",""Corrective Exercise"",""Fat Loss"",""Flexibility"",""General Fitness"",""Grip Strength"",""Gymnastics"",""Injury Prevention"",""Joint Health"",""Knee Health"",""Mobility"",""Mobility and Flexibility"",""Muscle Gain"",""Muscular Endurance"",""Posture Correction"",""Power"",""Rehabilitation"",""Rehabilitation and Joint Health"",""Shoulder Health"",""Shin Splint Relief"",""Sport Performance"",""Strength"",""Strength Preparation"",""Warm-up""]",Low,"[""Lower Back""]","[""Lumbar disc herniation""]","Set a cable pulley to chest height. Stand sideways to the machine, grab the handle with both hands, and step out to create tension.","[""Keep your arms straight and horizontal."", ""Rotate your torso to pull the handle across your body."", ""Pivot your back foot slightly. Slowly return to the starting position.""]","[""Pulling with the arms instead of rotating the core"", ""Not pivoting the feet"", ""Using jerky momentum""]","[""Rotate from the waist"", ""Arms act as ropes"", ""Control the return""]","Exhale while twisting, inhale while returning.","[""Heavier Load"", ""Medicine Ball Toss""]","[""Pallof Press"", ""Lighter Load""]","[""Russian Twist"", ""High-to-Low Woodchopper""]",3,"[""SRC_ACSM_2026_RT""]",Reviewed,2026-07-25
EX0258,Decline Dumbbell Fly,"[""Decline Fly""]",Resistance Training,Upper Body,Isolation,Horizontal Push,Push,Open Chain,Bilateral,"[""Dumbbell"", ""Decline Bench""]",Anterior,"[""Pectoralis Major (Lower Head)""]","[""Anterior Deltoid""]","[""Core"", ""Biceps Brachii""]","[""Transverse"", ""Sagittal""]","[""Shoulder Horizontal Adduction""]",Full,Ascending,Lengthened,Low,Intermediate,3,3,2.5,2.5,2,2,4,"[""Athletic Performance"",""Balance"",""Conditioning"",""Coordination"",""Core Stability"",""Corrective Exercise"",""Fat Loss"",""Flexibility"",""General Fitness"",""Grip Strength"",""Gymnastics"",""Injury Prevention"",""Joint Health"",""Knee Health"",""Mobility"",""Mobility and Flexibility"",""Muscle Gain"",""Muscular Endurance"",""Posture Correction"",""Power"",""Rehabilitation"",""Rehabilitation and Joint Health"",""Shoulder Health"",""Shin Splint Relief"",""Sport Performance"",""Strength"",""Strength Preparation"",""Warm-up""]",Moderate,"[""Shoulder"", ""Elbow""]","[""Anterior shoulder instability"", ""Glaucoma""]",Secure your legs on a decline bench. Lie back holding dumbbells directly above your lower chest with a neutral grip.,"[""With a slight bend in your elbows, slowly lower the dumbbells out to your sides in a wide arc."", ""Stop when you feel a stretch in your lower chest."", ""Squeeze your chest to bring the dumbbells back together in a hugging motion.""]","[""Pressing the weight instead of flying"", ""Lowering the weight too far"", ""Straightening the elbows completely""]","[""Hug a barrel"", ""Maintain a slight elbow bend"", ""Control the stretch""]","Inhale while lowering, exhale while bringing them together.","[""Cable Decline Fly"", ""Pause Dumbbell Fly""]","[""Flat Dumbbell Fly"", ""Machine Pec Deck""]","[""High-to-Low Cable Fly"", ""Decline Dumbbell Press""]",3,"[""SRC_ACSM_2026_RT""]",Reviewed,2026-07-25
EX0259,Barbell Step-Up,"[""Weighted Step-Up""]",Resistance Training,Lower Body,Compound,Squat,Push,Closed Chain,Unilateral,"[""Barbell"", ""Plyo Box or Bench""]",Posterior,"[""Quadriceps"", ""Gluteus Maximus""]","[""Hamstrings""]","[""Core"", ""Gluteus Medius"", ""Erector Spinae""]","[""Sagittal""]","[""Hip Extension"", ""Knee Extension""]",Full,Ascending,Mid-Range,High,Advanced,4,4.5,4.5,3.5,4.5,4,4.5,"[""Athletic Performance"",""Balance"",""Conditioning"",""Coordination"",""Core Stability"",""Corrective Exercise"",""Fat Loss"",""Flexibility"",""General Fitness"",""Grip Strength"",""Gymnastics"",""Injury Prevention"",""Joint Health"",""Knee Health"",""Mobility"",""Mobility and Flexibility"",""Muscle Gain"",""Muscular Endurance"",""Posture Correction"",""Power"",""Rehabilitation"",""Rehabilitation and Joint Health"",""Shoulder Health"",""Shin Splint Relief"",""Sport Performance"",""Strength"",""Strength Preparation"",""Warm-up""]",Moderate,"[""Knee"", ""Ankle"", ""Lower Back""]","[""Knee instability"", ""Balance disorders""]",Place a barbell across your upper back. Stand facing a sturdy box or bench.,"[""Place one foot entirely on the box."", ""Drive through the heel of the elevated foot to step up until the leg is fully straight."", ""Slowly and carefully step back down to the floor, controlling the descent.""]","[""Pushing off the floor with the back leg instead of pulling with the front leg"", ""Letting the front knee cave inward"", ""Losing balance due to the barbell""]","[""Drive through the front heel"", ""Control the descent"", ""Keep chest up""]","Exhale while stepping up, inhale while stepping down.","[""Higher Box Step-Up"", ""Heavier Load""]","[""Dumbbell Step-Up"", ""Bodyweight Step-Up""]","[""Dumbbell Step-Up"", ""Bulgarian Split Squat""]",5.5,"[""SRC_NCSA_TECHNIQUE""]",Reviewed,2026-07-25
EX0260,Single-Arm Dumbbell Push Press,"[""One-Arm DB Push Press""]",Resistance Training,Total Body,Compound,Vertical Push,Push,Closed Chain,Unilateral,"[""Dumbbell""]",Anterior,"[""Anterior Deltoid"", ""Triceps Brachii""]","[""Quadriceps"", ""Gluteus Maximus"", ""Lateral Deltoid""]","[""Core"", ""Obliques""]","[""Sagittal"", ""Frontal""]","[""Shoulder Flexion"", ""Elbow Extension"", ""Knee Extension"", ""Hip Extension""]",Full,Ascending,Mid-Range,Moderate,Intermediate,3.5,4,4,3,4,4.5,4,"[""Athletic Performance"",""Balance"",""Conditioning"",""Coordination"",""Core Stability"",""Corrective Exercise"",""Fat Loss"",""Flexibility"",""General Fitness"",""Grip Strength"",""Gymnastics"",""Injury Prevention"",""Joint Health"",""Knee Health"",""Mobility"",""Mobility and Flexibility"",""Muscle Gain"",""Muscular Endurance"",""Posture Correction"",""Power"",""Rehabilitation"",""Rehabilitation and Joint Health"",""Shoulder Health"",""Shin Splint Relief"",""Sport Performance"",""Strength"",""Strength Preparation"",""Warm-up""]",Moderate,"[""Shoulder"", ""Knee"", ""Lower Back""]","[""Shoulder impingement""]",Stand with feet shoulder-width apart. Clean a dumbbell to shoulder height on one side.,"[""Perform a quick, shallow dip by bending your knees slightly."", ""Explosively drive your legs to launch the dumbbell upward."", ""Finish pressing the dumbbell overhead until your arm is locked out. The core must work overtime to prevent torso rotation.""]","[""Dipping too low"", ""Pressing early before the leg drive"", ""Leaning away from the weight""]","[""Dip and drive"", ""Keep the torso square"", ""Lock it out""]","Inhale and brace before the dip, exhale at lockout.","[""Single-Arm Kettlebell Push Press"", ""Heavier Load""]","[""Single-Arm Strict Press"", ""Lighter Load""]","[""Barbell Push Press"", ""Single-Arm Kettlebell Press""]",4.5,"[""SRC_NCSA_TECHNIQUE""]",Reviewed,2026-07-25
EX0261,Landmine Twist,"[""Landmine Rotations"", ""180s""]",Resistance Training,Core,Compound,Trunk Rotation,Push,Open Chain,Bilateral,"[""Barbell"", ""Landmine""]",Anterior,"[""Obliques"", ""Rectus Abdominis""]","[""Shoulders (Deltoids)"", ""Gluteus Maximus"", ""Transverse Abdominis""]","[""Erector Spinae"", ""Latissimus Dorsi""]","[""Transverse"", ""Frontal""]","[""Spinal Rotation"", ""Isometric Shoulder Flexion""]",Full,Constant,Mid-Range,Moderate,Intermediate,3,3.5,3.5,3,3.5,2.5,3.5,"[""Athletic Performance"",""Balance"",""Conditioning"",""Coordination"",""Core Stability"",""Corrective Exercise"",""Fat Loss"",""Flexibility"",""General Fitness"",""Grip Strength"",""Gymnastics"",""Injury Prevention"",""Joint Health"",""Knee Health"",""Mobility"",""Mobility and Flexibility"",""Muscle Gain"",""Muscular Endurance"",""Posture Correction"",""Power"",""Rehabilitation"",""Rehabilitation and Joint Health"",""Shoulder Health"",""Shin Splint Relief"",""Sport Performance"",""Strength"",""Strength Preparation"",""Warm-up""]",Low,"[""Lower Back"", ""Shoulder""]","[""Lumbar disc herniation""]","Stand facing the landmine with feet shoulder-width apart. Hold the end of the barbell with both hands, arms extended in front of your chest.","[""Keeping your arms relatively straight, pivot your feet and rotate your torso to swing the barbell down to one side."", ""Stop before it touches your hip."", ""Explosively contract your core to swing the barbell back up and over to the opposite side.""]","[""Bending the elbows instead of using the core"", ""Not pivoting the feet (strains the knees)"", ""Letting the lower back arch""]","[""Arms act as rigid levers"", ""Pivot the hips and feet"", ""Explosive rotation""]","Exhale aggressively as you swing up, inhale as you lower.","[""Heavy Landmine Twist (slow)"", ""Kneeling Landmine Twist""]","[""Lighter Load"", ""Cable Woodchopper""]","[""Russian Twist"", ""Cable Woodchopper""]",3.5,"[""SRC_ACSM_2026_RT""]",Reviewed,2026-07-25
EX0262,Spiderman Push-Up,"[""Knee-to-Elbow Push-Up""]",Bodyweight,Total Body,Compound,Horizontal Push,Push,Closed Chain,Alternating,"[""Bodyweight""]",Bodyweight,"[""Pectoralis Major"", ""Obliques""]","[""Triceps Brachii"", ""Anterior Deltoid"", ""Hip Flexors""]","[""Core"", ""Serratus Anterior""]","[""Transverse"", ""Sagittal""]","[""Shoulder Horizontal Adduction"", ""Elbow Extension"", ""Hip Flexion"", ""Spinal Lateral Flexion""]",Full,Ascending,Lengthened,Low,Intermediate,3.5,4,4.5,3.5,4,4,4,"[""Athletic Performance"",""Balance"",""Conditioning"",""Coordination"",""Core Stability"",""Corrective Exercise"",""Fat Loss"",""Flexibility"",""General Fitness"",""Grip Strength"",""Gymnastics"",""Injury Prevention"",""Joint Health"",""Knee Health"",""Mobility"",""Mobility and Flexibility"",""Muscle Gain"",""Muscular Endurance"",""Posture Correction"",""Power"",""Rehabilitation"",""Rehabilitation and Joint Health"",""Shoulder Health"",""Shin Splint Relief"",""Sport Performance"",""Strength"",""Strength Preparation"",""Warm-up""]",Moderate,"[""Shoulder"", ""Wrist"", ""Hip""]","[""Wrist pain"", ""Shoulder instability""]",Get into a standard push-up position with your hands placed slightly wider than shoulder-width apart and your core tightly braced.,"[""As you lower your chest toward the floor, lift your right foot off the ground and bring your right knee out and up to touch your right elbow."", ""Push back up to the starting position while simultaneously returning your leg."", ""Repeat on the other side.""]","[""Hips sagging toward the floor"", ""Not lowering the chest enough"", ""Losing balance and twisting the torso too much""]","[""Core tight"", ""Knee to elbow at the bottom"", ""Body like a board""]","Inhale while lowering and bringing the knee up, exhale while pressing back.","[""Spiderman Crawl (moving forward)""]","[""Standard Push-Up"", ""Mountain Climbers""]","[""Push-Up"", ""Renegade Row""]",4.5,"[""SRC_NCSA_TECHNIQUE""]",Reviewed,2026-07-25
EX0263,Hindu Push-Up,"[""Dive Bomber Push-Up"", ""Dand""]",Bodyweight,Total Body,Compound,Total Body Integration,Push,Closed Chain,Bilateral,"[""Mat""]",Bodyweight,"[""Pectoralis Major"", ""Anterior Deltoid"", ""Triceps Brachii""]","[""Core"", ""Erector Spinae"", ""Latissimus Dorsi""]","[""Gluteus Maximus"", ""Hamstrings (stretch)""]","[""Sagittal""]","[""Shoulder Flexion"", ""Shoulder Extension"", ""Elbow Extension"", ""Spinal Extension""]",Full,Variable,Mid-Range,Low,Intermediate,3,3.5,4,4.5,4,3,3.5,"[""Athletic Performance"",""Balance"",""Conditioning"",""Coordination"",""Core Stability"",""Corrective Exercise"",""Fat Loss"",""Flexibility"",""General Fitness"",""Grip Strength"",""Gymnastics"",""Injury Prevention"",""Joint Health"",""Knee Health"",""Mobility"",""Mobility and Flexibility"",""Muscle Gain"",""Muscular Endurance"",""Posture Correction"",""Power"",""Rehabilitation"",""Rehabilitation and Joint Health"",""Shoulder Health"",""Shin Splint Relief"",""Sport Performance"",""Strength"",""Strength Preparation"",""Warm-up""]",Low,"[""Shoulder"", ""Lower Back"", ""Wrist""]","[""Spinal stenosis"", ""Shoulder impingement""]","Start in a downward dog position (hips high in the air, forming an inverted V).","[""Swoop your body down by bending your elbows, bringing your head and chest close to the floor as if sliding under a low fence."", ""Push your chest up and forward, extending your arms and arching your back (upward dog position)."", ""Push your hips straight back up to the starting inverted V position (do not swoop backward).""]","[""Swooping backward instead of just pushing the hips up (turns it into a Dive Bomber)"", ""Flaring the elbows out"", ""Letting the lower back sag without core control""]","[""Slide under the fence"", ""Look up at the top"", ""Hips high to return""]","Inhale as you swoop down and up, exhale as you push the hips back.","[""Dive Bomber Push-Up (swoop backward to return)""]","[""Pike Push-Up"", ""Standard Push-Up""]","[""Pike Push-Up"", ""Yoga Sun Salutation""]",4,"[""SRC_ACSM_2026_RT""]",Reviewed,2026-07-25
EX0264,Underhand Barbell Row,"[""Yates Row"", ""Supinated Barbell Row""]",Resistance Training,Upper Body,Compound,Horizontal Pull,Pull,Open Chain,Bilateral,"[""Barbell"", ""Weight Plates""]",Anterior,"[""Latissimus Dorsi (Lower Lat Bias)"", ""Biceps Brachii""]","[""Rhomboids"", ""Middle Trapezius"", ""Brachialis""]","[""Core"", ""Erector Spinae"", ""Hamstrings""]","[""Sagittal""]","[""Shoulder Extension"", ""Elbow Flexion"", ""Scapular Retraction""]",Full,Ascending,Mid-Range,High,Intermediate,3,3,3,3,3,4,4.5,"[""Athletic Performance"",""Balance"",""Conditioning"",""Coordination"",""Core Stability"",""Corrective Exercise"",""Fat Loss"",""Flexibility"",""General Fitness"",""Grip Strength"",""Gymnastics"",""Injury Prevention"",""Joint Health"",""Knee Health"",""Mobility"",""Mobility and Flexibility"",""Muscle Gain"",""Muscular Endurance"",""Posture Correction"",""Power"",""Rehabilitation"",""Rehabilitation and Joint Health"",""Shoulder Health"",""Shin Splint Relief"",""Sport Performance"",""Strength"",""Strength Preparation"",""Warm-up""]",Moderate,"[""Lower Back"", ""Biceps"", ""Wrist""]","[""Biceps tendonitis"", ""Lumbar disc issues""]",Grip a barbell with a supinated (underhand) grip at shoulder-width. Hinge at the hips until your torso is at a 45 to 60-degree angle (slightly more upright than a standard row).,"[""Pull the barbell into your lower stomach or waistline."", ""Keep your elbows tucked tight against your body."", ""Squeeze your lats and biceps, then lower the bar under control.""]","[""Rounding the lower back"", ""Pulling the bar too high (to the chest) which strains the wrists"", ""Using excessive momentum""]","[""Elbows scrape the ribs"", ""Pull to the belly button"", ""Chest up""]","Exhale while rowing, inhale while lowering.","[""Heavier Load"", ""Pause Yates Row""]","[""Standard Overhand Barbell Row""]","[""Barbell Row"", ""Seated Cable Row""]",3.5,"[""SRC_ACSM_2026_RT""]",Reviewed,2026-07-25
EX0265,Egyptian Cable Lateral Raise,"[""Leaning Single-Arm Cable Lateral Raise""]",Resistance Training,Upper Body,Isolation,Vertical Push,Push,Open Chain,Unilateral,"[""Cable Machine"", ""D-Handle""]",Lateral,"[""Lateral Deltoid""]","[""Anterior Deltoid"", ""Supraspinatus""]","[""Core"", ""Trapezius""]","[""Frontal""]","[""Shoulder Abduction""]",Full,Constant,Lengthened,Low,Intermediate,2.5,3,2.5,2.5,2,2.5,4.5,"[""Athletic Performance"",""Balance"",""Conditioning"",""Coordination"",""Core Stability"",""Corrective Exercise"",""Fat Loss"",""Flexibility"",""General Fitness"",""Grip Strength"",""Gymnastics"",""Injury Prevention"",""Joint Health"",""Knee Health"",""Mobility"",""Mobility and Flexibility"",""Muscle Gain"",""Muscular Endurance"",""Posture Correction"",""Power"",""Rehabilitation"",""Rehabilitation and Joint Health"",""Shoulder Health"",""Shin Splint Relief"",""Sport Performance"",""Strength"",""Strength Preparation"",""Warm-up""]",Low,"[""Shoulder""]","[""Shoulder impingement""]",Set a low cable pulley. Stand close to the machine. Grab the vertical pole with your non-working hand and lean away from the machine.,"[""The cable should run behind your legs."", ""Keeping a slight bend in your working elbow, raise the handle out to the side until your arm is parallel to the floor."", ""Slowly lower it back down, letting the cable pull your arm slightly behind your body for a maximum stretch.""]","[""Using momentum"", ""Shrugging the shoulder"", ""Pulling the cable in front of the legs instead of behind""]","[""Lean away"", ""Cable behind legs"", ""Control the deep stretch""]","Exhale while raising, inhale while lowering.","[""Heavier Load"", ""Pause at the top""]","[""Standing Cable Lateral Raise (no lean)""]","[""Cable Lateral Raise"", ""Dumbbell Lateral Raise""]",3,"[""SRC_ACSM_2026_RT""]",Reviewed,2026-07-25
EX0266,Dumbbell Hex Press,"[""Squeeze Press"", ""Champagne Press""]",Resistance Training,Upper Body,Compound,Horizontal Push,Push,Open Chain,Bilateral,"[""Dumbbell"", ""Flat Bench""]",Anterior,"[""Pectoralis Major (Inner Chest Bias)"", ""Triceps Brachii""]","[""Anterior Deltoid""]","[""Core""]","[""Transverse"", ""Sagittal""]","[""Shoulder Horizontal Adduction"", ""Elbow Extension"", ""Isometric Pectoral Contraction""]",Partial,Ascending,Shortened,Low,Intermediate,2,2.5,2.5,2,1.5,3,4.5,"[""Athletic Performance"",""Balance"",""Conditioning"",""Coordination"",""Core Stability"",""Corrective Exercise"",""Fat Loss"",""Flexibility"",""General Fitness"",""Grip Strength"",""Gymnastics"",""Injury Prevention"",""Joint Health"",""Knee Health"",""Mobility"",""Mobility and Flexibility"",""Muscle Gain"",""Muscular Endurance"",""Posture Correction"",""Power"",""Rehabilitation"",""Rehabilitation and Joint Health"",""Shoulder Health"",""Shin Splint Relief"",""Sport Performance"",""Strength"",""Strength Preparation"",""Warm-up""]",Moderate,"[""Shoulder"", ""Elbow"", ""Wrist""]","[""Wrist pain""]",Lie on a flat bench holding two dumbbells. Press them together so they are touching side-by-side over your chest.,"[""Squeeze the dumbbells together as hard as you can (isometric contraction of the chest)."", ""Maintaining this outward pressure, lower the dumbbells to your mid-chest."", ""Press them back up to full lockout, never letting them separate.""]","[""Letting the dumbbells separate"", ""Not actively squeezing them together (which defeats the purpose)"", ""Flaring the elbows out""]","[""Crush the dumbbells together"", ""Keep elbows tucked"", ""Constant chest tension""]","Inhale while lowering, exhale while pressing.","[""Incline Hex Press"", ""Heavier Load""]","[""Close-Grip Push-Up"", ""Flat Dumbbell Press""]","[""Close-Grip Bench Press"", ""Dumbbell Fly""]",3.5,"[""SRC_NCSA_TECHNIQUE""]",Reviewed,2026-07-25
EX0267,Decline EZ-Bar Skull Crusher,"[""Decline Triceps Extension""]",Resistance Training,Upper Body,Isolation,Elbow Extension,Push,Open Chain,Bilateral,"[""EZ-Bar"", ""Decline Bench""]",Anterior,"[""Triceps Brachii""]","[""Anconeus""]","[""Pectoralis Major"", ""Core""]","[""Sagittal""]","[""Elbow Extension""]",Full,Ascending,Lengthened,Low,Intermediate,3,3,2,2,1.5,2.5,4.5,"[""Athletic Performance"",""Balance"",""Conditioning"",""Coordination"",""Core Stability"",""Corrective Exercise"",""Fat Loss"",""Flexibility"",""General Fitness"",""Grip Strength"",""Gymnastics"",""Injury Prevention"",""Joint Health"",""Knee Health"",""Mobility"",""Mobility and Flexibility"",""Muscle Gain"",""Muscular Endurance"",""Posture Correction"",""Power"",""Rehabilitation"",""Rehabilitation and Joint Health"",""Shoulder Health"",""Shin Splint Relief"",""Sport Performance"",""Strength"",""Strength Preparation"",""Warm-up""]",Moderate,"[""Elbow"", ""Wrist""]","[""Elbow tendinopathy"", ""Glaucoma (due to decline)""]","Secure your legs on a decline bench. Hold an EZ-bar with a narrow overhand grip, arms extended straight up over your lower chest.","[""Angle your arms slightly backward (towards your head)."", ""Bend your elbows to lower the bar toward your forehead or slightly behind your head."", ""Feel the deep stretch in the triceps (enhanced by the decline angle), then press back up.""]","[""Moving the upper arms too much (turning it into a pullover)"", ""Flaring elbows"", ""Lowering the bar to the nose/mouth""]","[""Elbows point to the ceiling"", ""Lock the upper arms in place"", ""Stretch and squeeze""]","Inhale while lowering, exhale while extending.","[""Flat EZ-Bar Skull Crusher"", ""Decline Dumbbell Skull Crusher""]","[""Cable Triceps Pushdown""]","[""Lying Triceps Extension"", ""Close-Grip Bench Press""]",3,"[""SRC_ACSM_2026_RT""]",Reviewed,2026-07-25
EX0268,Smith Machine Shrug,"[""Guided Barbell Shrug""]",Resistance Training,Upper Body,Isolation,Scapular Elevation,Pull,Open Chain,Bilateral,"[""Smith Machine""]",Anterior,"[""Upper Trapezius""]","[""Levator Scapulae""]","[""Core"", ""Forearms""]","[""Frontal""]","[""Scapular Elevation""]",Partial,Machine Dependent,Shortened,Low,Beginner,1.5,1.5,1.5,1,1,2.5,4,"[""Athletic Performance"",""Balance"",""Conditioning"",""Coordination"",""Core Stability"",""Corrective Exercise"",""Fat Loss"",""Flexibility"",""General Fitness"",""Grip Strength"",""Gymnastics"",""Injury Prevention"",""Joint Health"",""Knee Health"",""Mobility"",""Mobility and Flexibility"",""Muscle Gain"",""Muscular Endurance"",""Posture Correction"",""Power"",""Rehabilitation"",""Rehabilitation and Joint Health"",""Shoulder Health"",""Shin Splint Relief"",""Sport Performance"",""Strength"",""Strength Preparation"",""Warm-up""]",Low,"[""Neck"", ""Lower Back""]","[""Cervical spine issues""]","Set the Smith machine bar at mid-thigh level. Stand facing the bar and grab it with an overhand grip, shoulder-width apart.","[""Unrack the bar."", ""Keeping your arms perfectly straight, elevate your shoulders as high as possible toward your ears."", ""Squeeze the traps at the top, then slowly lower the bar back to a full stretch.""]","[""Rolling the shoulders (damages rotator cuff)"", ""Bending the elbows to lift the weight"", ""Bouncing the weight""]","[""Shrug straight up and down"", ""Keep arms locked"", ""Hold the squeeze""]","Exhale while shrugging, inhale while lowering.","[""Behind-the-Back Smith Shrug"", ""Pause Reps""]","[""Dumbbell Shrug"", ""Lighter Load""]","[""Barbell Shrug"", ""Trap Bar Shrug""]",2,"[""SRC_ACSM_2026_RT""]",Reviewed,2026-07-25
EX0269,Glute Bridge March,"[""Marching Glute Bridge""]",Bodyweight,Lower Body,Compound,Hip Extension,Push,Closed Chain,Alternating,"[""Mat""]",Bodyweight,"[""Gluteus Maximus"", ""Hamstrings""]","[""Core"", ""Erector Spinae""]","[""Hip Flexors (of the marching leg)""]","[""Sagittal""]","[""Isometric Hip Extension"", ""Dynamic Hip Flexion""]",,Constant,Shortened,Moderate,Beginner,2,3,3.5,2.5,3,2,3.5,"[""Athletic Performance"",""Balance"",""Conditioning"",""Coordination"",""Core Stability"",""Corrective Exercise"",""Fat Loss"",""Flexibility"",""General Fitness"",""Grip Strength"",""Gymnastics"",""Injury Prevention"",""Joint Health"",""Knee Health"",""Mobility"",""Mobility and Flexibility"",""Muscle Gain"",""Muscular Endurance"",""Posture Correction"",""Power"",""Rehabilitation"",""Rehabilitation and Joint Health"",""Shoulder Health"",""Shin Splint Relief"",""Sport Performance"",""Strength"",""Strength Preparation"",""Warm-up""]",Low,"[""Lower Back""]","[""None""]",Lie on your back with knees bent and feet flat on the floor. Bridge your hips up so your body forms a straight line from shoulders to knees.,"[""Keeping your hips elevated and perfectly level, lift your right foot off the floor and drive your right knee toward your chest."", ""Place the right foot back down."", ""Without letting your hips sag, lift your left foot and drive the left knee toward your chest. Alternate legs.""]","[""Hips sagging toward the floor"", ""Hips twisting side to side when lifting a leg"", ""Pushing through the toes""]","[""Lock the hips high"", ""Push through the heel of the planted foot"", ""March slowly and with control""]",Breathe continuously and rhythmically.,"[""Weighted Glute Bridge March (sandbag on hips)""]","[""Standard Glute Bridge Hold""]","[""Single-Leg Glute Bridge"", ""Bird Dog""]",2.5,"[""SRC_ACSM_2026_RT""]",Reviewed,2026-07-25
EX0270,Banded Good Morning,"[""Resistance Band Good Morning""]",Resistance Training,Lower Body,Compound,Hinge,Pull,Closed Chain,Bilateral,"[""Resistance Band""]",Posterior,"[""Hamstrings"", ""Gluteus Maximus"", ""Erector Spinae""]","[""None""]","[""Core""]","[""Sagittal""]","[""Hip Extension""]",Partial,Ascending,Shortened,Moderate,Beginner,1.5,2,2,2.5,2,1.5,3.5,"[""Athletic Performance"",""Balance"",""Conditioning"",""Coordination"",""Core Stability"",""Corrective Exercise"",""Fat Loss"",""Flexibility"",""General Fitness"",""Grip Strength"",""Gymnastics"",""Injury Prevention"",""Joint Health"",""Knee Health"",""Mobility"",""Mobility and Flexibility"",""Muscle Gain"",""Muscular Endurance"",""Posture Correction"",""Power"",""Rehabilitation"",""Rehabilitation and Joint Health"",""Shoulder Health"",""Shin Splint Relief"",""Sport Performance"",""Strength"",""Strength Preparation"",""Warm-up""]",Low,"[""Lower Back""]","[""Acute low back pain""]","Stand with your feet shoulder-width apart, stepping on one end of a large looped resistance band. Loop the other end over the back of your neck.","[""Keep your knees slightly bent and your back perfectly flat."", ""Hinge at the hips, pushing your glutes backward until your torso is nearly parallel to the floor."", ""Drive your hips forward against the band resistance to stand back up, squeezing your glutes.""]","[""Rounding the lower back"", ""Bending the knees into a squat"", ""Looking straight up and straining the neck""]","[""Hips back"", ""Chest up"", ""Squeeze the glutes at the top""]","Inhale while hinging, exhale while standing up.","[""Heavier Band"", ""Barbell Good Morning""]","[""Lighter Band"", ""Bodyweight Hinge""]","[""Barbell Good Morning"", ""Romanian Deadlift""]",2,"[""SRC_ACSM_2026_RT""]",Reviewed,2026-07-25
EX0271,Poliquin Step-Up,"[""Heel-Elevated Step-Down""]",Resistance Training,Lower Body,Isolation,Squat,Push,Closed Chain,Unilateral,"[""Low Box or Weight Plate"", ""Heel Wedge""]",Anterior,"[""Quadriceps (Vastus Medialis Bias)""]","[""None""]","[""Core"", ""Gluteus Medius""]","[""Sagittal""]","[""Knee Extension""]",Partial,Ascending,Lengthened,Low,Beginner,2,3,3.5,2.5,3,2,4,"[""Athletic Performance"",""Balance"",""Conditioning"",""Coordination"",""Core Stability"",""Corrective Exercise"",""Fat Loss"",""Flexibility"",""General Fitness"",""Grip Strength"",""Gymnastics"",""Injury Prevention"",""Joint Health"",""Knee Health"",""Mobility"",""Mobility and Flexibility"",""Muscle Gain"",""Muscular Endurance"",""Posture Correction"",""Power"",""Rehabilitation"",""Rehabilitation and Joint Health"",""Shoulder Health"",""Shin Splint Relief"",""Sport Performance"",""Strength"",""Strength Preparation"",""Warm-up""]",Low,"[""Knee""]","[""Acute patellar tendon rupture""]",Stand on a very low box or weight plate. The working foot should have the heel elevated (using a wedge or plate). The non-working leg hangs off the side or front.,"[""Keeping your torso completely upright, bend the working knee to let the non-working heel touch the floor gently."", ""Ensure the working knee tracks far forward over the toes."", ""Push through the working leg to straighten the knee back up.""]","[""Pushing off the floor with the non-working foot"", ""Leaning forward"", ""Dropping down too quickly""]","[""Knee over toes"", ""Stay totally vertical"", ""Soft heel tap""]","Inhale as you lower, exhale as you step up.","[""Increase the height of the step"", ""Hold dumbbells""]","[""Lower step height"", ""Assisted Poliquin Step-Up (holding a rig)""]","[""Step-Up"", ""Sissy Squat""]",2.5,"[""SRC_ACSM_2026_RT""]",Reviewed,2026-07-25
EX0272,Cable Concentration Curl,"[""Single-Arm Cable Curl""]",Resistance Training,Upper Body,Isolation,Elbow Flexion,Pull,Open Chain,Unilateral,"[""Cable Machine"", ""D-Handle""]",Anterior,"[""Biceps Brachii"", ""Brachialis""]","[""Brachioradialis""]","[""None""]","[""Sagittal""]","[""Elbow Flexion""]",Full,Constant,Shortened,Low,Beginner,1.5,1.5,1,1.5,1,2,4.5,"[""Athletic Performance"",""Balance"",""Conditioning"",""Coordination"",""Core Stability"",""Corrective Exercise"",""Fat Loss"",""Flexibility"",""General Fitness"",""Grip Strength"",""Gymnastics"",""Injury Prevention"",""Joint Health"",""Knee Health"",""Mobility"",""Mobility and Flexibility"",""Muscle Gain"",""Muscular Endurance"",""Posture Correction"",""Power"",""Rehabilitation"",""Rehabilitation and Joint Health"",""Shoulder Health"",""Shin Splint Relief"",""Sport Performance"",""Strength"",""Strength Preparation"",""Warm-up""]",Low,"[""Elbow""]","[""Biceps tendonitis""]","Set a cable pulley to a high or low position (depending on preference). If low, bend over and rest your triceps against your inner thigh. If high, stand and curl toward your ear.","[""Keeping your upper arm completely stationary, curl the handle toward your shoulder/head."", ""Squeeze the bicep forcefully at the peak of the contraction."", ""Slowly let the cable pull your arm back to full extension.""]","[""Moving the upper arm"", ""Swinging the torso"", ""Rushing the negative phase""]","[""Pin the upper arm"", ""Squeeze the peak"", ""Control the stretch""]","Exhale while curling, inhale while extending.","[""Heavier Load"", ""Pause Reps""]","[""Dumbbell Concentration Curl""]","[""Dumbbell Concentration Curl"", ""Machine Bicep Curl""]",2,"[""SRC_ACSM_2026_RT""]",Reviewed,2026-07-25
EX0273,Straight-Arm Lat Pulldown,"[""Cable Lat Pushdown""]",Resistance Training,Upper Body,Isolation,Vertical Pull,Pull,Open Chain,Bilateral,"[""Cable Machine"", ""Straight Bar or Rope""]",Anterior,"[""Latissimus Dorsi""]","[""Triceps Brachii (Long Head)"", ""Posterior Deltoid""]","[""Core"", ""Rectus Abdominis""]","[""Sagittal""]","[""Shoulder Extension""]",Full,Constant,Mid-Range,Low,Beginner,2,2,2.5,2,2,2.5,4,"[""Athletic Performance"",""Balance"",""Conditioning"",""Coordination"",""Core Stability"",""Corrective Exercise"",""Fat Loss"",""Flexibility"",""General Fitness"",""Grip Strength"",""Gymnastics"",""Injury Prevention"",""Joint Health"",""Knee Health"",""Mobility"",""Mobility and Flexibility"",""Muscle Gain"",""Muscular Endurance"",""Posture Correction"",""Power"",""Rehabilitation"",""Rehabilitation and Joint Health"",""Shoulder Health"",""Shin Splint Relief"",""Sport Performance"",""Strength"",""Strength Preparation"",""Warm-up""]",Low,"[""Shoulder"", ""Lower Back""]","[""Acute shoulder impingement""]","Attach a wide bar to a high cable pulley. Stand facing the machine, step back to create tension, and hinge your torso slightly forward.","[""Keep your arms straight with a very slight, locked bend in the elbows."", ""Push the bar down in a wide arc until it touches your thighs."", ""Squeeze your lats and core, then slowly let the bar return upward until you feel a deep stretch in the lats.""]","[""Bending the elbows (turning it into a triceps pushdown)"", ""Rounding the lower back"", ""Standing too upright""]","[""Keep arms rigid"", ""Sweep the bar to your pockets"", ""Feel the stretch at the top""]","Exhale while pushing down, inhale while returning.","[""Heavier Load"", ""Single-Arm Cable Pullover""]","[""Lighter Load"", ""Machine Pullover""]","[""Dumbbell Pullover"", ""Seated Cable Row""]",3,"[""SRC_ACSM_2026_RT""]",Reviewed,2026-07-25
EX0274,Side-Lying Inner Thigh Raise,"[""Lying Adductor Lift""]",Bodyweight,Lower Body,Isolation,Hip Adduction,Pull,Open Chain,Unilateral,"[""Mat""]",Bodyweight,"[""Adductors (Longus, Magnus, Brevis)"", ""Gracilis"", ""Pectineus""]","[""None""]","[""Core""]","[""Frontal""]","[""Hip Adduction""]",Partial,Ascending,Shortened,Low,Beginner,1,1.5,1.5,1,1.5,1,3.5,"[""Athletic Performance"",""Balance"",""Conditioning"",""Coordination"",""Core Stability"",""Corrective Exercise"",""Fat Loss"",""Flexibility"",""General Fitness"",""Grip Strength"",""Gymnastics"",""Injury Prevention"",""Joint Health"",""Knee Health"",""Mobility"",""Mobility and Flexibility"",""Muscle Gain"",""Muscular Endurance"",""Posture Correction"",""Power"",""Rehabilitation"",""Rehabilitation and Joint Health"",""Shoulder Health"",""Shin Splint Relief"",""Sport Performance"",""Strength"",""Strength Preparation"",""Warm-up""]",Low,"[""Hip"", ""Groin""]","[""Acute groin strain""]","Lie on your side on a mat. Cross your top leg over your bottom leg, planting the top foot flat on the floor in front of you. Keep the bottom leg straight.","[""Flex your bottom foot (toes pointing forward)."", ""Lift the straight bottom leg upward toward the ceiling, engaging the inner thigh."", ""Hold for a second at the top, then slowly lower back down without resting it completely.""]","[""Rolling the hips backward"", ""Bending the bottom knee"", ""Using momentum""]","[""Keep leg straight"", ""Squeeze the inner thigh"", ""Hips stacked""]","Exhale while lifting, inhale while lowering.","[""Ankle Weights"", ""Copenhagen Plank""]","[""Standing Cable Adduction (light)""]","[""Machine Hip Adductor"", ""Copenhagen Plank""]",1.5,"[""SRC_ACSM_2026_RT""]",Reviewed,2026-07-25
EX0275,Seated Band Hip Abduction,"[""Banded Seated Abduction""]",Resistance Training,Lower Body,Isolation,Hip Abduction,Push,Closed Chain,Bilateral,"[""Resistance Band"", ""Bench or Chair""]",Anterior,"[""Gluteus Medius"", ""Gluteus Minimus"", ""Tensor Fasciae Latae""]","[""Gluteus Maximus (Upper Fibers)""]","[""Core""]","[""Frontal""]","[""Hip Abduction"", ""Hip External Rotation""]",Partial,Ascending,Shortened,Low,Beginner,1,1.5,1,1,1,1,4,"[""Athletic Performance"",""Balance"",""Conditioning"",""Coordination"",""Core Stability"",""Corrective Exercise"",""Fat Loss"",""Flexibility"",""General Fitness"",""Grip Strength"",""Gymnastics"",""Injury Prevention"",""Joint Health"",""Knee Health"",""Mobility"",""Mobility and Flexibility"",""Muscle Gain"",""Muscular Endurance"",""Posture Correction"",""Power"",""Rehabilitation"",""Rehabilitation and Joint Health"",""Shoulder Health"",""Shin Splint Relief"",""Sport Performance"",""Strength"",""Strength Preparation"",""Warm-up""]",Low,"[""Hip""]","[""Severe hip osteoarthritis""]","Sit on the edge of a bench with a mini resistance band looped just above your knees. Feet flat on the floor, close together.","[""Sit up tall and brace your core."", ""Drive your knees outward against the band as far as possible."", ""Squeeze the side of your glutes hard at the widest point, then slowly return to the center under control.""]","[""Slouching the back"", ""Letting the band snap the knees back together rapidly"", ""Rolling onto the outside of the feet too much""]","[""Chest proud"", ""Drive knees out"", ""Control the negative""]","Exhale while pushing out, inhale while returning.","[""Heavier Band"", ""Leaning Forward/Backward to hit different glute fibers""]","[""Lighter Band"", ""Clamshells""]","[""Machine Hip Abductor"", ""Lateral Band Walk""]",1.5,"[""SRC_ACSM_2026_RT""]",Reviewed,2026-07-25
EX0276,Medicine Ball Woodchop,"[""Med Ball Chop""]",Resistance Training,Core,Compound,Trunk Rotation,Pull,Open Chain,Bilateral,"[""Medicine Ball""]",Anterior,"[""Obliques"", ""Rectus Abdominis""]","[""Shoulders (Deltoids)"", ""Gluteus Maximus""]","[""Core"", ""Erector Spinae"", ""Latissimus Dorsi""]","[""Transverse"", ""Frontal""]","[""Spinal Rotation"", ""Shoulder Flexion""]",Full,Constant,Mid-Range,Moderate,Beginner,2.5,3,3.5,2.5,3,2,3.5,"[""Athletic Performance"",""Balance"",""Conditioning"",""Coordination"",""Core Stability"",""Corrective Exercise"",""Fat Loss"",""Flexibility"",""General Fitness"",""Grip Strength"",""Gymnastics"",""Injury Prevention"",""Joint Health"",""Knee Health"",""Mobility"",""Mobility and Flexibility"",""Muscle Gain"",""Muscular Endurance"",""Posture Correction"",""Power"",""Rehabilitation"",""Rehabilitation and Joint Health"",""Shoulder Health"",""Shin Splint Relief"",""Sport Performance"",""Strength"",""Strength Preparation"",""Warm-up""]",Low,"[""Lower Back"", ""Shoulder""]","[""Lumbar disc herniation""]",Stand holding a medicine ball with both hands. Feet shoulder-width apart.,"[""Squat slightly and twist to bring the ball down to the outside of your right knee."", ""In one fluid motion, stand up, pivot your right foot, and swing the ball diagonally upward across your body so it ends high above your left shoulder."", ""Control the ball back down to the right knee.""]","[""Moving only the arms instead of rotating the torso"", ""Not pivoting the foot"", ""Arching the lower back at the top""]","[""Pivot the foot"", ""Rotate from the core"", ""Fluid motion""]","Exhale aggressively as you chop upward, inhale as you lower.","[""Heavier Medicine Ball"", ""Cable Woodchopper""]","[""Lighter Medicine Ball"", ""Seated Russian Twist""]","[""Cable Woodchopper"", ""Russian Twist""]",3,"[""SRC_ACSM_2026_RT""]",Reviewed,2026-07-25
EX0277,Crab Walk,"[""Reverse Quadruped Crawl""]",Bodyweight,Total Body,Compound,Gait,Push,Closed Chain,Alternating,"[""Bodyweight""]",Bodyweight,"[""Triceps Brachii"", ""Gluteus Maximus"", ""Hamstrings""]","[""Core"", ""Shoulders (Anterior Deltoid)""]","[""Quadriceps"", ""Pectoralis Major""]","[""Sagittal""]","[""Shoulder Extension"", ""Hip Extension"", ""Elbow Extension""]",Partial,Constant,Mid-Range,Low,Beginner,2.5,3,3.5,2,3,2,2.5,"[""Athletic Performance"",""Balance"",""Conditioning"",""Coordination"",""Core Stability"",""Corrective Exercise"",""Fat Loss"",""Flexibility"",""General Fitness"",""Grip Strength"",""Gymnastics"",""Injury Prevention"",""Joint Health"",""Knee Health"",""Mobility"",""Mobility and Flexibility"",""Muscle Gain"",""Muscular Endurance"",""Posture Correction"",""Power"",""Rehabilitation"",""Rehabilitation and Joint Health"",""Shoulder Health"",""Shin Splint Relief"",""Sport Performance"",""Strength"",""Strength Preparation"",""Warm-up""]",Low,"[""Wrist"", ""Shoulder""]",[],Sit on the floor. Plant your hands behind you (fingers pointing away or to the sides) and bend your knees to plant your feet flat.,"[""Push your hips up off the floor so you are supported only by your hands and feet (tabletop position)."", ""Walk forward by stepping with your right hand and left foot, then left hand and right foot."", ""Keep your hips elevated throughout the crawl.""]","[""Letting the hips sag to the floor"", ""Looking straight up and straining the neck"", ""Taking steps that are too large""]","[""Keep hips up"", ""Short, quick steps"", ""Brace the core""]",Breathe continuously.,"[""Crab Walk Backward (harder on triceps)"", ""Weighted Vest Crab Walk""]","[""Static Crab Bridge Hold""]","[""Bear Crawl"", ""Triceps Dip""]",3,"[""SRC_ACSM_2026_RT""]",Reviewed,2026-07-25
EX0278,Kneeling Ab Wheel Rollout,[],Resistance Training,Core,Compound,Core Anti-Extension,Push,Closed Chain,Bilateral,"[""Ab Wheel"", ""Mat""]",Anterior,"[""Rectus Abdominis"", ""Transverse Abdominis""]","[""Latissimus Dorsi"", ""Triceps Brachii"", ""Serratus Anterior""]","[""Core"", ""Gluteus Maximus"", ""Erector Spinae""]","[""Sagittal""]","[""Shoulder Flexion"", ""Isometric Spinal Flexion"", ""Shoulder Extension""]",Full,Ascending,Lengthened,Moderate,Advanced,4,4,4.5,2.5,4,3.5,5,"[""Athletic Performance"",""Balance"",""Conditioning"",""Coordination"",""Core Stability"",""Corrective Exercise"",""Fat Loss"",""Flexibility"",""General Fitness"",""Grip Strength"",""Gymnastics"",""Injury Prevention"",""Joint Health"",""Knee Health"",""Mobility"",""Mobility and Flexibility"",""Muscle Gain"",""Muscular Endurance"",""Posture Correction"",""Power"",""Rehabilitation"",""Rehabilitation and Joint Health"",""Shoulder Health"",""Shin Splint Relief"",""Sport Performance"",""Strength"",""Strength Preparation"",""Warm-up""]",High,"[""Lower Back"", ""Shoulder""]","[""Lumbar disc herniation"", ""Shoulder impingement""]",Kneel on a mat with your hands on the handles of an ab wheel directly under your shoulders.,"[""Brace your core, squeeze your glutes, and slowly roll the wheel forward."", ""Go as far as you can while maintaining a perfectly straight, slightly hollowed back."", ""Once fully extended, use your core and lats to pull the wheel back to the starting position.""]","[""Hinging at the hips (sticking the butt out) instead of rolling the body out as one unit"", ""Letting the lower back sag (causes severe pain)"", ""Bending the elbows""]","[""Hips move with the shoulders"", ""Squeeze glutes"", ""Never let the back sag""]","Inhale while rolling out, exhale while pulling back.","[""Standing Ab Wheel Rollout"", ""Weighted Vest Rollout""]","[""Swiss Ball Rollout"", ""Partial Range Rollout""]","[""Swiss Ball Rollout"", ""Plank""]",4.5,"[""SRC_NCSA_TECHNIQUE""]",Reviewed,2026-07-25
EX0279,Neck Bridge,"[""Wrestler's Bridge"", ""Front/Back Bridge""]",Bodyweight,Total Body,Isometric,Spinal Extension,Push,Closed Chain,Bilateral,"[""Mat""]",Bodyweight,"[""Neck Extensors (Splenius Capitis, Erector Spinae Cervicis)"", ""Gluteus Maximus""]","[""Hamstrings"", ""Erector Spinae (Lumbar)""]","[""Core"", ""Quadriceps""]","[""Sagittal""]","[""Isometric Cervical Extension"", ""Isometric Hip Extension""]",,Constant,Shortened,High,Advanced,3,4,4.5,5,4,1.5,4,"[""Athletic Performance"",""Balance"",""Conditioning"",""Coordination"",""Core Stability"",""Corrective Exercise"",""Fat Loss"",""Flexibility"",""General Fitness"",""Grip Strength"",""Gymnastics"",""Injury Prevention"",""Joint Health"",""Knee Health"",""Mobility"",""Mobility and Flexibility"",""Muscle Gain"",""Muscular Endurance"",""Posture Correction"",""Power"",""Rehabilitation"",""Rehabilitation and Joint Health"",""Shoulder Health"",""Shin Splint Relief"",""Sport Performance"",""Strength"",""Strength Preparation"",""Warm-up""]",High,"[""Cervical Spine"", ""Lower Back""]","[""Any history of neck pain, cervical disc herniation, or spine issues""]",Lie on your back on a soft mat. Bend your knees and plant your feet. Place your hands by your ears (fingers pointing to toes).,"[""Push your hips up into a glute bridge while simultaneously pushing through your hands and head to arch your back."", ""Roll back onto the crown of your head."", ""Remove your hands (only if advanced) and hold the bridge, supporting your weight with your legs and neck.""]","[""Putting all the weight on the neck without using the legs"", ""Jerking into position"", ""Attempting this without prior neck conditioning""]","[""Drive through the legs"", ""Smooth, controlled arch"", ""Keep hands on the floor for safety if unsure""]",Breathe shallowly into the braced core.,"[""Front Neck Bridge (facing down)"", ""Dynamic Neck Bridge""]","[""Plate Neck Extension"", ""Isometric Neck Holds against hands""]","[""Plate Neck Extension"", ""Glute Bridge""]",2,"[""SRC_NCSA_TECHNIQUE""]",Reviewed,2026-07-25
EX0280,Single-Leg Glute Bridge,"[""One-Leg Bridge""]",Bodyweight,Lower Body,Compound,Hip Extension,Push,Closed Chain,Unilateral,"[""Mat""]",Bodyweight,"[""Gluteus Maximus""]","[""Hamstrings""]","[""Core"", ""Erector Spinae""]","[""Sagittal""]","[""Hip Extension""]",Partial,Ascending,Shortened,Moderate,Intermediate,2.5,3,3.5,2.5,3,2.5,4,"[""Athletic Performance"",""Balance"",""Conditioning"",""Coordination"",""Core Stability"",""Corrective Exercise"",""Fat Loss"",""Flexibility"",""General Fitness"",""Grip Strength"",""Gymnastics"",""Injury Prevention"",""Joint Health"",""Knee Health"",""Mobility"",""Mobility and Flexibility"",""Muscle Gain"",""Muscular Endurance"",""Posture Correction"",""Power"",""Rehabilitation"",""Rehabilitation and Joint Health"",""Shoulder Health"",""Shin Splint Relief"",""Sport Performance"",""Strength"",""Strength Preparation"",""Warm-up""]",Low,"[""Lower Back"", ""Hamstrings""]","[""Acute hamstring strain""]","Lie on your back with knees bent and feet flat on the floor. Lift one leg off the ground, straightening it or pulling the knee toward your chest.","[""Drive through the heel of the planted foot to lift your hips off the ground."", ""Your body should form a straight line from the planted knee to your shoulders."", ""Squeeze the glute of the working leg, then lower your hips back down under control.""]","[""Arching the lower back instead of extending the hip"", ""Hips twisting toward the unsupported side"", ""Pushing through the toes""]","[""Hips square to the ceiling"", ""Drive through the heel"", ""Squeeze the glute""]","Exhale while thrusting up, inhale while lowering.","[""Weighted Single-Leg Glute Bridge"", ""Foot Elevated Single-Leg Bridge""]","[""Bilateral Glute Bridge""]","[""Glute Bridge"", ""Single-Leg Romanian Deadlift""]",3.5,"[""SRC_ACSM_2026_RT""]",Reviewed,2026-07-25
EX0281,Band Resisted Push-Up,"[""Banded Push-Up""]",Resistance Training,Upper Body,Compound,Horizontal Push,Push,Closed Chain,Bilateral,"[""Resistance Band""]",Bodyweight,"[""Pectoralis Major"", ""Triceps Brachii""]","[""Anterior Deltoid""]","[""Core"", ""Serratus Anterior""]","[""Transverse"", ""Sagittal""]","[""Shoulder Horizontal Adduction"", ""Elbow Extension""]",Full,Ascending,Shortened,Low,Intermediate,3,3.5,3.5,2.5,3,3.5,4,"[""Athletic Performance"",""Balance"",""Conditioning"",""Coordination"",""Core Stability"",""Corrective Exercise"",""Fat Loss"",""Flexibility"",""General Fitness"",""Grip Strength"",""Gymnastics"",""Injury Prevention"",""Joint Health"",""Knee Health"",""Mobility"",""Mobility and Flexibility"",""Muscle Gain"",""Muscular Endurance"",""Posture Correction"",""Power"",""Rehabilitation"",""Rehabilitation and Joint Health"",""Shoulder Health"",""Shin Splint Relief"",""Sport Performance"",""Strength"",""Strength Preparation"",""Warm-up""]",Moderate,"[""Shoulder"", ""Wrist"", ""Elbow""]","[""Shoulder impingement""]",Hold one end of a resistance band in each hand and loop it securely across your upper back/shoulders. Get into a standard push-up position.,"[""Lower your chest toward the floor."", ""Press back up explosively. The band will stretch and increase the resistance significantly at the top of the movement (accommodating resistance)."", ""Lock out the elbows fully.""]","[""Letting the band snap your body down uncontrollably"", ""Hips sagging to compensate for the band tension"", ""Not locking out at the top""]","[""Explode against the band"", ""Control the negative"", ""Body like a board""]","Inhale while lowering, exhale forcefully while pressing.","[""Heavier Band"", ""Deficit Banded Push-Up""]","[""Standard Push-Up""]","[""Barbell Bench Press"", ""Standard Push-Up""]",4,"[""SRC_ACSM_2026_RT""]",Reviewed,2026-07-27
EX0282,Machine Lateral Pull-Down,"[""Iso-Lateral Pulldown"", ""Hammer Strength Pulldown""]",Resistance Training,Upper Body,Compound,Vertical Pull,Pull,Open Chain,Unilateral,"[""Iso-Lateral Pulldown Machine""]",Machine Guided,"[""Latissimus Dorsi"", ""Teres Major""]","[""Biceps Brachii"", ""Brachialis"", ""Lower Trapezius""]","[""Core (if unsupported)""]","[""Frontal"", ""Sagittal""]","[""Shoulder Adduction"", ""Elbow Flexion""]",Full,Machine Dependent,Lengthened,Low,Beginner,1.5,2,2,1.5,1.5,3,4.5,"[""Athletic Performance"",""Balance"",""Conditioning"",""Coordination"",""Core Stability"",""Corrective Exercise"",""Fat Loss"",""Flexibility"",""General Fitness"",""Grip Strength"",""Gymnastics"",""Injury Prevention"",""Joint Health"",""Knee Health"",""Mobility"",""Mobility and Flexibility"",""Muscle Gain"",""Muscular Endurance"",""Posture Correction"",""Power"",""Rehabilitation"",""Rehabilitation and Joint Health"",""Shoulder Health"",""Shin Splint Relief"",""Sport Performance"",""Strength"",""Strength Preparation"",""Warm-up""]",Low,"[""Shoulder"", ""Elbow""]","[""Severe shoulder impingement""]","Adjust the seat so the thigh pads lock your legs in firmly. Grab the handles (perform unilaterally for better focus, or bilaterally).","[""Pull the handle down and slightly back, driving your elbow toward your hip."", ""Squeeze your lat hard at the bottom of the movement."", ""Control the weight back up until your arm is fully extended and you feel a deep stretch.""]","[""Using excessive body english to swing the weight down"", ""Pulling with the biceps instead of the back"", ""Not reaching a full stretch at the top""]","[""Drive the elbow down"", ""Squeeze the lat"", ""Stretch completely at the top""]","Exhale while pulling down, inhale while returning.","[""Heavier Load"", ""Pause Reps""]","[""Lighter Load"", ""Standard Cable Pulldown""]","[""Lat Pulldown"", ""Pull-Up""]",3.5,"[""SRC_ACSM_2026_RT""]",Reviewed,2026-07-27
EX0283,Single-Leg Leg Extension,"[""Unilateral Leg Extension""]",Resistance Training,Lower Body,Isolation,Knee Extension,Push,Open Chain,Unilateral,"[""Leg Extension Machine""]",Machine Guided,"[""Quadriceps (Rectus Femoris, Vastus Lateralis, Vastus Medialis, Vastus Intermedius)""]","[""None""]","[""Core"", ""Gluteus Medius (Stabilizing)""]","[""Sagittal""]","[""Knee Extension""]",Full,Machine Dependent,Shortened,Low,Beginner,1.5,1.5,1.5,2,1.5,2.5,4.5,"[""Athletic Performance"",""Balance"",""Conditioning"",""Coordination"",""Core Stability"",""Corrective Exercise"",""Fat Loss"",""Flexibility"",""General Fitness"",""Grip Strength"",""Gymnastics"",""Injury Prevention"",""Joint Health"",""Knee Health"",""Mobility"",""Mobility and Flexibility"",""Muscle Gain"",""Muscular Endurance"",""Posture Correction"",""Power"",""Rehabilitation"",""Rehabilitation and Joint Health"",""Shoulder Health"",""Shin Splint Relief"",""Sport Performance"",""Strength"",""Strength Preparation"",""Warm-up""]",High,"[""Knee""]","[""ACL reconstruction (early stages)"", ""Patellofemoral pain syndrome""]",Sit in the leg extension machine. Adjust the pad so it rests on your lower shin. Rest one leg out of the way or lightly on the pad without pushing.,"[""Using only one leg, extend your knee to lift the pad until your leg is fully straight."", ""Squeeze your quad forcefully at the peak contraction."", ""Slowly lower the pad back down under control.""]","[""Swinging the leg to use momentum"", ""Lifting the hip off the seat"", ""Not fully extending the knee""]","[""Isolate the quad"", ""Squeeze at the top"", ""Control the negative""]","Exhale while extending, inhale while lowering.","[""Pause Reps"", ""Heavier Load""]","[""Bilateral Leg Extension"", ""Lighter Load""]","[""Bilateral Leg Extension"", ""Bulgarian Split Squat""]",3,"[""SRC_ACSM_2026_RT""]",Reviewed,2026-07-27
EX0284,Dumbbell Pullover (Incline),"[""Incline DB Pullover""]",Resistance Training,Upper Body,Compound,Vertical Pull,Pull,Open Chain,Bilateral,"[""Dumbbell"", ""Incline Bench""]",Overhead,"[""Latissimus Dorsi""]","[""Pectoralis Major"", ""Triceps Brachii (Long Head)""]","[""Core""]","[""Sagittal""]","[""Shoulder Extension""]",Full,Ascending,Lengthened,Low,Intermediate,3,2.5,2.5,2.5,2,2.5,4,"[""Athletic Performance"",""Balance"",""Conditioning"",""Coordination"",""Core Stability"",""Corrective Exercise"",""Fat Loss"",""Flexibility"",""General Fitness"",""Grip Strength"",""Gymnastics"",""Injury Prevention"",""Joint Health"",""Knee Health"",""Mobility"",""Mobility and Flexibility"",""Muscle Gain"",""Muscular Endurance"",""Posture Correction"",""Power"",""Rehabilitation"",""Rehabilitation and Joint Health"",""Shoulder Health"",""Shin Splint Relief"",""Sport Performance"",""Strength"",""Strength Preparation"",""Warm-up""]",Moderate,"[""Shoulder""]","[""Shoulder impingement"", ""Anterior shoulder instability""]",Set a bench to a 30-45 degree incline. Lie back holding a dumbbell with both hands (diamond grip) straight up over your chest.,"[""Keeping a slight, fixed bend in your elbows, slowly lower the dumbbell behind your head."", ""The incline angle alters the resistance profile, putting maximum stretch on the lats earlier in the movement compared to a flat bench."", ""Pull the dumbbell back over your chest.""]","[""Bending the elbows (turning it into a triceps extension)"", ""Over-stretching the shoulders"", ""Arching the lower back excessively off the pad""]","[""Keep elbows fixed"", ""Feel the lat stretch"", ""Control the descent""]","Inhale deeply while lowering, exhale while pulling back.","[""Heavier Load"", ""Cable Pullover""]","[""Flat Dumbbell Pullover"", ""Lighter Load""]","[""Flat Dumbbell Pullover"", ""Straight-Arm Cable Pulldown""]",3,"[""SRC_ACSM_2026_RT""]",Reviewed,2026-07-27
EX0285,Banded Squat,"[""Accommodating Resistance Squat""]",Resistance Training,Lower Body,Compound,Squat,Push,Closed Chain,Bilateral,"[""Barbell"", ""Resistance Bands"", ""Squat Rack""]",Posterior,"[""Quadriceps"", ""Gluteus Maximus""]","[""Hamstrings""]","[""Core"", ""Erector Spinae""]","[""Sagittal""]","[""Hip Extension"", ""Knee Extension""]",Full,Ascending,Mid-Range,High,Advanced,4,4,4,3.5,4,5,4,"[""Athletic Performance"",""Balance"",""Conditioning"",""Coordination"",""Core Stability"",""Corrective Exercise"",""Fat Loss"",""Flexibility"",""General Fitness"",""Grip Strength"",""Gymnastics"",""Injury Prevention"",""Joint Health"",""Knee Health"",""Mobility"",""Mobility and Flexibility"",""Muscle Gain"",""Muscular Endurance"",""Posture Correction"",""Power"",""Rehabilitation"",""Rehabilitation and Joint Health"",""Shoulder Health"",""Shin Splint Relief"",""Sport Performance"",""Strength"",""Strength Preparation"",""Warm-up""]",High,"[""Knee"", ""Lower Back""]","[""Acute low back pain"", ""Knee valgus issues""]",Set up a barbell back squat and securely attach resistance bands from the bottom of the rack (or heavy dumbbells on the floor) to the ends of the barbell.,"[""Unrack the bar and step back."", ""As you squat down, the bands provide less resistance."", ""As you drive up, you must explode through the movement because the bands stretch and the resistance gets continuously heavier toward the top.""]","[""Squatting slowly on the way up"", ""Letting the bands pull you out of position"", ""Not using enough base weight (the bar might whip)""]","[""Explode upward"", ""Drive through the whole foot"", ""Brace the core hard""]","Inhale and brace before descending, exhale forcefully while standing up.","[""Heavier Bands"", ""Banded Box Squat""]","[""Standard Barbell Squat""]","[""Barbell Back Squat"", ""Jump Squat""]",5,"[""SRC_NCSA_TECHNIQUE""]",Reviewed,2026-07-27
EX0286,Decline Cable Chest Press,"[""High-to-Low Cable Press""]",Resistance Training,Upper Body,Compound,Horizontal Push,Push,Open Chain,Bilateral,"[""Cable Machine"", ""D-Handles""]",Anterior,"[""Pectoralis Major (Lower Head)""]","[""Anterior Deltoid"", ""Triceps Brachii""]","[""Core"", ""Latissimus Dorsi""]","[""Transverse"", ""Sagittal""]","[""Shoulder Horizontal Adduction"", ""Elbow Extension""]",Full,Constant,Lengthened,Low,Intermediate,2.5,3,3,2,2.5,3,4.5,"[""Athletic Performance"",""Balance"",""Conditioning"",""Coordination"",""Core Stability"",""Corrective Exercise"",""Fat Loss"",""Flexibility"",""General Fitness"",""Grip Strength"",""Gymnastics"",""Injury Prevention"",""Joint Health"",""Knee Health"",""Mobility"",""Mobility and Flexibility"",""Muscle Gain"",""Muscular Endurance"",""Posture Correction"",""Power"",""Rehabilitation"",""Rehabilitation and Joint Health"",""Shoulder Health"",""Shin Splint Relief"",""Sport Performance"",""Strength"",""Strength Preparation"",""Warm-up""]",Low,"[""Shoulder"", ""Elbow""]","[""Severe shoulder impingement""]","Set the cable pulleys to a high position. Stand in the center, grab the handles, and step forward into a staggered stance to create tension.","[""Lean your torso slightly forward."", ""Press the handles downward and forward in a decline path, extending your elbows."", ""Squeeze your lower chest, then slowly let your arms return to the starting stretched position.""]","[""Turning it into a fly instead of a press (not bending elbows enough)"", ""Standing too upright"", ""Using body momentum to throw the weight""]","[""Press down and together"", ""Control the negative"", ""Squeeze the lower pecs""]","Exhale while pressing, inhale while returning.","[""Heavier Load"", ""Pause Reps""]","[""Decline Dumbbell Press"", ""High-to-Low Cable Fly""]","[""Decline Dumbbell Bench Press"", ""Cable Crossover""]",3,"[""SRC_ACSM_2026_RT""]",Reviewed,2026-07-27
EX0287,TRX Pistol Squat,"[""Assisted Single-Leg Squat""]",Bodyweight,Lower Body,Compound,Squat,Push,Closed Chain,Unilateral,"[""Suspension Trainer (TRX)""]",Bodyweight,"[""Quadriceps"", ""Gluteus Maximus""]","[""Hamstrings""]","[""Core"", ""Gluteus Medius"", ""Anterior Tibialis"", ""Latissimus Dorsi (Assisting)""]","[""Sagittal""]","[""Hip Extension"", ""Knee Extension""]",Full,Ascending,Lengthened,Moderate,Intermediate,3,3.5,4,3,3.5,3,4,"[""Athletic Performance"",""Balance"",""Conditioning"",""Coordination"",""Core Stability"",""Corrective Exercise"",""Fat Loss"",""Flexibility"",""General Fitness"",""Grip Strength"",""Gymnastics"",""Injury Prevention"",""Joint Health"",""Knee Health"",""Mobility"",""Mobility and Flexibility"",""Muscle Gain"",""Muscular Endurance"",""Posture Correction"",""Power"",""Rehabilitation"",""Rehabilitation and Joint Health"",""Shoulder Health"",""Shin Splint Relief"",""Sport Performance"",""Strength"",""Strength Preparation"",""Warm-up""]",Moderate,"[""Knee"", ""Ankle""]","[""Severe knee osteoarthritis"", ""Patellofemoral pain""]",Hold the TRX handles with arms slightly bent. Stand on one leg and extend the other leg straight out in front of you.,"[""Lower your body into a single-leg squat, using the TRX straps for balance and slight assistance."", ""Go as deep as your mobility allows (ideally hamstrings to calves)."", ""Drive through the foot of the planted leg and use your arms to help pull yourself back to the starting position.""]","[""Relying too much on the arms to pull up"", ""Letting the planted heel lift off the ground"", ""Knee caving inward""]","[""Drive through the heel"", ""Use straps only for balance"", ""Control the descent""]","Inhale while lowering, exhale while standing up.","[""Reduce arm assistance"", ""Freestanding Pistol Squat""]","[""Box Pistol Squat"", ""TRX Split Squat""]","[""Pistol Squat"", ""Bulgarian Split Squat""]",4,"[""SRC_NCSA_TECHNIQUE""]",Reviewed,2026-07-27
EX0288,Barbell Pullover,"[""Lying BB Pullover""]",Resistance Training,Upper Body,Compound,Vertical Pull,Pull,Open Chain,Bilateral,"[""Barbell"", ""Flat Bench""]",Overhead,"[""Latissimus Dorsi"", ""Pectoralis Major""]","[""Serratus Anterior"", ""Triceps Brachii (Long Head)""]","[""Core""]","[""Sagittal""]","[""Shoulder Extension""]",Full,Ascending,Lengthened,Low,Intermediate,3,3,2.5,2.5,2,3,4.5,"[""Athletic Performance"",""Balance"",""Conditioning"",""Coordination"",""Core Stability"",""Corrective Exercise"",""Fat Loss"",""Flexibility"",""General Fitness"",""Grip Strength"",""Gymnastics"",""Injury Prevention"",""Joint Health"",""Knee Health"",""Mobility"",""Mobility and Flexibility"",""Muscle Gain"",""Muscular Endurance"",""Posture Correction"",""Power"",""Rehabilitation"",""Rehabilitation and Joint Health"",""Shoulder Health"",""Shin Splint Relief"",""Sport Performance"",""Strength"",""Strength Preparation"",""Warm-up""]",Moderate,"[""Shoulder"", ""Lower Back""]","[""Shoulder impingement"", ""Anterior shoulder instability""]",Lie flat on a bench (either normally or perpendicular across it). Hold a barbell over your chest with a shoulder-width or slightly narrower overhand grip.,"[""Keep a slight, locked bend in your elbows."", ""Slowly lower the barbell in an arc behind your head until you feel a deep stretch in your lats and ribcage."", ""Pull the barbell back over your chest in the same arc.""]","[""Bending the elbows into a skull crusher"", ""Dropping the bar too low and straining the shoulder joint"", ""Arching the back completely off the bench""]","[""Lock the elbows"", ""Stretch the ribcage"", ""Pull with the lats""]","Inhale deeply while lowering, exhale while pulling back.","[""Heavier Load"", ""EZ-Bar Pullover""]","[""Dumbbell Pullover"", ""Machine Pullover""]","[""Dumbbell Pullover"", ""Straight-Arm Cable Pulldown""]",3.5,"[""SRC_NCSA_TECHNIQUE""]",Reviewed,2026-07-27
EX0289,Dumbbell Shrug (Seated),"[""Seated DB Shrug""]",Resistance Training,Upper Body,Isolation,Scapular Elevation,Pull,Open Chain,Bilateral,"[""Dumbbell"", ""Bench""]",Lateral,"[""Upper Trapezius""]","[""Levator Scapulae""]","[""Core""]","[""Frontal"", ""Sagittal""]","[""Scapular Elevation""]",Partial,Ascending,Shortened,Low,Beginner,1,1.5,1.5,1,1,1.5,4,"[""Athletic Performance"",""Balance"",""Conditioning"",""Coordination"",""Core Stability"",""Corrective Exercise"",""Fat Loss"",""Flexibility"",""General Fitness"",""Grip Strength"",""Gymnastics"",""Injury Prevention"",""Joint Health"",""Knee Health"",""Mobility"",""Mobility and Flexibility"",""Muscle Gain"",""Muscular Endurance"",""Posture Correction"",""Power"",""Rehabilitation"",""Rehabilitation and Joint Health"",""Shoulder Health"",""Shin Splint Relief"",""Sport Performance"",""Strength"",""Strength Preparation"",""Warm-up""]",Low,"[""Neck""]","[""Cervical spine issues""]",Sit upright on a flat bench holding dumbbells by your sides with a neutral grip.,"[""Keep your arms straight and your chest proud."", ""Elevate your shoulders straight up toward your ears as high as possible."", ""Hold the peak contraction for a second, then lower the dumbbells slowly back to a full stretch. Sitting prevents using leg drive to cheat.""]","[""Rolling the shoulders"", ""Bending the elbows"", ""Slouching the back""]","[""Shrug straight up"", ""Keep arms locked"", ""Hold the squeeze""]","Exhale while shrugging up, inhale while lowering.","[""Heavier Load"", ""Pause Reps""]","[""Lighter Load""]","[""Standing Dumbbell Shrug"", ""Barbell Shrug""]",2,"[""SRC_ACSM_2026_RT""]",Reviewed,2026-07-27
EX0290,Single-Arm Kettlebell Swing,"[""One-Arm KB Swing""]",Resistance Training,Total Body,Compound,Hinge,Pull,Closed Chain,Unilateral,"[""Kettlebell""]",Anterior,"[""Gluteus Maximus"", ""Hamstrings""]","[""Quadriceps"", ""Erector Spinae"", ""Shoulders (Anterior Deltoid)""]","[""Core (Anti-Rotation)"", ""Latissimus Dorsi"", ""Forearms""]","[""Sagittal"", ""Transverse""]","[""Hip Extension"", ""Isometric Spinal Anti-Rotation""]",Partial,Variable,Mid-Range,Moderate,Intermediate,3.5,4,4,3.5,4,4.5,4,"[""Athletic Performance"",""Balance"",""Conditioning"",""Coordination"",""Core Stability"",""Corrective Exercise"",""Fat Loss"",""Flexibility"",""General Fitness"",""Grip Strength"",""Gymnastics"",""Injury Prevention"",""Joint Health"",""Knee Health"",""Mobility"",""Mobility and Flexibility"",""Muscle Gain"",""Muscular Endurance"",""Posture Correction"",""Power"",""Rehabilitation"",""Rehabilitation and Joint Health"",""Shoulder Health"",""Shin Splint Relief"",""Sport Performance"",""Strength"",""Strength Preparation"",""Warm-up""]",Moderate,"[""Lower Back"", ""Shoulder""]","[""Acute low back pain"", ""Shoulder instability""]",Stand with feet wider than shoulder-width. Hinge down and grip the kettlebell with one hand.,"[""Hike the kettlebell back between your legs."", ""Explosively drive your hips forward to swing the bell up to chest height."", ""Keep your core braced tightly to prevent your torso from twisting as the asymmetrical load pulls on you."", ""Let the bell drop naturally and hinge at the hips to absorb the force.""]","[""Squatting instead of hinging"", ""Lifting the bell with the shoulder"", ""Letting the torso twist with the bell""]","[""Snap the hips"", ""Square the shoulders"", ""Brace the core hard""]","Inhale as the bell drops, exhale sharply on the hip snap.","[""Heavier Load"", ""Kettlebell Snatch""]","[""Two-Arm Kettlebell Swing""]","[""Kettlebell Swing"", ""Dumbbell Snatch""]",5,"[""SRC_NCSA_TECHNIQUE""]",Reviewed,2026-07-27
EX0291,Cable Lateral Raise (Between Legs),"[""Texas Lateral Raise""]",Resistance Training,Upper Body,Isolation,Vertical Push,Push,Open Chain,Bilateral,"[""Cable Machine"", ""D-Handles""]",Lateral,"[""Lateral Deltoid""]","[""Anterior Deltoid"", ""Supraspinatus""]","[""Core"", ""Trapezius""]","[""Frontal""]","[""Shoulder Abduction""]",Full,Constant,Lengthened,Low,Intermediate,2.5,2.5,2.5,2,2,2.5,4.5,"[""Athletic Performance"",""Balance"",""Conditioning"",""Coordination"",""Core Stability"",""Corrective Exercise"",""Fat Loss"",""Flexibility"",""General Fitness"",""Grip Strength"",""Gymnastics"",""Injury Prevention"",""Joint Health"",""Knee Health"",""Mobility"",""Mobility and Flexibility"",""Muscle Gain"",""Muscular Endurance"",""Posture Correction"",""Power"",""Rehabilitation"",""Rehabilitation and Joint Health"",""Shoulder Health"",""Shin Splint Relief"",""Sport Performance"",""Strength"",""Strength Preparation"",""Warm-up""]",Low,"[""Shoulder""]","[""Shoulder impingement""]",Set two low cable pulleys close together. Stand straddling the cables facing away from the machine. Grab the left handle with your left hand and right handle with your right hand (the cables come from between your legs).,"[""Lean slightly forward."", ""Raise the handles out to the sides and slightly forward until they reach shoulder height."", ""Slowly lower them back down. This setup changes the angle of pull to load the lengthened position of the lateral delt intensely.""]","[""Standing completely upright"", ""Shrugging the traps"", ""Using momentum""]","[""Lean forward"", ""Sweep out to the sides"", ""Control the stretch""]","Exhale while raising, inhale while lowering.","[""Heavier Load"", ""Single-Arm Variation""]","[""Standard Cable Lateral Raise (from the sides)""]","[""Dumbbell Lateral Raise"", ""Behind-the-Back Cable Lateral Raise""]",3,"[""SRC_ACSM_2026_RT""]",Reviewed,2026-07-27
EX0292,Swiss Ball Pike,"[""Stability Ball Pike""]",Bodyweight,Core,Compound,Trunk Flexion,Pull,Closed Chain,Bilateral,"[""Swiss Ball"", ""Mat""]",Bodyweight,"[""Rectus Abdominis"", ""Hip Flexors""]","[""Anterior Deltoid"", ""Triceps Brachii"", ""Serratus Anterior""]","[""Core"", ""Trapezius""]","[""Sagittal""]","[""Spinal Flexion"", ""Hip Flexion"", ""Isometric Shoulder Flexion""]",Full,Ascending,Shortened,Moderate,Intermediate,3.5,4,4.5,3,3.5,3,4,"[""Athletic Performance"",""Balance"",""Conditioning"",""Coordination"",""Core Stability"",""Corrective Exercise"",""Fat Loss"",""Flexibility"",""General Fitness"",""Grip Strength"",""Gymnastics"",""Injury Prevention"",""Joint Health"",""Knee Health"",""Mobility"",""Mobility and Flexibility"",""Muscle Gain"",""Muscular Endurance"",""Posture Correction"",""Power"",""Rehabilitation"",""Rehabilitation and Joint Health"",""Shoulder Health"",""Shin Splint Relief"",""Sport Performance"",""Strength"",""Strength Preparation"",""Warm-up""]",Moderate,"[""Shoulder"", ""Wrist""]","[""Wrist pain"", ""Shoulder instability""]",Start in a high plank position with your hands on the floor and your shins resting on a Swiss ball.,"[""Keeping your legs completely straight, contract your abs and pull the ball toward your chest, raising your hips high into the air (forming an inverted V or pike position)."", ""Pause briefly at the top."", ""Slowly control the ball back to the starting plank position.""]","[""Bending the knees (turning it into a tuck)"", ""Letting the hips sag past the straight plank position on the return"", ""Bending the elbows""]","[""Hips to the ceiling"", ""Legs straight"", ""Control the negative""]","Exhale while piking up, inhale while returning to plank.","[""Swiss Ball Pike with Push-Up"", ""Single-Leg Swiss Ball Pike""]","[""Swiss Ball Knee Tuck"", ""Floor Pike""]","[""Swiss Ball Knee Tuck"", ""Hanging Leg Raise""]",4,"[""SRC_NCSA_TECHNIQUE""]",Reviewed,2026-07-27
EX0293,Swiss Ball Knee Tuck,"[""Stability Ball Tuck""]",Bodyweight,Core,Compound,Trunk Flexion,Pull,Closed Chain,Bilateral,"[""Swiss Ball"", ""Mat""]",Bodyweight,"[""Rectus Abdominis"", ""Hip Flexors""]","[""Anterior Deltoid"", ""Triceps Brachii""]","[""Core"", ""Serratus Anterior""]","[""Sagittal""]","[""Spinal Flexion"", ""Hip Flexion"", ""Knee Flexion""]",Full,Ascending,Shortened,Low,Beginner,2.5,3,3.5,2,2.5,2,3.5,"[""Athletic Performance"",""Balance"",""Conditioning"",""Coordination"",""Core Stability"",""Corrective Exercise"",""Fat Loss"",""Flexibility"",""General Fitness"",""Grip Strength"",""Gymnastics"",""Injury Prevention"",""Joint Health"",""Knee Health"",""Mobility"",""Mobility and Flexibility"",""Muscle Gain"",""Muscular Endurance"",""Posture Correction"",""Power"",""Rehabilitation"",""Rehabilitation and Joint Health"",""Shoulder Health"",""Shin Splint Relief"",""Sport Performance"",""Strength"",""Strength Preparation"",""Warm-up""]",Low,"[""Wrist"", ""Shoulder""]","[""Wrist pain""]",Start in a high plank position with your hands on the floor and your shins resting on a Swiss ball.,"[""Contract your abs and bend your knees to pull the ball straight in toward your chest."", ""Squeeze the abs hard."", ""Slowly extend your legs back out to the starting plank position, maintaining a tight core so the hips don't sag.""]","[""Dropping the hips below the plank level"", ""Using momentum instead of controlled contraction"", ""Looking down at the ball instead of slightly forward""]","[""Knees to chest"", ""Body like a board in the start position"", ""Smooth motion""]","Exhale while tucking knees, inhale while extending.","[""Swiss Ball Pike"", ""Mountain Climbers on Swiss Ball""]","[""Floor Mountain Climbers"", ""Floor Sliders Knee Tuck""]","[""Mountain Climbers"", ""Hanging Knee Raise""]",3,"[""SRC_ACSM_2026_RT""]",Reviewed,2026-07-27
EX0294,Dumbbell Clean,"[""DB Power Clean""]",Resistance Training,Total Body,Compound,Total Body Integration,Pull,Closed Chain,Bilateral,"[""Dumbbell""]",Anterior,"[""Gluteus Maximus"", ""Hamstrings""]","[""Quadriceps"", ""Erector Spinae"", ""Trapezius"", ""Biceps Brachii""]","[""Core"", ""Rotator Cuff""]","[""Sagittal""]","[""Hip Extension"", ""Knee Extension"", ""Elbow Flexion"", ""Scapular Elevation""]",Full,Ascending,Mid-Range,Moderate,Intermediate,3.5,3.5,3.5,3,3,4.5,4,"[""Athletic Performance"",""Balance"",""Conditioning"",""Coordination"",""Core Stability"",""Corrective Exercise"",""Fat Loss"",""Flexibility"",""General Fitness"",""Grip Strength"",""Gymnastics"",""Injury Prevention"",""Joint Health"",""Knee Health"",""Mobility"",""Mobility and Flexibility"",""Muscle Gain"",""Muscular Endurance"",""Posture Correction"",""Power"",""Rehabilitation"",""Rehabilitation and Joint Health"",""Shoulder Health"",""Shin Splint Relief"",""Sport Performance"",""Strength"",""Strength Preparation"",""Warm-up""]",Moderate,"[""Lower Back"", ""Wrist""]","[""Acute low back pain"", ""Wrist instability""]","Stand with feet shoulder-width apart, holding dumbbells by your sides. Hinge slightly at the hips and bend the knees to lower the weights.","[""Explosively extend your hips, knees, and ankles while simultaneously shrugging your shoulders."", ""Pull the dumbbells straight up close to your body."", ""Quickly drop under the weights, rotating your elbows forward to catch the dumbbells on the front of your shoulders in a quarter-squat position."", ""Stand up tall to finish.""]","[""Reverse curling the weight instead of using hip power"", ""Swinging the dumbbells out in a wide arc"", ""Not dropping under to catch the weight""]","[""Jump the weights up"", ""Keep them close"", ""Fast elbows""]","Inhale before the pull, exhale upon standing.","[""Heavier Load"", ""Dumbbell Clean and Press""]","[""Dumbbell High Pull"", ""Kettlebell Clean""]","[""Barbell Power Clean"", ""Kettlebell Clean""]",5,"[""SRC_NCSA_TECHNIQUE""]",Reviewed,2026-07-27
EX0295,Band Pull-Through,"[""Resistance Band Pull-Through""]",Resistance Training,Lower Body,Compound,Hinge,Pull,Closed Chain,Bilateral,"[""Resistance Band"", ""Rig""]",Posterior,"[""Gluteus Maximus"", ""Hamstrings""]","[""Erector Spinae""]","[""Core"", ""Latissimus Dorsi (Isometric)""]","[""Sagittal""]","[""Hip Extension""]",Partial,Ascending,Shortened,Moderate,Beginner,1.5,2,2.5,1.5,2,1.5,4,"[""Athletic Performance"",""Balance"",""Conditioning"",""Coordination"",""Core Stability"",""Corrective Exercise"",""Fat Loss"",""Flexibility"",""General Fitness"",""Grip Strength"",""Gymnastics"",""Injury Prevention"",""Joint Health"",""Knee Health"",""Mobility"",""Mobility and Flexibility"",""Muscle Gain"",""Muscular Endurance"",""Posture Correction"",""Power"",""Rehabilitation"",""Rehabilitation and Joint Health"",""Shoulder Health"",""Shin Splint Relief"",""Sport Performance"",""Strength"",""Strength Preparation"",""Warm-up""]",Low,"[""Lower Back""]","[""Acute low back pain""]","Loop a heavy resistance band around a sturdy rig near the floor. Face away from the rig, straddle the band, and hold the loop between your legs.","[""Walk forward to create tension."", ""Hinge at the hips, letting the band pull your hands backward between your legs while you push your glutes back."", ""Keep a flat back and a slight knee bend."", ""Drive your hips forward against the band to stand up, squeezing the glutes hard at lockout.""]","[""Squatting instead of hinging"", ""Pulling with the arms"", ""Hyperextending the lower back at the top""]","[""Push hips back"", ""Arms are just ropes"", ""Squeeze glutes at the top""]","Inhale while hinging back, exhale while driving forward.","[""Cable Pull-Through"", ""Heavier Band""]","[""Lighter Band"", ""Glute Bridge""]","[""Cable Pull-Through"", ""Kettlebell Swing""]",2.5,"[""SRC_ACSM_2026_RT""]",Reviewed,2026-07-27
EX0296,Sissy Squat Machine,"[""Machine Sissy Squat""]",Resistance Training,Lower Body,Isolation,Knee Extension,Push,Closed Chain,Bilateral,"[""Sissy Squat Bench/Machine""]",Machine Guided,"[""Quadriceps (Rectus Femoris bias)""]","[""None""]","[""Core"", ""Calves""]","[""Sagittal""]","[""Knee Extension""]",Full,Machine Dependent,Lengthened,Low,Beginner,1.5,1.5,2,2.5,1.5,2,4.5,"[""Athletic Performance"",""Balance"",""Conditioning"",""Coordination"",""Core Stability"",""Corrective Exercise"",""Fat Loss"",""Flexibility"",""General Fitness"",""Grip Strength"",""Gymnastics"",""Injury Prevention"",""Joint Health"",""Knee Health"",""Mobility"",""Mobility and Flexibility"",""Muscle Gain"",""Muscular Endurance"",""Posture Correction"",""Power"",""Rehabilitation"",""Rehabilitation and Joint Health"",""Shoulder Health"",""Shin Splint Relief"",""Sport Performance"",""Strength"",""Strength Preparation"",""Warm-up""]",Moderate,"[""Knee""]","[""Patellar tendinopathy"", ""Meniscus tears""]","Step into the machine, locking your ankles under the front pads and resting your calves against the rear pad.","[""Keeping your body in a straight line from your knees to your head, lean backward, allowing your knees to bend."", ""Go as deep as you comfortably can, feeling a massive stretch in the quads."", ""Use your quads to pull yourself back to the upright starting position.""]","[""Bending at the hips (sitting down) instead of leaning back"", ""Dropping down too quickly"", ""Rounding the spine""]","[""Straight line from knee to head"", ""Lean back, don't sit down"", ""Control the stretch""]","Inhale while leaning back, exhale while returning.","[""Weighted Machine Sissy Squat (holding a plate)"", ""Bodyweight Sissy Squat (no machine)""]","[""Leg Extension Machine""]","[""Bodyweight Sissy Squat"", ""Leg Extension""]",3,"[""SRC_ACSM_2026_RT""]",Reviewed,2026-07-27
EX0297,Concentration Curl (Cable),"[""Low Pulley Concentration Curl""]",Resistance Training,Upper Body,Isolation,Elbow Flexion,Pull,Open Chain,Unilateral,"[""Cable Machine"", ""D-Handle""]",Anterior,"[""Biceps Brachii"", ""Brachialis""]","[""Brachioradialis""]","[""None""]","[""Sagittal""]","[""Elbow Flexion""]",Full,Constant,Shortened,Low,Beginner,1.5,1.5,1,1.5,1,1.5,4.5,"[""Athletic Performance"",""Balance"",""Conditioning"",""Coordination"",""Core Stability"",""Corrective Exercise"",""Fat Loss"",""Flexibility"",""General Fitness"",""Grip Strength"",""Gymnastics"",""Injury Prevention"",""Joint Health"",""Knee Health"",""Mobility"",""Mobility and Flexibility"",""Muscle Gain"",""Muscular Endurance"",""Posture Correction"",""Power"",""Rehabilitation"",""Rehabilitation and Joint Health"",""Shoulder Health"",""Shin Splint Relief"",""Sport Performance"",""Strength"",""Strength Preparation"",""Warm-up""]",Low,"[""Elbow""]","[""Biceps tendonitis""]",Attach a D-handle to a low pulley. Hinge forward or kneel so your torso is supported. Rest the triceps of the working arm against the inside of your thigh (if standing/bending) or let it hang straight down.,"[""Keeping the upper arm completely still, curl the handle toward your shoulder."", ""Squeeze the bicep hard at the peak contraction."", ""Slowly lower the handle back to the starting position.""]","[""Moving the upper arm"", ""Swinging the torso"", ""Not fully extending at the bottom""]","[""Pin the upper arm"", ""Squeeze the peak"", ""Control the negative""]","Exhale while curling, inhale while extending.","[""Heavier Load"", ""Pause Reps""]","[""Dumbbell Concentration Curl""]","[""Dumbbell Concentration Curl"", ""Preacher Curl""]",2,"[""SRC_ACSM_2026_RT""]",Reviewed,2026-07-27
EX0298,JM Press (Smith Machine),"[""Guided JM Press""]",Resistance Training,Upper Body,Compound,Elbow Extension,Push,Open Chain,Bilateral,"[""Smith Machine"", ""Flat Bench""]",Anterior,"[""Triceps Brachii""]","[""Pectoralis Major"", ""Anterior Deltoid""]","[""Core""]","[""Sagittal""]","[""Elbow Extension"", ""Shoulder Flexion""]",Partial,Machine Dependent,Mid-Range,Low,Intermediate,2.5,3,2.5,2,1.5,3,4.5,"[""Athletic Performance"",""Balance"",""Conditioning"",""Coordination"",""Core Stability"",""Corrective Exercise"",""Fat Loss"",""Flexibility"",""General Fitness"",""Grip Strength"",""Gymnastics"",""Injury Prevention"",""Joint Health"",""Knee Health"",""Mobility"",""Mobility and Flexibility"",""Muscle Gain"",""Muscular Endurance"",""Posture Correction"",""Power"",""Rehabilitation"",""Rehabilitation and Joint Health"",""Shoulder Health"",""Shin Splint Relief"",""Sport Performance"",""Strength"",""Strength Preparation"",""Warm-up""]",Moderate,"[""Elbow"", ""Wrist""]","[""Elbow tendinopathy"", ""Wrist impingement""]",Set a flat bench under the Smith machine. Grip the bar with a close grip (shoulder-width or slightly narrower).,"[""Unrack the bar. Lower it straight down toward your neck/upper chest area."", ""As you lower it, allow your elbows to track forward toward your hips (a hybrid of a skull crusher and close-grip bench)."", ""Once the forearms touch the biceps, press the bar back up to full lockout.""]","[""Turning it into a pure bench press by dropping the elbows down instead of forward"", ""Turning it into a pure skull crusher"", ""Going too heavy""]","[""Elbows track forward"", ""Roll the weight back up"", ""Squeeze the triceps""]","Inhale while lowering, exhale while pressing.","[""Barbell JM Press"", ""Heavier Load""]","[""Close-Grip Bench Press"", ""Triceps Pushdown""]","[""Barbell JM Press"", ""Close-Grip Bench Press""]",3.5,"[""SRC_NCSA_TECHNIQUE""]",Reviewed,2026-07-27
EX0299,High Pulley Standing Crunch,[],Resistance Training,Core,Isolation,Trunk Flexion,Pull,Open Chain,Bilateral,"[""Cable Machine"", ""Rope Attachment""]",Overhead,"[""Rectus Abdominis""]","[""Obliques""]","[""Latissimus Dorsi"", ""Hip Flexors""]","[""Sagittal""]","[""Spinal Flexion""]",Full,Constant,Shortened,Low,Intermediate,2,2.5,2.5,1.5,2,2,4,"[""Athletic Performance"",""Balance"",""Conditioning"",""Coordination"",""Core Stability"",""Corrective Exercise"",""Fat Loss"",""Flexibility"",""General Fitness"",""Grip Strength"",""Gymnastics"",""Injury Prevention"",""Joint Health"",""Knee Health"",""Mobility"",""Mobility and Flexibility"",""Muscle Gain"",""Muscular Endurance"",""Posture Correction"",""Power"",""Rehabilitation"",""Rehabilitation and Joint Health"",""Shoulder Health"",""Shin Splint Relief"",""Sport Performance"",""Strength"",""Strength Preparation"",""Warm-up""]",Low,"[""Lower Back""]","[""Lumbar disc herniation""]",Attach a rope to a high pulley. Stand facing away from the machine with the rope held securely behind your neck. Hinge slightly at the hips to start.,"[""Keep your hips locked in position."", ""Contract your abs to curl your torso downward, bringing your chest toward your pelvis."", ""Slowly return to the starting position without letting the weight stack pull you into hyperextension.""]","[""Pulling with the arms"", ""Hinging at the hips (like a good morning) instead of flexing the spine"", ""Leaning back too far at the top""]","[""Crunch ribs to pelvis"", ""Round the upper back"", ""Lock the hips""]","Exhale while crunching, inhale while returning.","[""Kneeling Cable Crunch"", ""Heavier Load""]","[""Machine Crunch"", ""Lighter Load""]","[""Kneeling Cable Crunch"", ""Machine Crunch""]",2.5,"[""SRC_ACSM_2026_RT""]",Reviewed,2026-07-27
EX0300,Trap Bar Deadlift Jump,"[""Loaded Trap Bar Jump""]",Resistance Training,Total Body,Compound,Squat,Push,Closed Chain,Bilateral,"[""Trap Bar"", ""Weight Plates""]",Lateral,"[""Quadriceps"", ""Gluteus Maximus"", ""Calves""]","[""Hamstrings"", ""Trapezius""]","[""Core"", ""Forearms"", ""Erector Spinae""]","[""Sagittal""]","[""Hip Extension"", ""Knee Extension"", ""Ankle Plantarflexion""]",Partial,Variable,Mid-Range,High,Advanced,4,4.5,4.5,3.5,4.5,5,3.5,"[""Athletic Performance"",""Balance"",""Conditioning"",""Coordination"",""Core Stability"",""Corrective Exercise"",""Fat Loss"",""Flexibility"",""General Fitness"",""Grip Strength"",""Gymnastics"",""Injury Prevention"",""Joint Health"",""Knee Health"",""Mobility"",""Mobility and Flexibility"",""Muscle Gain"",""Muscular Endurance"",""Posture Correction"",""Power"",""Rehabilitation"",""Rehabilitation and Joint Health"",""Shoulder Health"",""Shin Splint Relief"",""Sport Performance"",""Strength"",""Strength Preparation"",""Warm-up""]",High,"[""Knee"", ""Lower Back"", ""Ankle""]","[""Acute low back pain"", ""Joint issues""]",Step inside a trap bar loaded with 20-30% of your 1RM. Grip the handles and drop your hips.,"[""Explosively drive through the floor to jump straight up, holding the bar."", ""Aim for maximum height."", ""Absorb the landing by landing softly with bent knees and hips, returning the bar to the floor."", ""Reset completely before the next jump.""]","[""Landing stiff-legged"", ""Rounding the back"", ""Using weight that is too heavy to actually jump""]","[""Explode up"", ""Land soft"", ""Reset every rep""]","Inhale and brace before jumping, exhale mid-air.","[""Heavier Load (Advanced only)"", ""Continuous Jumps (no reset)""]","[""Bodyweight Squat Jump"", ""Box Jump""]","[""Squat Jump"", ""Power Clean""]",7,"[""SRC_NCSA_TECHNIQUE""]",Reviewed,2026-07-27
EX0301,Kettlebell Z-Press,"[""Seated KB Press""]",Resistance Training,Upper Body,Compound,Vertical Push,Push,Open Chain,Unilateral,"[""Kettlebell""]",Overhead,"[""Anterior Deltoid"", ""Triceps Brachii""]","[""Lateral Deltoid"", ""Upper Trapezius""]","[""Core"", ""Hip Flexors"", ""Erector Spinae""]","[""Sagittal"", ""Frontal""]","[""Shoulder Flexion"", ""Shoulder Abduction"", ""Elbow Extension""]",Full,Ascending,Mid-Range,High,Advanced,4,4,4.5,4.5,4,4,3.5,"[""Athletic Performance"",""Balance"",""Conditioning"",""Coordination"",""Core Stability"",""Corrective Exercise"",""Fat Loss"",""Flexibility"",""General Fitness"",""Grip Strength"",""Gymnastics"",""Injury Prevention"",""Joint Health"",""Knee Health"",""Mobility"",""Mobility and Flexibility"",""Muscle Gain"",""Muscular Endurance"",""Posture Correction"",""Power"",""Rehabilitation"",""Rehabilitation and Joint Health"",""Shoulder Health"",""Shin Splint Relief"",""Sport Performance"",""Strength"",""Strength Preparation"",""Warm-up""]",High,"[""Shoulder"", ""Lower Back"", ""Hip""]","[""Poor hamstring mobility"", ""Lumbar disc issues""]",Sit on the floor with legs straight out in a V-shape. Clean a kettlebell into the rack position on one side.,"[""Keeping your torso completely upright, press the kettlebell straight overhead."", ""Lock out your elbow with your bicep close to your ear."", ""Actively pull the weight back down to the rack position.""]","[""Leaning back"", ""Bending the knees"", ""Not locking out at the top""]","[""Sit tall"", ""Brace the core"", ""Punch the ceiling""]","Exhale while pressing, inhale while lowering.","[""Double Kettlebell Z-Press"", ""Heavier Load""]","[""Seated Kettlebell Press (on a bench)""]","[""Dumbbell Z-Press"", ""Barbell Z-Press""]",4.5,"[""SRC_NCSA_TECHNIQUE""]",Reviewed,2026-07-27
EX0302,Sots Press,"[""Squatting Press"", ""Press in Snatch""]",Resistance Training,Total Body,Compound,Vertical Push,Push,Closed Chain,Bilateral,"[""Barbell""]",Overhead,"[""Anterior Deltoid"", ""Triceps Brachii"", ""Upper Trapezius""]","[""Quadriceps"", ""Gluteus Maximus"", ""Lateral Deltoid""]","[""Core"", ""Erector Spinae"", ""Shoulder Stabilizers""]","[""Sagittal"", ""Frontal""]","[""Shoulder Flexion"", ""Elbow Extension"", ""Isometric Knee Extension"", ""Isometric Hip Extension""]",Full,Ascending,Mid-Range,High,Advanced,4.5,4.5,5,5,5,3,3,"[""Athletic Performance"",""Balance"",""Conditioning"",""Coordination"",""Core Stability"",""Corrective Exercise"",""Fat Loss"",""Flexibility"",""General Fitness"",""Grip Strength"",""Gymnastics"",""Injury Prevention"",""Joint Health"",""Knee Health"",""Mobility"",""Mobility and Flexibility"",""Muscle Gain"",""Muscular Endurance"",""Posture Correction"",""Power"",""Rehabilitation"",""Rehabilitation and Joint Health"",""Shoulder Health"",""Shin Splint Relief"",""Sport Performance"",""Strength"",""Strength Preparation"",""Warm-up""]",High,"[""Shoulder"", ""Knee"", ""Lower Back""]","[""Shoulder impingement"", ""Poor ankle/hip mobility""]","Unrack the barbell on your back (or in the front rack for a front Sots press). Descend into a deep, rock-bottom squat.","[""Hold the deep squat position."", ""Press the barbell overhead to a full lockout."", ""Lower the bar back to your shoulders while remaining in the deep squat.""]","[""Standing up while pressing"", ""Falling forward or backward"", ""Not achieving full lockout due to mobility restrictions""]","[""Chest tall"", ""Lock the hips down"", ""Press straight up""]","Exhale while pressing, inhale while lowering.","[""Heavier Load (extremely challenging)""]","[""Seated Overhead Press"", ""Overhead Squat""]","[""Z-Press"", ""Overhead Squat""]",5,"[""SRC_NCSA_TECHNIQUE""]",Reviewed,2026-07-27
EX0303,Smith Machine Reverse Lunge,"[""Guided Reverse Lunge""]",Resistance Training,Lower Body,Compound,Lunge,Push,Closed Chain,Alternating,"[""Smith Machine""]",Posterior,"[""Quadriceps"", ""Gluteus Maximus""]","[""Hamstrings""]","[""Core (Minimal)""]","[""Sagittal""]","[""Hip Extension"", ""Knee Extension""]",Full,Machine Dependent,Lengthened,Low,Beginner,2,3.5,3,2,2,4,4.5,"[""Athletic Performance"",""Balance"",""Conditioning"",""Coordination"",""Core Stability"",""Corrective Exercise"",""Fat Loss"",""Flexibility"",""General Fitness"",""Grip Strength"",""Gymnastics"",""Injury Prevention"",""Joint Health"",""Knee Health"",""Mobility"",""Mobility and Flexibility"",""Muscle Gain"",""Muscular Endurance"",""Posture Correction"",""Power"",""Rehabilitation"",""Rehabilitation and Joint Health"",""Shoulder Health"",""Shin Splint Relief"",""Sport Performance"",""Strength"",""Strength Preparation"",""Warm-up""]",Low,"[""Knee""]","[""Patellofemoral pain""]","Stand under the Smith machine bar, resting it on your upper back. Unrack the bar.","[""Take a step backward with one foot and lower your hips until your front thigh is parallel to the floor."", ""The back knee should hover just above the ground."", ""Drive through the front heel to return to the starting position.""]","[""Stepping too far back or not far enough"", ""Pushing off the back foot"", ""Letting the front knee collapse inward""]","[""Drive through the front heel"", ""Keep torso upright"", ""Control the descent""]","Inhale while stepping back, exhale while returning.","[""Heavier Load"", ""Deficit Smith Machine Reverse Lunge""]","[""Bodyweight Reverse Lunge""]","[""Dumbbell Reverse Lunge"", ""Bulgarian Split Squat""]",4,"[""SRC_ACSM_2026_RT""]",Reviewed,2026-07-27
EX0304,Lateral Sled Drag,"[""Side Sled Drag""]",Resistance Training,Lower Body,Compound,Gait,Pull,Closed Chain,Unilateral,"[""Sled"", ""Harness/Straps""]",Lateral,"[""Gluteus Medius"", ""Gluteus Minimus"", ""Quadriceps""]","[""Hamstrings"", ""Calves""]","[""Core"", ""Adductors""]","[""Frontal""]","[""Hip Abduction"", ""Knee Extension""]",Partial,Constant,Mid-Range,Low,Intermediate,2.5,3,2.5,3.5,3,3,3.5,"[""Athletic Performance"",""Balance"",""Conditioning"",""Coordination"",""Core Stability"",""Corrective Exercise"",""Fat Loss"",""Flexibility"",""General Fitness"",""Grip Strength"",""Gymnastics"",""Injury Prevention"",""Joint Health"",""Knee Health"",""Mobility"",""Mobility and Flexibility"",""Muscle Gain"",""Muscular Endurance"",""Posture Correction"",""Power"",""Rehabilitation"",""Rehabilitation and Joint Health"",""Shoulder Health"",""Shin Splint Relief"",""Sport Performance"",""Strength"",""Strength Preparation"",""Warm-up""]",Low,"[""Knee"", ""Hip""]","[""Acute groin strain""]","Attach straps to a sled. Stand sideways to the sled, holding the straps with both hands at your hips.","[""Lean slightly away from the sled."", ""Take deliberate side-steps, crossing the trailing leg in front of or behind the lead leg, dragging the sled laterally."", ""Keep your toes pointing relatively straight ahead.""]","[""Rotating the hips to face the sled"", ""Standing too upright"", ""Dragging the feet""]","[""Stay low"", ""Drive off the outside foot"", ""Keep hips square""]",Breathe continuously.,"[""Heavier Load"", ""Longer Distance""]","[""Lighter Load"", ""Lateral Band Walk""]","[""Lateral Band Walk"", ""Cossack Squat""]",5.5,"[""SRC_NCSA_TECHNIQUE""]",Reviewed,2026-07-27
EX0305,Bench Dip,"[""Chair Dip""]",Bodyweight,Upper Body,Compound,Vertical Push,Push,Closed Chain,Bilateral,"[""Flat Bench"", ""Chair""]",Posterior,"[""Triceps Brachii""]","[""Anterior Deltoid"", ""Pectoralis Major""]","[""Core"", ""Rhomboids""]","[""Sagittal""]","[""Elbow Extension"", ""Shoulder Flexion""]",Full,Ascending,Lengthened,Low,Beginner,1.5,2.5,1.5,2,2.5,2,3.5,"[""Athletic Performance"",""Balance"",""Conditioning"",""Coordination"",""Core Stability"",""Corrective Exercise"",""Fat Loss"",""Flexibility"",""General Fitness"",""Grip Strength"",""Gymnastics"",""Injury Prevention"",""Joint Health"",""Knee Health"",""Mobility"",""Mobility and Flexibility"",""Muscle Gain"",""Muscular Endurance"",""Posture Correction"",""Power"",""Rehabilitation"",""Rehabilitation and Joint Health"",""Shoulder Health"",""Shin Splint Relief"",""Sport Performance"",""Strength"",""Strength Preparation"",""Warm-up""]",Moderate,"[""Shoulder"", ""Wrist""]","[""Anterior shoulder pain"", ""Shoulder impingement""]","Sit on the edge of a bench. Place your hands next to your hips, gripping the edge. Walk your feet out so your hips slide off the bench (legs straight or knees bent).","[""Lower your body by bending your elbows until they reach roughly 90 degrees."", ""Keep your back close to the bench."", ""Push through your palms to return to the starting position.""]","[""Letting the hips drift far away from the bench (strains the shoulders)"", ""Going too deep"", ""Shrugging the shoulders up""]","[""Keep back close to the bench"", ""Chest up"", ""Lock out the triceps""]","Inhale while lowering, exhale while pressing.","[""Feet Elevated Bench Dip"", ""Weighted Bench Dip (plate on lap)""]","[""Knees Bent Bench Dip""]","[""Parallel Bar Dip"", ""Triceps Pushdown""]",3,"[""SRC_ACSM_2026_RT""]",Reviewed,2026-07-27
EX0306,PJR Pullover,"[""Dumbbell Triceps Pullover""]",Resistance Training,Upper Body,Isolation,Elbow Extension,Push,Open Chain,Bilateral,"[""Dumbbell"", ""Flat Bench""]",Overhead,"[""Triceps Brachii (Long Head)""]","[""Latissimus Dorsi"", ""Serratus Anterior""]","[""Core""]","[""Sagittal""]","[""Elbow Extension"", ""Shoulder Extension""]",Full,Ascending,Lengthened,Low,Intermediate,2,3,2,2,2.5,3,4.5,"[""Athletic Performance"",""Balance"",""Conditioning"",""Coordination"",""Core Stability"",""Corrective Exercise"",""Fat Loss"",""Flexibility"",""General Fitness"",""Grip Strength"",""Gymnastics"",""Injury Prevention"",""Joint Health"",""Knee Health"",""Mobility"",""Mobility and Flexibility"",""Muscle Gain"",""Muscular Endurance"",""Posture Correction"",""Power"",""Rehabilitation"",""Rehabilitation and Joint Health"",""Shoulder Health"",""Shin Splint Relief"",""Sport Performance"",""Strength"",""Strength Preparation"",""Warm-up""]",Moderate,"[""Elbow"", ""Shoulder""]","[""Shoulder instability"", ""Elbow tendinopathy""]",Lie flat on a bench holding a dumbbell vertically by one end. Press it straight over your chest.,"[""Keep your elbows pointing straight up, let the dumbbell drop behind your head by bending your elbows (like a skull crusher)."", ""Once the elbows are bent past 90 degrees, let your shoulders flex slightly to drop the dumbbell even lower for a massive stretch."", ""Reverse the motion, using the triceps to press back up.""]","[""Turning it entirely into a lat pullover"", ""Flaring the elbows out"", ""Rushing the negative""]","[""Drop the weight deep"", ""Elbows to the ceiling"", ""Extend the triceps""]","Inhale while lowering, exhale while extending.","[""Heavier Load"", ""Pause Reps""]","[""Standard Lying Triceps Extension""]","[""Cable Overhead Extension"", ""Skull Crusher""]",3,"[""SRC_NCSA_TECHNIQUE""]",Reviewed,2026-07-27
EX0307,Deficit Reverse Lunge,"[""Elevated Reverse Lunge""]",Resistance Training,Lower Body,Compound,Lunge,Push,Closed Chain,Alternating,"[""Dumbbell"", ""Weight Plate/Low Box""]",Lateral,"[""Quadriceps"", ""Gluteus Maximus""]","[""Hamstrings""]","[""Core"", ""Gluteus Medius""]","[""Sagittal""]","[""Hip Extension"", ""Knee Extension""]",Full,Ascending,Lengthened,Moderate,Intermediate,3,3.5,3.5,3,4,4,4.5,"[""Athletic Performance"",""Balance"",""Conditioning"",""Coordination"",""Core Stability"",""Corrective Exercise"",""Fat Loss"",""Flexibility"",""General Fitness"",""Grip Strength"",""Gymnastics"",""Injury Prevention"",""Joint Health"",""Knee Health"",""Mobility"",""Mobility and Flexibility"",""Muscle Gain"",""Muscular Endurance"",""Posture Correction"",""Power"",""Rehabilitation"",""Rehabilitation and Joint Health"",""Shoulder Health"",""Shin Splint Relief"",""Sport Performance"",""Strength"",""Strength Preparation"",""Warm-up""]",Low,"[""Knee"", ""Ankle""]","[""Knee instability""]",Stand with your front foot on a 2-4 inch weight plate or low box. Hold dumbbells by your sides.,"[""Step backward off the plate with one foot."", ""Lower your hips until your back knee almost touches the floor, getting a deeper stretch in the front leg due to the elevation."", ""Drive through the front heel to return to the plate.""]","[""Pushing off the back foot too much"", ""Torso leaning too far forward"", ""Front knee caving in""]","[""Sink deep"", ""Drive through the elevated heel"", ""Control the drop""]","Inhale while stepping back, exhale while returning.","[""Higher Deficit"", ""Barbell Deficit Reverse Lunge""]","[""Standard Reverse Lunge (no deficit)""]","[""Bulgarian Split Squat"", ""Walking Lunge""]",4.5,"[""SRC_ACSM_2026_RT""]",Reviewed,2026-07-27
EX0308,Eccentric Step-Down,"[""Poliquin Step-Down"", ""Slow Step-Down""]",Bodyweight,Lower Body,Isolation,Knee Extension,Push,Closed Chain,Unilateral,"[""Box"", ""Bench""]",Bodyweight,"[""Quadriceps (Eccentric)""]","[""Gluteus Maximus""]","[""Core"", ""Gluteus Medius""]","[""Sagittal""]","[""Knee Flexion (Eccentric Control)""]",Partial,Descending,Lengthened,Low,Intermediate,1.5,3,2,3,2.5,2,3.5,"[""Athletic Performance"",""Balance"",""Conditioning"",""Coordination"",""Core Stability"",""Corrective Exercise"",""Fat Loss"",""Flexibility"",""General Fitness"",""Grip Strength"",""Gymnastics"",""Injury Prevention"",""Joint Health"",""Knee Health"",""Mobility"",""Mobility and Flexibility"",""Muscle Gain"",""Muscular Endurance"",""Posture Correction"",""Power"",""Rehabilitation"",""Rehabilitation and Joint Health"",""Shoulder Health"",""Shin Splint Relief"",""Sport Performance"",""Strength"",""Strength Preparation"",""Warm-up""]",Low,"[""Knee""]","[""Acute patellar tendon rupture""]",Stand on a box (6-12 inches). Stand on one leg near the edge.,"[""Slowly bend your standing knee to lower your other foot toward the floor."", ""Take 3-5 seconds to control the descent."", ""Tap the heel lightly, then use both legs (or hold a rig) to stand back up (focus is on the slow lowering phase).""]","[""Dropping quickly"", ""Reaching for the floor with the toes instead of bending the knee"", ""Hips shooting backward""]","[""3-second descent"", ""Knee tracks over toes"", ""Soft heel tap""]",Breathe naturally during the slow descent.,"[""Higher Box"", ""Weighted Eccentric Step-Down""]","[""Lower Box"", ""Assisted Step-Down""]","[""Spanish Squat"", ""Leg Extension""]",2,"[""SRC_ACSM_2026_RT""]",Reviewed,2026-07-27
EX0309,Heels-Elevated Trap Bar Deadlift,"[""Quad-Biased Trap Bar Deadlift""]",Resistance Training,Lower Body,Compound,Squat,Push,Closed Chain,Bilateral,"[""Trap Bar"", ""Heel Wedges"", ""Weight Plates""]",Lateral,"[""Quadriceps"", ""Gluteus Maximus""]","[""Hamstrings"", ""Erector Spinae""]","[""Core"", ""Trapezius"", ""Forearms""]","[""Sagittal""]","[""Hip Extension"", ""Knee Extension""]",Full,Ascending,Lengthened,Moderate,Intermediate,3.5,3.5,3.5,3,3.5,4.5,4.5,"[""Athletic Performance"",""Balance"",""Conditioning"",""Coordination"",""Core Stability"",""Corrective Exercise"",""Fat Loss"",""Flexibility"",""General Fitness"",""Grip Strength"",""Gymnastics"",""Injury Prevention"",""Joint Health"",""Knee Health"",""Mobility"",""Mobility and Flexibility"",""Muscle Gain"",""Muscular Endurance"",""Posture Correction"",""Power"",""Rehabilitation"",""Rehabilitation and Joint Health"",""Shoulder Health"",""Shin Splint Relief"",""Sport Performance"",""Strength"",""Strength Preparation"",""Warm-up""]",Moderate,"[""Knee"", ""Lower Back""]","[""Acute knee pain""]",Place heel wedges or small plates under your heels. Step inside the trap bar. Hinge down to grip the handles.,"[""Because of the heel elevation, your knees will track further forward, turning the movement into a squat-bias."", ""Keep your chest up and drive through your feet to stand tall."", ""Control the weight back to the floor.""]","[""Hips shooting up first"", ""Rounding the upper back"", ""Losing balance on the wedges""]","[""Drive knees forward"", ""Chest up"", ""Push the floor away""]","Inhale and brace before lifting, exhale at the top.","[""Deficit Heels-Elevated Trap Bar Deadlift"", ""Heavier Load""]","[""Standard Trap Bar Deadlift""]","[""Barbell Front Squat"", ""Hack Squat""]",5,"[""SRC_NCSA_TECHNIQUE""]",Reviewed,2026-07-27
EX0310,B-Stance Barbell RDL,"[""Staggered Stance RDL""]",Resistance Training,Lower Body,Compound,Hinge,Pull,Closed Chain,Unilateral,"[""Barbell""]",Anterior,"[""Hamstrings"", ""Gluteus Maximus""]","[""Erector Spinae""]","[""Core"", ""Latissimus Dorsi""]","[""Sagittal""]","[""Hip Extension""]",Partial,Ascending,Lengthened,High,Intermediate,3,3.5,3.5,3,3,4,4.5,"[""Athletic Performance"",""Balance"",""Conditioning"",""Coordination"",""Core Stability"",""Corrective Exercise"",""Fat Loss"",""Flexibility"",""General Fitness"",""Grip Strength"",""Gymnastics"",""Injury Prevention"",""Joint Health"",""Knee Health"",""Mobility"",""Mobility and Flexibility"",""Muscle Gain"",""Muscular Endurance"",""Posture Correction"",""Power"",""Rehabilitation"",""Rehabilitation and Joint Health"",""Shoulder Health"",""Shin Splint Relief"",""Sport Performance"",""Strength"",""Strength Preparation"",""Warm-up""]",Moderate,"[""Lower Back"", ""Hamstrings""]","[""Lumbar disc herniation""]","Hold a barbell with an overhand grip. Stagger your feet: one foot flat (working leg), the other foot stepped slightly back resting only on the toes (kickstand).","[""Keep 80% of your weight on the front foot."", ""Hinge at the hips, pushing them back to lower the barbell along your front leg."", ""Feel the stretch in the front hamstring, then drive the hips forward to stand back up.""]","[""Shifting weight to the back foot"", ""Rounding the lower back"", ""Bending the front knee too much""]","[""Hips back"", ""Bar close to the leg"", ""Squeeze the front glute""]","Inhale while hinging, exhale while standing.","[""Heavier Load"", ""Deficit B-Stance RDL""]","[""Dumbbell B-Stance RDL"", ""Standard RDL""]","[""Single-Leg RDL"", ""Good Morning""]",4,"[""SRC_ACSM_2026_RT""]",Reviewed,2026-07-27
EX0311,Cable Pallof Press,"[""Anti-Rotation Press""]",Resistance Training,Core,Isometric,Core Anti-Rotation,Push,Open Chain,Bilateral,"[""Cable Machine"", ""D-Handle""]",Anterior,"[""Obliques"", ""Transverse Abdominis""]","[""Rectus Abdominis""]","[""Gluteus Maximus"", ""Shoulders (Stabilizers)""]","[""Transverse""]","[""Isometric Spinal Stabilization"", ""Elbow Extension""]",Partial,Constant,Mid-Range,Moderate,Beginner,1.5,2.5,2,2.5,1,1.5,3,"[""Athletic Performance"",""Balance"",""Conditioning"",""Coordination"",""Core Stability"",""Corrective Exercise"",""Fat Loss"",""Flexibility"",""General Fitness"",""Grip Strength"",""Gymnastics"",""Injury Prevention"",""Joint Health"",""Knee Health"",""Mobility"",""Mobility and Flexibility"",""Muscle Gain"",""Muscular Endurance"",""Posture Correction"",""Power"",""Rehabilitation"",""Rehabilitation and Joint Health"",""Shoulder Health"",""Shin Splint Relief"",""Sport Performance"",""Strength"",""Strength Preparation"",""Warm-up""]",Low,"[""Lower Back""]","[""None""]","Set a cable pulley to chest height. Stand sideways to the machine, holding the handle with both hands against your chest. Step out to create tension.","[""Brace your core tightly."", ""Press the handle straight out in front of you. The cable will try to violently twist your torso toward the machine."", ""Resist the rotation, hold for 2-3 seconds at full extension, and bring it back to your chest.""]","[""Letting the torso twist"", ""Shrugging the shoulders"", ""Leaning away from the machine""]","[""Lock the hips and shoulders square"", ""Press straight out"", ""Resist the twist""]","Exhale while pressing out, inhale while returning.","[""Pallof Press with Overhead Reach"", ""Heavier Load""]","[""Pallof Hold (no pressing)"", ""Lighter Load""]","[""Banded Pallof Press"", ""Renegade Row""]",2.5,"[""SRC_ACSM_2026_RT""]",Reviewed,2026-07-27
EX0312,Banded Pallof Press,"[""Resistance Band Anti-Rotation Press""]",Resistance Training,Core,Isometric,Core Anti-Rotation,Push,Open Chain,Bilateral,"[""Resistance Band"", ""Rig""]",Anterior,"[""Obliques"", ""Transverse Abdominis""]","[""Rectus Abdominis""]","[""Gluteus Maximus"", ""Shoulders""]","[""Transverse""]","[""Isometric Spinal Stabilization"", ""Elbow Extension""]",Partial,Ascending,Mid-Range,Low,Beginner,1.5,2,1.5,2,1,1,2.5,"[""Athletic Performance"",""Balance"",""Conditioning"",""Coordination"",""Core Stability"",""Corrective Exercise"",""Fat Loss"",""Flexibility"",""General Fitness"",""Grip Strength"",""Gymnastics"",""Injury Prevention"",""Joint Health"",""Knee Health"",""Mobility"",""Mobility and Flexibility"",""Muscle Gain"",""Muscular Endurance"",""Posture Correction"",""Power"",""Rehabilitation"",""Rehabilitation and Joint Health"",""Shoulder Health"",""Shin Splint Relief"",""Sport Performance"",""Strength"",""Strength Preparation"",""Warm-up""]",Low,"[""Lower Back""]","[""None""]","Loop a resistance band around a rig at chest height. Stand sideways to the rig, holding the band with both hands at your chest. Step out to create tension.","[""Brace your core."", ""Press the band straight out in front of you. The resistance increases as you press."", ""Hold for 2-3 seconds, fighting the rotation, then return to the chest.""]","[""Torso rotating toward the rig"", ""Feet not planted firmly"", ""Shrugging""]","[""Square shoulders"", ""Press straight out"", ""Brace hard""]","Exhale while pressing out, inhale while returning.","[""Heavier Band"", ""Pallof Walk""]","[""Lighter Band"", ""Pallof Hold""]","[""Cable Pallof Press"", ""Plank""]",2,"[""SRC_ACSM_2026_RT""]",Reviewed,2026-07-27
EX0313,Hanging Knee Raise,"[""Captain's Chair Knee Raise""]",Bodyweight,Core,Compound,Trunk Flexion,Pull,Closed Chain,Bilateral,"[""Pull-Up Bar"", ""Captain's Chair""]",,"[""Rectus Abdominis"", ""Hip Flexors""]","[""Obliques""]","[""Latissimus Dorsi"", ""Forearms (if hanging)""]","[""Sagittal""]","[""Hip Flexion"", ""Spinal Flexion""]",Partial,Constant,Shortened,Low,Beginner,2,2.5,2.5,1.5,1.5,2,3.5,"[""Athletic Performance"",""Balance"",""Conditioning"",""Coordination"",""Core Stability"",""Corrective Exercise"",""Fat Loss"",""Flexibility"",""General Fitness"",""Grip Strength"",""Gymnastics"",""Injury Prevention"",""Joint Health"",""Knee Health"",""Mobility"",""Mobility and Flexibility"",""Muscle Gain"",""Muscular Endurance"",""Posture Correction"",""Power"",""Rehabilitation"",""Rehabilitation and Joint Health"",""Shoulder Health"",""Shin Splint Relief"",""Sport Performance"",""Strength"",""Strength Preparation"",""Warm-up""]",Low,"[""Shoulder"", ""Lower Back""]","[""Shoulder impingement (if hanging)""]",Hang from a pull-up bar or support yourself on a Captain's chair.,"[""Contract your abs to lift your knees up toward your chest."", ""Slightly curl your pelvis upward at the top of the movement to fully engage the lower abs."", ""Slowly lower your legs back down without swinging.""]","[""Using momentum to swing the legs"", ""Only using hip flexors (not curling the pelvis)"", ""Dropping the legs too fast""]","[""Curl the pelvis"", ""Knees to chest"", ""Control the swing""]","Exhale while raising knees, inhale while lowering.","[""Hanging Straight Leg Raise"", ""Weighted Hanging Knee Raise""]","[""Lying Knee Tucks"", ""Reverse Crunch""]","[""Hanging Leg Raise"", ""Reverse Crunch""]",3,"[""SRC_ACSM_2026_RT""]",Reviewed,2026-07-27
EX0314,Standing Ab Wheel Rollout,"[""Full Ab Rollout""]",Resistance Training,Core,Compound,Core Anti-Extension,Push,Closed Chain,Bilateral,"[""Ab Wheel""]",Bodyweight,"[""Rectus Abdominis"", ""Transverse Abdominis""]","[""Latissimus Dorsi"", ""Triceps Brachii"", ""Hip Flexors""]","[""Core"", ""Gluteus Maximus""]","[""Sagittal""]","[""Shoulder Flexion"", ""Isometric Spinal Flexion"", ""Hip Extension""]",Full,Ascending,Lengthened,High,Advanced,5,5,5,4,4.5,4.5,5,"[""Athletic Performance"",""Balance"",""Conditioning"",""Coordination"",""Core Stability"",""Corrective Exercise"",""Fat Loss"",""Flexibility"",""General Fitness"",""Grip Strength"",""Gymnastics"",""Injury Prevention"",""Joint Health"",""Knee Health"",""Mobility"",""Mobility and Flexibility"",""Muscle Gain"",""Muscular Endurance"",""Posture Correction"",""Power"",""Rehabilitation"",""Rehabilitation and Joint Health"",""Shoulder Health"",""Shin Splint Relief"",""Sport Performance"",""Strength"",""Strength Preparation"",""Warm-up""]",High,"[""Lower Back"", ""Shoulder""]","[""Lumbar disc herniation"", ""Shoulder instability""]",Stand holding an ab wheel. Bend at the hips to place the wheel on the floor in front of your feet.,"[""Keeping your legs straight and core aggressively braced, roll the wheel forward."", ""Roll out as far as possible until your body is nearly parallel to the floor."", ""Use your core and lats to pull the wheel back to your feet.""]","[""Letting the lower back sag (causes immediate pain)"", ""Bending the knees"", ""Falling flat on the face""]","[""Body rigid"", ""Squeeze glutes"", ""Pull with the core""]","Inhale while rolling out, exhale while pulling back.","[""Weighted Vest Standing Rollout"", ""One-Arm Rollout""]","[""Kneeling Ab Wheel Rollout"", ""Ramp Rollouts (rolling up an incline)""]","[""Kneeling Ab Wheel Rollout"", ""Dragon Flag""]",6,"[""SRC_NCSA_TECHNIQUE""]",Reviewed,2026-07-27
EX0315,Weighted Plank,"[""Plate Plank""]",Resistance Training,Core,Isometric,Core Anti-Extension,Static,Closed Chain,Bilateral,"[""Mat"", ""Weight Plate""]",Bodyweight,"[""Transverse Abdominis"", ""Rectus Abdominis""]","[""Erector Spinae""]","[""Shoulders"", ""Gluteus Maximus"", ""Quadriceps""]","[""Sagittal""]","[""Isometric Spinal Stabilization""]",,Constant,Mid-Range,Moderate,Intermediate,2.5,3.5,4,2.5,2,2.5,3.5,"[""Athletic Performance"",""Balance"",""Conditioning"",""Coordination"",""Core Stability"",""Corrective Exercise"",""Fat Loss"",""Flexibility"",""General Fitness"",""Grip Strength"",""Gymnastics"",""Injury Prevention"",""Joint Health"",""Knee Health"",""Mobility"",""Mobility and Flexibility"",""Muscle Gain"",""Muscular Endurance"",""Posture Correction"",""Power"",""Rehabilitation"",""Rehabilitation and Joint Health"",""Shoulder Health"",""Shin Splint Relief"",""Sport Performance"",""Strength"",""Strength Preparation"",""Warm-up""]",Moderate,"[""Lower Back"", ""Shoulder""]","[""Acute low back pain""]","Have a partner place a weight plate on your mid/upper back, or carefully slide it on yourself. Get into a forearm plank position.","[""Brace your core, squeeze your glutes, and push the floor away with your elbows."", ""Keep your body in a perfectly straight line from head to heels."", ""Hold the position for time, resisting the extra weight pushing you down.""]","[""Hips sagging"", ""Piking the hips up"", ""Letting the shoulder blades wing together""]","[""Squeeze glutes"", ""Push the floor away"", ""Breathe shallowly""]",Breathe continuously and shallowly.,"[""Heavier Load"", ""Long-Lever Weighted Plank""]","[""Bodyweight Plank"", ""Kneeling Plank""]","[""Ab Wheel Rollout"", ""Hollow Hold""]",4,"[""SRC_ACSM_2026_RT""]",Reviewed,2026-07-27
EX0316,Bottoms-Up Kettlebell Carry,"[""Bottoms-Up Carry""]",Resistance Training,Upper Body,Isometric,Gait,Static,Open Chain,Unilateral,"[""Kettlebell""]",Overhead,"[""Rotator Cuff"", ""Forearm Flexors""]","[""Anterior Deltoid"", ""Core""]","[""Trapezius"", ""Gluteus Medius""]","[""Sagittal"", ""Frontal""]","[""Isometric Grip"", ""Isometric Shoulder Stabilization"", ""Gait Cycle""]",,Constant,Mid-Range,Moderate,Advanced,2.5,4,3.5,5,3,3,3,"[""Athletic Performance"",""Balance"",""Conditioning"",""Coordination"",""Core Stability"",""Corrective Exercise"",""Fat Loss"",""Flexibility"",""General Fitness"",""Grip Strength"",""Gymnastics"",""Injury Prevention"",""Joint Health"",""Knee Health"",""Mobility"",""Mobility and Flexibility"",""Muscle Gain"",""Muscular Endurance"",""Posture Correction"",""Power"",""Rehabilitation"",""Rehabilitation and Joint Health"",""Shoulder Health"",""Shin Splint Relief"",""Sport Performance"",""Strength"",""Strength Preparation"",""Warm-up""]",Moderate,"[""Shoulder"", ""Wrist""]","[""Severe shoulder instability""]",Grip a kettlebell by the handle and clean it so the heavy bell portion is pointing straight up to the ceiling (bottoms-up). Keep your elbow bent at 90 degrees.,"[""Crush the handle to keep the bell balanced."", ""Walk forward slowly and deliberately, keeping your posture perfect and core braced."", ""If the bell starts to fall, safely guide it down.""]","[""Letting the wrist bend backward"", ""Walking too fast"", ""Taking your eyes off the bell""]","[""Crush grip"", ""Elbow tight"", ""Smooth steps""]",Breathe rhythmically.,"[""Heavier Load"", ""Bottoms-Up Press""]","[""Rack Carry"", ""Lighter Load""]","[""Waiter's Walk"", ""Farmer's Walk""]",4.5,"[""SRC_NCSA_TECHNIQUE""]",Reviewed,2026-07-27
EX0317,Single-Arm TRX Row,"[""Unilateral Suspension Row""]",Bodyweight,Upper Body,Compound,Horizontal Pull,Pull,Closed Chain,Unilateral,"[""Suspension Trainer (TRX)""]",,"[""Latissimus Dorsi"", ""Rhomboids"", ""Core (Anti-Rotation)""]","[""Biceps Brachii"", ""Posterior Deltoid""]","[""Obliques"", ""Gluteus Maximus""]","[""Sagittal"", ""Transverse""]","[""Shoulder Extension"", ""Elbow Flexion"", ""Isometric Spinal Anti-Rotation""]",Full,Ascending,Shortened,Low,Intermediate,2.5,3,4,3.5,3,3,4,"[""Athletic Performance"",""Balance"",""Conditioning"",""Coordination"",""Core Stability"",""Corrective Exercise"",""Fat Loss"",""Flexibility"",""General Fitness"",""Grip Strength"",""Gymnastics"",""Injury Prevention"",""Joint Health"",""Knee Health"",""Mobility"",""Mobility and Flexibility"",""Muscle Gain"",""Muscular Endurance"",""Posture Correction"",""Power"",""Rehabilitation"",""Rehabilitation and Joint Health"",""Shoulder Health"",""Shin Splint Relief"",""Sport Performance"",""Strength"",""Strength Preparation"",""Warm-up""]",Low,"[""Shoulder"", ""Elbow""]","[""Shoulder impingement""]","Grab one TRX handle. Lean back until your arm is straight, feet planted. Place your free hand on your hip or chest.","[""Keep your body in a straight line and resist the urge to twist your torso."", ""Pull your chest up toward the handle by driving your elbow back."", ""Slowly lower back down under control.""]","[""Twisting the torso to cheat the movement"", ""Hips sagging"", ""Pulling with the bicep only""]","[""Square shoulders"", ""Body like a board"", ""Pull to the ribs""]","Exhale while pulling, inhale while lowering.","[""Walk feet forward (more vertical angle)"", ""Weighted Vest""]","[""Walk feet back"", ""Bilateral TRX Row""]","[""Single-Arm Dumbbell Row"", ""Single-Arm Cable Row""]",4,"[""SRC_ACSM_2026_RT""]",Reviewed,2026-07-27
EX0318,TRX Fallouts,"[""Suspension Ab Rollout""]",Bodyweight,Core,Compound,Core Anti-Extension,Push,Closed Chain,Bilateral,"[""Suspension Trainer (TRX)""]",,"[""Rectus Abdominis"", ""Transverse Abdominis""]","[""Latissimus Dorsi"", ""Triceps Brachii""]","[""Core"", ""Gluteus Maximus""]","[""Sagittal""]","[""Shoulder Flexion"", ""Isometric Spinal Flexion""]",Full,Ascending,Lengthened,Low,Intermediate,2.5,3,3.5,3,3,2.5,4,"[""Athletic Performance"",""Balance"",""Conditioning"",""Coordination"",""Core Stability"",""Corrective Exercise"",""Fat Loss"",""Flexibility"",""General Fitness"",""Grip Strength"",""Gymnastics"",""Injury Prevention"",""Joint Health"",""Knee Health"",""Mobility"",""Mobility and Flexibility"",""Muscle Gain"",""Muscular Endurance"",""Posture Correction"",""Power"",""Rehabilitation"",""Rehabilitation and Joint Health"",""Shoulder Health"",""Shin Splint Relief"",""Sport Performance"",""Strength"",""Strength Preparation"",""Warm-up""]",Moderate,"[""Lower Back"", ""Shoulder""]","[""Lumbar disc herniation"", ""Shoulder impingement""]","Stand facing away from the TRX anchor. Hold the handles with straight arms at chest height, leaning forward slightly on your toes.","[""Keeping your body completely rigid, slowly raise your arms overhead, letting your body fall forward."", ""Go as far as you can control without your lower back arching."", ""Use your core and lats to pull your arms back down, returning to the start.""]","[""Letting the lower back sag"", ""Bending the elbows"", ""Not squeezing the glutes""]","[""Body like a plank"", ""Arms straight"", ""Squeeze glutes""]","Inhale as you fall forward, exhale as you return.","[""Walk feet backward (lower angle)"", ""Pause at full extension""]","[""Walk feet forward (higher angle)"", ""Kneeling TRX Fallouts""]","[""Ab Wheel Rollout"", ""Swiss Ball Rollout""]",4,"[""SRC_ACSM_2026_RT""]",Reviewed,2026-07-27
EX0319,Wall Slide,"[""Scapular Wall Slide""]",Bodyweight,Upper Body,Isolation,Scapular Upward Rotation,Push,Open Chain,Bilateral,"[""Wall""]",Bodyweight,"[""Lower Trapezius"", ""Serratus Anterior""]","[""Lateral Deltoid"", ""External Rotators""]","[""Core""]","[""Frontal""]","[""Scapular Upward Rotation"", ""Shoulder Abduction""]",Full,Constant,Mid-Range,Low,Beginner,1,1.5,1,1.5,3.5,1,1.5,"[""Athletic Performance"",""Balance"",""Conditioning"",""Coordination"",""Core Stability"",""Corrective Exercise"",""Fat Loss"",""Flexibility"",""General Fitness"",""Grip Strength"",""Gymnastics"",""Injury Prevention"",""Joint Health"",""Knee Health"",""Mobility"",""Mobility and Flexibility"",""Muscle Gain"",""Muscular Endurance"",""Posture Correction"",""Power"",""Rehabilitation"",""Rehabilitation and Joint Health"",""Shoulder Health"",""Shin Splint Relief"",""Sport Performance"",""Strength"",""Strength Preparation"",""Warm-up""]",Low,"[""Shoulder""]",[],"Stand with your back, head, and glutes against a wall. Raise your arms to 90 degrees (goalpost position) with your elbows and back of hands touching the wall.","[""Slowly slide your arms up the wall, trying to straighten them overhead without letting your elbows or hands lose contact with the wall."", ""Do not let your lower back arch off the wall."", ""Slide back down to the start.""]","[""Arching the lower back to compensate for poor shoulder mobility"", ""Hands/elbows coming off the wall"", ""Shrugging the shoulders""]","[""Ribs down"", ""Press into the wall"", ""Slide smooth""]",Breathe continuously.,"[""Seated Wall Slide"", ""Floor Slide (if too difficult)""]","[""Floor Slide"", ""Band Dislocates""]","[""Cuban Press"", ""Face Pull""]",2,"[""SRC_ACSM_2026_RT""]",Reviewed,2026-07-27
EX0320,Copenhagen Adductor Drop,"[""Dynamic Copenhagen Plank""]",Bodyweight,Lower Body,Compound,Hip Adduction,Pull,Closed Chain,Unilateral,"[""Bench""]",Bodyweight,"[""Adductors (Longus, Magnus, Brevis)"", ""Gracilis""]","[""Obliques"", ""Gluteus Medius (bottom leg)""]","[""Core"", ""Shoulder (stabilizing)""]","[""Frontal""]","[""Hip Adduction""]",Partial,Constant,Mid-Range,Low,Advanced,3,4,4.5,3,3,4,4.5,"[""Athletic Performance"",""Balance"",""Conditioning"",""Coordination"",""Core Stability"",""Corrective Exercise"",""Fat Loss"",""Flexibility"",""General Fitness"",""Grip Strength"",""Gymnastics"",""Injury Prevention"",""Joint Health"",""Knee Health"",""Mobility"",""Mobility and Flexibility"",""Muscle Gain"",""Muscular Endurance"",""Posture Correction"",""Power"",""Rehabilitation"",""Rehabilitation and Joint Health"",""Shoulder Health"",""Shin Splint Relief"",""Sport Performance"",""Strength"",""Strength Preparation"",""Warm-up""]",Moderate,"[""Groin"", ""Hip""]","[""Acute groin pull""]","Get into a Copenhagen Plank position (top foot on a bench, bottom elbow on the floor, hips elevated).","[""Slowly lower your hips toward the floor until they lightly tap the ground."", ""Powerfully squeeze the inner thigh of the top leg to lift your hips back up to a perfectly straight line."", ""Keep your body facing forward; don't rotate.""]","[""Dropping the hips too fast"", ""Using the bottom leg to push off the floor"", ""Twisting the torso""]","[""Control the drop"", ""Pull with the inner thigh"", ""Stay rigid""]","Inhale as you lower, exhale as you lift.","[""Weighted Copenhagen Drop (vest)""]","[""Static Copenhagen Plank"", ""Bent-Knee Copenhagen Drop""]","[""Machine Hip Adductor"", ""Side-Lying Inner Thigh Raise""]",4,"[""SRC_NCSA_TECHNIQUE""]",Reviewed,2026-07-27
EX0321,Reverse Hyperextension,"[""Reverse Hyper""]",Resistance Training,Lower Body,Compound,Hinge,Pull,Open Chain,Bilateral,"[""Reverse Hyper Machine""]",Distal,"[""Gluteus Maximus"", ""Hamstrings"", ""Erector Spinae""]","[""None""]","[""Core""]","[""Sagittal""]","[""Hip Extension"", ""Spinal Extension""]",Full,Machine Dependent,Shortened,Moderate,Intermediate,3,2,1.5,2.5,3,3.5,4,"[""Athletic Performance"",""Balance"",""Conditioning"",""Coordination"",""Core Stability"",""Corrective Exercise"",""Fat Loss"",""Flexibility"",""General Fitness"",""Grip Strength"",""Gymnastics"",""Injury Prevention"",""Joint Health"",""Knee Health"",""Mobility"",""Mobility and Flexibility"",""Muscle Gain"",""Muscular Endurance"",""Posture Correction"",""Power"",""Rehabilitation"",""Rehabilitation and Joint Health"",""Shoulder Health"",""Shin Splint Relief"",""Sport Performance"",""Strength"",""Strength Preparation"",""Warm-up""]",Low,"[""Lower Back""]","[""Acute spinal fracture""]",Lie face down on the Reverse Hyper machine with your hips at the edge of the pad. Secure your ankles in the straps.,"[""Keeping your legs relatively straight, swing your legs upward until they are in line with your torso."", ""Squeeze your glutes and lower back at the top."", ""Control the weight back down, allowing your lower back to stretch and decompress.""]","[""Using too much momentum"", ""Hyperextending the lower back at the top"", ""Not controlling the negative""]","[""Squeeze the glutes to lift"", ""Control the swing"", ""Feel the decompression""]","Exhale while lifting, inhale while lowering.","[""Heavier Load"", ""Pause Reps""]","[""Lighter Load"", ""Bodyweight Reverse Hyper on Bench""]","[""Back Extension"", ""Glute Bridge""]",3.5,"[""SRC_NCSA_TECHNIQUE""]",Reviewed,2026-07-27
EX0322,GHD Sit-Up,"[""Glute Ham Developer Sit-Up""]",Bodyweight,Core,Compound,Trunk Flexion,Pull,Closed Chain,Bilateral,"[""GHD Machine""]",Bodyweight,"[""Rectus Abdominis"", ""Hip Flexors""]","[""Obliques"", ""Transverse Abdominis""]","[""Quadriceps""]","[""Sagittal""]","[""Spinal Flexion"", ""Hip Flexion"", ""Knee Extension""]",Full,Ascending,Lengthened,Low,Advanced,4,3,2.5,3.5,4,4,3.5,"[""Athletic Performance"",""Balance"",""Conditioning"",""Coordination"",""Core Stability"",""Corrective Exercise"",""Fat Loss"",""Flexibility"",""General Fitness"",""Grip Strength"",""Gymnastics"",""Injury Prevention"",""Joint Health"",""Knee Health"",""Mobility"",""Mobility and Flexibility"",""Muscle Gain"",""Muscular Endurance"",""Posture Correction"",""Power"",""Rehabilitation"",""Rehabilitation and Joint Health"",""Shoulder Health"",""Shin Splint Relief"",""Sport Performance"",""Strength"",""Strength Preparation"",""Warm-up""]",High,"[""Lower Back""]","[""Lumbar disc herniation"", ""History of low back pain""]","Sit on the GHD machine, locking your feet securely. Your glutes should be off the pad, supported only by your hamstrings/calves.","[""Lean back, extending your spine over the edge of the pad until your hands touch the floor (or go as far as mobility allows)."", ""Aggressively contract your abs and fire your quads to pull your torso back up to the seated position."", ""Touch the foot pads to complete the rep.""]","[""Hyperextending the back too aggressively"", ""Not using the quads to initiate the upward pull"", ""Doing high reps without prior conditioning""]","[""Explode up"", ""Use the legs to assist the core"", ""Control the drop""]","Inhale as you fall back, exhale powerfully as you sit up.","[""Weighted GHD Sit-Up (holding med ball)""]","[""Partial ROM GHD Sit-Up (to parallel)""]","[""Decline Crunch"", ""V-Up""]",4.5,"[""SRC_NCSA_TECHNIQUE""]",Reviewed,2026-07-27
EX0323,Machine Standing Calf Raise,"[""Standing Calf Machine""]",Resistance Training,Lower Body,Isolation,Ankle Plantarflexion,Push,Closed Chain,Bilateral,"[""Standing Calf Raise Machine""]",Posterior,"[""Gastrocnemius""]","[""Soleus""]","[""Core"", ""Erector Spinae""]","[""Sagittal""]","[""Ankle Plantarflexion""]",Full,Machine Dependent,Shortened,High,Beginner,1.5,1.5,1.5,1.5,2,2.5,4.5,"[""Athletic Performance"",""Balance"",""Conditioning"",""Coordination"",""Core Stability"",""Corrective Exercise"",""Fat Loss"",""Flexibility"",""General Fitness"",""Grip Strength"",""Gymnastics"",""Injury Prevention"",""Joint Health"",""Knee Health"",""Mobility"",""Mobility and Flexibility"",""Muscle Gain"",""Muscular Endurance"",""Posture Correction"",""Power"",""Rehabilitation"",""Rehabilitation and Joint Health"",""Shoulder Health"",""Shin Splint Relief"",""Sport Performance"",""Strength"",""Strength Preparation"",""Warm-up""]",Low,"[""Ankle"", ""Achilles Tendon"", ""Lower Back""]","[""Achilles tendinopathy"", ""Spinal compression issues""]",Step under the shoulder pads of the machine. Place the balls of your feet on the edge of the block. Unrack the weight.,"[""Lower your heels as far down as possible to deeply stretch the calves."", ""Drive through the balls of your feet to raise your heels as high as possible."", ""Squeeze the calves hard at the peak.""]","[""Bouncing out of the bottom"", ""Bending the knees"", ""Shortening the range of motion""]","[""Lock the knees"", ""Deep stretch"", ""Drive through the big toe""]","Exhale while raising, inhale while lowering.","[""Pause Reps"", ""Single-Leg Machine Calf Raise""]","[""Lighter Load""]","[""Leg Press Calf Raise"", ""Dumbbell Standing Calf Raise""]",3,"[""SRC_ACSM_2026_RT""]",Reviewed,2026-07-27
EX0324,Machine Seated Calf Raise,"[""Seated Calf Machine""]",Resistance Training,Lower Body,Isolation,Ankle Plantarflexion,Push,Closed Chain,Bilateral,"[""Seated Calf Raise Machine""]",Anterior,"[""Soleus""]","[""Gastrocnemius""]","[""None""]","[""Sagittal""]","[""Ankle Plantarflexion""]",Full,Machine Dependent,Lengthened,Low,Beginner,1,1,1,1,1.5,2,4.5,"[""Athletic Performance"",""Balance"",""Conditioning"",""Coordination"",""Core Stability"",""Corrective Exercise"",""Fat Loss"",""Flexibility"",""General Fitness"",""Grip Strength"",""Gymnastics"",""Injury Prevention"",""Joint Health"",""Knee Health"",""Mobility"",""Mobility and Flexibility"",""Muscle Gain"",""Muscular Endurance"",""Posture Correction"",""Power"",""Rehabilitation"",""Rehabilitation and Joint Health"",""Shoulder Health"",""Shin Splint Relief"",""Sport Performance"",""Strength"",""Strength Preparation"",""Warm-up""]",Low,"[""Ankle"", ""Achilles Tendon""]","[""Achilles tendinopathy""]",Sit in the machine and place the balls of your feet on the platform. Adjust the knee pads so they rest comfortably on your lower thighs. Unrack the lever.,"[""Lower your heels to feel a deep stretch in the soleus."", ""Press through the balls of your feet to raise your heels as high as possible."", ""Hold the squeeze, then return under control.""]","[""Bouncing the weight"", ""Not getting a full stretch"", ""Lifting the hips off the seat""]","[""Control the stretch"", ""High squeeze"", ""Keep hips down""]","Exhale while raising, inhale while lowering.","[""Pause Reps"", ""Heavier Load""]","[""Lighter Load""]","[""Dumbbell Seated Calf Raise""]",2,"[""SRC_ACSM_2026_RT""]",Reviewed,2026-07-27
EX0325,Seated Inner Thigh Adductor Machine,"[""Seated Adduction Machine"", ""Inner Thigh Machine""]",Resistance Training,Lower Body,Isolation,Hip Adduction,Pull,Open Chain,Bilateral,"[""Hip Adductor Machine""]",Machine Guided,"[""Adductors (Longus, Magnus, Brevis)"", ""Gracilis"", ""Pectineus""]","[""None""]","[""Core""]","[""Frontal""]","[""Hip Adduction""]",Full,Machine Dependent,Shortened,Low,Beginner,1,1,1,1,2,2,4,"[""Athletic Performance"",""Balance"",""Conditioning"",""Coordination"",""Core Stability"",""Corrective Exercise"",""Fat Loss"",""Flexibility"",""General Fitness"",""Grip Strength"",""Gymnastics"",""Injury Prevention"",""Joint Health"",""Knee Health"",""Mobility"",""Mobility and Flexibility"",""Muscle Gain"",""Muscular Endurance"",""Posture Correction"",""Power"",""Rehabilitation"",""Rehabilitation and Joint Health"",""Shoulder Health"",""Shin Splint Relief"",""Sport Performance"",""Strength"",""Strength Preparation"",""Warm-up""]",Low,"[""Groin""]","[""Acute groin strain""]","Sit in the machine with the pads against the inside of your knees/thighs. Adjust the machine to a wide, comfortable stretch.","[""Squeeze your thighs together, pushing against the pads until they meet in the middle."", ""Pause and squeeze the inner thighs."", ""Slowly let the pads return outward to the starting stretch position.""]","[""Using momentum"", ""Letting the weight stack crash at the bottom"", ""Setting the stretch too wide and causing pain""]","[""Smooth squeeze"", ""Control the negative"", ""Don't force the stretch""]","Exhale while squeezing together, inhale while returning.","[""Pause Reps"", ""Heavier Load""]","[""Lighter Load""]","[""Copenhagen Plank"", ""Cable Hip Adduction""]",2,"[""SRC_ACSM_2026_RT""]",Reviewed,2026-07-27
EX0326,Seated Outer Thigh Abductor Machine,"[""Seated Abduction Machine"", ""Outer Thigh Machine""]",Resistance Training,Lower Body,Isolation,Hip Abduction,Push,Open Chain,Bilateral,"[""Hip Abductor Machine""]",Machine Guided,"[""Gluteus Medius"", ""Gluteus Minimus"", ""Tensor Fasciae Latae""]","[""Gluteus Maximus (Upper Fibers)""]","[""Core""]","[""Frontal""]","[""Hip Abduction""]",Full,Machine Dependent,Shortened,Low,Beginner,1,1,1,1,1.5,2,4,"[""Athletic Performance"",""Balance"",""Conditioning"",""Coordination"",""Core Stability"",""Corrective Exercise"",""Fat Loss"",""Flexibility"",""General Fitness"",""Grip Strength"",""Gymnastics"",""Injury Prevention"",""Joint Health"",""Knee Health"",""Mobility"",""Mobility and Flexibility"",""Muscle Gain"",""Muscular Endurance"",""Posture Correction"",""Power"",""Rehabilitation"",""Rehabilitation and Joint Health"",""Shoulder Health"",""Shin Splint Relief"",""Sport Performance"",""Strength"",""Strength Preparation"",""Warm-up""]",Low,"[""Hip""]","[""Severe hip osteoarthritis""]",Sit in the machine with the pads resting against the outside of your knees. Lean slightly forward or sit straight depending on target fiber preference.,"[""Push your knees outward against the pads as far as possible."", ""Squeeze the side glutes hard."", ""Slowly return to the center under control.""]","[""Using momentum to slam the pads open"", ""Arching the lower back excessively"", ""Not controlling the negative""]","[""Drive knees out"", ""Squeeze the side booty"", ""Control the return""]","Exhale while pushing out, inhale while returning.","[""Lean forward to target more gluteus maximus"", ""Pause Reps""]","[""Lighter Load"", ""Seated Band Abduction""]","[""Cable Hip Abduction"", ""Clamshell""]",2,"[""SRC_ACSM_2026_RT""]",Reviewed,2026-07-27
EX0327,Safety Squat Bar Squat,"[""SSB Squat""]",Resistance Training,Lower Body,Compound,Squat,Push,Closed Chain,Bilateral,"[""Safety Squat Bar"", ""Squat Rack""]",Posterior,"[""Quadriceps"", ""Gluteus Maximus""]","[""Hamstrings"", ""Erector Spinae""]","[""Core"", ""Upper Trapezius""]","[""Sagittal""]","[""Hip Extension"", ""Knee Extension""]",Full,Ascending,Mid-Range,Moderate,Intermediate,2.5,3.5,3.5,3,3,4.5,4.5,"[""Athletic Performance"",""Balance"",""Conditioning"",""Coordination"",""Core Stability"",""Corrective Exercise"",""Fat Loss"",""Flexibility"",""General Fitness"",""Grip Strength"",""Gymnastics"",""Injury Prevention"",""Joint Health"",""Knee Health"",""Mobility"",""Mobility and Flexibility"",""Muscle Gain"",""Muscular Endurance"",""Posture Correction"",""Power"",""Rehabilitation"",""Rehabilitation and Joint Health"",""Shoulder Health"",""Shin Splint Relief"",""Sport Performance"",""Strength"",""Strength Preparation"",""Warm-up""]",Low,"[""Knee"", ""Lower Back""]","[""Acute low back pain""]","Set the Safety Squat Bar in a rack. Step under the yoke and hold the front handles. The camber of the bar pushes the weight forward, making it a hybrid between a front and back squat.","[""Keep your chest up and core braced."", ""Sit your hips back and down into a deep squat."", ""Drive through the whole foot to stand back up. The bar will actively try to fold you forward; fight to stay upright.""]","[""Letting the bar push your chest toward the floor"", ""Rounding the upper back"", ""Knees caving inward""]","[""Fight the camber"", ""Chest proud"", ""Drive through the floor""]","Inhale and brace before descending, exhale while standing up.","[""Heavier Load"", ""SSB Box Squat""]","[""Goblet Squat"", ""Leg Press""]","[""Barbell Front Squat"", ""Barbell Back Squat""]",4.5,"[""SRC_NCSA_TECHNIQUE""]",Reviewed,2026-07-27
EX0328,Bottoms-Up Squat,"[""Pin Squat from the Bottom"", ""Anderson Squat""]",Resistance Training,Lower Body,Compound,Squat,Push,Closed Chain,Bilateral,"[""Barbell"", ""Power Rack""]",Posterior,"[""Quadriceps"", ""Gluteus Maximus""]","[""Hamstrings""]","[""Core"", ""Erector Spinae""]","[""Sagittal""]","[""Hip Extension"", ""Knee Extension""]",Partial,Ascending,Mid-Range,High,Advanced,4,4.5,4,3.5,4,4,5,"[""Athletic Performance"",""Balance"",""Conditioning"",""Coordination"",""Core Stability"",""Corrective Exercise"",""Fat Loss"",""Flexibility"",""General Fitness"",""Grip Strength"",""Gymnastics"",""Injury Prevention"",""Joint Health"",""Knee Health"",""Mobility"",""Mobility and Flexibility"",""Muscle Gain"",""Muscular Endurance"",""Posture Correction"",""Power"",""Rehabilitation"",""Rehabilitation and Joint Health"",""Shoulder Health"",""Shin Splint Relief"",""Sport Performance"",""Strength"",""Strength Preparation"",""Warm-up""]",High,"[""Lower Back"", ""Knee""]","[""Lumbar disc herniation""]",Set the safety pins in a power rack at the bottom of your squat depth. Place the barbell on the pins and load it. Crawl under the bar into the bottom squat position.,"[""Get tight, brace your core, and establish perfect form while wedged under the bar."", ""Drive explosively from a dead stop to stand up with the weight."", ""Carefully lower the bar back to the pins, let the weight settle completely, and repeat.""]","[""Losing core tension before pushing"", ""Rounding the back trying to heave the weight up"", ""Bouncing the bar off the pins""]","[""Dead stop"", ""Get tight before you push"", ""Explode upward""]","Inhale and brace hard at the bottom, exhale at lockout.","[""Heavier Load"", ""Lower Pin Height""]","[""Higher Pin Height"", ""Standard Back Squat""]","[""Pause Squat"", ""Box Squat""]",5.5,"[""SRC_NCSA_TECHNIQUE""]",Reviewed,2026-07-27
EX0329,Zercher Lunge,"[""Barbell Zercher Lunge""]",Resistance Training,Lower Body,Compound,Lunge,Push,Closed Chain,Alternating,"[""Barbell"", ""Squat Rack""]",Anterior,"[""Quadriceps"", ""Gluteus Maximus""]","[""Hamstrings"", ""Biceps Brachii""]","[""Core"", ""Upper Trapezius"", ""Erector Spinae""]","[""Sagittal""]","[""Hip Extension"", ""Knee Extension"", ""Isometric Elbow Flexion""]",Full,Ascending,Mid-Range,Moderate,Advanced,4,4.5,4.5,4,3.5,4.5,4,"[""Athletic Performance"",""Balance"",""Conditioning"",""Coordination"",""Core Stability"",""Corrective Exercise"",""Fat Loss"",""Flexibility"",""General Fitness"",""Grip Strength"",""Gymnastics"",""Injury Prevention"",""Joint Health"",""Knee Health"",""Mobility"",""Mobility and Flexibility"",""Muscle Gain"",""Muscular Endurance"",""Posture Correction"",""Power"",""Rehabilitation"",""Rehabilitation and Joint Health"",""Shoulder Health"",""Shin Splint Relief"",""Sport Performance"",""Strength"",""Strength Preparation"",""Warm-up""]",Moderate,"[""Knee"", ""Lower Back"", ""Elbow""]","[""Biceps tendonitis"", ""Knee instability""]",Hold a barbell in the crooks of your elbows (Zercher hold). Clasp your hands together and keep your chest extremely tall.,"[""Step backward or forward into a lunge position, lowering your back knee to hover just above the floor."", ""The weight will try to pull your torso forward; resist this by bracing the core intensely."", ""Drive through the front heel to stand back up.""]","[""Rounding the upper back"", ""Letting the barbell slip down the forearms"", ""Losing balance""]","[""Chest tall"", ""Squeeze the bar tight"", ""Drive through the front heel""]","Inhale while descending, exhale while standing.","[""Heavier Load"", ""Deficit Zercher Lunge""]","[""Dumbbell Lunge"", ""Goblet Lunge""]","[""Barbell Front Lunge"", ""Dumbbell Walking Lunge""]",5,"[""SRC_NCSA_TECHNIQUE""]",Reviewed,2026-07-27
EX0330,Floor Wipers,"[""Barbell Wipers""]",Resistance Training,Core,Compound,Trunk Rotation,Pull,Open Chain,Bilateral,"[""Barbell"", ""Weight Plates"", ""Mat""]",Anterior,"[""Obliques"", ""Rectus Abdominis""]","[""Hip Flexors""]","[""Pectoralis Major"", ""Triceps Brachii (Isometric Hold)""]","[""Transverse"", ""Frontal""]","[""Spinal Rotation"", ""Isometric Shoulder Horizontal Adduction""]",Full,Constant,Mid-Range,Low,Advanced,4,4.5,4,4.5,4,2.5,3.5,"[""Athletic Performance"",""Balance"",""Conditioning"",""Coordination"",""Core Stability"",""Corrective Exercise"",""Fat Loss"",""Flexibility"",""General Fitness"",""Grip Strength"",""Gymnastics"",""Injury Prevention"",""Joint Health"",""Knee Health"",""Mobility"",""Mobility and Flexibility"",""Muscle Gain"",""Muscular Endurance"",""Posture Correction"",""Power"",""Rehabilitation"",""Rehabilitation and Joint Health"",""Shoulder Health"",""Shin Splint Relief"",""Sport Performance"",""Strength"",""Strength Preparation"",""Warm-up""]",Moderate,"[""Lower Back"", ""Shoulder""]","[""Lumbar disc herniation""]",Lie on your back. Press a loaded barbell straight over your chest and hold it there (as if at the top of a floor press). Keep your legs straight and on the floor.,"[""Lift your legs up and sweep them toward the left weight plate like a windshield wiper."", ""Lower them back to the center (without touching the floor), then sweep them toward the right plate."", ""Keep your arms locked and use your core to control the legs.""]","[""Bending the knees"", ""Dropping the legs uncontrollably"", ""Losing stability in the arms and dropping the barbell""]","[""Lock the arms"", ""Legs straight"", ""Control the sweep""]",Breathe steadily throughout the movement.,"[""Heavier Barbell (for stability)"", ""Ankle Weights""]","[""Hanging Windshield Wiper (no barbell risk)"", ""Lying Leg Raise""]","[""Hanging Windshield Wiper"", ""Russian Twist""]",4.5,"[""SRC_NCSA_TECHNIQUE""]",Reviewed,2026-07-27
EX0331,Archer Push-Up,"[""Side-to-Side Push-Up""]",Bodyweight,Upper Body,Compound,Horizontal Push,Push,Closed Chain,Unilateral,"[""Bodyweight""]",Bodyweight,"[""Pectoralis Major"", ""Triceps Brachii""]","[""Anterior Deltoid""]","[""Core"", ""Serratus Anterior""]","[""Transverse"", ""Sagittal""]","[""Shoulder Horizontal Adduction"", ""Elbow Extension""]",Full,Ascending,Lengthened,Low,Advanced,4,4.5,4,4.5,3.5,4,4.5,"[""Athletic Performance"",""Balance"",""Conditioning"",""Coordination"",""Core Stability"",""Corrective Exercise"",""Fat Loss"",""Flexibility"",""General Fitness"",""Grip Strength"",""Gymnastics"",""Injury Prevention"",""Joint Health"",""Knee Health"",""Mobility"",""Mobility and Flexibility"",""Muscle Gain"",""Muscular Endurance"",""Posture Correction"",""Power"",""Rehabilitation"",""Rehabilitation and Joint Health"",""Shoulder Health"",""Shin Splint Relief"",""Sport Performance"",""Strength"",""Strength Preparation"",""Warm-up""]",Moderate,"[""Shoulder"", ""Wrist"", ""Elbow""]","[""Shoulder impingement"", ""Wrist pain""]",Get into a wide push-up position with hands turned slightly outward.,"[""Lower your body toward your right hand, bending the right elbow while keeping the left arm completely straight."", ""Your body should shift laterally."", ""Push through the right hand to return to the center, then lower toward the left hand.""]","[""Bending the straight arm"", ""Hips sagging"", ""Not shifting the weight entirely to the working side""]","[""Keep the off-arm locked straight"", ""Shift the weight"", ""Body like a board""]","Inhale while lowering to one side, exhale while pressing to center.","[""One-Arm Push-Up"", ""Elevate Feet""]","[""Typewriter Push-Up"", ""Wide Push-Up""]","[""One-Arm Push-Up"", ""Dumbbell Bench Press""]",4,"[""SRC_NCSA_TECHNIQUE""]",Reviewed,2026-07-27
EX0332,Pseudo Planche Push-Up,"[""Planche Push-Up Prep""]",Bodyweight,Upper Body,Compound,Horizontal Push,Push,Closed Chain,Bilateral,"[""Bodyweight""]",Bodyweight,"[""Anterior Deltoid"", ""Pectoralis Major (Clavicular Head)""]","[""Triceps Brachii""]","[""Core"", ""Serratus Anterior"", ""Biceps Brachii""]","[""Sagittal"", ""Transverse""]","[""Shoulder Flexion"", ""Elbow Extension""]",Full,Ascending,Lengthened,Low,Advanced,4.5,4.5,4,4.5,4,4,5,"[""Athletic Performance"",""Balance"",""Conditioning"",""Coordination"",""Core Stability"",""Corrective Exercise"",""Fat Loss"",""Flexibility"",""General Fitness"",""Grip Strength"",""Gymnastics"",""Injury Prevention"",""Joint Health"",""Knee Health"",""Mobility"",""Mobility and Flexibility"",""Muscle Gain"",""Muscular Endurance"",""Posture Correction"",""Power"",""Rehabilitation"",""Rehabilitation and Joint Health"",""Shoulder Health"",""Shin Splint Relief"",""Sport Performance"",""Strength"",""Strength Preparation"",""Warm-up""]",High,"[""Wrist"", ""Shoulder"", ""Elbow""]","[""Wrist tendinopathy"", ""Shoulder instability""]","Get into a push-up position, but lean your body forward so your hands are near your waist/lower ribs, not your chest. Turn your hands outward or backward to protect your wrists.","[""Lower your body while maintaining this extreme forward lean."", ""Keep your elbows tucked tightly to your sides."", ""Press back up, pushing your shoulders forward and down.""]","[""Losing the forward lean on the way up"", ""Hips sagging"", ""Flaring the elbows""]","[""Lean forward constantly"", ""Hollow the chest"", ""Tuck the elbows""]","Inhale while lowering, exhale while pressing.","[""Increase forward lean"", ""Tuck Planche Push-Up""]","[""Decrease forward lean"", ""Standard Push-Up""]","[""Bench Press"", ""Archer Push-Up""]",5,"[""SRC_NCSA_TECHNIQUE""]",Reviewed,2026-07-27
EX0333,Tuck Front Lever,"[""Front Lever Tuck Hold""]",Bodyweight,Upper Body,Isometric,Vertical Pull,Pull,Closed Chain,Bilateral,"[""Pull-Up Bar"", ""Gymnastics Rings""]",,"[""Latissimus Dorsi"", ""Core""]","[""Rhomboids"", ""Posterior Deltoid"", ""Teres Major""]","[""Biceps Brachii (Isometric)"", ""Forearms""]","[""Sagittal""]","[""Isometric Shoulder Extension"", ""Isometric Spinal Stabilization""]",,Constant,Mid-Range,Low,Advanced,4,4.5,4,3.5,3,2.5,4.5,"[""Athletic Performance"",""Balance"",""Conditioning"",""Coordination"",""Core Stability"",""Corrective Exercise"",""Fat Loss"",""Flexibility"",""General Fitness"",""Grip Strength"",""Gymnastics"",""Injury Prevention"",""Joint Health"",""Knee Health"",""Mobility"",""Mobility and Flexibility"",""Muscle Gain"",""Muscular Endurance"",""Posture Correction"",""Power"",""Rehabilitation"",""Rehabilitation and Joint Health"",""Shoulder Health"",""Shin Splint Relief"",""Sport Performance"",""Strength"",""Strength Preparation"",""Warm-up""]",Moderate,"[""Shoulder"", ""Elbow""]","[""Shoulder impingement""]",Hang from a pull-up bar or rings. Pull your knees tightly into your chest to form a tuck position.,"[""Keeping your arms perfectly straight, engage your lats to pull your body backward until your back is parallel to the floor."", ""Hold this tucked position horizontally."", ""Resist the urge to bend your elbows or let your hips drop.""]","[""Bending the elbows (turning it into a row)"", ""Not getting the back parallel to the floor"", ""Losing the tight tuck""]","[""Lock the elbows"", ""Drive hands to the hips"", ""Back flat to the ceiling""]",Breathe shallowly into the braced core.,"[""Advanced Tuck Front Lever (knees 90 degrees)"", ""Straddle Front Lever""]","[""Hanging Hollow Hold"", ""Lat Pulldown (stiff arm)""]","[""Straight-Arm Cable Pulldown"", ""Dragon Flag""]",4.5,"[""SRC_NCSA_TECHNIQUE""]",Reviewed,2026-07-27
EX0334,Tuck Planche,"[""Planche Tuck Hold""]",Bodyweight,Total Body,Isometric,Horizontal Push,Push,Closed Chain,Bilateral,"[""Parallettes"", ""Floor""]",Bodyweight,"[""Anterior Deltoid"", ""Core""]","[""Pectoralis Major"", ""Triceps Brachii""]","[""Serratus Anterior"", ""Biceps Brachii""]","[""Sagittal""]","[""Isometric Shoulder Flexion"", ""Scapular Protraction""]",,Constant,Mid-Range,Low,Advanced,4.5,5,5,4.5,3.5,2.5,5,"[""Athletic Performance"",""Balance"",""Conditioning"",""Coordination"",""Core Stability"",""Corrective Exercise"",""Fat Loss"",""Flexibility"",""General Fitness"",""Grip Strength"",""Gymnastics"",""Injury Prevention"",""Joint Health"",""Knee Health"",""Mobility"",""Mobility and Flexibility"",""Muscle Gain"",""Muscular Endurance"",""Posture Correction"",""Power"",""Rehabilitation"",""Rehabilitation and Joint Health"",""Shoulder Health"",""Shin Splint Relief"",""Sport Performance"",""Strength"",""Strength Preparation"",""Warm-up""]",High,"[""Wrist"", ""Shoulder"", ""Elbow""]","[""Wrist pain"", ""Shoulder instability""]",Place hands on parallettes or the floor. Squat down and tuck your knees into your chest.,"[""Lean your weight forward onto your shoulders and hands."", ""Lift your feet off the ground, supporting your entire body weight on your hands while keeping your knees tucked tightly to your chest."", ""Keep your arms locked straight and protract your shoulder blades (round your upper back).""]","[""Bending the elbows"", ""Not leaning forward enough to lift the feet naturally"", ""Retracting the shoulder blades""]","[""Lock the elbows"", ""Push the floor away (protract)"", ""Lean forward""]",Take shallow breaths continuously into a tightly braced core to maintain stability.,"[""Advanced Tuck Planche (flat back)"", ""Straddle Planche""]","[""Planche Leans"", ""Crow Stand / Frog Stand""]","[""Pseudo Planche Push-Up"", ""L-Sit""]",5.5,"[""SRC_NCSA_TECHNIQUE""]",Reviewed,2026-07-27
EX0335,L-Sit Pull-Up,"[""L-Pull-Up""]",Bodyweight,Total Body,Compound,Vertical Pull,Pull,Open Chain,Bilateral,"[""Pull-Up Bar""]",,"[""Latissimus Dorsi"", ""Rectus Abdominis""]","[""Biceps Brachii"", ""Hip Flexors"", ""Rhomboids""]","[""Quadriceps"", ""Forearms""]","[""Sagittal"", ""Frontal""]","[""Shoulder Adduction"", ""Elbow Flexion"", ""Isometric Hip Flexion""]",Full,Ascending,Mid-Range,Low,Advanced,4,4,4,4.5,4,4,4.5,"[""Athletic Performance"",""Balance"",""Conditioning"",""Coordination"",""Core Stability"",""Corrective Exercise"",""Fat Loss"",""Flexibility"",""General Fitness"",""Grip Strength"",""Gymnastics"",""Injury Prevention"",""Joint Health"",""Knee Health"",""Mobility"",""Mobility and Flexibility"",""Muscle Gain"",""Muscular Endurance"",""Posture Correction"",""Power"",""Rehabilitation"",""Rehabilitation and Joint Health"",""Shoulder Health"",""Shin Splint Relief"",""Sport Performance"",""Strength"",""Strength Preparation"",""Warm-up""]",Moderate,"[""Shoulder"", ""Lower Back""]","[""Hip flexor strain"", ""Shoulder impingement""]","Hang from a pull-up bar. Lift your legs straight out in front of you until they are parallel to the floor, forming an L-shape with your body.","[""Maintain this strict L-sit position."", ""Perform a pull-up by pulling your chest to the bar."", ""Lower yourself under control without letting the legs drop.""]","[""Bending the knees"", ""Dropping the legs during the pull"", ""Kipping or swinging""]","[""Lock the legs"", ""Pull to the chest"", ""Core tight""]","Exhale while pulling up, inhale while lowering.","[""Weighted L-Sit Pull-Up"", ""V-Sit Pull-Up""]","[""Tuck L-Sit Pull-Up"", ""Standard Pull-Up""]","[""Pull-Up"", ""Hanging Leg Raise""]",5,"[""SRC_NCSA_TECHNIQUE""]",Reviewed,2026-07-27
EX0336,Towel Pull-Up,"[""Grip Pull-Up""]",Bodyweight,Upper Body,Compound,Vertical Pull,Pull,Open Chain,Bilateral,"[""Pull-Up Bar"", ""Two Small Towels""]",,"[""Latissimus Dorsi"", ""Forearm Flexors"", ""Hand/Finger Flexors""]","[""Biceps Brachii"", ""Brachialis"", ""Rhomboids""]","[""Core""]","[""Sagittal""]","[""Shoulder Extension"", ""Elbow Flexion"", ""Isometric Grip""]",Full,Ascending,Lengthened,Low,Advanced,3,3.5,3,3,2.5,3.5,4,"[""Athletic Performance"",""Balance"",""Conditioning"",""Coordination"",""Core Stability"",""Corrective Exercise"",""Fat Loss"",""Flexibility"",""General Fitness"",""Grip Strength"",""Gymnastics"",""Injury Prevention"",""Joint Health"",""Knee Health"",""Mobility"",""Mobility and Flexibility"",""Muscle Gain"",""Muscular Endurance"",""Posture Correction"",""Power"",""Rehabilitation"",""Rehabilitation and Joint Health"",""Shoulder Health"",""Shin Splint Relief"",""Sport Performance"",""Strength"",""Strength Preparation"",""Warm-up""]",Moderate,"[""Wrist"", ""Fingers"", ""Elbow""]","[""Golfer's elbow"", ""Carpal tunnel syndrome""]","Drape two thick towels over a pull-up bar, shoulder-width apart. Grip one towel tightly in each hand.","[""From a dead hang, pull your chest up to the level of your hands."", ""The towels will try to slip out of your hands; crush them with maximum grip force."", ""Lower under control back to a dead hang.""]","[""Letting go of the towels and falling"", ""Using too much momentum"", ""Not fully extending the arms at the bottom""]","[""Crush the towels"", ""Drive elbows down"", ""Dead hang""]","Exhale while pulling up, inhale while lowering.","[""Thicker Towels"", ""One-Arm Towel Hang""]","[""Towel Hang (Isometric)"", ""Standard Pull-Up""]","[""Fat Gripz Pull-Up"", ""Rope Climb""]",4.5,"[""SRC_NCSA_TECHNIQUE""]",Reviewed,2026-07-27
EX0337,Fat Gripz Biceps Curl,"[""Thick Bar Curl""]",Resistance Training,Upper Body,Isolation,Elbow Flexion,Pull,Open Chain,Bilateral,"[""Dumbbell or Barbell"", ""Fat Gripz (Thick Grips)""]",Anterior,"[""Biceps Brachii"", ""Brachialis""]","[""Forearm Flexors"", ""Brachioradialis""]","[""Core"", ""Anterior Deltoid""]","[""Sagittal""]","[""Elbow Flexion"", ""Isometric Grip""]",Full,Ascending,Mid-Range,Low,Intermediate,2,2.5,2,2,1.5,2.5,4,"[""Athletic Performance"",""Balance"",""Conditioning"",""Coordination"",""Core Stability"",""Corrective Exercise"",""Fat Loss"",""Flexibility"",""General Fitness"",""Grip Strength"",""Gymnastics"",""Injury Prevention"",""Joint Health"",""Knee Health"",""Mobility"",""Mobility and Flexibility"",""Muscle Gain"",""Muscular Endurance"",""Posture Correction"",""Power"",""Rehabilitation"",""Rehabilitation and Joint Health"",""Shoulder Health"",""Shin Splint Relief"",""Sport Performance"",""Strength"",""Strength Preparation"",""Warm-up""]",Low,"[""Wrist"", ""Elbow""]","[""Tennis/Golfer's elbow""]",Attach Fat Gripz to a barbell or dumbbells. Stand tall holding the weight with a supinated (underhand) grip. The thick grip prevents your hands from closing completely.,"[""Keeping your elbows pinned to your sides, curl the weight upward."", ""Squeeze the biceps and forearms intensely."", ""Slowly lower the weight. The forearms will fatigue much faster than the biceps.""]","[""Using excessive momentum"", ""Letting the wrists bend backward"", ""Dropping the weight due to grip failure""]","[""Crush the grip"", ""Keep elbows tucked"", ""Control the negative""]","Exhale while curling, inhale while lowering.","[""Heavier Load"", ""Fat Gripz Reverse Curl""]","[""Standard Biceps Curl (no fat grip)""]","[""Reverse Barbell Curl"", ""Hammer Curl""]",3,"[""SRC_ACSM_2026_RT""]",Reviewed,2026-07-27
EX0338,Behind-the-Back Cable Curl,"[""Bayesian Curl""]",Resistance Training,Upper Body,Isolation,Elbow Flexion,Pull,Open Chain,Unilateral,"[""Cable Machine"", ""D-Handle""]",Anterior,"[""Biceps Brachii (Long Head Bias)""]","[""Brachialis"", ""Brachioradialis""]","[""Core"", ""Anterior Deltoid""]","[""Sagittal""]","[""Elbow Flexion""]",Full,Constant,Lengthened,Low,Intermediate,2,2,2,1.5,2.5,2,4.5,"[""Athletic Performance"",""Balance"",""Conditioning"",""Coordination"",""Core Stability"",""Corrective Exercise"",""Fat Loss"",""Flexibility"",""General Fitness"",""Grip Strength"",""Gymnastics"",""Injury Prevention"",""Joint Health"",""Knee Health"",""Mobility"",""Mobility and Flexibility"",""Muscle Gain"",""Muscular Endurance"",""Posture Correction"",""Power"",""Rehabilitation"",""Rehabilitation and Joint Health"",""Shoulder Health"",""Shin Splint Relief"",""Sport Performance"",""Strength"",""Strength Preparation"",""Warm-up""]",Low,"[""Elbow"", ""Shoulder""]","[""Biceps tendonitis"", ""Anterior shoulder pain""]","Set a low cable pulley. Stand facing away from the machine, holding the handle. Step forward slightly so your arm is pulled behind your torso, stretching the bicep.","[""Keep your elbow locked in position behind your body."", ""Curl the handle forward and up toward your shoulder."", ""Squeeze the peak, then slowly let the cable pull your arm back to the stretched position.""]","[""Letting the elbow swing forward during the curl"", ""Using momentum"", ""Not getting a full stretch""]","[""Elbow stays back"", ""Squeeze the bicep"", ""Feel the stretch""]","Exhale while curling, inhale while extending.","[""Heavier Load"", ""Pause in the stretched position""]","[""Standard Cable Curl (facing machine)""]","[""Incline Dumbbell Curl"", ""Drag Curl""]",2.5,"[""SRC_ACSM_2026_RT""]",Reviewed,2026-07-27
EX0339,Incline Cable Curl,"[""Seated Incline Cable Curl""]",Resistance Training,Upper Body,Isolation,Elbow Flexion,Pull,Open Chain,Bilateral,"[""Cable Machine"", ""D-Handles"", ""Incline Bench""]",Anterior,"[""Biceps Brachii (Long Head Bias)""]","[""Brachialis""]","[""None""]","[""Sagittal""]","[""Elbow Flexion""]",Full,Constant,Lengthened,Low,Intermediate,2.5,2,1.5,1.5,2.5,2,4.5,"[""Athletic Performance"",""Balance"",""Conditioning"",""Coordination"",""Core Stability"",""Corrective Exercise"",""Fat Loss"",""Flexibility"",""General Fitness"",""Grip Strength"",""Gymnastics"",""Injury Prevention"",""Joint Health"",""Knee Health"",""Mobility"",""Mobility and Flexibility"",""Muscle Gain"",""Muscular Endurance"",""Posture Correction"",""Power"",""Rehabilitation"",""Rehabilitation and Joint Health"",""Shoulder Health"",""Shin Splint Relief"",""Sport Performance"",""Strength"",""Strength Preparation"",""Warm-up""]",Low,"[""Elbow"", ""Shoulder""]","[""Biceps tendonitis""]",Set an incline bench between two low cable pulleys. Grab a handle in each hand and sit back on the bench. Let your arms hang straight down and slightly back.,"[""Keep your elbows pinned in place."", ""Curl both handles up toward your shoulders simultaneously."", ""Slowly lower back down. The cables provide constant tension at the bottom stretch, unlike dumbbells.""]","[""Lifting the head/chest off the bench"", ""Swinging the elbows forward"", ""Rushing the eccentric phase""]","[""Keep elbows still"", ""Squeeze at the top"", ""Control the stretch""]","Exhale while curling, inhale while lowering.","[""Heavier Load"", ""Alternating Arms""]","[""Incline Dumbbell Curl"", ""Standard Cable Curl""]","[""Incline Dumbbell Curl"", ""Behind-the-Back Cable Curl""]",2.5,"[""SRC_ACSM_2026_RT""]",Reviewed,2026-07-27
EX0340,Cable Kickback,"[""Cable Triceps Kickback""]",Resistance Training,Upper Body,Isolation,Elbow Extension,Push,Open Chain,Unilateral,"[""Cable Machine""]",Anterior,"[""Triceps Brachii""]","[""Anconeus""]","[""Core"", ""Posterior Deltoid""]","[""Sagittal""]","[""Elbow Extension""]",Partial,Constant,Shortened,Low,Beginner,2,2,2,2,1.5,1.5,4,"[""Athletic Performance"",""Balance"",""Conditioning"",""Coordination"",""Core Stability"",""Corrective Exercise"",""Fat Loss"",""Flexibility"",""General Fitness"",""Grip Strength"",""Gymnastics"",""Injury Prevention"",""Joint Health"",""Knee Health"",""Mobility"",""Mobility and Flexibility"",""Muscle Gain"",""Muscular Endurance"",""Posture Correction"",""Power"",""Rehabilitation"",""Rehabilitation and Joint Health"",""Shoulder Health"",""Shin Splint Relief"",""Sport Performance"",""Strength"",""Strength Preparation"",""Warm-up""]",Low,"[""Elbow""]","[""Elbow tendinopathy""]",Set a cable pulley to waist/knee height. Hinge forward so your torso is nearly parallel to the floor. Grab the cable (no attachment needed) and pin your upper arm to your side.,"[""Keeping your upper arm completely still, extend your elbow backward until your arm is fully straight."", ""The cable provides tension at the peak contraction, unlike a dumbbell."", ""Slowly return to a 90-degree elbow bend.""]","[""Dropping the elbow"", ""Swinging the torso"", ""Using too much weight""]","[""Pin the elbow to the ribs"", ""Kick straight back"", ""Hold the squeeze""]","Exhale while kicking back, inhale while returning.","[""Heavier Load"", ""Pause Kickback""]","[""Dumbbell Kickback"", ""Lighter Load""]","[""Triceps Pushdown"", ""Dumbbell Triceps Kickback""]",2,"[""SRC_ACSM_2026_RT""]",Reviewed,2026-07-27
EX0341,Landmine RDL,"[""Landmine Romanian Deadlift""]",Resistance Training,Lower Body,Compound,Hinge,Pull,Closed Chain,Bilateral,"[""Barbell"", ""Landmine""]",Anterior,"[""Hamstrings"", ""Gluteus Maximus""]","[""Erector Spinae"", ""Adductor Magnus""]","[""Core"", ""Latissimus Dorsi""]","[""Sagittal""]","[""Hip Extension""]",Partial,Ascending,Lengthened,Moderate,Beginner,2.5,2.5,2.5,2.5,3,3.5,4,"[""Athletic Performance"",""Balance"",""Conditioning"",""Coordination"",""Core Stability"",""Corrective Exercise"",""Fat Loss"",""Flexibility"",""General Fitness"",""Grip Strength"",""Gymnastics"",""Injury Prevention"",""Joint Health"",""Knee Health"",""Mobility"",""Mobility and Flexibility"",""Muscle Gain"",""Muscular Endurance"",""Posture Correction"",""Power"",""Rehabilitation"",""Rehabilitation and Joint Health"",""Shoulder Health"",""Shin Splint Relief"",""Sport Performance"",""Strength"",""Strength Preparation"",""Warm-up""]",Low,"[""Lower Back""]","[""Acute low back pain""]","Stand facing the landmine. Hold the loaded end of the barbell with both hands, arms straight down in front of your hips.","[""Keep a slight bend in your knees."", ""Hinge at the hips, pushing your glutes backward and lowering the weight until you feel a deep stretch in the hamstrings."", ""The landmine arc naturally guides your hips back."", ""Drive your hips forward to stand up.""]","[""Squatting instead of hinging"", ""Rounding the lower back"", ""Pulling with the arms""]","[""Push hips back"", ""Keep the bar close"", ""Squeeze glutes at the top""]","Inhale while hinging back, exhale while standing up.","[""Heavier Load"", ""Single-Leg Landmine RDL""]","[""Dumbbell RDL"", ""Cable Pull-Through""]","[""Barbell RDL"", ""Cable Pull-Through""]",3,"[""SRC_NCSA_TECHNIQUE""]",Reviewed,2026-07-27
EX0342,Landmine Lateral Raise,"[""Single-Arm Landmine Raise""]",Resistance Training,Upper Body,Isolation,Vertical Push,Push,Open Chain,Unilateral,"[""Barbell"", ""Landmine""]",Lateral,"[""Lateral Deltoid""]","[""Anterior Deltoid"", ""Upper Trapezius""]","[""Core""]","[""Frontal""]","[""Shoulder Abduction""]",Full,Ascending,Mid-Range,Low,Intermediate,3,3,2.5,3,2,2.5,4,"[""Athletic Performance"",""Balance"",""Conditioning"",""Coordination"",""Core Stability"",""Corrective Exercise"",""Fat Loss"",""Flexibility"",""General Fitness"",""Grip Strength"",""Gymnastics"",""Injury Prevention"",""Joint Health"",""Knee Health"",""Mobility"",""Mobility and Flexibility"",""Muscle Gain"",""Muscular Endurance"",""Posture Correction"",""Power"",""Rehabilitation"",""Rehabilitation and Joint Health"",""Shoulder Health"",""Shin Splint Relief"",""Sport Performance"",""Strength"",""Strength Preparation"",""Warm-up""]",Low,"[""Shoulder""]","[""Shoulder impingement""]","Stand sideways to the landmine. Hold the end of the barbell with your outside hand, resting it across the front of your body near the opposite hip.","[""Keeping a slight bend in the elbow, raise the barbell out to the side and slightly forward, following the natural arc of the machine."", ""Raise until your arm is parallel to the floor."", ""Slowly lower it back down.""]","[""Using momentum from the legs"", ""Shrugging the traps excessively"", ""Bending the elbow too much""]","[""Sweep the weight out"", ""Control the arc"", ""Keep the shoulder down""]","Exhale while raising, inhale while lowering.","[""Heavier Load"", ""Pause at the top""]","[""Dumbbell Lateral Raise"", ""Lighter Load""]","[""Cable Lateral Raise"", ""Dumbbell Lateral Raise""]",3,"[""SRC_ACSM_2026_RT""]",Reviewed,2026-07-27
EX0343,Smith Machine Upright Row,"[""Guided Upright Row""]",Resistance Training,Upper Body,Compound,Vertical Pull,Pull,Open Chain,Bilateral,"[""Smith Machine""]",Anterior,"[""Lateral Deltoid"", ""Upper Trapezius""]","[""Anterior Deltoid"", ""Biceps Brachii""]","[""Core""]","[""Frontal"", ""Sagittal""]","[""Shoulder Abduction"", ""Elbow Flexion""]",Full,Machine Dependent,Mid-Range,Low,Intermediate,2,2,2,1.5,2,2.5,4,"[""Athletic Performance"",""Balance"",""Conditioning"",""Coordination"",""Core Stability"",""Corrective Exercise"",""Fat Loss"",""Flexibility"",""General Fitness"",""Grip Strength"",""Gymnastics"",""Injury Prevention"",""Joint Health"",""Knee Health"",""Mobility"",""Mobility and Flexibility"",""Muscle Gain"",""Muscular Endurance"",""Posture Correction"",""Power"",""Rehabilitation"",""Rehabilitation and Joint Health"",""Shoulder Health"",""Shin Splint Relief"",""Sport Performance"",""Strength"",""Strength Preparation"",""Warm-up""]",Moderate,"[""Shoulder"", ""Wrist""]","[""Shoulder impingement""]","Stand in the Smith machine, holding the bar with a pronated grip slightly narrower than shoulder-width.","[""Pull the bar straight up along the front of your body toward your chin."", ""Keep your elbows pointing up and out, ensuring they stay higher than your wrists."", ""Lower the bar back to the starting position.""]","[""Pulling the bar too high (above the collarbone) causing impingement"", ""Wrists higher than elbows"", ""Using leg drive""]","[""Lead with the elbows"", ""Stop at chest level"", ""Control the negative""]","Exhale while pulling up, inhale while lowering.","[""Heavier Load"", ""Wider Grip (more lateral delt)""]","[""Dumbbell Upright Row"", ""Cable Upright Row""]","[""Cable Upright Row"", ""Dumbbell Lateral Raise""]",3,"[""SRC_ACSM_2026_RT""]",Reviewed,2026-07-27
EX0344,Cable Upright Row (Rope),"[""Rope Upright Row""]",Resistance Training,Upper Body,Compound,Vertical Pull,Pull,Open Chain,Bilateral,"[""Cable Machine"", ""Rope Attachment""]",Anterior,"[""Lateral Deltoid"", ""Upper Trapezius""]","[""Anterior Deltoid"", ""Biceps Brachii""]","[""Core""]","[""Frontal"", ""Sagittal""]","[""Shoulder Abduction"", ""Elbow Flexion""]",Full,Constant,Mid-Range,Low,Beginner,2,2,2,1.5,2,2,4,"[""Athletic Performance"",""Balance"",""Conditioning"",""Coordination"",""Core Stability"",""Corrective Exercise"",""Fat Loss"",""Flexibility"",""General Fitness"",""Grip Strength"",""Gymnastics"",""Injury Prevention"",""Joint Health"",""Knee Health"",""Mobility"",""Mobility and Flexibility"",""Muscle Gain"",""Muscular Endurance"",""Posture Correction"",""Power"",""Rehabilitation"",""Rehabilitation and Joint Health"",""Shoulder Health"",""Shin Splint Relief"",""Sport Performance"",""Strength"",""Strength Preparation"",""Warm-up""]",Low,"[""Shoulder""]","[""None""]","Attach a rope to a low cable pulley. Stand facing the machine, holding an end of the rope in each hand.","[""Pull the rope straight up toward your upper chest, pulling your hands apart as you reach the top."", ""Keep your elbows higher than your wrists."", ""Slowly lower back down. The rope allows your wrists and shoulders to move more freely than a straight bar.""]","[""Not pulling the hands apart at the top"", ""Wrists higher than elbows"", ""Using momentum""]","[""Lead with elbows"", ""Pull apart at the top"", ""Control the weight""]","Exhale while pulling up, inhale while lowering.","[""Heavier Load"", ""Pause at the top""]","[""Lighter Load"", ""Dumbbell Lateral Raise""]","[""Dumbbell Upright Row"", ""Barbell Upright Row""]",2.5,"[""SRC_ACSM_2026_RT""]",Reviewed,2026-07-27
EX0345,Kneeling Squat,"[""Smith Machine Kneeling Squat"", ""Barbell Kneeling Squat""]",Resistance Training,Lower Body,Compound,Hip Extension,Push,Closed Chain,Bilateral,"[""Smith Machine or Barbell"", ""Knee Pad""]",Posterior,"[""Gluteus Maximus""]","[""Hamstrings""]","[""Core"", ""Erector Spinae""]","[""Sagittal""]","[""Hip Extension""]",Partial,Machine Dependent,Shortened,Moderate,Intermediate,2.5,3,3,2,2,2.5,4.5,"[""Athletic Performance"",""Balance"",""Conditioning"",""Coordination"",""Core Stability"",""Corrective Exercise"",""Fat Loss"",""Flexibility"",""General Fitness"",""Grip Strength"",""Gymnastics"",""Injury Prevention"",""Joint Health"",""Knee Health"",""Mobility"",""Mobility and Flexibility"",""Muscle Gain"",""Muscular Endurance"",""Posture Correction"",""Power"",""Rehabilitation"",""Rehabilitation and Joint Health"",""Shoulder Health"",""Shin Splint Relief"",""Sport Performance"",""Strength"",""Strength Preparation"",""Warm-up""]",Low,"[""Knee"", ""Lower Back""]","[""Knee bursitis"", ""Severe knee pain""]",Place a thick pad on the floor under a Smith machine or barbell. Kneel on the pad and position the bar across your upper back.,"[""Sit your hips back toward your heels as far as comfortable."", ""Drive your hips forward to push the bar up, returning to a tall kneeling position."", ""Squeeze your glutes hard at the top.""]","[""Hyperextending the lower back at the top"", ""Leaning too far forward"", ""Not using a thick enough pad and hurting the knees""]","[""Sit back, drive forward"", ""Squeeze the glutes"", ""Keep chest up""]","Inhale while sitting back, exhale while driving forward.","[""Heavier Load"", ""Band-Resisted Kneeling Squat""]","[""Bodyweight Kneeling Squat"", ""Glute Bridge""]","[""Barbell Hip Thrust"", ""Cable Pull-Through""]",3,"[""SRC_ACSM_2026_RT""]",Reviewed,2026-07-27
EX0346,Prone Incline Barbell Row,"[""Chest-Supported BB Row""]",Resistance Training,Upper Body,Compound,Horizontal Pull,Pull,Open Chain,Bilateral,"[""Barbell"", ""High Incline Bench""]",Anterior,"[""Latissimus Dorsi"", ""Rhomboids"", ""Middle Trapezius""]","[""Posterior Deltoid"", ""Biceps Brachii""]","[""None""]","[""Sagittal"", ""Transverse""]","[""Shoulder Extension"", ""Elbow Flexion"", ""Scapular Retraction""]",Full,Ascending,Shortened,Low,Intermediate,2,1.5,1,2,1.5,2.5,4.5,"[""Athletic Performance"",""Balance"",""Conditioning"",""Coordination"",""Core Stability"",""Corrective Exercise"",""Fat Loss"",""Flexibility"",""General Fitness"",""Grip Strength"",""Gymnastics"",""Injury Prevention"",""Joint Health"",""Knee Health"",""Mobility"",""Mobility and Flexibility"",""Muscle Gain"",""Muscular Endurance"",""Posture Correction"",""Power"",""Rehabilitation"",""Rehabilitation and Joint Health"",""Shoulder Health"",""Shin Splint Relief"",""Sport Performance"",""Strength"",""Strength Preparation"",""Warm-up""]",Low,"[""Shoulder"", ""Elbow""]","[""Rib injury""]",Set a bench to a low/moderate incline on blocks so a barbell can slide under it. Lie face down with your chest supported. Grab the barbell with an overhand grip.,"[""Pull the barbell straight up toward the underside of the bench by driving your elbows back."", ""Squeeze your shoulder blades together at the top."", ""Lower the bar back to a full dead hang without letting it touch the floor.""]","[""Lifting the chest off the bench"", ""Using momentum"", ""Shortening the range of motion""]","[""Chest glued to the bench"", ""Squeeze the upper back"", ""Full stretch at the bottom""]","Exhale while rowing, inhale while lowering.","[""Pause Reps"", ""Heavier Load""]","[""Chest-Supported Dumbbell Row""]","[""Seal Row"", ""Pendlay Row""]",3,"[""SRC_NCSA_TECHNIQUE""]",Reviewed,2026-07-27
EX0347,Incline Cable Triceps Extension,"[""High Incline Triceps Extension""]",Resistance Training,Upper Body,Isolation,Elbow Extension,Push,Open Chain,Bilateral,"[""Cable Machine"", ""Straight Bar or EZ-Bar"", ""Incline Bench""]",Overhead,"[""Triceps Brachii""]","[""Anconeus""]","[""Core""]","[""Sagittal""]","[""Elbow Extension""]",Full,Constant,Lengthened,Low,Intermediate,2.5,2,1.5,1.5,2,2,4.5,"[""Athletic Performance"",""Balance"",""Conditioning"",""Coordination"",""Core Stability"",""Corrective Exercise"",""Fat Loss"",""Flexibility"",""General Fitness"",""Grip Strength"",""Gymnastics"",""Injury Prevention"",""Joint Health"",""Knee Health"",""Mobility"",""Mobility and Flexibility"",""Muscle Gain"",""Muscular Endurance"",""Posture Correction"",""Power"",""Rehabilitation"",""Rehabilitation and Joint Health"",""Shoulder Health"",""Shin Splint Relief"",""Sport Performance"",""Strength"",""Strength Preparation"",""Warm-up""]",Low,"[""Elbow"", ""Shoulder""]","[""Elbow tendinopathy""]","Set a bench to a high incline facing away from a low cable pulley. Grab the bar, sit on the bench, and let the cable pull your arms back over your head.","[""Keep your upper arms pointing toward the ceiling and stationary."", ""Extend your elbows to press the bar straight up."", ""Slowly lower the bar back behind your head, feeling a deep stretch in the triceps.""]","[""Moving the upper arms (turning it into a press)"", ""Flaring elbows"", ""Not getting a full stretch""]","[""Elbows to the ceiling"", ""Lock it out"", ""Control the stretch""]","Exhale while extending, inhale while lowering.","[""Heavier Load"", ""Pause Reps""]","[""Flat Cable Triceps Extension"", ""Dumbbell Overhead Extension""]","[""Skull Crusher"", ""Overhead Cable Extension (Standing)""]",2.5,"[""SRC_ACSM_2026_RT""]",Reviewed,2026-07-27
EX0348,Single-Arm Reverse Grip Triceps Pushdown,"[""Underhand One-Arm Pushdown""]",Resistance Training,Upper Body,Isolation,Elbow Extension,Push,Open Chain,Unilateral,"[""Cable Machine"", ""D-Handle""]",Anterior,"[""Triceps Brachii (Medial/Lateral Head)""]","[""Anconeus""]","[""Core"", ""Latissimus Dorsi""]","[""Sagittal""]","[""Elbow Extension""]",Full,Constant,Shortened,Low,Intermediate,2,2,2,2,1.5,1.5,4,"[""Athletic Performance"",""Balance"",""Conditioning"",""Coordination"",""Core Stability"",""Corrective Exercise"",""Fat Loss"",""Flexibility"",""General Fitness"",""Grip Strength"",""Gymnastics"",""Injury Prevention"",""Joint Health"",""Knee Health"",""Mobility"",""Mobility and Flexibility"",""Muscle Gain"",""Muscular Endurance"",""Posture Correction"",""Power"",""Rehabilitation"",""Rehabilitation and Joint Health"",""Shoulder Health"",""Shin Splint Relief"",""Sport Performance"",""Strength"",""Strength Preparation"",""Warm-up""]",Low,"[""Elbow"", ""Wrist""]","[""Wrist pain""]",Attach a D-handle to a high pulley. Grab it with a supinated (underhand) grip. Stand facing the machine.,"[""Pin your elbow to your side."", ""Push the handle straight down until your arm is fully extended."", ""Squeeze the triceps, then slowly return to the starting position without letting the elbow drift forward.""]","[""Flaring the elbow"", ""Using body weight to push down"", ""Letting the wrist bend backward""]","[""Elbow tight to the ribs"", ""Isolate the triceps"", ""Control the return""]","Exhale while pushing down, inhale while returning.","[""Heavier Load"", ""Pause at the bottom""]","[""Bilateral Reverse Grip Pushdown"", ""Overhand Grip""]","[""Triceps Pushdown"", ""Cable Kickback""]",2,"[""SRC_ACSM_2026_RT""]",Reviewed,2026-07-27
EX0349,Decline Dumbbell Pullover,"[""Decline Pullover""]",Resistance Training,Upper Body,Compound,Vertical Pull,Pull,Open Chain,Bilateral,"[""Dumbbell"", ""Decline Bench""]",Overhead,"[""Latissimus Dorsi""]","[""Pectoralis Major"", ""Serratus Anterior""]","[""Core""]","[""Sagittal""]","[""Shoulder Extension""]",Full,Ascending,Lengthened,Low,Intermediate,3,2.5,2.5,2.5,2.5,2.5,4,"[""Athletic Performance"",""Balance"",""Conditioning"",""Coordination"",""Core Stability"",""Corrective Exercise"",""Fat Loss"",""Flexibility"",""General Fitness"",""Grip Strength"",""Gymnastics"",""Injury Prevention"",""Joint Health"",""Knee Health"",""Mobility"",""Mobility and Flexibility"",""Muscle Gain"",""Muscular Endurance"",""Posture Correction"",""Power"",""Rehabilitation"",""Rehabilitation and Joint Health"",""Shoulder Health"",""Shin Splint Relief"",""Sport Performance"",""Strength"",""Strength Preparation"",""Warm-up""]",Moderate,"[""Shoulder"", ""Lower Back""]","[""Shoulder impingement"", ""Glaucoma""]","Secure your legs on a decline bench and lie back, holding a dumbbell with both hands straight over your chest.","[""Keeping a slight bend in your elbows, slowly lower the dumbbell behind your head."", ""The decline angle increases the stretch on the lats at the bottom of the movement compared to a flat bench."", ""Pull the dumbbell back over your chest.""]","[""Bending the elbows too much"", ""Going too heavy and straining the shoulders"", ""Lifting the head off the bench""]","[""Keep elbows fixed"", ""Feel the deep lat stretch"", ""Pull with the back""]","Inhale while lowering, exhale while pulling back.","[""Heavier Load"", ""Decline Barbell Pullover""]","[""Flat Dumbbell Pullover"", ""Lighter Load""]","[""Flat Dumbbell Pullover"", ""Straight-Arm Cable Pulldown""]",3,"[""SRC_NCSA_TECHNIQUE""]",Reviewed,2026-07-27
EX0350,Neck Harness Extension,"[""Weighted Neck Extension""]",Resistance Training,Upper Body,Isolation,Spinal Extension,Pull,Open Chain,Bilateral,"[""Neck Harness"", ""Weight Plates""]",Posterior,"[""Splenius Capitis"", ""Upper Trapezius"", ""Erector Spinae (Cervical)""]","[""Levator Scapulae""]","[""None""]","[""Sagittal""]","[""Cervical Extension""]",Partial,Ascending,Shortened,Low,Intermediate,2,1.5,1.5,2,1.5,1.5,4,"[""Athletic Performance"",""Balance"",""Conditioning"",""Coordination"",""Core Stability"",""Corrective Exercise"",""Fat Loss"",""Flexibility"",""General Fitness"",""Grip Strength"",""Gymnastics"",""Injury Prevention"",""Joint Health"",""Knee Health"",""Mobility"",""Mobility and Flexibility"",""Muscle Gain"",""Muscular Endurance"",""Posture Correction"",""Power"",""Rehabilitation"",""Rehabilitation and Joint Health"",""Shoulder Health"",""Shin Splint Relief"",""Sport Performance"",""Strength"",""Strength Preparation"",""Warm-up""]",High,"[""Cervical Spine""]","[""Cervical disc herniation"", ""Neck pain/spasm""]","Attach a weight plate to a neck harness and put the harness on your head. Sit on a bench, leaning your torso forward so it rests on your thighs.","[""Let the weight pull your head down toward your chest, stretching the back of your neck."", ""Slowly extend your neck, lifting your head up and back to look straight ahead."", ""Hold the squeeze, then control the weight back down.""]","[""Using jerky movements"", ""Going too heavy"", ""Overextending the neck past a natural range""]","[""Smooth and controlled"", ""Look up slowly"", ""Don't rush""]","Exhale while extending up, inhale while lowering.","[""Slightly Heavier Load (micro-loading)""]","[""Plate Neck Extension (lying)"", ""Isometric Holds""]","[""Plate Neck Extension"", ""Isometric Neck Extension""]",2,"[""SRC_NCSA_TECHNIQUE""]",Reviewed,2026-07-27
