user_id,username,gender,age,height_cm,weight_kg,body_fat_percent,bmi,primary_goal,goal_filter_tags,secondary_goal,training_level,training_experience_months,training_days_per_week,session_duration_minutes,available_training_days,available_equipment,priority_muscles,avoided_muscles,preferred_exercise_types,avoided_exercise_ids,injuries_or_limitations,medical_clearance_required,preferred_split,activity_level,sleep_hours,motivation_level,gym_access_level,progression_strategy,profile_status,created_at,updated_at
U000001,quang001,Male,35,166,72.1,23.2,26.16,Muscle Gain,"[""Muscle Gain""]",General Fitness,Intermediate,32,3,70,"[""Thursday"", ""Saturday"", ""Sunday""]","[""Dumbbell"",""Chest Press Machine""]",[],[],"[""Cable"", ""Machine""]",[],[],No,Full Body,Extremely Active,8.1,High,Commercial Gym,RPE-Based,Active,2026-07-24,2026-07-26
U000002,mai002,Female,20,176,85,32.1,27.44,Strength,"[""Strength"",""Strength Preparation"",""Grip Strength""]",Muscle Gain,Intermediate,13,2,75,"[""Monday"", ""Saturday""]","[""Chest Press Machine"",""Power Rack"",""Lat Pulldown Machine""]","[""Pectoralis Major""]",[],"[""Machine""]",[],[],No,Push Pull Legs,Very Active,6.7,Moderate,Commercial Gym,Linear Progression,Active,2026-07-20,2026-07-23
U000003,kai003,Other,35,179,90.4,36.5,28.21,Fat Loss,"[""Fat Loss"",""Conditioning"",""General Fitness""]",Strength,Advanced,74,3,50,"[""Tuesday"", ""Wednesday"", ""Friday""]","[""Bench"",""Dumbbell"",""Cable Machine"",""Pull-up Bar"",""Power Rack""]","[""Posterior Deltoid""]",[],"[""Cable"", ""Bodyweight""]",[],[],No,Body Part Split,Moderately Active,6.6,High,Limited Gym,Linear Progression,Active,2026-07-15,2026-07-28
U000004,alex004,Prefer not to say,18,157,54.4,25.2,22.07,Strength,"[""Strength"",""Strength Preparation"",""Grip Strength""]",Athletic Performance,Advanced,44,6,50,"[""Monday"", ""Tuesday"", ""Thursday"", ""Friday"", ""Saturday"", ""Sunday""]","[""Resistance Band"",""Bodyweight"",""Pull-up Bar"",""Dumbbell"",""Mat""]","[""Hamstrings""]",[],"[""Resistance Band"", ""Bodyweight""]",[],[],No,Chest Back Legs,Moderately Active,6.8,Moderate,Home Gym,Double Progression,Active,2026-07-25,2026-07-28
U000005,son005,Male,34,165,69.4,22.2,25.49,General Fitness,"[""General Fitness"",""Conditioning"",""Coordination"",""Balance"",""Core Stability""]",Muscular Endurance,Beginner,11,2,60,"[""Tuesday"", ""Sunday""]","[""Hack Squat Machine"",""Barbell""]",[],[],"[""Cable"", ""Machine""]",[],[],No,Auto,Moderately Active,8.2,High,Commercial Gym,Linear Progression,Active,2026-07-06,2026-07-27
U000006,vy006,Female,35,171,71.4,32,24.42,General Fitness,"[""General Fitness"",""Conditioning"",""Coordination"",""Balance"",""Core Stability""]",Muscular Endurance,Beginner,9,6,75,"[""Tuesday"", ""Wednesday"", ""Thursday"", ""Friday"", ""Saturday"", ""Sunday""]","[""Barbell"",""Chest Press Machine"",""Bench"",""Seated Leg Curl Machine""]",[],[],"[""Cable"", ""Free Weight""]",[],[],No,Upper Lower,Moderately Active,7.9,High,Commercial Gym,Auto,Active,2026-07-06,2026-07-19
U000007,taylor007,Other,53,166,91.6,45,33.24,Fat Loss,"[""Fat Loss"",""Conditioning"",""General Fitness""]",Muscle Gain,Intermediate,30,3,40,"[""Tuesday"", ""Wednesday"", ""Saturday""]","[""Seated Leg Curl Machine"",""Shoulder Press Machine"",""Bodyweight""]",[],[],"[""Free Weight"", ""Cable""]",[],[],No,Upper Lower,Extremely Active,8,Moderate,Commercial Gym,RPE-Based,Active,2026-07-19,2026-07-28
U000008,river008,Prefer not to say,26,182,105.3,38.7,31.79,Fat Loss,"[""Fat Loss"",""Conditioning"",""General Fitness""]",General Fitness,Intermediate,23,6,30,"[""Monday"", ""Wednesday"", ""Thursday"", ""Friday"", ""Saturday"", ""Sunday""]","[""Dumbbell"",""Pull-up Bar"",""Cable Machine""]","[""Hamstrings"",""Latissimus Dorsi""]",[],"[""Cable""]",[],[],No,Full Body,Lightly Active,8.1,Moderate,Limited Gym,Double Progression,Active,2026-07-21,2026-07-28
U000009,khoa009,Male,25,183,111.1,29.4,33.18,Fat Loss,"[""Fat Loss"",""Conditioning"",""General Fitness""]",Rehabilitation and Joint Health,Advanced,70,5,50,"[""Monday"", ""Tuesday"", ""Wednesday"", ""Friday"", ""Sunday""]","[""Leg Press Machine"",""Cable Machine"",""Chest Press Machine""]",[],[],"[""Free Weight"", ""Machine""]",[],[],No,Push Pull Legs,Very Active,6.5,Moderate,Commercial Gym,RPE-Based,Active,2026-07-24,2026-07-25
U000010,vinh010,Male,38,164,78.7,27.7,29.26,Rehabilitation and Joint Health,"[""Rehabilitation"",""Joint Health"",""Injury Prevention"",""Knee Health"",""Shoulder Health"",""Shin Splint Relief""]",Mobility and Flexibility,Intermediate,24,4,75,"[""Wednesday"", ""Thursday"", ""Friday"", ""Saturday""]","[""Bodyweight"",""Resistance Band"",""Bench"",""Cable Machine""]",[],[],"[""Free Weight"", ""Bodyweight""]",[],"[""Occasional lower back discomfort""]",Yes,Auto,Lightly Active,5.9,Moderate,Limited Gym,RPE-Based,Active,2026-07-26,2026-07-27
U000011,tram011,Female,37,165,77.7,37.4,28.54,Strength,"[""Strength"",""Strength Preparation"",""Grip Strength""]",Muscle Gain,Advanced,78,6,60,"[""Monday"", ""Tuesday"", ""Thursday"", ""Friday"", ""Saturday"", ""Sunday""]","[""Bench"",""Power Rack"",""Pull-up Bar"",""Resistance Band""]",[],"[""Quadriceps""]","[""Bodyweight""]",[],[],No,Body Part Split,Extremely Active,7.2,High,Limited Gym,Linear Progression,Active,2026-07-03,2026-07-25
U000012,bao012,Male,28,162,86.1,29.6,32.81,Fat Loss,"[""Fat Loss"",""Conditioning"",""General Fitness""]",General Fitness,Intermediate,29,3,75,"[""Tuesday"", ""Wednesday"", ""Saturday""]","[""Power Rack"",""Cable Machine"",""Barbell""]","[""Anterior Deltoid""]","[""Rhomboids""]","[""Cable""]",[],"[""Wrist discomfort during pressing""]",Yes,Push Pull Legs,Moderately Active,6.1,High,Limited Gym,Linear Progression,Active,2026-07-08,2026-07-11
U000013,han013,Female,39,164,65.8,32.9,24.46,Muscular Endurance,"[""Muscular Endurance"",""Conditioning""]",Mobility and Flexibility,Advanced,81,6,90,"[""Monday"", ""Tuesday"", ""Thursday"", ""Friday"", ""Saturday"", ""Sunday""]","[""Chest Press Machine"",""Shoulder Press Machine"",""Row Machine""]",[],[],"[""Free Weight""]",[],[],No,Upper Lower,Very Active,6.2,High,Commercial Gym,RPE-Based,Active,2026-07-01,2026-07-20
U000014,tuan014,Male,19,168,75.1,20.1,26.61,Muscular Endurance,"[""Muscular Endurance"",""Conditioning""]",Rehabilitation and Joint Health,Advanced,88,3,90,"[""Wednesday"", ""Friday"", ""Saturday""]","[""Pull-up Bar"",""Kettlebell"",""Dumbbells""]","[""Obliques""]",[],"[""Bodyweight""]",[],[],No,Chest Back Legs,Moderately Active,6.1,Low,Home Gym,Linear Progression,Active,2026-07-19,2026-07-22
U000015,alex015,Other,34,179,87.6,35.2,27.34,Fat Loss,"[""Fat Loss"",""Conditioning"",""General Fitness""]",General Fitness,Intermediate,22,6,50,"[""Monday"", ""Tuesday"", ""Wednesday"", ""Thursday"", ""Friday"", ""Saturday""]","[""Pull-up Bar"",""Adjustable Bench"",""Bodyweight""]",[],[],"[""Resistance Band"", ""Bodyweight""]",[],[],No,Chest Back Legs,Lightly Active,8,High,Home Gym,Double Progression,Active,2026-07-19,2026-07-21
U000016,khoa016,Male,21,188,67.6,11.6,19.13,Muscle Gain,"[""Muscle Gain""]",Strength,Beginner,1,5,90,"[""Wednesday"", ""Thursday"", ""Friday"", ""Saturday"", ""Sunday""]","[""Bench"",""Cable Machine"",""Power Rack""]",[],[],"[""Cable""]",[],[],No,Upper Lower,Sedentary,5.8,High,Limited Gym,Linear Progression,Active,2026-07-18,2026-07-22
U000017,long017,Male,29,185,89.3,21.8,26.09,Strength,"[""Strength"",""Strength Preparation"",""Grip Strength""]",Athletic Performance,Beginner,6,4,70,"[""Wednesday"", ""Friday"", ""Saturday"", ""Sunday""]","[""Cable Machine"",""Bodyweight"",""Barbell""]",[],[],"[""Free Weight""]",[],[],No,Auto,Lightly Active,6.4,High,Limited Gym,Double Progression,Active,2026-07-08,2026-07-18
U000018,vy018,Female,20,166,64.8,27.4,23.52,General Fitness,"[""General Fitness"",""Conditioning"",""Coordination"",""Balance"",""Core Stability""]",Mobility and Flexibility,Advanced,72,2,75,"[""Tuesday"", ""Thursday""]","[""Barbell"",""Cable Machine"",""Pull-up Bar"",""Bodyweight""]",[],[],"[""Cable"", ""Bodyweight""]",[],[],No,Chest Back Legs,Sedentary,5.6,Moderate,Limited Gym,RPE-Based,Active,2026-07-18,2026-07-25
U000019,phuc019,Male,18,188,87.1,17.5,24.64,Muscle Gain,"[""Muscle Gain""]",Mobility and Flexibility,Beginner,11,6,30,"[""Monday"", ""Tuesday"", ""Wednesday"", ""Thursday"", ""Friday"", ""Saturday""]","[""Barbell"",""Power Rack"",""Pull-up Bar"",""Bodyweight""]",[],[],"[""Bodyweight""]",[],[],No,Auto,Lightly Active,7.6,High,Limited Gym,Double Progression,Active,2026-07-07,2026-07-17
U000020,khoa020,Male,27,167,75.9,22.7,27.22,Fat Loss,"[""Fat Loss"",""Conditioning"",""General Fitness""]",Muscular Endurance,Beginner,5,5,70,"[""Tuesday"", ""Wednesday"", ""Thursday"", ""Friday"", ""Saturday""]","[""Pull-up Bar"",""Bodyweight"",""Resistance Band""]",[],[],"[""Free Weight"", ""Bodyweight""]",[],[],No,Upper Lower,Moderately Active,6.7,Low,Limited Gym,Auto,Active,2026-07-05,2026-07-10
U000021,tram021,Female,27,177,87.1,34.2,27.8,Athletic Performance,"[""Athletic Performance"",""Sport Performance"",""Power"",""Coordination"",""Balance""]",Mobility and Flexibility,Advanced,74,5,90,"[""Tuesday"", ""Wednesday"", ""Friday"", ""Saturday"", ""Sunday""]","[""Lat Pulldown Machine"",""Bench"",""Seated Leg Curl Machine"",""Power Rack""]",[],[],"[""Free Weight"", ""Cable""]",[],[],No,Upper Lower,Very Active,6.3,Moderate,Commercial Gym,Linear Progression,Active,2026-07-15,2026-07-19
U000022,trang022,Female,30,167,69.8,31.5,25.03,Muscle Gain,"[""Muscle Gain""]",Athletic Performance,Advanced,78,6,45,"[""Monday"", ""Wednesday"", ""Thursday"", ""Friday"", ""Saturday"", ""Sunday""]","[""Barbell"",""Bodyweight"",""Dumbbell"",""Pull-up Bar""]","[""Pectoralis Major"",""Latissimus Dorsi""]",[],"[""Cable"", ""Bodyweight""]",[],[],No,Chest Back Legs,Very Active,6.6,Moderate,Limited Gym,Double Progression,Active,2026-07-26,2026-07-26
U000023,kai023,Other,29,165,65.5,30.1,24.06,Athletic Performance,"[""Athletic Performance"",""Sport Performance"",""Power"",""Coordination"",""Balance""]",General Fitness,Beginner,3,3,50,"[""Tuesday"", ""Saturday"", ""Sunday""]","[""Barbell"",""Row Machine"",""Leg Press Machine""]","[""Quadriceps""]",[],"[""Machine""]",[],"[""Limited ankle mobility""]",No,Upper Lower,Moderately Active,6.5,Low,Commercial Gym,Double Progression,Active,2026-07-15,2026-07-22
U000024,mai024,Female,53,163,52.8,30.6,19.87,Muscular Endurance,"[""Muscular Endurance"",""Conditioning""]",Fat Loss,Intermediate,26,4,60,"[""Monday"", ""Tuesday"", ""Wednesday"", ""Friday""]","[""Pull-up Bar"",""Mat"",""Dumbbell""]","[""Hamstrings""]",[],"[""Resistance Band""]",[],"[""Limited ankle mobility""]",Yes,Chest Back Legs,Lightly Active,7.5,High,Home Gym,RPE-Based,Active,2026-07-25,2026-07-25
U000025,khoa025,Male,23,177,78.3,19.1,24.99,Strength,"[""Strength"",""Strength Preparation"",""Grip Strength""]",Athletic Performance,Advanced,91,2,75,"[""Wednesday"", ""Saturday""]","[""Bodyweight"",""Resistance Band"",""Cable Machine""]",[],[],"[""Free Weight""]",[],[],No,Push Pull Legs,Moderately Active,8.7,High,Limited Gym,Double Progression,Active,2026-07-03,2026-07-24
U000026,phuc026,Male,20,176,78.7,18.9,25.41,General Fitness,"[""General Fitness"",""Conditioning"",""Coordination"",""Balance"",""Core Stability""]",Fat Loss,Advanced,94,5,50,"[""Monday"", ""Thursday"", ""Friday"", ""Saturday"", ""Sunday""]","[""Barbell"",""Bodyweight""]","[""Triceps Brachii"",""Biceps Brachii""]","[""Rectus Abdominis""]","[""Machine""]",[],[],No,Chest Back Legs,Lightly Active,5.9,High,Commercial Gym,Double Progression,Active,2026-07-08,2026-07-11
U000027,mai027,Female,35,152,46,26.5,19.91,Muscle Gain,"[""Muscle Gain""]",Rehabilitation and Joint Health,Intermediate,28,4,40,"[""Monday"", ""Thursday"", ""Saturday"", ""Sunday""]","[""Pull-up Bar"",""Resistance Band"",""Bench""]",[],[],"[""Free Weight"", ""Bodyweight""]",[],[],No,Chest Back Legs,Moderately Active,6.6,High,Limited Gym,Double Progression,Active,2026-07-19,2026-07-28
U000028,alex028,Prefer not to say,32,159,55.5,28.3,21.95,Mobility and Flexibility,"[""Mobility"",""Flexibility"",""Warm-up"",""Corrective Exercise"",""Posture Correction""]",Rehabilitation and Joint Health,Beginner,0,4,60,"[""Monday"", ""Tuesday"", ""Saturday"", ""Sunday""]","[""Dumbbells"",""Mat"",""Kettlebell""]",[],[],"[""Resistance Band""]",[],[],No,Auto,Moderately Active,7.8,High,Home Gym,Linear Progression,Active,2026-07-22,2026-07-27
U000029,trang029,Female,27,158,49,24.4,19.63,Mobility and Flexibility,"[""Mobility"",""Flexibility"",""Warm-up"",""Corrective Exercise"",""Posture Correction""]",Strength,Intermediate,33,4,30,"[""Tuesday"", ""Wednesday"", ""Thursday"", ""Sunday""]","[""Shoulder Press Machine"",""Bodyweight"",""Power Rack"",""Seated Leg Curl Machine""]",[],[],"[""Machine"", ""Free Weight""]",[],[],No,Chest Back Legs,Very Active,8.7,High,Commercial Gym,Double Progression,Active,2026-07-13,2026-07-19
U000030,ngoc030,Female,35,174,66.5,29,21.96,Muscle Gain,"[""Muscle Gain""]",General Fitness,Beginner,8,2,90,"[""Monday"", ""Saturday""]","[""Wall"",""Floor"",""Mat""]","[""Hip Flexors""]",[],"[""Mobility""]",[],[],No,Auto,Lightly Active,7.5,High,Bodyweight Only,Auto,Active,2026-07-19,2026-07-25
U000031,quang031,Male,18,179,60.9,10.8,19.01,General Fitness,"[""General Fitness"",""Conditioning"",""Coordination"",""Balance"",""Core Stability""]",Rehabilitation and Joint Health,Intermediate,27,3,45,"[""Tuesday"", ""Saturday"", ""Sunday""]","[""Dumbbell"",""Lat Pulldown Machine""]","[""Quadriceps"",""Pectoralis Major""]",[],"[""Free Weight"", ""Cable""]",[],[],No,Chest Back Legs,Extremely Active,7.4,High,Commercial Gym,Linear Progression,Active,2026-07-10,2026-07-28
U000032,vinh032,Male,38,170,77.1,24.6,26.68,Fat Loss,"[""Fat Loss"",""Conditioning"",""General Fitness""]",Muscle Gain,Advanced,41,3,75,"[""Wednesday"", ""Thursday"", ""Friday""]","[""Pull-up Bar"",""Bodyweight"",""Mat""]","[""Hamstrings""]",[],"[""Bodyweight"", ""Dumbbell""]",[],[],No,Upper Lower,Lightly Active,5.5,Low,Home Gym,RPE-Based,Active,2026-07-14,2026-07-24
U000033,my033,Female,21,166,73.6,31.5,26.71,Fat Loss,"[""Fat Loss"",""Conditioning"",""General Fitness""]",Muscular Endurance,Intermediate,23,3,75,"[""Tuesday"", ""Wednesday"", ""Thursday""]","[""Adjustable Bench"",""Dumbbells""]",[],[],"[""Dumbbell""]",[],[],No,Upper Lower,Very Active,8.4,Low,Home Gym,RPE-Based,Active,2026-07-09,2026-07-28
U000034,river034,Other,37,175,67.3,29.5,21.98,Mobility and Flexibility,"[""Mobility"",""Flexibility"",""Warm-up"",""Corrective Exercise"",""Posture Correction""]",Rehabilitation and Joint Health,Advanced,71,6,70,"[""Monday"", ""Tuesday"", ""Wednesday"", ""Thursday"", ""Saturday"", ""Sunday""]","[""Power Rack"",""Chest Press Machine"",""Seated Leg Curl Machine"",""Dumbbell""]",[],[],"[""Free Weight""]",[],[],No,Push Pull Legs,Lightly Active,7.8,Moderate,Commercial Gym,RPE-Based,Active,2026-07-21,2026-07-27
U000035,thao035,Female,21,161,66.5,30.2,25.65,Muscle Gain,"[""Muscle Gain""]",Muscular Endurance,Intermediate,20,2,45,"[""Wednesday"", ""Thursday""]","[""Bench"",""Seated Leg Curl Machine""]",[],[],"[""Machine""]",[],[],No,Upper Lower,Moderately Active,6.1,Moderate,Commercial Gym,RPE-Based,Active,2026-07-13,2026-07-19
U000036,duc036,Male,31,179,83.9,22.4,26.19,Strength,"[""Strength"",""Strength Preparation"",""Grip Strength""]",Muscle Gain,Beginner,5,4,90,"[""Monday"", ""Tuesday"", ""Thursday"", ""Sunday""]","[""Chest Press Machine"",""Bodyweight"",""Leg Press Machine"",""Barbell"",""Lat Pulldown Machine""]",[],[],"[""Cable""]","[""EX0048""]","[""Mild shoulder discomfort""]",No,Upper Lower,Lightly Active,8,Moderate,Commercial Gym,Auto,Active,2026-07-04,2026-07-24
U000037,mai037,Female,21,155,51.4,25.1,21.39,Muscle Gain,"[""Muscle Gain""]",Mobility and Flexibility,Intermediate,31,2,60,"[""Monday"", ""Friday""]","[""Lat Pulldown Machine"",""Leg Press Machine"",""Barbell"",""Chest Press Machine""]",[],"[""Rectus Abdominis""]","[""Machine"", ""Cable""]",[],[],No,Full Body,Lightly Active,6.1,High,Commercial Gym,Double Progression,Active,2026-07-07,2026-07-20
U000038,minh038,Male,28,161,57.4,16.8,22.14,Strength,"[""Strength"",""Strength Preparation"",""Grip Strength""]",Rehabilitation and Joint Health,Advanced,82,6,60,"[""Monday"", ""Tuesday"", ""Wednesday"", ""Friday"", ""Saturday"", ""Sunday""]","[""Mat"",""Bodyweight""]",[],[],"[""Bodyweight"", ""Mobility""]",[],"[""Occasional lower back discomfort""]",Yes,Body Part Split,Lightly Active,8.7,High,Bodyweight Only,Double Progression,Inactive,2026-07-13,2026-07-28
U000039,thao039,Female,21,158,53.9,25.3,21.59,Mobility and Flexibility,"[""Mobility"",""Flexibility"",""Warm-up"",""Corrective Exercise"",""Posture Correction""]",Rehabilitation and Joint Health,Advanced,43,4,30,"[""Tuesday"", ""Wednesday"", ""Saturday"", ""Sunday""]","[""Power Rack"",""Pull-up Bar"",""Bench"",""Bodyweight""]","[""Pectoralis Major""]",[],"[""Cable""]",[],[],No,Chest Back Legs,Very Active,5.7,Moderate,Limited Gym,Double Progression,Incomplete,2026-07-17,2026-07-20
U000040,vinh040,Male,22,187,76.4,15.1,21.85,Rehabilitation and Joint Health,"[""Rehabilitation"",""Joint Health"",""Injury Prevention"",""Knee Health"",""Shoulder Health"",""Shin Splint Relief""]",Muscle Gain,Intermediate,28,4,70,"[""Monday"", ""Tuesday"", ""Saturday"", ""Sunday""]","[""Dumbbell"",""Barbell"",""Pull-up Bar"",""Power Rack"",""Resistance Band""]","[""Rhomboids""]","[""Hamstrings""]","[""Bodyweight"", ""Cable""]",[],"[""Occasional lower back discomfort""]",Yes,Chest Back Legs,Moderately Active,6.8,Moderate,Limited Gym,Double Progression,Active,2026-07-05,2026-07-13
U000041,kai041,Other,35,181,84.1,33.5,25.67,Muscular Endurance,"[""Muscular Endurance"",""Conditioning""]",Fat Loss,Advanced,50,2,75,"[""Friday"", ""Sunday""]","[""Shoulder Press Machine"",""Lat Pulldown Machine""]",[],[],"[""Machine"", ""Free Weight""]",[],[],No,Body Part Split,Very Active,7.6,Moderate,Commercial Gym,Linear Progression,Active,2026-07-13,2026-07-23
U000042,phuc042,Male,36,185,73.2,17.7,21.39,General Fitness,"[""General Fitness"",""Conditioning"",""Coordination"",""Balance"",""Core Stability""]",Fat Loss,Intermediate,15,4,40,"[""Monday"", ""Tuesday"", ""Friday"", ""Saturday""]","[""Chest Press Machine"",""Dumbbell"",""Power Rack"",""Bench"",""Shoulder Press Machine""]",[],[],"[""Cable""]",[],[],No,Upper Lower,Very Active,8.6,High,Commercial Gym,Double Progression,Active,2026-07-10,2026-07-11
U000043,son043,Male,26,160,61.1,18.4,23.87,Athletic Performance,"[""Athletic Performance"",""Sport Performance"",""Power"",""Coordination"",""Balance""]",Strength,Advanced,53,3,50,"[""Tuesday"", ""Friday"", ""Sunday""]","[""Floor"",""Wall"",""Mat"",""Bodyweight""]",[],[],"[""Mobility"", ""Bodyweight""]","[""EX0168"", ""EX0045""]",[],No,Body Part Split,Very Active,5.9,High,Bodyweight Only,Double Progression,Active,2026-07-15,2026-07-16
U000044,quang044,Male,34,167,70.2,21.8,25.17,Muscular Endurance,"[""Muscular Endurance"",""Conditioning""]",Fat Loss,Advanced,38,3,70,"[""Wednesday"", ""Thursday"", ""Friday""]","[""Dumbbell"",""Shoulder Press Machine"",""Row Machine"",""Bodyweight""]","[""Gluteus Maximus""]",[],"[""Cable""]",[],[],No,Chest Back Legs,Sedentary,6.6,High,Commercial Gym,RPE-Based,Incomplete,2026-07-15,2026-07-19
U000045,phuong045,Female,57,159,63.2,37.7,25,Rehabilitation and Joint Health,"[""Rehabilitation"",""Joint Health"",""Injury Prevention"",""Knee Health"",""Shoulder Health"",""Shin Splint Relief""]",Mobility and Flexibility,Intermediate,18,2,30,"[""Wednesday"", ""Thursday""]","[""Lat Pulldown Machine"",""Dumbbell"",""Hack Squat Machine"",""Power Rack""]","[""Hamstrings""]",[],"[""Machine""]",[],"[""Reduced hip mobility""]",Yes,Push Pull Legs,Moderately Active,6.4,High,Commercial Gym,Double Progression,Active,2026-07-22,2026-07-23
U000046,son046,Male,57,169,62.3,23.1,21.81,Athletic Performance,"[""Athletic Performance"",""Sport Performance"",""Power"",""Coordination"",""Balance""]",Strength,Advanced,52,4,45,"[""Monday"", ""Wednesday"", ""Thursday"", ""Friday""]","[""Hack Squat Machine"",""Power Rack"",""Barbell""]",[],[],"[""Cable"", ""Free Weight""]",[],[],No,Push Pull Legs,Very Active,8.5,High,Commercial Gym,Linear Progression,Active,2026-07-11,2026-07-17
U000047,kai047,Prefer not to say,22,176,67.1,25.7,21.66,Muscle Gain,"[""Muscle Gain""]",General Fitness,Advanced,93,4,45,"[""Monday"", ""Wednesday"", ""Friday"", ""Saturday""]","[""Power Rack"",""Leg Press Machine"",""Lat Pulldown Machine""]",[],[],"[""Cable""]","[""EX0008""]",[],No,Chest Back Legs,Moderately Active,6,Low,Commercial Gym,RPE-Based,Active,2026-07-22,2026-07-22
U000048,linh048,Female,49,172,50.6,26.4,17.1,General Fitness,"[""General Fitness"",""Conditioning"",""Coordination"",""Balance"",""Core Stability""]",Muscle Gain,Beginner,3,6,45,"[""Monday"", ""Tuesday"", ""Wednesday"", ""Thursday"", ""Friday"", ""Saturday""]","[""Dumbbells"",""Dumbbell"",""Pull-up Bar"",""Bodyweight"",""Resistance Band""]",[],[],"[""Dumbbell""]",[],"[""Occasional lower back discomfort""]",No,Upper Lower,Sedentary,6.2,High,Home Gym,Auto,Active,2026-07-23,2026-07-23
U000049,sam049,Prefer not to say,32,155,46.5,25.2,19.35,General Fitness,"[""General Fitness"",""Conditioning"",""Coordination"",""Balance"",""Core Stability""]",Mobility and Flexibility,Advanced,85,5,50,"[""Monday"", ""Wednesday"", ""Thursday"", ""Saturday"", ""Sunday""]","[""Bodyweight"",""Resistance Band"",""Adjustable Bench""]","[""Posterior Deltoid""]",[],"[""Dumbbell"", ""Bodyweight""]",[],[],No,Chest Back Legs,Very Active,7.2,Moderate,Home Gym,Linear Progression,Active,2026-07-12,2026-07-22
U000050,phuc050,Male,19,182,86.9,19.6,26.23,Muscle Gain,"[""Muscle Gain""]",Strength,Advanced,65,2,75,"[""Tuesday"", ""Sunday""]","[""Row Machine"",""Bodyweight"",""Barbell""]",[],[],"[""Machine"", ""Cable""]",[],[],No,Chest Back Legs,Sedentary,7.1,High,Commercial Gym,Linear Progression,Active,2026-07-03,2026-07-09
U000051,user051,Male,30,179,69.8,16.8,21.78,Fat Loss,"[""Fat Loss"",""Conditioning"",""General Fitness""]",Strength,Intermediate,32,5,45,"[""Friday"", ""Thursday"", ""Tuesday"", ""Saturday"", ""Wednesday""]","[""Resistance Band"",""Kettlebell""]","[""Hamstrings""]",[],"[""Free Weight""]",[],[],No,Chest Back Legs,Moderately Active,6.2,High,Home Gym,Auto,Active,2026-07-28,2026-07-28
U000052,user052,Female,55,161,71.6,40.4,27.62,Fat Loss,"[""Fat Loss"",""Conditioning"",""General Fitness""]",Muscle Gain,Advanced,59,6,60,"[""Friday"", ""Thursday"", ""Monday"", ""Wednesday"", ""Sunday"", ""Saturday""]","[""Kettlebell"",""Adjustable Bench""]",[],[],"[""Free Weight""]",[],[],No,Body Part Split,Very Active,6.2,Moderate,Home Gym,Auto,Active,2026-07-28,2026-07-28
U000053,user053,Male,54,160,74.9,31.3,29.26,Muscle Gain,"[""Muscle Gain""]",Fat Loss,Intermediate,27,5,75,"[""Friday"", ""Thursday"", ""Tuesday"", ""Wednesday"", ""Saturday""]","[""Barbell"",""Dumbbell""]",[],[],"[""Free Weight""]",[],[],No,Chest Back Legs,Very Active,6.3,Low,Commercial Gym,Double Progression,Active,2026-07-28,2026-07-28
U000054,user054,Male,29,173,64.2,16.2,21.45,Athletic Performance,"[""Athletic Performance"",""Sport Performance"",""Power"",""Coordination"",""Balance""]",General Fitness,Advanced,63,3,75,"[""Monday"", ""Wednesday"", ""Tuesday""]","[""Mat"",""Bodyweight""]","[""Pectoralis Major""]",[],"[""Free Weight""]",[],[],No,Push Pull Legs,Very Active,7,Moderate,Bodyweight Only,Auto,Active,2026-07-28,2026-07-28
U000055,user055,Male,20,171,79.6,21.1,27.22,Rehabilitation and Joint Health,"[""Rehabilitation"",""Joint Health"",""Injury Prevention"",""Knee Health"",""Shoulder Health"",""Shin Splint Relief""]",Muscle Gain,Intermediate,29,4,60,"[""Saturday"", ""Sunday"", ""Wednesday"", ""Monday""]","[""Dumbbell"",""Pull-up Bar""]","[""Gluteus Maximus""]",[],"[""Free Weight""]",[],"[""Previous knee pain""]",Yes,Push Pull Legs,Very Active,8.4,Moderate,Limited Gym,Auto,Active,2026-07-28,2026-07-28
U000056,user056,Female,38,185,113.5,43.1,33.16,Mobility and Flexibility,"[""Mobility"",""Flexibility"",""Warm-up"",""Corrective Exercise"",""Posture Correction""]",Muscular Endurance,Advanced,37,5,60,"[""Wednesday"", ""Thursday"", ""Friday"", ""Saturday"", ""Monday""]","[""Lat Pulldown Machine"",""Dumbbell""]","[""Pectoralis Major""]",[],"[""Free Weight""]",[],[],No,Full Body,Lightly Active,8,Moderate,Commercial Gym,RPE-Based,Active,2026-07-28,2026-07-28
U000057,user057,Female,32,173,85.6,36.3,28.6,Mobility and Flexibility,"[""Mobility"",""Flexibility"",""Warm-up"",""Corrective Exercise"",""Posture Correction""]",Rehabilitation and Joint Health,Beginner,0,2,60,"[""Monday"", ""Friday""]","[""Dumbbell"",""Power Rack""]",[],[],"[""Free Weight""]",[],[],No,Push Pull Legs,Extremely Active,7.3,High,Limited Gym,Linear Progression,Active,2026-07-28,2026-07-28
U000058,user058,Male,19,163,69.8,19.7,26.27,Muscle Gain,"[""Muscle Gain""]",Muscular Endurance,Advanced,53,4,75,"[""Friday"", ""Saturday"", ""Sunday"", ""Wednesday""]","[""Dumbbell"",""Kettlebell""]","[""Rhomboids""]",[],"[""Free Weight""]",[],[],No,Full Body,Very Active,8.2,High,Home Gym,RPE-Based,Active,2026-07-28,2026-07-28
U000059,user059,Male,29,171,65.8,17.5,22.5,Mobility and Flexibility,"[""Mobility"",""Flexibility"",""Warm-up"",""Corrective Exercise"",""Posture Correction""]",Athletic Performance,Intermediate,23,5,90,"[""Saturday"", ""Tuesday"", ""Monday"", ""Sunday"", ""Thursday""]","[""Bodyweight"",""Floor""]",[],[],"[""Free Weight""]",[],"[""Previous knee pain""]",Yes,Body Part Split,Extremely Active,6.7,Low,Bodyweight Only,Linear Progression,Active,2026-07-28,2026-07-28
U000060,user060,Male,28,164,70.7,21.8,26.29,Athletic Performance,"[""Athletic Performance"",""Sport Performance"",""Power"",""Coordination"",""Balance""]",Fat Loss,Advanced,65,3,75,"[""Tuesday"", ""Thursday"", ""Monday""]","[""Power Rack"",""Leg Press Machine""]",[],[],"[""Free Weight""]",[],[],No,Body Part Split,Moderately Active,6.2,Low,Commercial Gym,Double Progression,Active,2026-07-28,2026-07-28
U000061,user061,Female,21,162,70.9,31.9,27.02,Strength,"[""Strength"",""Strength Preparation"",""Grip Strength""]",Rehabilitation and Joint Health,Intermediate,19,6,45,"[""Monday"", ""Friday"", ""Thursday"", ""Tuesday"", ""Saturday"", ""Sunday""]","[""Resistance Band"",""Dumbbell""]","[""Rhomboids""]",[],"[""Free Weight""]",[],[],No,Full Body,Sedentary,6.4,High,Home Gym,Auto,Active,2026-07-28,2026-07-28
U000062,user062,Male,24,185,95.7,22.9,27.96,Rehabilitation and Joint Health,"[""Rehabilitation"",""Joint Health"",""Injury Prevention"",""Knee Health"",""Shoulder Health"",""Shin Splint Relief""]",Fat Loss,Beginner,10,3,60,"[""Sunday"", ""Thursday"", ""Wednesday""]","[""Cable Machine"",""Barbell""]","[""Biceps Brachii"",""Pectoralis Major""]",[],"[""Free Weight""]",[],"[""Previous knee pain""]",Yes,Auto,Sedentary,8.2,High,Limited Gym,Linear Progression,Active,2026-07-28,2026-07-28
U000063,user063,Male,21,173,81.7,21.4,27.3,Athletic Performance,"[""Athletic Performance"",""Sport Performance"",""Power"",""Coordination"",""Balance""]",Mobility and Flexibility,Advanced,42,4,45,"[""Thursday"", ""Wednesday"", ""Friday"", ""Tuesday""]","[""Dumbbell"",""Resistance Band""]","[""Biceps Brachii""]",[],"[""Free Weight""]",[],[],No,Full Body,Lightly Active,7.3,Low,Home Gym,Double Progression,Active,2026-07-28,2026-07-28
U000064,user064,Male,34,165,70.9,22.9,26.04,Muscle Gain,"[""Muscle Gain""]",Mobility and Flexibility,Intermediate,25,3,60,"[""Saturday"", ""Wednesday"", ""Monday""]","[""Dumbbell"",""Power Rack""]",[],[],"[""Free Weight""]",[],"[""Previous knee pain""]",Yes,Push Pull Legs,Very Active,6.2,High,Limited Gym,Double Progression,Active,2026-07-28,2026-07-28
U000065,user065,Male,26,175,91.9,25.8,30.01,General Fitness,"[""General Fitness"",""Conditioning"",""Coordination"",""Balance"",""Core Stability""]",Mobility and Flexibility,Advanced,62,3,45,"[""Thursday"", ""Friday"", ""Tuesday""]","[""Adjustable Bench"",""Kettlebell""]","[""Hamstrings""]",[],"[""Free Weight""]",[],[],No,Body Part Split,Extremely Active,7.7,High,Home Gym,Auto,Active,2026-07-28,2026-07-28
U000066,user066,Male,22,167,74.9,21.1,26.86,Fat Loss,"[""Fat Loss"",""Conditioning"",""General Fitness""]",General Fitness,Intermediate,30,4,75,"[""Sunday"", ""Friday"", ""Wednesday"", ""Thursday""]","[""Dumbbell"",""Bodyweight""]",[],[],"[""Free Weight""]",[],[],No,Auto,Moderately Active,6.5,High,Home Gym,Linear Progression,Active,2026-07-28,2026-07-28
U000067,user067,Male,44,169,62.7,20.3,21.95,Strength,"[""Strength"",""Strength Preparation"",""Grip Strength""]",Muscle Gain,Advanced,44,5,60,"[""Saturday"", ""Wednesday"", ""Friday"", ""Sunday"", ""Monday""]","[""Barbell"",""Bench""]","[""Hamstrings""]",[],"[""Free Weight""]",[],[],No,Push Pull Legs,Sedentary,6.9,Moderate,Commercial Gym,RPE-Based,Active,2026-07-28,2026-07-28
U000068,user068,Male,27,184,93.8,23.3,27.71,Athletic Performance,"[""Athletic Performance"",""Sport Performance"",""Power"",""Coordination"",""Balance""]",General Fitness,Intermediate,32,2,45,"[""Thursday"", ""Monday""]","[""Dumbbell"",""Lat Pulldown Machine""]","[""Triceps Brachii""]",[],"[""Free Weight""]",[],[],No,Body Part Split,Moderately Active,6.8,Moderate,Commercial Gym,Auto,Active,2026-07-28,2026-07-28
U000069,user069,Male,33,162,76.9,26.6,29.3,Athletic Performance,"[""Athletic Performance"",""Sport Performance"",""Power"",""Coordination"",""Balance""]",Muscle Gain,Intermediate,13,4,75,"[""Friday"", ""Sunday"", ""Tuesday"", ""Saturday""]","[""Bench"",""Chest Press Machine""]",[],[],"[""Free Weight""]",[],[],No,Push Pull Legs,Sedentary,7.8,Moderate,Commercial Gym,RPE-Based,Active,2026-07-28,2026-07-28
U000070,user070,Female,20,173,83.6,32.7,27.93,General Fitness,"[""General Fitness"",""Conditioning"",""Coordination"",""Balance"",""Core Stability""]",Strength,Advanced,68,2,75,"[""Thursday"", ""Tuesday""]","[""Mat"",""Floor""]","[""Triceps Brachii"",""Anterior Deltoid""]",[],"[""Free Weight""]",[],"[""Previous knee pain""]",Yes,Auto,Sedentary,7.4,High,Bodyweight Only,Double Progression,Active,2026-07-28,2026-07-28
U000071,user071,Female,30,173,86.3,36.1,28.83,Muscle Gain,"[""Muscle Gain""]",General Fitness,Beginner,2,2,75,"[""Tuesday"", ""Sunday""]","[""Bodyweight"",""Floor""]",[],[],"[""Free Weight""]",[],[],No,Body Part Split,Moderately Active,8.5,High,Bodyweight Only,RPE-Based,Active,2026-07-28,2026-07-28
U000072,user072,Male,29,184,81.9,19.5,24.19,Fat Loss,"[""Fat Loss"",""Conditioning"",""General Fitness""]",General Fitness,Intermediate,34,6,75,"[""Wednesday"", ""Saturday"", ""Tuesday"", ""Sunday"", ""Thursday"", ""Monday""]","[""Bodyweight"",""Floor""]",[],[],"[""Free Weight""]",[],[],No,Auto,Extremely Active,6.8,Moderate,Bodyweight Only,Linear Progression,Active,2026-07-28,2026-07-28
U000073,user073,Female,20,165,78,33.6,28.65,Strength,"[""Strength"",""Strength Preparation"",""Grip Strength""]",General Fitness,Advanced,64,3,75,"[""Friday"", ""Sunday"", ""Monday""]","[""Bodyweight"",""Kettlebell""]",[],[],"[""Free Weight""]",[],[],No,Body Part Split,Very Active,7.5,Low,Home Gym,Auto,Active,2026-07-28,2026-07-28
U000074,user074,Male,28,174,99.8,29.8,32.96,Fat Loss,"[""Fat Loss"",""Conditioning"",""General Fitness""]",Strength,Intermediate,30,4,60,"[""Monday"", ""Tuesday"", ""Wednesday"", ""Friday""]","[""Bodyweight"",""Adjustable Bench""]",[],[],"[""Free Weight""]",[],[],No,Auto,Moderately Active,7,High,Home Gym,Auto,Active,2026-07-28,2026-07-28
U000075,user075,Male,34,175,77.9,22.1,25.44,Athletic Performance,"[""Athletic Performance"",""Sport Performance"",""Power"",""Coordination"",""Balance""]",Muscle Gain,Intermediate,16,2,75,"[""Saturday"", ""Friday""]","[""Adjustable Bench"",""Kettlebell""]","[""Triceps Brachii""]",[],"[""Free Weight""]",[],[],No,Body Part Split,Extremely Active,8.1,High,Home Gym,Linear Progression,Active,2026-07-28,2026-07-28
U000076,user076,Male,29,178,83.5,22.1,26.35,Athletic Performance,"[""Athletic Performance"",""Sport Performance"",""Power"",""Coordination"",""Balance""]",Muscle Gain,Advanced,71,4,75,"[""Tuesday"", ""Friday"", ""Wednesday"", ""Monday""]","[""Barbell"",""Cable Machine""]","[""Hamstrings""]",[],"[""Free Weight""]",[],"[""Previous knee pain""]",Yes,Body Part Split,Sedentary,7.2,Moderate,Limited Gym,RPE-Based,Active,2026-07-28,2026-07-28
U000077,user077,Male,33,168,59.4,16.7,21.05,Athletic Performance,"[""Athletic Performance"",""Sport Performance"",""Power"",""Coordination"",""Balance""]",Muscle Gain,Intermediate,17,2,75,"[""Saturday"", ""Monday""]","[""Mat"",""Floor""]","[""Obliques""]",[],"[""Free Weight""]",[],[],No,Upper Lower,Moderately Active,7,Low,Bodyweight Only,Double Progression,Active,2026-07-28,2026-07-28
U000078,user078,Female,26,169,84.8,36.2,29.69,Muscle Gain,"[""Muscle Gain""]",Fat Loss,Advanced,70,6,75,"[""Tuesday"", ""Sunday"", ""Thursday"", ""Saturday"", ""Friday"", ""Wednesday""]","[""Leg Press Machine"",""Barbell""]","[""Pectoralis Major""]",[],"[""Free Weight""]",[],[],No,Body Part Split,Sedentary,7.2,Moderate,Commercial Gym,Double Progression,Active,2026-07-28,2026-07-28
U000079,user079,Female,20,164,66,28.6,24.54,Athletic Performance,"[""Athletic Performance"",""Sport Performance"",""Power"",""Coordination"",""Balance""]",Strength,Advanced,71,3,75,"[""Sunday"", ""Saturday"", ""Friday""]","[""Bodyweight"",""Wall""]",[],[],"[""Free Weight""]",[],[],No,Push Pull Legs,Lightly Active,7.6,Moderate,Bodyweight Only,RPE-Based,Active,2026-07-28,2026-07-28
U000080,user080,Female,18,166,75.2,31.5,27.29,Strength,"[""Strength"",""Strength Preparation"",""Grip Strength""]",Mobility and Flexibility,Advanced,55,3,60,"[""Sunday"", ""Friday"", ""Thursday""]","[""Pull-up Bar"",""Barbell""]","[""Pectoralis Major""]",[],"[""Free Weight""]",[],"[""Previous knee pain""]",Yes,Auto,Extremely Active,7,Moderate,Limited Gym,RPE-Based,Active,2026-07-28,2026-07-28
U000081,user081,Female,36,178,74.4,31.1,23.48,Muscle Gain,"[""Muscle Gain""]",Athletic Performance,Advanced,42,6,75,"[""Friday"", ""Tuesday"", ""Thursday"", ""Wednesday"", ""Monday"", ""Saturday""]","[""Dumbbell"",""Power Rack""]","[""Biceps Brachii""]",[],"[""Free Weight""]",[],[],No,Upper Lower,Very Active,6,Low,Commercial Gym,Auto,Active,2026-07-28,2026-07-28
U000082,user082,Female,32,165,79.1,36.8,29.05,Muscle Gain,"[""Muscle Gain""]",Athletic Performance,Intermediate,20,6,60,"[""Wednesday"", ""Sunday"", ""Saturday"", ""Thursday"", ""Tuesday"", ""Friday""]","[""Resistance Band"",""Bodyweight""]",[],[],"[""Free Weight""]",[],[],No,Upper Lower,Very Active,7.6,High,Home Gym,Double Progression,Active,2026-07-28,2026-07-28
U000083,user083,Male,27,182,86.7,21.4,26.17,Strength,"[""Strength"",""Strength Preparation"",""Grip Strength""]",Fat Loss,Advanced,59,3,45,"[""Sunday"", ""Saturday"", ""Thursday""]","[""Power Rack"",""Cable Machine""]",[],[],"[""Free Weight""]",[],"[""Previous knee pain""]",Yes,Body Part Split,Lightly Active,8,Moderate,Limited Gym,Double Progression,Active,2026-07-28,2026-07-28
U000084,user084,Prefer not to say,32,167,88.7,40.1,31.8,Fat Loss,"[""Fat Loss"",""Conditioning"",""General Fitness""]",Athletic Performance,Advanced,60,5,60,"[""Saturday"", ""Wednesday"", ""Thursday"", ""Sunday"", ""Friday""]","[""Floor"",""Mat""]",[],[],"[""Free Weight""]",[],[],No,Upper Lower,Moderately Active,7.8,Low,Bodyweight Only,Double Progression,Active,2026-07-28,2026-07-28
U000085,user085,Female,48,182,94.1,39.7,28.41,Rehabilitation and Joint Health,"[""Rehabilitation"",""Joint Health"",""Injury Prevention"",""Knee Health"",""Shoulder Health"",""Shin Splint Relief""]",Muscle Gain,Advanced,59,3,90,"[""Saturday"", ""Friday"", ""Thursday""]","[""Pull-up Bar"",""Power Rack""]",[],[],"[""Free Weight""]",[],"[""Previous knee pain""]",Yes,Body Part Split,Very Active,6.5,Moderate,Limited Gym,RPE-Based,Active,2026-07-28,2026-07-28
U000086,user086,Male,21,170,81.7,22.6,28.27,Strength,"[""Strength"",""Strength Preparation"",""Grip Strength""]",Muscle Gain,Intermediate,15,6,90,"[""Friday"", ""Monday"", ""Saturday"", ""Tuesday"", ""Wednesday"", ""Sunday""]","[""Adjustable Bench"",""Resistance Band""]",[],[],"[""Free Weight""]",[],[],No,Auto,Sedentary,6.5,High,Home Gym,Double Progression,Active,2026-07-28,2026-07-28
U000087,user087,Male,18,165,67,17.5,24.61,Athletic Performance,"[""Athletic Performance"",""Sport Performance"",""Power"",""Coordination"",""Balance""]",Mobility and Flexibility,Advanced,44,4,60,"[""Wednesday"", ""Monday"", ""Thursday"", ""Saturday""]","[""Bodyweight"",""Dumbbell""]",[],[],"[""Free Weight""]",[],[],No,Upper Lower,Moderately Active,6.9,High,Home Gym,RPE-Based,Active,2026-07-28,2026-07-28
U000088,user088,Male,37,185,90.5,24,26.44,Muscle Gain,"[""Muscle Gain""]",Muscular Endurance,Advanced,60,2,75,"[""Friday"", ""Sunday""]","[""Mat"",""Bodyweight""]",[],[],"[""Free Weight""]",[],[],No,Upper Lower,Sedentary,6.4,Moderate,Bodyweight Only,Linear Progression,Active,2026-07-28,2026-07-28
U000089,user089,Female,35,170,50.6,23.7,17.51,Muscular Endurance,"[""Muscular Endurance"",""Conditioning""]",Fat Loss,Advanced,49,3,60,"[""Saturday"", ""Wednesday"", ""Friday""]","[""Bodyweight"",""Mat""]",[],[],"[""Free Weight""]",[],[],No,Auto,Moderately Active,7,Moderate,Bodyweight Only,Double Progression,Active,2026-07-28,2026-07-28
U000090,user090,Female,21,164,68.7,30.1,25.54,Mobility and Flexibility,"[""Mobility"",""Flexibility"",""Warm-up"",""Corrective Exercise"",""Posture Correction""]",Athletic Performance,Intermediate,21,2,75,"[""Wednesday"", ""Tuesday""]","[""Chest Press Machine"",""Power Rack""]",[],[],"[""Free Weight""]",[],[],No,Body Part Split,Sedentary,7.6,Low,Commercial Gym,Auto,Active,2026-07-28,2026-07-28
U000091,user091,Male,31,175,95.6,28.4,31.22,Muscular Endurance,"[""Muscular Endurance"",""Conditioning""]",Athletic Performance,Intermediate,31,4,60,"[""Monday"", ""Tuesday"", ""Wednesday"", ""Thursday""]","[""Bodyweight"",""Mat""]",[],[],"[""Free Weight""]",[],[],No,Upper Lower,Very Active,7,Low,Bodyweight Only,Double Progression,Active,2026-07-28,2026-07-28
U000092,user092,Male,39,176,76,22.2,24.54,General Fitness,"[""General Fitness"",""Conditioning"",""Coordination"",""Balance"",""Core Stability""]",Fat Loss,Advanced,57,3,75,"[""Friday"", ""Monday"", ""Tuesday""]","[""Power Rack"",""Dumbbell""]",[],[],"[""Free Weight""]",[],[],No,Full Body,Sedentary,8.5,Moderate,Limited Gym,RPE-Based,Active,2026-07-28,2026-07-28
U000093,user093,Male,23,165,72.4,21,26.59,Fat Loss,"[""Fat Loss"",""Conditioning"",""General Fitness""]",Athletic Performance,Beginner,2,4,75,"[""Sunday"", ""Wednesday"", ""Tuesday"", ""Thursday""]","[""Barbell"",""Power Rack""]",[],[],"[""Free Weight""]",[],[],No,Upper Lower,Sedentary,6.9,High,Commercial Gym,Linear Progression,Active,2026-07-28,2026-07-28
U000094,user094,Female,37,179,65.5,27.6,20.44,General Fitness,"[""General Fitness"",""Conditioning"",""Coordination"",""Balance"",""Core Stability""]",Rehabilitation and Joint Health,Beginner,5,6,75,"[""Saturday"", ""Sunday"", ""Tuesday"", ""Thursday"", ""Monday"", ""Friday""]","[""Power Rack"",""Barbell""]",[],[],"[""Free Weight""]",[],"[""Previous knee pain""]",Yes,Auto,Lightly Active,6.3,High,Commercial Gym,RPE-Based,Active,2026-07-28,2026-07-28
U000095,user095,Female,18,168,58.7,23.7,20.8,Muscle Gain,"[""Muscle Gain""]",Strength,Advanced,56,6,90,"[""Friday"", ""Wednesday"", ""Sunday"", ""Saturday"", ""Thursday"", ""Tuesday""]","[""Bodyweight"",""Kettlebell""]","[""Anterior Deltoid""]",[],"[""Free Weight""]",[],[],No,Chest Back Legs,Extremely Active,8.2,Low,Home Gym,Auto,Active,2026-07-28,2026-07-28
U000096,user096,Female,22,165,70.8,30.9,26.01,Strength,"[""Strength"",""Strength Preparation"",""Grip Strength""]",Muscular Endurance,Advanced,67,6,90,"[""Sunday"", ""Saturday"", ""Wednesday"", ""Monday"", ""Tuesday"", ""Friday""]","[""Resistance Band"",""Dumbbell""]",[],[],"[""Free Weight""]",[],[],No,Body Part Split,Moderately Active,6.9,Low,Home Gym,RPE-Based,Active,2026-07-28,2026-07-28
U000097,user097,Male,23,165,63.8,17.2,23.43,General Fitness,"[""General Fitness"",""Conditioning"",""Coordination"",""Balance"",""Core Stability""]",Rehabilitation and Joint Health,Intermediate,35,4,60,"[""Friday"", ""Sunday"", ""Saturday"", ""Monday""]","[""Cable Machine"",""Power Rack""]",[],[],"[""Free Weight""]",[],[],No,Auto,Extremely Active,6.8,Low,Commercial Gym,RPE-Based,Active,2026-07-28,2026-07-28
U000098,user098,Male,39,160,70.9,26,27.7,Strength,"[""Strength"",""Strength Preparation"",""Grip Strength""]",Athletic Performance,Advanced,68,4,45,"[""Tuesday"", ""Thursday"", ""Friday"", ""Sunday""]","[""Dumbbell"",""Pull-up Bar""]",[],[],"[""Free Weight""]",[],"[""Previous knee pain""]",Yes,Auto,Extremely Active,8.2,Moderate,Limited Gym,RPE-Based,Active,2026-07-28,2026-07-28
U000099,user099,Female,47,183,60,26.9,17.92,Athletic Performance,"[""Athletic Performance"",""Sport Performance"",""Power"",""Coordination"",""Balance""]",General Fitness,Intermediate,31,4,75,"[""Monday"", ""Saturday"", ""Sunday"", ""Friday""]","[""Adjustable Bench"",""Resistance Band""]","[""Hamstrings"",""Rhomboids""]",[],"[""Free Weight""]",[],[],No,Upper Lower,Lightly Active,7,High,Home Gym,RPE-Based,Active,2026-07-28,2026-07-28
U000100,son,Male,19,172,56.8,11.2,19.2,Strength,"[""Strength"",""Strength Preparation"",""Grip Strength""]",Athletic Performance,Advanced,95,6,30,"[""Thursday"",""Friday"",""Wednesday"",""Monday"",""Tuesday"",""Sunday""]","[""Mat"",""Dumbbell"",""Bodyweight"",""Barbell""]",[],[],"[""Bodyweight"",""Machine"",""Free Weight""]",[],[],No,Upper Lower,Extremely Active,6,High,Home Gym,RPE-Based,Active,2026-01-05,2026-01-29
U000101,vy,Female,24,154,61,31,25.72,Strength,"[""Strength"",""Strength Preparation"",""Grip Strength""]",Athletic Performance,Beginner,0,5,60,"[""Saturday"",""Tuesday"",""Wednesday"",""Sunday"",""Thursday""]","[""Box"",""Plyo Box"",""Mat"",""Kettlebell""]",[],[],"[""Bodyweight"",""Free Weight"",""Machine""]",[],[],No,Body Part Split,Moderately Active,8.9,High,Commercial Gym,Linear Progression,Active,2026-06-10,2026-07-24
U000102,tram,Female,22,155,47.5,23.4,19.77,Muscle Gain,"[""Muscle Gain""]",Rehabilitation and Joint Health,Intermediate,23,3,30,"[""Sunday"",""Monday"",""Tuesday""]","[""Parallel Bars"",""Bench"",""Towels"",""Wrist Roller Device""]",[],[],"[""Free Weight"",""Resistance Band""]",[],[],No,Upper Lower,Very Active,7.3,Moderate,Commercial Gym,Double Progression,Active,2026-07-22,2026-07-23
U000103,vinh,Male,28,167,93.4,30.4,33.49,Athletic Performance,"[""Athletic Performance"",""Sport Performance"",""Power"",""Coordination"",""Balance""]",Muscular Endurance,Beginner,8,3,70,"[""Friday"",""Tuesday"",""Wednesday""]","[""Mat"",""Bench"",""Bodyweight"",""Resistance Band""]",[],[],"[""Cable"",""Resistance Band""]",[],[],No,Upper Lower,Very Active,6.9,Moderate,Home Gym,Auto,Active,2026-02-15,2026-05-12
U000104,nam,Male,30,167,67,19.5,24.02,General Fitness,"[""General Fitness"",""Conditioning"",""Coordination"",""Balance"",""Core Stability""]",Strength,Intermediate,27,6,60,"[""Monday"",""Wednesday"",""Saturday"",""Thursday"",""Sunday"",""Friday""]","[""Floor"",""Bodyweight""]",[],[],"[""Cable""]",[],[],No,Auto,Lightly Active,8.7,High,Bodyweight Only,RPE-Based,Active,2026-01-24,2026-03-05
U000105,minh,Male,25,173,92,26.4,30.74,Fat Loss,"[""Fat Loss"",""Conditioning"",""General Fitness""]",Strength,Beginner,11,5,40,"[""Sunday"",""Tuesday"",""Thursday"",""Wednesday"",""Friday""]","[""Power Rack"",""Cable Machine"",""Bench"",""Barbell"",""Bodyweight"",""Dumbbell""]",[],[],"[""Machine"",""Free Weight""]",[],[],No,Auto,Extremely Active,6.6,Low,Limited Gym,Auto,Active,2026-03-25,2026-05-09
U000106,huy,Male,23,159,84.4,29.1,33.38,Athletic Performance,"[""Athletic Performance"",""Sport Performance"",""Power"",""Coordination"",""Balance""]",General Fitness,Intermediate,32,4,60,"[""Sunday"",""Wednesday"",""Thursday"",""Tuesday""]","[""Mat"",""Bodyweight"",""Barbell"",""Dumbbell""]",[],[],"[""Resistance Band"",""Bodyweight""]",[],[],No,Push Pull Legs,Moderately Active,8.1,Moderate,Home Gym,Auto,Active,2026-06-08,2026-07-02
U000107,khang,Male,22,159,63.8,19.1,25.24,Muscular Endurance,"[""Muscular Endurance"",""Conditioning""]",Mobility and Flexibility,Advanced,72,2,50,"[""Tuesday"",""Friday""]","[""Pull-up Bar"",""Floor"",""Mat""]",[],"[""Gluteus Minimus""]","[""Bodyweight""]",[],"[""Wrist discomfort under load""]",No,Body Part Split,Extremely Active,9,High,Bodyweight Only,RPE-Based,Active,2026-06-19,2026-07-06
U000108,long,Male,36,176,63,16.5,20.34,Rehabilitation and Joint Health,"[""Rehabilitation"",""Joint Health"",""Injury Prevention"",""Knee Health"",""Shoulder Health"",""Shin Splint Relief""]",Fat Loss,Intermediate,28,6,40,"[""Monday"",""Thursday"",""Saturday"",""Friday"",""Sunday"",""Tuesday""]","[""Pull-up Bar"",""Power Rack"",""Barbell"",""Cable Machine"",""Bodyweight"",""Resistance Band""]","[""Posterior Deltoid""]",[],"[""Bodyweight"",""Resistance Band"",""Cable""]",[],[],No,Auto,Sedentary,6.6,Moderate,Limited Gym,Linear Progression,Active,2026-01-26,2026-04-08
U000109,phuc,Male,26,180,53.5,9.6,16.51,Muscular Endurance,"[""Muscular Endurance"",""Conditioning""]",Strength,Beginner,1,3,70,"[""Sunday"",""Wednesday"",""Thursday""]","[""Cable"",""Floor"",""Cable Machine"",""Hack Squat Machine"",""Incline Chest Press Machine""]",[],[],"[""Free Weight""]",[],[],No,Auto,Very Active,8.8,High,Commercial Gym,Double Progression,Active,2026-05-30,2026-07-01
U000110,tung,Male,35,173,81.9,24.7,27.36,Mobility and Flexibility,"[""Mobility"",""Flexibility"",""Warm-up"",""Corrective Exercise"",""Posture Correction""]",Athletic Performance,Intermediate,31,5,75,"[""Tuesday"",""Wednesday"",""Sunday"",""Monday"",""Friday""]","[""Dumbbell"",""Barbell"",""Pull-up Bar"",""Resistance Band"",""Power Rack""]","[""Hamstrings""]",[],"[""Resistance Band""]",[],[],No,Upper Lower,Extremely Active,8.8,Moderate,Limited Gym,Linear Progression,Active,2026-02-22,2026-07-23
U000111,hai,Male,27,183,87.7,21.4,26.19,Rehabilitation and Joint Health,"[""Rehabilitation"",""Joint Health"",""Injury Prevention"",""Knee Health"",""Shoulder Health"",""Shin Splint Relief""]",Muscular Endurance,Intermediate,26,3,60,"[""Wednesday"",""Friday"",""Monday""]","[""Resistance Band"",""Bodyweight""]",[],[],"[""Machine"",""Bodyweight""]",[],[],No,Push Pull Legs,Very Active,6.6,Moderate,Home Gym,Linear Progression,Active,2026-03-29,2026-06-18
U000112,bao,Male,36,178,73,19.7,23.04,Muscle Gain,"[""Muscle Gain""]",Athletic Performance,Advanced,60,6,40,"[""Saturday"",""Friday"",""Monday"",""Sunday"",""Thursday"",""Wednesday""]","[""Mat"",""Bodyweight"",""Floor""]",[],[],"[""Bodyweight"",""Machine""]",[],[],No,Body Part Split,Lightly Active,8.7,Moderate,Bodyweight Only,Linear Progression,Active,2026-01-19,2026-07-20
U000113,duy,Male,31,177,70.4,17.9,22.47,Rehabilitation and Joint Health,"[""Rehabilitation"",""Joint Health"",""Injury Prevention"",""Knee Health"",""Shoulder Health"",""Shin Splint Relief""]",Muscle Gain,Intermediate,33,4,30,"[""Wednesday"",""Monday"",""Friday"",""Tuesday""]","[""Bodyweight""]",[],[],"[""Machine"",""Free Weight""]",[],"[""Mild lower-back discomfort""]",No,Upper Lower,Extremely Active,6.4,Low,Bodyweight Only,Double Progression,Active,2026-02-11,2026-02-17
U000114,quan,Male,31,187,86.9,20.8,24.85,Strength,"[""Strength"",""Strength Preparation"",""Grip Strength""]",Mobility and Flexibility,Intermediate,29,6,50,"[""Thursday"",""Tuesday"",""Saturday"",""Friday"",""Monday"",""Wednesday""]","[""Pole"",""Sissy Squat Machine"",""Resistance Band (Optional)"",""Bench""]",[],[],"[""Bodyweight"",""Resistance Band""]",[],[],No,Chest Back Legs,Lightly Active,7.3,High,Commercial Gym,Auto,Active,2026-07-02,2026-07-12
U000115,dat,Male,25,170,66.9,17.3,23.15,Athletic Performance,"[""Athletic Performance"",""Sport Performance"",""Power"",""Coordination"",""Balance""]",Mobility and Flexibility,Advanced,52,5,45,"[""Wednesday"",""Friday"",""Saturday"",""Tuesday"",""Monday""]","[""Pull-up Bar"",""Mat"",""Resistance Band"",""Dumbbell"",""Barbell""]",[],[],"[""Bodyweight""]",[],[],No,Auto,Moderately Active,5.8,Moderate,Home Gym,Double Progression,Active,2026-05-14,2026-07-11
U000116,duc,Male,34,163,86.8,30.8,32.67,Athletic Performance,"[""Athletic Performance"",""Sport Performance"",""Power"",""Coordination"",""Balance""]",Muscular Endurance,Beginner,8,3,30,"[""Monday"",""Wednesday"",""Saturday""]","[""Bench"",""Dumbbell"",""Pull-up Bar"",""Mat"",""Resistance Band""]","[""Gluteus Maximus""]",[],"[""Bodyweight"",""Machine""]",[],[],No,Upper Lower,Extremely Active,7.1,Low,Home Gym,RPE-Based,Active,2026-06-22,2026-07-12
U000117,khoi,Male,27,184,85.1,20.2,25.14,Strength,"[""Strength"",""Strength Preparation"",""Grip Strength""]",General Fitness,Beginner,0,2,50,"[""Monday"",""Thursday""]","[""Bodyweight"",""Mat"",""Floor""]",[],[],"[""Free Weight"",""Resistance Band""]",[],[],No,Auto,Extremely Active,7.1,Moderate,Bodyweight Only,Linear Progression,Active,2026-05-26,2026-06-25
U000118,phong,Male,28,159,64.9,21,25.67,Muscle Gain,"[""Muscle Gain""]",Mobility and Flexibility,Beginner,10,5,70,"[""Tuesday"",""Wednesday"",""Friday"",""Saturday"",""Monday""]","[""Mat"",""Dumbbell"",""Resistance Band"",""Pull-up Bar""]",[],[],"[""Machine"",""Resistance Band"",""Cable""]",[],[],No,Upper Lower,Extremely Active,7.9,High,Home Gym,Double Progression,Active,2026-05-22,2026-06-24
U000119,an,Male,35,160,58.7,19.4,22.93,Rehabilitation and Joint Health,"[""Rehabilitation"",""Joint Health"",""Injury Prevention"",""Knee Health"",""Shoulder Health"",""Shin Splint Relief""]",General Fitness,Advanced,58,2,40,"[""Thursday"",""Wednesday""]","[""Resistance Band"",""Bench"",""Bodyweight""]",[],[],"[""Bodyweight"",""Resistance Band"",""Machine""]",[],[],No,Chest Back Legs,Extremely Active,8.8,Low,Home Gym,RPE-Based,Active,2026-05-29,2026-07-11
U000120,loc,Male,18,174,81.6,20.3,26.95,Athletic Performance,"[""Athletic Performance"",""Sport Performance"",""Power"",""Coordination"",""Balance""]",Mobility and Flexibility,Beginner,8,6,30,"[""Sunday"",""Saturday"",""Tuesday"",""Wednesday"",""Friday"",""Thursday""]","[""Parallel Bars"",""Cable"",""Pec Deck Machine"",""Assisted Pull-Up Machine"",""Ab Wheel"",""Chest-Supported Row Machine""]",[],[],"[""Machine"",""Cable""]",[],[],No,Auto,Sedentary,8.1,Low,Commercial Gym,Auto,Active,2026-07-12,2026-07-17
U000121,kien,Male,21,182,95.3,23.2,28.77,Muscular Endurance,"[""Muscular Endurance"",""Conditioning""]",Muscle Gain,Intermediate,12,6,50,"[""Sunday"",""Monday"",""Friday"",""Wednesday"",""Thursday"",""Saturday""]","[""Dumbbell"",""Power Rack"",""Cable Machine"",""Bench""]",[],[],"[""Machine"",""Cable""]",[],[],No,Body Part Split,Extremely Active,6.1,Moderate,Limited Gym,Linear Progression,Active,2026-02-07,2026-04-24
U000122,thinh,Male,38,172,79.1,24.6,26.74,Rehabilitation and Joint Health,"[""Rehabilitation"",""Joint Health"",""Injury Prevention"",""Knee Health"",""Shoulder Health"",""Shin Splint Relief""]",Muscular Endurance,Beginner,10,5,90,"[""Monday"",""Thursday"",""Tuesday"",""Wednesday"",""Saturday""]","[""Dumbbell"",""Bodyweight"",""Cable Machine""]",[],[],"[""Machine""]",[],"[""Previous shoulder irritation""]",Yes,Push Pull Legs,Moderately Active,7.7,Moderate,Limited Gym,Linear Progression,Active,2026-03-07,2026-07-23
U000123,nhat,Male,33,171,65.8,18.4,22.5,General Fitness,"[""General Fitness"",""Conditioning"",""Coordination"",""Balance"",""Core Stability""]",Mobility and Flexibility,Intermediate,16,3,60,"[""Thursday"",""Sunday"",""Wednesday""]","[""Barbell"",""Bench"",""Pull-up Bar""]","[""Triceps Brachii""]",[],"[""Bodyweight""]",[],[],No,Push Pull Legs,Very Active,7.4,Low,Home Gym,Double Progression,Active,2026-02-03,2026-06-01
U000124,hoang,Male,33,179,81.4,21.9,25.4,Muscular Endurance,"[""Muscular Endurance"",""Conditioning""]",Rehabilitation and Joint Health,Beginner,2,5,70,"[""Monday"",""Wednesday"",""Sunday"",""Friday"",""Thursday""]","[""Resistance Band"",""Pull-up Bar""]",[],[],"[""Free Weight""]",[],[],No,Push Pull Legs,Very Active,6.9,High,Home Gym,RPE-Based,Active,2026-06-16,2026-07-27
U000125,tuan,Male,37,167,49.3,13.5,17.68,Mobility and Flexibility,"[""Mobility"",""Flexibility"",""Warm-up"",""Corrective Exercise"",""Posture Correction""]",Rehabilitation and Joint Health,Beginner,10,4,70,"[""Friday"",""Monday"",""Tuesday"",""Sunday""]","[""Bodyweight""]",[],[],"[""Free Weight""]",[],[],No,Body Part Split,Extremely Active,5.8,Moderate,Bodyweight Only,Double Progression,Active,2026-01-13,2026-05-21
U000126,linh,Female,34,170,69.8,31.4,24.15,Fat Loss,"[""Fat Loss"",""Conditioning"",""General Fitness""]",Mobility and Flexibility,Beginner,6,4,60,"[""Sunday"",""Saturday"",""Thursday"",""Tuesday""]","[""Cable Machine"",""Bench"",""Resistance Band""]",[],[],"[""Free Weight""]",[],[],No,Upper Lower,Moderately Active,8.7,Low,Limited Gym,Auto,Active,2026-01-05,2026-03-12
U000127,han,Female,18,169,51,20.2,17.86,Strength,"[""Strength"",""Strength Preparation"",""Grip Strength""]",Athletic Performance,Beginner,0,2,40,"[""Saturday"",""Thursday""]","[""Floor"",""Bodyweight""]",[],[],"[""Bodyweight"",""Cable""]",[],[],No,Auto,Sedentary,5.5,Low,Bodyweight Only,Linear Progression,Active,2026-05-27,2026-07-09
U000128,anh,Female,31,166,59,27.4,21.41,Muscle Gain,"[""Muscle Gain""]",Muscular Endurance,Intermediate,23,6,40,"[""Saturday"",""Tuesday"",""Friday"",""Thursday"",""Sunday"",""Monday""]","[""Bodyweight"",""Pull-up Bar""]",[],[],"[""Machine"",""Bodyweight""]",[],"[""Knee pain during deep flexion""]",No,Chest Back Legs,Very Active,7.1,High,Bodyweight Only,RPE-Based,Active,2026-03-02,2026-06-01
U000129,nhi,Female,25,163,46.4,21.3,17.46,Muscle Gain,"[""Muscle Gain""]",Fat Loss,Beginner,6,4,40,"[""Wednesday"",""Tuesday"",""Saturday"",""Sunday""]","[""Bench"",""Bodyweight"",""Pull-up Bar""]",[],[],"[""Machine""]",[],[],No,Chest Back Legs,Lightly Active,8.2,Low,Home Gym,Auto,Active,2026-04-29,2026-05-30
U000130,ngoc,Female,28,170,63.7,27.5,22.04,Fat Loss,"[""Fat Loss"",""Conditioning"",""General Fitness""]",Rehabilitation and Joint Health,Beginner,6,2,60,"[""Friday"",""Tuesday""]","[""Barbell"",""Resistance Band"",""Bodyweight"",""Mat""]",[],[],"[""Cable"",""Free Weight"",""Bodyweight""]","[""EX0097"",""EX0037""]",[],No,Auto,Lightly Active,7.5,Low,Home Gym,Double Progression,Active,2026-03-25,2026-07-19
U000131,thao,Female,39,168,46.2,23.2,16.37,General Fitness,"[""General Fitness"",""Conditioning"",""Coordination"",""Balance"",""Core Stability""]",Athletic Performance,Beginner,5,4,50,"[""Monday"",""Sunday"",""Saturday"",""Tuesday""]","[""Mat"",""Bodyweight""]",[],[],"[""Machine"",""Resistance Band"",""Free Weight""]",[],[],No,Push Pull Legs,Lightly Active,7.7,Moderate,Bodyweight Only,RPE-Based,Active,2026-06-22,2026-07-05
U000132,my,Female,29,168,79.7,35.2,28.24,Fat Loss,"[""Fat Loss"",""Conditioning"",""General Fitness""]",Mobility and Flexibility,Advanced,77,6,90,"[""Wednesday"",""Monday"",""Tuesday"",""Thursday"",""Friday"",""Sunday""]","[""Ab Wheel"",""Parallettes"",""Hack Squat Machine"",""Leg Press Machine"",""Floor"",""Sled""]",[],[],"[""Cable"",""Machine"",""Free Weight""]",[],[],No,Push Pull Legs,Lightly Active,5.6,Moderate,Commercial Gym,Linear Progression,Active,2026-03-27,2026-07-02
U000133,yen,Female,24,162,52.9,24.3,20.16,Mobility and Flexibility,"[""Mobility"",""Flexibility"",""Warm-up"",""Corrective Exercise"",""Posture Correction""]",Fat Loss,Beginner,8,6,60,"[""Wednesday"",""Monday"",""Saturday"",""Thursday"",""Friday"",""Sunday""]","[""Plates"",""Row Machine"",""Incline Bench"",""Weight Plate"",""Plyo Box"",""Leg Press Machine""]",[],[],"[""Resistance Band""]",[],[],No,Upper Lower,Sedentary,7.5,High,Commercial Gym,Double Progression,Active,2026-03-30,2026-04-03
U000134,chi,Female,31,162,58.5,28.5,22.29,Muscle Gain,"[""Muscle Gain""]",Mobility and Flexibility,Beginner,2,2,90,"[""Thursday"",""Tuesday""]","[""Straight Bar or Rope"",""Chest-Supported Row Machine"",""T-Bar Row Machine"",""Suspension Trainer (TRX)"",""Donkey Calf Machine""]",[],"[""Hamstrings""]","[""Bodyweight"",""Cable"",""Resistance Band""]","[""EX0028"",""EX0138""]","[""Mild lower-back discomfort""]",Yes,Auto,Moderately Active,7.5,Moderate,Commercial Gym,RPE-Based,Active,2026-01-25,2026-05-29
U000135,lan,Female,20,169,61.8,25.2,21.64,Strength,"[""Strength"",""Strength Preparation"",""Grip Strength""]",Muscular Endurance,Beginner,6,6,50,"[""Wednesday"",""Thursday"",""Tuesday"",""Saturday"",""Sunday"",""Friday""]","[""Floor"",""Pull-up Bar"",""Mat""]",[],[],"[""Free Weight"",""Resistance Band""]",[],[],No,Auto,Sedentary,5.7,High,Bodyweight Only,RPE-Based,Active,2026-03-14,2026-05-11
U000136,phuong,Female,30,171,68.1,29.4,23.29,Rehabilitation and Joint Health,"[""Rehabilitation"",""Joint Health"",""Injury Prevention"",""Knee Health"",""Shoulder Health"",""Shin Splint Relief""]",Athletic Performance,Intermediate,23,4,90,"[""Tuesday"",""Friday"",""Thursday"",""Saturday""]","[""Mat"",""Bench"",""Bodyweight"",""Barbell""]",[],[],"[""Free Weight""]",[],[],No,Body Part Split,Lightly Active,6.3,High,Home Gym,Auto,Active,2026-07-11,2026-07-15
U000137,mai,Female,23,174,67.5,26.6,22.29,Muscular Endurance,"[""Muscular Endurance"",""Conditioning""]",Muscle Gain,Intermediate,28,5,45,"[""Thursday"",""Friday"",""Saturday"",""Wednesday"",""Monday""]","[""Bodyweight"",""Resistance Band"",""Mat"",""Dumbbell""]","[""Posterior Deltoid""]",[],"[""Machine""]",[],[],No,Chest Back Legs,Lightly Active,8.8,Moderate,Home Gym,RPE-Based,Active,2026-04-06,2026-06-07
U000138,quynh,Female,39,171,72.8,33.4,24.9,General Fitness,"[""General Fitness"",""Conditioning"",""Coordination"",""Balance"",""Core Stability""]",Fat Loss,Beginner,1,3,40,"[""Saturday"",""Sunday"",""Thursday""]","[""Smith Machine"",""Medicine Ball"",""Dumbbells"",""Barbell"",""Lateral Raise Machine"",""Pullover Machine"",""Weight Plate""]",[],[],"[""Machine""]",[],[],No,Upper Lower,Lightly Active,7.3,Moderate,Commercial Gym,Linear Progression,Active,2026-06-13,2026-07-13
U000139,huong,Female,22,167,46.8,19.8,16.78,Muscle Gain,"[""Muscle Gain""]",Muscular Endurance,Intermediate,29,4,40,"[""Saturday"",""Wednesday"",""Monday"",""Thursday""]","[""Bodyweight"",""Bench"",""Pull-up Bar""]",[],[],"[""Cable"",""Bodyweight""]",[],[],No,Push Pull Legs,Very Active,7.2,Low,Home Gym,RPE-Based,Active,2026-02-01,2026-04-04
U000140,trang,Female,24,168,63,26.9,22.32,Mobility and Flexibility,"[""Mobility"",""Flexibility"",""Warm-up"",""Corrective Exercise"",""Posture Correction""]",General Fitness,Intermediate,16,5,60,"[""Tuesday"",""Wednesday"",""Monday"",""Friday"",""Saturday""]","[""Bodyweight"",""Pull-up Bar""]",[],[],"[""Free Weight""]",[],"[""Mild lower-back discomfort""]",Yes,Chest Back Legs,Moderately Active,6.5,Low,Home Gym,Linear Progression,Active,2026-04-26,2026-06-02
U000141,diem,Female,28,175,67.2,27.4,21.94,Muscle Gain,"[""Muscle Gain""]",Muscular Endurance,Beginner,7,4,45,"[""Saturday"",""Tuesday"",""Friday"",""Wednesday""]","[""Power Rack"",""Pull-up Bar"",""Barbell"",""Bench""]","[""Extensor Carpi Radialis Longus""]",[],"[""Bodyweight""]",[],[],No,Auto,Very Active,6,Moderate,Limited Gym,Auto,Active,2026-03-03,2026-04-01
U000142,ha,Other,27,177,79.6,31.3,25.41,Muscular Endurance,"[""Muscular Endurance"",""Conditioning""]",Mobility and Flexibility,Beginner,8,6,75,"[""Tuesday"",""Monday"",""Sunday"",""Saturday"",""Thursday"",""Friday""]","[""Bodyweight"",""Bench"",""Pull-up Bar"",""Mat""]",[],[],"[""Bodyweight"",""Machine""]",[],"[""Previous shoulder irritation""]",No,Chest Back Legs,Extremely Active,7.2,Low,Bodyweight Only,Linear Progression,Active,2026-02-24,2026-02-24
U000143,thanh,Female,33,176,53.6,23,17.3,Muscular Endurance,"[""Muscular Endurance"",""Conditioning""]",Mobility and Flexibility,Advanced,83,4,75,"[""Saturday"",""Wednesday"",""Tuesday"",""Sunday""]","[""Cable Machine"",""Bodyweight"",""Power Rack"",""Resistance Band"",""Dumbbell"",""Barbell""]",[],[],"[""Cable"",""Free Weight"",""Resistance Band""]",[],[],No,Upper Lower,Extremely Active,9,Low,Limited Gym,Double Progression,Active,2026-01-04,2026-01-20
U000144,nhung,Female,22,155,50.2,24.7,20.89,Athletic Performance,"[""Athletic Performance"",""Sport Performance"",""Power"",""Coordination"",""Balance""]",Mobility and Flexibility,Intermediate,19,3,90,"[""Monday"",""Thursday"",""Friday""]","[""Cable"",""Towels"",""Pull-up Bar"",""Weight Plates""]",[],[],"[""Cable"",""Resistance Band"",""Bodyweight""]",[],[],No,Upper Lower,Very Active,8.8,Moderate,Commercial Gym,RPE-Based,Active,2026-01-26,2026-05-30
U000145,tien,Female,18,163,54.3,23.3,20.44,Muscular Endurance,"[""Muscular Endurance"",""Conditioning""]",Rehabilitation and Joint Health,Advanced,70,4,70,"[""Sunday"",""Saturday"",""Friday"",""Wednesday""]","[""Hip Abductor Machine"",""Farmer Walk Handles"",""Triceps Extension Machine"",""Straight Bar or Rope"",""Ab Wheel"",""Single Handle""]",[],"[""Middle Trapezius""]","[""Bodyweight"",""Resistance Band"",""Free Weight""]",[],"[""Limited ankle mobility""]",No,Auto,Lightly Active,8.5,High,Commercial Gym,Double Progression,Active,2026-05-06,2026-06-09
U000146,anhthu,Female,34,157,56,29.7,22.72,Athletic Performance,"[""Athletic Performance"",""Sport Performance"",""Power"",""Coordination"",""Balance""]",Strength,Advanced,44,4,40,"[""Monday"",""Thursday"",""Sunday"",""Tuesday""]","[""Dumbbell"",""Power Rack"",""Cable Machine"",""Bodyweight"",""Pull-up Bar""]","[""Brachioradialis""]",[],"[""Machine"",""Resistance Band""]",[],[],No,Full Body,Extremely Active,8.3,High,Limited Gym,Auto,Active,2026-07-11,2026-07-23
U000147,bich,Female,19,159,50.9,23.1,20.13,Muscle Gain,"[""Muscle Gain""]",Fat Loss,Beginner,2,2,70,"[""Friday"",""Thursday""]","[""Cable Machine"",""Resistance Band"",""Power Rack"",""Dumbbell"",""Pull-up Bar"",""Bodyweight""]",[],"[""Gastrocnemius""]","[""Machine"",""Bodyweight""]",[],"[""Wrist discomfort under load""]",Yes,Upper Lower,Moderately Active,7,High,Limited Gym,Auto,Active,2026-05-17,2026-06-08
U000148,uyen,Female,29,171,61.5,26.5,21.03,Muscular Endurance,"[""Muscular Endurance"",""Conditioning""]",Mobility and Flexibility,Intermediate,24,2,75,"[""Sunday"",""Saturday""]","[""Mat"",""Pull-up Bar"",""Floor""]","[""Lateral Deltoid""]",[],"[""Free Weight"",""Resistance Band"",""Machine""]",[],"[""Wrist discomfort under load""]",No,Auto,Extremely Active,5.9,Low,Bodyweight Only,Linear Progression,Active,2026-01-21,2026-05-18
U000149,giang,Female,27,151,49.4,26.8,21.67,Strength,"[""Strength"",""Strength Preparation"",""Grip Strength""]",General Fitness,Beginner,10,3,70,"[""Tuesday"",""Friday"",""Sunday""]","[""Dumbbell"",""Resistance Band""]",[],[],"[""Free Weight""]",[],[],No,Auto,Sedentary,6.1,High,Home Gym,Auto,Active,2026-01-26,2026-07-28
U000150,chau,Female,27,171,49.2,21,16.83,Muscle Gain,"[""Muscle Gain""]",Muscular Endurance,Intermediate,33,3,75,"[""Monday"",""Wednesday"",""Thursday""]","[""Cable Machine"",""Power Rack"",""Barbell"",""Resistance Band"",""Pull-up Bar""]","[""Erector Spinae"",""Pectoralis Major""]",[],"[""Free Weight"",""Resistance Band""]",[],[],No,Chest Back Legs,Sedentary,8.8,High,Limited Gym,Double Progression,Active,2026-04-15,2026-06-13
U000151,khanh,Female,23,162,80.4,36.7,30.64,Muscle Gain,"[""Muscle Gain""]",Athletic Performance,Advanced,98,5,70,"[""Sunday"",""Monday"",""Saturday"",""Wednesday"",""Thursday""]","[""Bench"",""Mat"",""Dumbbell"",""Resistance Band""]",[],[],"[""Bodyweight"",""Resistance Band"",""Cable""]",[],[],No,Upper Lower,Lightly Active,8.9,Low,Home Gym,Auto,Active,2026-04-11,2026-05-27
U000152,thu,Prefer not to say,23,159,71.4,33.8,28.24,Strength,"[""Strength"",""Strength Preparation"",""Grip Strength""]",Muscle Gain,Intermediate,35,4,40,"[""Saturday"",""Monday"",""Thursday"",""Sunday""]","[""Bench"",""Barbell"",""Bodyweight"",""Cable Machine"",""Dumbbell""]",[],[],"[""Bodyweight"",""Resistance Band"",""Free Weight""]",[],[],No,Auto,Lightly Active,8,Low,Limited Gym,Auto,Active,2026-06-25,2026-06-29
U000153,loan,Female,21,172,57.1,22.6,19.3,Muscular Endurance,"[""Muscular Endurance"",""Conditioning""]",Fat Loss,Beginner,8,2,75,"[""Sunday"",""Tuesday""]","[""Cable Machine"",""Bodyweight"",""Dumbbell"",""Resistance Band""]",[],[],"[""Bodyweight""]",[],[],No,Full Body,Moderately Active,8.3,Moderate,Limited Gym,Auto,Active,2026-07-18,2026-07-28
U000154,nga,Female,50,153,81,45,34.6,Rehabilitation and Joint Health,"[""Rehabilitation"",""Joint Health"",""Injury Prevention"",""Knee Health"",""Shoulder Health"",""Shin Splint Relief""]",General Fitness,Beginner,10,3,40,"[""Saturday"",""Friday"",""Wednesday""]","[""Bodyweight""]",[],[],"[""Machine"",""Cable"",""Resistance Band""]",[],[],No,Auto,Moderately Active,6.6,High,Bodyweight Only,RPE-Based,Active,2026-02-24,2026-06-08
U000155,oanh,Female,24,166,47,20.6,17.06,Mobility and Flexibility,"[""Mobility"",""Flexibility"",""Warm-up"",""Corrective Exercise"",""Posture Correction""]",Fat Loss,Beginner,5,3,90,"[""Friday"",""Sunday"",""Monday""]","[""Resistance Band"",""Pull-up Bar"",""Mat"",""Bench"",""Dumbbell""]","[""Rhomboids""]",[],"[""Machine"",""Cable""]","[""EX0164"",""EX0128""]",[],No,Auto,Lightly Active,8.7,High,Home Gym,RPE-Based,Active,2026-02-26,2026-06-22
U000156,ly,Other,31,167,89.2,40.1,31.98,Mobility and Flexibility,"[""Mobility"",""Flexibility"",""Warm-up"",""Corrective Exercise"",""Posture Correction""]",Athletic Performance,Beginner,3,3,90,"[""Sunday"",""Wednesday"",""Saturday""]","[""Flat Bench"",""Dumbbells"",""45-Degree Back Extension Machine"",""Straight Bar or Rope"",""Ab Wheel"",""Barbell Pad"",""Bodyweight""]",[],[],"[""Resistance Band"",""Bodyweight"",""Machine""]",[],[],No,Chest Back Legs,Extremely Active,5.8,Moderate,Commercial Gym,RPE-Based,Active,2026-03-14,2026-07-11
U000157,hien,Female,21,162,81.1,36.5,30.9,Rehabilitation and Joint Health,"[""Rehabilitation"",""Joint Health"",""Injury Prevention"",""Knee Health"",""Shoulder Health"",""Shin Splint Relief""]",Strength,Intermediate,29,3,60,"[""Saturday"",""Sunday"",""Friday""]","[""Parallel Bars"",""Leg Press Machine"",""Rope Attachment"",""Suspension Trainer (TRX)"",""Hip Adductor Machine"",""Single Handle""]",[],[],"[""Free Weight"",""Bodyweight""]",[],[],No,Auto,Moderately Active,7.4,Low,Commercial Gym,RPE-Based,Active,2026-02-06,2026-04-10
U000158,van,Female,25,175,59.4,23.6,19.4,Muscle Gain,"[""Muscle Gain""]",Strength,Beginner,2,2,45,"[""Thursday"",""Monday""]","[""Barbell"",""Bodyweight"",""Bench""]",[],[],"[""Free Weight"",""Resistance Band"",""Machine""]",[],[],No,Auto,Sedentary,6,Low,Limited Gym,Auto,Active,2026-01-10,2026-03-22
U000159,nhu,Female,22,151,55,28.6,24.12,Strength,"[""Strength"",""Strength Preparation"",""Grip Strength""]",Fat Loss,Advanced,75,2,40,"[""Wednesday"",""Saturday""]","[""Shrug Machine"",""Chest-Supported Row Machine"",""Lat Pulldown Machine"",""Cable"",""Plates"",""Smith Machine"",""Row Machine""]",[],[],"[""Free Weight"",""Resistance Band""]",[],[],No,Chest Back Legs,Moderately Active,8.9,High,Commercial Gym,Linear Progression,Active,2026-01-02,2026-07-04
U000160,trinh,Female,36,154,72,39.3,30.36,Muscular Endurance,"[""Muscular Endurance"",""Conditioning""]",Strength,Intermediate,20,4,70,"[""Sunday"",""Saturday"",""Monday"",""Tuesday""]","[""Pull-up Bar"",""Barbell"",""Dumbbell"",""Resistance Band""]","[""Erector Spinae""]",[],"[""Cable"",""Free Weight""]",[],[],No,Full Body,Lightly Active,8.6,Low,Limited Gym,Auto,Active,2026-05-25,2026-06-28
U000161,duyen,Female,29,167,59.8,27,21.44,Rehabilitation and Joint Health,"[""Rehabilitation"",""Joint Health"",""Injury Prevention"",""Knee Health"",""Shoulder Health"",""Shin Splint Relief""]",Muscle Gain,Beginner,4,4,90,"[""Friday"",""Monday"",""Tuesday"",""Thursday""]","[""Cable Machine"",""Resistance Band"",""Bench"",""Bodyweight"",""Barbell"",""Power Rack""]","[""Hamstrings"",""Erector Spinae""]",[],"[""Resistance Band"",""Bodyweight""]",[],[],No,Auto,Sedentary,8.9,High,Limited Gym,RPE-Based,Active,2026-01-18,2026-04-09
U000162,kim,Female,22,165,61.5,26.8,22.59,Rehabilitation and Joint Health,"[""Rehabilitation"",""Joint Health"",""Injury Prevention"",""Knee Health"",""Shoulder Health"",""Shin Splint Relief""]",Muscular Endurance,Advanced,90,6,70,"[""Saturday"",""Thursday"",""Tuesday"",""Friday"",""Monday"",""Sunday""]","[""Dumbbell"",""Resistance Band"",""Bench"",""Preacher Bench"",""Pole"",""Heel Wedge""]",[],[],"[""Bodyweight"",""Cable"",""Resistance Band""]",[],[],No,Body Part Split,Very Active,6.9,Moderate,Commercial Gym,Linear Progression,Active,2026-06-04,2026-06-27
U000163,hanh,Female,22,151,76.1,39.7,33.38,Muscular Endurance,"[""Muscular Endurance"",""Conditioning""]",Rehabilitation and Joint Health,Intermediate,15,2,30,"[""Sunday"",""Thursday""]","[""Power Rack"",""Pull-up Bar"",""Dumbbell""]",[],[],"[""Free Weight"",""Bodyweight"",""Machine""]",[],[],No,Body Part Split,Very Active,8.9,Moderate,Limited Gym,Double Progression,Active,2026-07-06,2026-07-25
U000164,le,Female,24,169,79.2,33.4,27.73,Fat Loss,"[""Fat Loss"",""Conditioning"",""General Fitness""]",Rehabilitation and Joint Health,Beginner,3,5,75,"[""Friday"",""Tuesday"",""Thursday"",""Monday"",""Saturday""]","[""Cable Machine"",""Power Rack"",""Resistance Band"",""Bench""]",[],[],"[""Machine"",""Free Weight"",""Cable""]",[],[],No,Body Part Split,Sedentary,6.3,Low,Limited Gym,RPE-Based,Active,2026-04-30,2026-06-11
U000165,thuy,Female,27,163,56.3,26.2,21.19,Muscular Endurance,"[""Muscular Endurance"",""Conditioning""]",Athletic Performance,Advanced,80,2,90,"[""Friday"",""Saturday""]","[""Cable Machine"",""Resistance Band"",""Bodyweight"",""Pull-up Bar"",""Power Rack"",""Barbell""]",[],[],"[""Resistance Band""]",[],[],No,Upper Lower,Extremely Active,7.5,Moderate,Limited Gym,Auto,Active,2026-01-16,2026-07-21
U000166,tu,Female,28,167,61.6,27.5,22.09,Mobility and Flexibility,"[""Mobility"",""Flexibility"",""Warm-up"",""Corrective Exercise"",""Posture Correction""]",Muscular Endurance,Beginner,4,5,60,"[""Sunday"",""Saturday"",""Wednesday"",""Monday"",""Friday""]","[""Bench"",""Barbell"",""Dumbbell"",""Cable Machine"",""Pull-up Bar""]","[""Flexor Carpi Radialis""]",[],"[""Free Weight"",""Resistance Band"",""Cable""]",[],[],No,Upper Lower,Sedentary,6.2,High,Limited Gym,Double Progression,Active,2026-02-02,2026-07-14
U000167,ngan,Female,26,176,55.5,22.1,17.92,Muscle Gain,"[""Muscle Gain""]",Fat Loss,Intermediate,17,2,90,"[""Saturday"",""Tuesday""]","[""Bodyweight"",""Pull-up Bar"",""Mat""]",[],[],"[""Free Weight"",""Machine"",""Resistance Band""]",[],[],No,Body Part Split,Lightly Active,7.8,Moderate,Bodyweight Only,Double Progression,Active,2026-01-24,2026-06-01
U000168,tam,Female,34,160,69.7,35.1,27.23,General Fitness,"[""General Fitness"",""Conditioning"",""Coordination"",""Balance"",""Core Stability""]",Mobility and Flexibility,Beginner,3,2,30,"[""Saturday"",""Tuesday""]","[""Parallettes"",""Rope Attachment"",""Assisted Pull-Up Machine"",""Glute Kickback Machine"",""Plyo Box or Bench"",""Heel Wedge"",""Assisted Dip Machine""]",[],[],"[""Cable"",""Resistance Band""]",[],[],No,Body Part Split,Extremely Active,5.9,Low,Commercial Gym,Auto,Active,2026-07-18,2026-07-22
U000169,dao,Female,35,163,80.6,39.1,30.34,Fat Loss,"[""Fat Loss"",""Conditioning"",""General Fitness""]",Muscle Gain,Advanced,37,6,50,"[""Thursday"",""Monday"",""Tuesday"",""Friday"",""Sunday"",""Saturday""]","[""Ab Wheel"",""Lateral Raise Machine"",""Chest-Supported Row Machine"",""Hack Squat Machine"",""Ankle Strap"",""Bench""]","[""Rhomboids"",""Gluteus Maximus""]",[],"[""Cable"",""Bodyweight"",""Free Weight""]",[],[],No,Push Pull Legs,Extremely Active,6.9,High,Commercial Gym,RPE-Based,Active,2026-05-25,2026-07-06
U000170,manh,Male,22,173,89.5,24.7,29.9,Muscular Endurance,"[""Muscular Endurance"",""Conditioning""]",Mobility and Flexibility,Advanced,84,2,45,"[""Monday"",""Sunday""]","[""Resistance Band"",""Bodyweight"",""Cable Machine"",""Bench""]",[],[],"[""Bodyweight""]",[],[],No,Upper Lower,Extremely Active,8,Moderate,Limited Gym,Linear Progression,Active,2026-02-20,2026-06-09
U000171,trung,Male,19,172,90.3,24.8,30.52,Athletic Performance,"[""Athletic Performance"",""Sport Performance"",""Power"",""Coordination"",""Balance""]",General Fitness,Beginner,9,6,40,"[""Thursday"",""Sunday"",""Monday"",""Wednesday"",""Friday"",""Saturday""]","[""Flat Bench or Mat"",""Resistance Band"",""Lat Pulldown Machine"",""Straight Bar or Rope"",""Chest-Supported Row Machine"",""Ab Wheel"",""Straight Bar""]","[""Latissimus Dorsi""]",[],"[""Free Weight""]",[],[],No,Body Part Split,Moderately Active,5.8,Moderate,Commercial Gym,Double Progression,Active,2026-04-06,2026-06-16
U000172,lam,Male,33,183,92.7,24.6,27.68,Muscle Gain,"[""Muscle Gain""]",General Fitness,Beginner,7,4,45,"[""Tuesday"",""Wednesday"",""Saturday"",""Friday""]","[""Dumbbell"",""Mat"",""Resistance Band"",""Pull-up Bar""]",[],[],"[""Machine"",""Free Weight""]",[],[],No,Upper Lower,Sedentary,8.9,Moderate,Home Gym,Double Progression,Active,2026-05-19,2026-07-10
U000173,cuong,Male,42,188,93,25,26.31,Fat Loss,"[""Fat Loss"",""Conditioning"",""General Fitness""]",Muscle Gain,Intermediate,24,2,30,"[""Tuesday"",""Thursday""]","[""Suspension Trainer (TRX)"",""Rig"",""Pole"",""Preacher Bench"",""Heel Wedge"",""Hack Squat Machine""]",[],[],"[""Bodyweight""]",[],[],No,Body Part Split,Lightly Active,5.9,Moderate,Commercial Gym,Auto,Active,2026-02-03,2026-03-30
U000174,toan,Male,18,171,87.4,23.8,29.89,Mobility and Flexibility,"[""Mobility"",""Flexibility"",""Warm-up"",""Corrective Exercise"",""Posture Correction""]",Athletic Performance,Advanced,50,4,70,"[""Tuesday"",""Thursday"",""Wednesday"",""Sunday""]","[""Bench"",""Dumbbell"",""Power Rack"",""Barbell"",""Cable Machine"",""Bodyweight""]",[],[],"[""Machine""]",[],[],No,Push Pull Legs,Sedentary,6.4,Moderate,Limited Gym,RPE-Based,Active,2026-07-25,2026-07-26
U000175,viet,Male,19,158,78.1,25.7,31.29,Athletic Performance,"[""Athletic Performance"",""Sport Performance"",""Power"",""Coordination"",""Balance""]",Mobility and Flexibility,Advanced,41,3,75,"[""Friday"",""Wednesday"",""Tuesday""]","[""Barbell"",""Power Rack"",""Bench"",""Pull-up Bar"",""Dumbbell""]",[],[],"[""Resistance Band"",""Free Weight"",""Cable""]",[],"[""Wrist discomfort under load""]",Yes,Push Pull Legs,Moderately Active,7.4,Moderate,Limited Gym,Double Progression,Active,2026-02-05,2026-04-22
U000176,binh,Male,23,169,72.3,19.5,25.31,Fat Loss,"[""Fat Loss"",""Conditioning"",""General Fitness""]",Strength,Intermediate,27,4,40,"[""Friday"",""Wednesday"",""Saturday"",""Thursday""]","[""Resistance Band"",""Bench"",""Bodyweight""]",[],[],"[""Free Weight"",""Bodyweight""]",[],[],No,Auto,Extremely Active,6.1,High,Home Gym,Double Progression,Active,2026-07-23,2026-07-24
U000177,tai,Male,28,173,89,25.9,29.74,General Fitness,"[""General Fitness"",""Conditioning"",""Coordination"",""Balance"",""Core Stability""]",Muscle Gain,Beginner,10,5,30,"[""Tuesday"",""Friday"",""Thursday"",""Saturday"",""Monday""]","[""Mat"",""Barbell"",""Dumbbell"",""Bodyweight"",""Pull-up Bar""]",[],[],"[""Bodyweight""]",[],[],No,Body Part Split,Very Active,8.5,Low,Home Gym,Auto,Active,2026-05-15,2026-07-18
U000178,tri,Male,46,177,73.3,22.5,23.4,Muscle Gain,"[""Muscle Gain""]",Fat Loss,Intermediate,28,6,90,"[""Wednesday"",""Thursday"",""Friday"",""Sunday"",""Tuesday"",""Monday""]","[""Donkey Calf Machine"",""Heel Wedge"",""Smith Machine"",""Chest-Supported Row Machine"",""Bench""]",[],[],"[""Free Weight"",""Resistance Band"",""Bodyweight""]",[],[],No,Upper Lower,Sedentary,8.9,High,Commercial Gym,Auto,Active,2026-06-24,2026-07-24
U000179,tin,Male,21,182,60.6,10.6,18.29,Mobility and Flexibility,"[""Mobility"",""Flexibility"",""Warm-up"",""Corrective Exercise"",""Posture Correction""]",Muscular Endurance,Beginner,11,3,40,"[""Tuesday"",""Monday"",""Thursday""]","[""Pull-up Bar"",""Mat"",""Floor""]",[],[],"[""Bodyweight"",""Free Weight"",""Cable""]",[],[],No,Upper Lower,Lightly Active,5.9,Moderate,Bodyweight Only,Linear Progression,Active,2026-05-15,2026-06-13
U000180,nghia,Male,23,173,70.8,17.5,23.66,Muscle Gain,"[""Muscle Gain""]",Fat Loss,Beginner,4,5,50,"[""Sunday"",""Friday"",""Wednesday"",""Saturday"",""Thursday""]","[""Plates"",""Heel Wedge"",""Squat Rack"",""45-Degree Back Extension Machine"",""Pullover Machine""]",[],[],"[""Free Weight"",""Bodyweight"",""Cable""]",[],[],No,Push Pull Legs,Sedentary,7,Low,Commercial Gym,RPE-Based,Active,2026-01-02,2026-06-24
U000181,nhan,Male,43,185,64.7,16.4,18.9,Athletic Performance,"[""Athletic Performance"",""Sport Performance"",""Power"",""Coordination"",""Balance""]",General Fitness,Beginner,7,5,50,"[""Monday"",""Tuesday"",""Wednesday"",""Sunday"",""Thursday""]","[""Bench"",""Barbell"",""Dumbbell"",""Cable Machine""]",[],[],"[""Machine""]",[],[],No,Chest Back Legs,Extremely Active,6.2,High,Limited Gym,Auto,Active,2026-07-11,2026-07-11
U000182,sonny,Male,24,174,77.3,20,25.53,Mobility and Flexibility,"[""Mobility"",""Flexibility"",""Warm-up"",""Corrective Exercise"",""Posture Correction""]",Fat Loss,Intermediate,18,5,60,"[""Monday"",""Wednesday"",""Saturday"",""Tuesday"",""Thursday""]","[""Barbell"",""Pole"",""Hip Adductor Machine"",""Wrist Roller Device""]",[],[],"[""Machine"",""Cable"",""Bodyweight""]",[],[],No,Upper Lower,Very Active,5.8,Low,Commercial Gym,Auto,Active,2026-04-13,2026-07-13
U000183,kiet,Male,24,176,90.4,24.3,29.18,General Fitness,"[""General Fitness"",""Conditioning"",""Coordination"",""Balance"",""Core Stability""]",Athletic Performance,Intermediate,18,2,70,"[""Monday"",""Tuesday""]","[""Shoulder Press Machine"",""Calf Raise Machine"",""45-Degree Back Extension Machine"",""Assisted Pull-Up Machine"",""Dip Station"",""Box""]",[],[],"[""Free Weight"",""Bodyweight""]",[],[],No,Body Part Split,Very Active,8.3,High,Commercial Gym,Double Progression,Active,2026-05-07,2026-05-27
U000184,vu,Male,18,185,75.7,14.5,22.12,Muscular Endurance,"[""Muscular Endurance"",""Conditioning""]",General Fitness,Beginner,7,4,90,"[""Monday"",""Wednesday"",""Saturday"",""Sunday""]","[""Mat"",""Dumbbell"",""Pull-up Bar"",""Barbell""]",[],[],"[""Free Weight""]","[""EX0142"",""EX0053""]",[],No,Auto,Sedentary,6.2,High,Home Gym,Double Progression,Active,2026-07-17,2026-07-28
U000185,nguyen,Male,33,160,80.3,29,31.37,Athletic Performance,"[""Athletic Performance"",""Sport Performance"",""Power"",""Coordination"",""Balance""]",Muscle Gain,Beginner,1,4,90,"[""Tuesday"",""Thursday"",""Sunday"",""Wednesday""]","[""Cable Machine"",""Power Rack"",""Bench""]",[],[],"[""Free Weight""]",[],[],No,Push Pull Legs,Extremely Active,7.8,Low,Limited Gym,Auto,Active,2026-06-25,2026-07-21
U000186,khoa,Male,23,170,53,11.1,18.34,Muscle Gain,"[""Muscle Gain""]",Mobility and Flexibility,Intermediate,23,4,70,"[""Friday"",""Sunday"",""Saturday"",""Monday""]","[""Bodyweight"",""Pull-up Bar""]",[],[],"[""Cable"",""Resistance Band""]","[""EX0050""]",[],No,Chest Back Legs,Very Active,5.9,High,Bodyweight Only,RPE-Based,Active,2026-03-27,2026-05-26
U000187,hieu,Male,30,178,67.4,16.2,21.27,Rehabilitation and Joint Health,"[""Rehabilitation"",""Joint Health"",""Injury Prevention"",""Knee Health"",""Shoulder Health"",""Shin Splint Relief""]",Mobility and Flexibility,Beginner,8,5,40,"[""Sunday"",""Saturday"",""Tuesday"",""Wednesday"",""Friday""]","[""Bench"",""Barbell"",""Resistance Band"",""Power Rack"",""Dumbbell""]","[""Palmaris Longus""]",[],"[""Free Weight"",""Resistance Band""]",[],[],No,Upper Lower,Lightly Active,6,Moderate,Limited Gym,Double Progression,Active,2026-04-21,2026-06-21
U000188,thang,Male,43,170,91.9,31.8,31.8,Strength,"[""Strength"",""Strength Preparation"",""Grip Strength""]",General Fitness,Intermediate,28,6,30,"[""Saturday"",""Sunday"",""Tuesday"",""Thursday"",""Monday"",""Wednesday""]","[""Bench"",""Resistance Band"",""Mat"",""Pull-up Bar"",""Barbell""]","[""Gluteus Minimus"",""Rhomboids""]",[],"[""Free Weight"",""Cable""]",[],[],No,Auto,Moderately Active,8.5,Low,Home Gym,Linear Progression,Active,2026-01-16,2026-07-12
U000189,quoc,Male,20,179,62.7,11.9,19.57,Muscular Endurance,"[""Muscular Endurance"",""Conditioning""]",Fat Loss,Beginner,11,4,90,"[""Wednesday"",""Friday"",""Sunday"",""Tuesday""]","[""Bodyweight"",""Mat"",""Resistance Band"",""Pull-up Bar"",""Barbell""]",[],"[""Latissimus Dorsi""]","[""Resistance Band"",""Cable""]",[],"[""Previous shoulder irritation""]",No,Auto,Extremely Active,5.8,Moderate,Home Gym,Linear Progression,Active,2026-06-22,2026-07-20
U000190,canh,Other,31,179,53.9,21.9,16.82,Athletic Performance,"[""Athletic Performance"",""Sport Performance"",""Power"",""Coordination"",""Balance""]",Rehabilitation and Joint Health,Advanced,74,5,60,"[""Wednesday"",""Sunday"",""Saturday"",""Tuesday"",""Friday""]","[""Bench"",""Rig"",""Hip Abductor Machine"",""Hip Adductor Machine"",""Neutral-Grip Attachment""]","[""Adductor Longus""]",[],"[""Machine""]",[],[],No,Body Part Split,Extremely Active,6.2,High,Commercial Gym,Double Progression,Active,2026-03-08,2026-06-19
U000191,danh,Male,33,173,71.7,20.1,23.96,General Fitness,"[""General Fitness"",""Conditioning"",""Coordination"",""Balance"",""Core Stability""]",Strength,Intermediate,31,4,75,"[""Tuesday"",""Monday"",""Sunday"",""Saturday""]","[""Flat Bench or Mat"",""Bicep Curl Machine"",""Leg Press Machine"",""EZ-Bar"",""Barbell"",""Sled""]",[],[],"[""Resistance Band""]",[],[],No,Upper Lower,Lightly Active,8.4,Low,Commercial Gym,Auto,Active,2026-01-23,2026-06-20
U000192,duong,Male,22,169,89.2,26.3,31.23,Muscle Gain,"[""Muscle Gain""]",Muscular Endurance,Beginner,10,4,40,"[""Tuesday"",""Saturday"",""Sunday"",""Friday""]","[""Bench"",""Bodyweight"",""Dumbbell"",""Resistance Band"",""Barbell""]",[],[],"[""Machine"",""Bodyweight"",""Cable""]",[],[],No,Chest Back Legs,Extremely Active,8,Moderate,Home Gym,Auto,Active,2026-05-05,2026-07-20
U000193,dinh,Male,28,180,71.6,16.8,22.1,Strength,"[""Strength"",""Strength Preparation"",""Grip Strength""]",Fat Loss,Intermediate,34,2,30,"[""Thursday"",""Monday""]","[""Dumbbell"",""Pull-up Bar"",""Bodyweight"",""Barbell""]",[],[],"[""Free Weight""]",[],[],No,Body Part Split,Lightly Active,5.7,Moderate,Home Gym,RPE-Based,Active,2026-06-10,2026-07-25
U000194,nhatnam,Male,21,187,63.6,10.5,18.19,Strength,"[""Strength"",""Strength Preparation"",""Grip Strength""]",Muscular Endurance,Intermediate,31,4,50,"[""Monday"",""Saturday"",""Friday"",""Thursday""]","[""Preacher Bench"",""Harness/Straps"",""Row Handle"",""Pole"",""Barbell Pad"",""Bicep Curl Machine"",""Dip Station"",""Bodyweight""]",[],"[""Trapezius""]","[""Bodyweight"",""Free Weight""]","[""EX0146"",""EX0014""]","[""Mild lower-back discomfort""]",Yes,Auto,Sedentary,8.8,High,Commercial Gym,Linear Progression,Active,2026-02-16,2026-07-23
U000195,giahan,Female,41,176,57.8,26.4,18.66,Mobility and Flexibility,"[""Mobility"",""Flexibility"",""Warm-up"",""Corrective Exercise"",""Posture Correction""]",Muscle Gain,Advanced,106,5,60,"[""Monday"",""Thursday"",""Saturday"",""Friday"",""Sunday""]","[""Bodyweight""]",[],[],"[""Bodyweight"",""Free Weight""]",[],[],No,Body Part Split,Very Active,6.3,Moderate,Bodyweight Only,Auto,Active,2026-03-12,2026-05-06
U000196,minhthu,Female,43,151,53,32.4,23.24,Mobility and Flexibility,"[""Mobility"",""Flexibility"",""Warm-up"",""Corrective Exercise"",""Posture Correction""]",Strength,Beginner,5,3,50,"[""Friday"",""Wednesday"",""Monday""]","[""Bodyweight"",""Bench"",""Pull-up Bar"",""Cable Machine"",""Resistance Band""]",[],[],"[""Cable""]",[],[],No,Auto,Lightly Active,6.5,Moderate,Limited Gym,RPE-Based,Active,2026-05-12,2026-06-21
U000197,phuonganh,Female,34,169,79.8,35.9,27.94,Strength,"[""Strength"",""Strength Preparation"",""Grip Strength""]",Fat Loss,Beginner,10,4,30,"[""Sunday"",""Tuesday"",""Saturday"",""Monday""]","[""Incline Bench"",""Wrist Roller Device"",""Flat Bench"",""Straight Bar"",""Bodyweight""]",[],[],"[""Resistance Band""]",[],[],No,Auto,Lightly Active,6.8,Moderate,Commercial Gym,Double Progression,Active,2026-05-26,2026-07-22
U000198,baotram,Female,31,152,64.5,35.2,27.92,Athletic Performance,"[""Athletic Performance"",""Sport Performance"",""Power"",""Coordination"",""Balance""]",Mobility and Flexibility,Beginner,11,4,70,"[""Tuesday"",""Sunday"",""Saturday"",""Friday""]","[""Dumbbell"",""Barbell"",""Pull-up Bar"",""Bench"",""Resistance Band"",""Cable Machine""]",[],[],"[""Bodyweight""]",[],[],No,Upper Lower,Sedentary,8.7,High,Limited Gym,Double Progression,Active,2026-01-18,2026-07-05
U000199,quocvinh,Male,18,186,63.3,9.9,18.3,Mobility and Flexibility,"[""Mobility"",""Flexibility"",""Warm-up"",""Corrective Exercise"",""Posture Correction""]",General Fitness,Advanced,118,2,50,"[""Friday"",""Monday""]","[""Power Rack"",""Bench"",""Resistance Band""]",[],[],"[""Cable"",""Bodyweight""]","[""EX0069""]",[],No,Auto,Moderately Active,6.7,Low,Limited Gym,Linear Progression,Active,2026-01-05,2026-06-15
U000200,minhson,Male,33,171,88.8,27.8,30.37,General Fitness,"[""General Fitness"",""Conditioning"",""Coordination"",""Balance"",""Core Stability""]",Muscular Endurance,Intermediate,14,6,60,"[""Saturday"",""Friday"",""Monday"",""Thursday"",""Wednesday"",""Tuesday""]","[""Cable Machine"",""Resistance Band"",""Power Rack"",""Pull-up Bar""]",[],"[""Adductor Longus""]","[""Bodyweight"",""Cable""]",[],"[""Mild lower-back discomfort""]",Yes,Body Part Split,Extremely Active,6.3,High,Limited Gym,Double Progression,Active,2026-01-26,2026-04-03
U000201,hoang201,Prefer not to say,23,150,49.8,26.4,22.13,Strength,"[""Strength"",""Strength Preparation"",""Grip Strength""]",Athletic Performance,Intermediate,13,2,60,"[""Thursday"", ""Wednesday""]","[""Bodyweight"",""Mat""]",[],[],"[""Barbell"", ""Machine"", ""Cable""]",[],[],No,Auto,Moderately Active,8.3,Moderate,Bodyweight Only,RPE-Based,Active,2026-06-04,2026-06-05
U000202,ha202,Prefer not to say,33,175,62.3,26.6,20.34,Strength,"[""Strength"",""Strength Preparation"",""Grip Strength""]",Rehabilitation and Joint Health,Advanced,52,3,90,"[""Tuesday"", ""Wednesday"", ""Monday""]","[""Chest Press Machine"",""Weight Plate"",""Hip Abductor Machine"",""Bench"",""Adjustable Bench"",""Calf Raise Machine"",""Straight Bar""]",[],[],"[""Cable""]",[],[],No,Body Part Split,Moderately Active,8.4,Low,Limited Gym,Double Progression,Active,2026-07-30,2026-07-30
U000203,lan203,Other,29,169,78.4,34.2,27.45,Athletic Performance,"[""Athletic Performance"",""Sport Performance"",""Power"",""Coordination"",""Balance""]",Rehabilitation and Joint Health,Beginner,4,5,75,"[""Wednesday"", ""Monday"", ""Thursday"", ""Friday"", ""Saturday""]","[""Weight Plate"",""Suspension Trainer (TRX)"",""Resistance Band (Optional)"",""Resistance Band"",""Farmer Walk Handles"",""Ab Crunch Machine"",""Pec Deck Machine"",""Towels""]",[],[],"[""Cable""]",[],[],No,Auto,Very Active,5.9,High,Limited Gym,RPE-Based,Active,2026-06-19,2026-06-21
U000204,quang204,Male,43,179,82,24.4,25.59,Rehabilitation and Joint Health,"[""Rehabilitation"",""Joint Health"",""Injury Prevention"",""Knee Health"",""Shoulder Health"",""Shin Splint Relief""]",General Fitness,Intermediate,22,4,45,"[""Friday"", ""Sunday"", ""Thursday"", ""Saturday""]","[""Kettlebell"",""Row Handle"",""Plates""]",[],[],"[""Dumbbell"", ""Cable""]",[],[],No,Push Pull Legs,Lightly Active,6.7,Low,Home Gym,RPE-Based,Active,2026-06-09,2026-06-09
U000205,quang205,Female,36,151,38.3,23,16.8,Muscle Gain,"[""Muscle Gain""]",Fat Loss,Beginner,7,3,60,"[""Tuesday"", ""Thursday"", ""Wednesday""]","[""Bodyweight"",""Mat""]","[""Erector Spinae""]",[],"[""Dumbbell"", ""Bodyweight""]",[],[],No,Body Part Split,Lightly Active,7.4,Low,Bodyweight Only,Double Progression,Active,2026-07-29,2026-08-03
U000206,phong206,Other,32,169,90.5,40,31.69,General Fitness,"[""General Fitness"",""Conditioning"",""Coordination"",""Balance"",""Core Stability""]",Athletic Performance,Intermediate,23,2,60,"[""Friday"", ""Wednesday""]","[""Bodyweight"",""Mat""]",[],"[""Anterior Deltoid""]","[""Cable"", ""Dumbbell"", ""Machine""]",[],[],No,Auto,Sedentary,8.6,Low,Bodyweight Only,RPE-Based,Active,2026-07-03,2026-07-08
U000207,son207,Male,28,158,43.9,11.3,17.59,General Fitness,"[""General Fitness"",""Conditioning"",""Coordination"",""Balance"",""Core Stability""]",Rehabilitation and Joint Health,Beginner,4,2,90,"[""Saturday"", ""Thursday""]","[""Dumbbells"",""Parallel Bars"",""Shoulder Press Machine"",""Squat Rack"",""Plyo Box or Bench"",""Adjustable Bench"",""Parallettes"",""Rig"",""Row Machine"",""Farmer Walk Handles"",""Decline Bench"",""Battle Ropes"",""Pole"",""Triceps Extension Machine"",""Hip Adductor Machine"",""Barbell"",""Row Handle"",""Harness/Straps"",""Kettlebell""]",[],[],"[""Machine""]",[],[],No,Push Pull Legs,Sedentary,6.6,Moderate,Commercial Gym,Linear Progression,Active,2026-06-19,2026-06-23
U000208,khoa208,Prefer not to say,30,169,82.6,36.2,28.92,Rehabilitation and Joint Health,"[""Rehabilitation"",""Joint Health"",""Injury Prevention"",""Knee Health"",""Shoulder Health"",""Shin Splint Relief""]",Strength,Intermediate,29,5,90,"[""Friday"", ""Sunday"", ""Saturday"", ""Thursday"", ""Wednesday""]","[""Bodyweight"",""Mat""]",[],[],"[""Bodyweight""]",[],[],No,Chest Back Legs,Moderately Active,5.6,Moderate,Bodyweight Only,Linear Progression,Active,2026-06-23,2026-06-24
U000209,tuan209,Prefer not to say,45,173,56.6,27.6,18.91,Fat Loss,"[""Fat Loss"",""Conditioning"",""General Fitness""]",Muscular Endurance,Advanced,60,4,90,"[""Thursday"", ""Saturday"", ""Tuesday"", ""Monday""]","[""Parallettes"",""Neutral-Grip Attachment"",""Bodyweight""]",[],[],"[""Bodyweight"", ""Barbell"", ""Dumbbell""]",[],[],No,Upper Lower,Moderately Active,5.5,Low,Home Gym,RPE-Based,Active,2026-07-28,2026-07-28
U000210,quang210,Female,19,150,68.5,35.5,30.44,General Fitness,"[""General Fitness"",""Conditioning"",""Coordination"",""Balance"",""Core Stability""]",Rehabilitation and Joint Health,Intermediate,17,5,60,"[""Thursday"", ""Wednesday"", ""Sunday"", ""Monday"", ""Friday""]","[""Flat Bench or Mat"",""Ankle Strap"",""Sissy Squat Machine"",""Lateral Raise Machine"",""Pec Deck Machine"",""Bench"",""Farmer Walk Handles"",""Towels"",""Leg Press Machine"",""Decline Bench"",""Cable"",""Weight Plate"",""Hip Adductor Machine""]",[],[],"[""Machine"", ""Cable""]",[],[],No,Upper Lower,Sedentary,7.5,Low,Commercial Gym,RPE-Based,Active,2026-07-02,2026-07-04
U000211,viet211,Other,29,159,60.2,29.8,23.81,Mobility and Flexibility,"[""Mobility"",""Flexibility"",""Warm-up"",""Corrective Exercise"",""Posture Correction""]",Strength,Intermediate,25,5,90,"[""Saturday"", ""Sunday"", ""Wednesday"", ""Thursday"", ""Monday""]","[""Hack Squat Machine"",""Single Handle"",""Ab Wheel"",""Trap Bar"",""Chest Press Machine"",""Incline Bench"",""Dumbbell"",""Plyo Box"",""Sliders"",""Cable"",""Leg Extension Machine"",""Battle Ropes"",""Plates"",""Wrist Roller Device"",""Parallettes"",""Straight Bar"",""Sled"",""Weight Plate"",""Resistance Band""]",[],[],"[""Cable"", ""Barbell""]",[],[],No,Auto,Extremely Active,7.1,High,Commercial Gym,RPE-Based,Active,2026-07-22,2026-07-26
U000212,hoang212,Other,25,168,62.3,26.8,22.07,Muscular Endurance,"[""Muscular Endurance"",""Conditioning""]",Fat Loss,Intermediate,13,4,45,"[""Thursday"", ""Monday"", ""Sunday"", ""Wednesday""]","[""Squat Rack"",""Single Handle"",""EZ-Bar"",""Seated Leg Curl Machine"",""Leg Curl Machine"",""Cable"",""Dumbbells"",""Plyo Box"",""Donkey Calf Machine"",""Incline Chest Press Machine"",""Flat Bench"",""Calf Block"",""Calf Raise Machine"",""Dip Station"",""Ab Crunch Machine"",""Lat Pulldown Machine""]",[],"[""Longus Colli""]","[""Machine"", ""Barbell""]",[],[],No,Body Part Split,Moderately Active,5.9,Moderate,Commercial Gym,Double Progression,Active,2026-06-12,2026-06-16
U000213,dat213,Other,46,159,52.5,30.1,20.77,Rehabilitation and Joint Health,"[""Rehabilitation"",""Joint Health"",""Injury Prevention"",""Knee Health"",""Shoulder Health"",""Shin Splint Relief""]",Muscle Gain,Advanced,109,5,60,"[""Sunday"", ""Thursday"", ""Saturday"", ""Tuesday"", ""Wednesday""]","[""Flat Bench or Mat"",""Plyo Box"",""Adjustable Bench"",""Row Handle""]",[],[],"[""Machine""]",[],[],No,Body Part Split,Very Active,6.1,Moderate,Home Gym,Linear Progression,Active,2026-07-09,2026-07-12
U000214,phong214,Prefer not to say,35,150,66.7,38.2,29.64,Strength,"[""Strength"",""Strength Preparation"",""Grip Strength""]",Fat Loss,Advanced,111,5,75,"[""Saturday"", ""Monday"", ""Tuesday"", ""Wednesday"", ""Friday""]","[""Barbell Pad"",""Shrug Machine"",""Single Handle"",""Seated Calf Machine"",""High Flat Bench"",""Assisted Dip Machine"",""Heel Wedge"",""Plates"",""GHR Machine"",""45-Degree Back Extension Machine"",""Assisted Pull-Up Machine""]",[],[],"[""Dumbbell"", ""Barbell"", ""Machine""]",[],[],No,Body Part Split,Very Active,7.9,Moderate,Commercial Gym,Auto,Active,2026-07-21,2026-07-25
U000215,ha215,Female,31,150,60.7,34.1,26.98,Strength,"[""Strength"",""Strength Preparation"",""Grip Strength""]",General Fitness,Advanced,65,6,60,"[""Thursday"", ""Wednesday"", ""Sunday"", ""Saturday"", ""Tuesday"", ""Friday""]","[""Leg Curl Machine"",""Hack Squat Machine"",""Heel Wedge"",""Assisted Dip Machine"",""Gymnastics Rings"",""Sissy Squat Machine"",""Weight Plates""]",[],[],"[""Dumbbell""]",[],[],No,Upper Lower,Sedentary,6.8,Low,Limited Gym,Linear Progression,Active,2026-08-02,2026-08-02
U000216,huy216,Other,23,154,49.9,25.1,21.04,Strength,"[""Strength"",""Strength Preparation"",""Grip Strength""]",Athletic Performance,Beginner,0,3,90,"[""Tuesday"", ""Wednesday"", ""Sunday""]","[""Bench"",""Shrug Machine"",""Sliders"",""Suspension Trainer (TRX)"",""Straight Bar or Rope"",""Cable Machine"",""Hack Squat Machine"",""Wrist Roller Device"",""Ankle Strap""]","[""Upper Trapezius"",""Pectoralis Major""]",[],"[""Machine"", ""Barbell"", ""Bodyweight""]",[],"[""Acute low back pain""]",Yes,Body Part Split,Moderately Active,7.1,Moderate,Limited Gym,RPE-Based,Active,2026-07-21,2026-07-24
U000217,quang217,Male,28,176,68.6,16.8,22.15,General Fitness,"[""General Fitness"",""Conditioning"",""Coordination"",""Balance"",""Core Stability""]",Muscle Gain,Advanced,98,6,75,"[""Friday"", ""Wednesday"", ""Tuesday"", ""Saturday"", ""Monday"", ""Thursday""]","[""Weight Plate"",""Wall"",""Bench"",""Landmine"",""D-Handle""]",[],[],"[""Barbell"", ""Dumbbell"", ""Machine""]",[],[],No,Push Pull Legs,Moderately Active,7.5,Low,Home Gym,RPE-Based,Active,2026-06-11,2026-06-11
U000218,tuan218,Other,35,166,85.8,40,31.14,Fat Loss,"[""Fat Loss"",""Conditioning"",""General Fitness""]",Rehabilitation and Joint Health,Intermediate,32,5,75,"[""Saturday"", ""Monday"", ""Sunday"", ""Thursday"", ""Friday""]","[""Bodyweight"",""Mat""]",[],[],"[""Machine"", ""Bodyweight""]",[],[],No,Chest Back Legs,Very Active,5.6,Moderate,Bodyweight Only,RPE-Based,Active,2026-06-09,2026-06-12
U000219,dat219,Male,22,175,62.2,13.2,20.31,Fat Loss,"[""Fat Loss"",""Conditioning"",""General Fitness""]",Muscular Endurance,Advanced,49,5,90,"[""Sunday"", ""Monday"", ""Saturday"", ""Thursday"", ""Friday""]","[""Pull-up Bar"",""Incline Bench"",""Bench"",""Calf Block""]",[],[],"[""Cable"", ""Barbell""]",[],"[""Ankle instability""]",Yes,Upper Lower,Lightly Active,7.8,Low,Home Gym,Auto,Active,2026-06-20,2026-06-24
U000220,phong220,Male,29,179,76.2,19,23.78,Rehabilitation and Joint Health,"[""Rehabilitation"",""Joint Health"",""Injury Prevention"",""Knee Health"",""Shoulder Health"",""Shin Splint Relief""]",Strength,Advanced,114,2,45,"[""Monday"", ""Tuesday""]","[""Plyo Box or Bench"",""Battle Ropes"",""Parallel Bars"",""Cable"",""Seated Calf Machine""]",[],[],"[""Machine"", ""Barbell"", ""Cable""]",[],[],No,Push Pull Legs,Moderately Active,7.8,Moderate,Limited Gym,Double Progression,Active,2026-07-11,2026-07-13
U000221,trang221,Male,22,173,52.8,10,17.64,Mobility and Flexibility,"[""Mobility"",""Flexibility"",""Warm-up"",""Corrective Exercise"",""Posture Correction""]",Athletic Performance,Intermediate,22,6,90,"[""Thursday"", ""Friday"", ""Tuesday"", ""Wednesday"", ""Sunday"", ""Saturday""]","[""Assisted Dip Machine"",""Hip Abductor Machine"",""Heel Wedge"",""High Flat Bench"",""Single Handle"",""Triceps Extension Machine"",""Weight Plates"",""Leg Press Machine"",""Chest-Supported Row Machine"",""Wall"",""Flat Bench"",""Neutral-Grip Attachment"",""Hip Adductor Machine"",""T-Bar Row Machine"",""Weight Plate"",""Incline Bench"",""Hip Thrust Machine""]","[""Adductor Magnus""]",[],"[""Bodyweight"", ""Cable""]",[],[],No,Upper Lower,Very Active,6.3,Moderate,Commercial Gym,Auto,Active,2026-06-17,2026-06-21
U000222,dat222,Prefer not to say,33,169,87.8,39.1,30.74,Muscle Gain,"[""Muscle Gain""]",Strength,Intermediate,35,4,45,"[""Tuesday"", ""Wednesday"", ""Monday"", ""Saturday""]","[""Bodyweight"",""Mat""]",[],[],"[""Machine"", ""Bodyweight"", ""Dumbbell""]",[],[],No,Auto,Extremely Active,7.1,Low,Bodyweight Only,Auto,Active,2026-08-01,2026-08-06
U000223,trang223,Male,26,163,52.9,13.7,19.91,General Fitness,"[""General Fitness"",""Conditioning"",""Coordination"",""Balance"",""Core Stability""]",Muscle Gain,Intermediate,28,6,75,"[""Sunday"", ""Friday"", ""Wednesday"", ""Monday"", ""Tuesday"", ""Saturday""]","[""Mat"",""Calf Block""]",[],[],"[""Dumbbell"", ""Cable"", ""Bodyweight""]",[],"[""Acute low back pain""]",No,Auto,Extremely Active,5.8,Low,Home Gym,Linear Progression,Active,2026-07-01,2026-07-02
U000224,phuong224,Prefer not to say,30,171,77.1,33.1,26.37,Muscle Gain,"[""Muscle Gain""]",Rehabilitation and Joint Health,Beginner,0,3,90,"[""Friday"", ""Thursday"", ""Wednesday""]","[""Bodyweight"",""Mat""]",[],[],"[""Machine""]",[],[],No,Auto,Sedentary,7,Moderate,Bodyweight Only,Double Progression,Active,2026-06-12,2026-06-17
U000225,ha225,Female,34,151,65.6,36.9,28.77,Rehabilitation and Joint Health,"[""Rehabilitation"",""Joint Health"",""Injury Prevention"",""Knee Health"",""Shoulder Health"",""Shin Splint Relief""]",Muscle Gain,Beginner,4,4,75,"[""Friday"", ""Tuesday"", ""Monday"", ""Wednesday""]","[""Hack Squat Machine"",""Plyo Box or Bench"",""Sissy Squat Machine"",""Medicine Ball"",""Leg Extension Machine"",""Seated Calf Machine"",""Cable"",""Farmer Walk Handles"",""Assisted Pull-Up Machine"",""Leg Press Machine"",""Preacher Bench"",""Squat Rack"",""Bench"",""Barbell"",""Shoulder Press Machine"",""Chest Press Machine"",""Barbell Pad"",""Calf Raise Machine"",""Harness/Straps""]",[],[],"[""Bodyweight""]",[],[],No,Upper Lower,Moderately Active,7.4,Low,Commercial Gym,Auto,Active,2026-08-06,2026-08-11
U000226,mai226,Prefer not to say,44,168,55.5,28.3,19.66,General Fitness,"[""General Fitness"",""Conditioning"",""Coordination"",""Balance"",""Core Stability""]",Fat Loss,Advanced,64,6,90,"[""Thursday"", ""Saturday"", ""Wednesday"", ""Sunday"", ""Monday"", ""Tuesday""]","[""Seated Leg Curl Machine"",""Ankle Strap"",""Lat Pulldown Machine"",""Leg Curl Machine"",""Plates"",""Wrist Roller Device""]",[],[],"[""Cable"", ""Bodyweight""]",[],[],No,Chest Back Legs,Moderately Active,6.1,Low,Limited Gym,Auto,Active,2026-06-14,2026-06-17
U000227,huy227,Female,19,159,54,24.6,21.36,General Fitness,"[""General Fitness"",""Conditioning"",""Coordination"",""Balance"",""Core Stability""]",Strength,Intermediate,12,2,90,"[""Wednesday"", ""Tuesday""]","[""Wrist Roller Device"",""Mat"",""Donkey Calf Machine"",""Towels"",""Hip Abductor Machine"",""Wall"",""Pole"",""Assisted Pull-Up Machine""]",[],[],"[""Barbell"", ""Dumbbell"", ""Bodyweight""]",[],[],No,Full Body,Sedentary,7.1,High,Limited Gym,Linear Progression,Active,2026-06-22,2026-06-25
U000228,huong228,Other,25,170,83.3,34.9,28.82,Rehabilitation and Joint Health,"[""Rehabilitation"",""Joint Health"",""Injury Prevention"",""Knee Health"",""Shoulder Health"",""Shin Splint Relief""]",Muscle Gain,Intermediate,31,4,60,"[""Friday"", ""Wednesday"", ""Monday"", ""Tuesday""]","[""Bench"",""Decline Bench"",""Row Handle"",""Plates"",""Leg Curl Machine"",""Assisted Dip Machine"",""Hip Thrust Machine"",""Seated Leg Curl Machine"",""Box""]",[],[],"[""Cable"", ""Machine""]",[],[],No,Auto,Lightly Active,8.6,Low,Limited Gym,RPE-Based,Active,2026-06-08,2026-06-12
U000229,tuan229,Other,27,164,85.4,38.9,31.75,Strength,"[""Strength"",""Strength Preparation"",""Grip Strength""]",General Fitness,Beginner,11,2,45,"[""Sunday"", ""Saturday""]","[""Bodyweight"",""Mat""]",[],[],"[""Bodyweight""]",[],[],No,Auto,Sedentary,7.5,High,Bodyweight Only,Double Progression,Active,2026-06-06,2026-06-08
U000230,tuan230,Other,33,163,62.6,30.5,23.56,Muscular Endurance,"[""Muscular Endurance"",""Conditioning""]",Rehabilitation and Joint Health,Beginner,11,3,60,"[""Monday"", ""Thursday"", ""Saturday""]","[""Rope Attachment"",""Smith Machine"",""Donkey Calf Machine"",""Battle Ropes"",""High Flat Bench"",""Pullover Machine"",""Decline Bench"",""Plyo Box or Bench"",""Sliders"",""Leg Curl Machine"",""Calf Block""]",[],[],"[""Cable"", ""Dumbbell""]",[],[],No,Body Part Split,Extremely Active,8.5,Moderate,Commercial Gym,Linear Progression,Active,2026-06-05,2026-06-10
U000231,huy231,Other,22,169,62.9,26.1,22.02,Athletic Performance,"[""Athletic Performance"",""Sport Performance"",""Power"",""Coordination"",""Balance""]",Muscular Endurance,Beginner,2,6,75,"[""Thursday"", ""Wednesday"", ""Tuesday"", ""Sunday"", ""Monday"", ""Friday""]","[""Towels"",""Harness/Straps"",""Plyo Box or Bench"",""Weight Plate""]",[],[],"[""Bodyweight"", ""Barbell""]",[],[],No,Body Part Split,Lightly Active,7.1,Moderate,Home Gym,Double Progression,Active,2026-07-03,2026-07-06
U000232,duc232,Male,27,183,75.6,17.1,22.57,Athletic Performance,"[""Athletic Performance"",""Sport Performance"",""Power"",""Coordination"",""Balance""]",Mobility and Flexibility,Intermediate,28,6,45,"[""Tuesday"", ""Thursday"", ""Monday"", ""Sunday"", ""Saturday"", ""Friday""]","[""Bodyweight"",""Mat""]",[],[],"[""Barbell""]",[],[],No,Chest Back Legs,Sedentary,8.8,Moderate,Bodyweight Only,RPE-Based,Active,2026-07-26,2026-07-26
U000233,ha233,Male,28,160,71.3,23.7,27.85,Rehabilitation and Joint Health,"[""Rehabilitation"",""Joint Health"",""Injury Prevention"",""Knee Health"",""Shoulder Health"",""Shin Splint Relief""]",Muscular Endurance,Advanced,90,5,60,"[""Tuesday"", ""Friday"", ""Wednesday"", ""Thursday"", ""Saturday""]","[""Ankle Strap"",""Rope Attachment"",""Bodyweight"",""Cable""]","[""Rhomboids""]",[],"[""Machine"", ""Dumbbell"", ""Bodyweight""]",[],[],No,Auto,Lightly Active,6.5,High,Limited Gym,Auto,Active,2026-07-13,2026-07-17
U000234,phuong234,Female,18,161,63.3,28,24.42,Fat Loss,"[""Fat Loss"",""Conditioning"",""General Fitness""]",Mobility and Flexibility,Advanced,100,5,60,"[""Thursday"", ""Monday"", ""Tuesday"", ""Saturday"", ""Sunday""]","[""Power Rack"",""Rope Attachment"",""Bench"",""Dumbbell"",""Weight Plate"",""Bicep Curl Machine"",""Resistance Band (Optional)""]",[],[],"[""Dumbbell""]",[],[],No,Auto,Sedentary,7.8,High,Limited Gym,Auto,Active,2026-06-14,2026-06-19
U000235,ngoc235,Female,22,150,66.5,35.1,29.56,Mobility and Flexibility,"[""Mobility"",""Flexibility"",""Warm-up"",""Corrective Exercise"",""Posture Correction""]",Fat Loss,Advanced,42,2,90,"[""Saturday"", ""Friday""]","[""Dumbbells"",""Sliders"",""EZ-Bar"",""Squat Rack"",""Kettlebell""]",[],[],"[""Barbell""]",[],[],No,Push Pull Legs,Moderately Active,7.4,Low,Home Gym,Double Progression,Active,2026-07-12,2026-07-15
U000236,trang236,Prefer not to say,22,161,80.5,36.9,31.06,Athletic Performance,"[""Athletic Performance"",""Sport Performance"",""Power"",""Coordination"",""Balance""]",General Fitness,Intermediate,12,6,75,"[""Thursday"", ""Saturday"", ""Wednesday"", ""Sunday"", ""Friday"", ""Monday""]","[""Flat Bench"",""Incline Bench"",""Bench"",""Power Rack"",""Parallel Bars""]",[],[],"[""Barbell""]",[],[],No,Push Pull Legs,Moderately Active,7.3,Low,Home Gym,Linear Progression,Active,2026-07-25,2026-07-30
U000237,quang237,Prefer not to say,19,162,48.9,21.3,18.63,Mobility and Flexibility,"[""Mobility"",""Flexibility"",""Warm-up"",""Corrective Exercise"",""Posture Correction""]",Muscle Gain,Advanced,53,6,60,"[""Tuesday"", ""Saturday"", ""Monday"", ""Friday"", ""Wednesday"", ""Thursday""]","[""Bodyweight"",""Mat""]","[""Pectineus""]",[],"[""Machine"", ""Cable"", ""Dumbbell""]",[],[],No,Auto,Very Active,8.5,High,Bodyweight Only,Linear Progression,Active,2026-07-15,2026-07-15
U000238,dat238,Prefer not to say,24,169,60.2,25.4,21.08,Strength,"[""Strength"",""Strength Preparation"",""Grip Strength""]",Fat Loss,Advanced,87,3,75,"[""Sunday"", ""Wednesday"", ""Tuesday""]","[""Suspension Trainer (TRX)""]","[""Rhomboids""]",[],"[""Barbell""]",[],[],No,Push Pull Legs,Moderately Active,8.1,Moderate,Home Gym,Auto,Active,2026-07-17,2026-07-20
U000239,quang239,Other,32,154,66.5,35.6,28.04,Athletic Performance,"[""Athletic Performance"",""Sport Performance"",""Power"",""Coordination"",""Balance""]",Rehabilitation and Joint Health,Intermediate,20,6,90,"[""Monday"", ""Friday"", ""Wednesday"", ""Tuesday"", ""Sunday"", ""Saturday""]","[""Plates"",""Pole"",""Chest Press Machine"",""Trap Bar"",""Bodyweight""]",[],[],"[""Barbell"", ""Dumbbell"", ""Bodyweight""]",[],[],No,Auto,Extremely Active,6.5,High,Limited Gym,Linear Progression,Active,2026-07-22,2026-07-24
U000240,huy240,Prefer not to say,22,179,98.8,36.7,30.84,Strength,"[""Strength"",""Strength Preparation"",""Grip Strength""]",Mobility and Flexibility,Advanced,57,3,75,"[""Monday"", ""Wednesday"", ""Thursday""]","[""Leg Extension Machine"",""Harness/Straps"",""Neutral-Grip Attachment"",""Pole"",""Power Rack"",""Sissy Squat Machine"",""Resistance Band (Optional)"",""Donkey Calf Machine"",""Decline Bench"",""Kettlebell"",""Ankle Strap"",""Assisted Pull-Up Machine"",""Shrug Machine"",""Hip Adductor Machine"",""Trap Bar""]",[],[],"[""Dumbbell""]",[],[],No,Full Body,Lightly Active,7.1,High,Commercial Gym,RPE-Based,Active,2026-07-08,2026-07-10
U000241,quang241,Female,27,158,53.5,26.5,21.43,Mobility and Flexibility,"[""Mobility"",""Flexibility"",""Warm-up"",""Corrective Exercise"",""Posture Correction""]",Rehabilitation and Joint Health,Beginner,3,6,90,"[""Thursday"", ""Saturday"", ""Wednesday"", ""Friday"", ""Sunday"", ""Tuesday""]","[""High Flat Bench"",""Suspension Trainer (TRX)"",""Barbell Pad""]",[],[],"[""Cable"", ""Dumbbell""]",[],[],No,Body Part Split,Very Active,7.9,High,Home Gym,Auto,Active,2026-07-24,2026-07-24
U000242,dat242,Female,19,164,84.7,36.8,31.49,Muscle Gain,"[""Muscle Gain""]",General Fitness,Beginner,9,4,75,"[""Tuesday"", ""Sunday"", ""Saturday"", ""Monday""]","[""Chest-Supported Row Machine"",""High Flat Bench"",""Bench"",""Dumbbell"",""T-Bar Row Machine"",""Assisted Dip Machine"",""Ankle Strap"",""Ab Wheel"",""Resistance Band"",""Sled"",""Power Rack"",""Adjustable Bench"",""Mat"",""Box"",""Assisted Pull-Up Machine"",""Leg Curl Machine"",""Pullover Machine"",""Shoulder Press Machine""]","[""Brachialis""]",[],"[""Dumbbell"", ""Cable"", ""Barbell""]",[],[],No,Full Body,Extremely Active,6,High,Commercial Gym,RPE-Based,Active,2026-07-04,2026-07-08
U000243,hoang243,Male,24,179,102,27.5,31.83,Rehabilitation and Joint Health,"[""Rehabilitation"",""Joint Health"",""Injury Prevention"",""Knee Health"",""Shoulder Health"",""Shin Splint Relief""]",Strength,Advanced,73,2,75,"[""Friday"", ""Wednesday""]","[""Chest-Supported Row Machine"",""Medicine Ball"",""Incline Bench"",""Lateral Raise Machine"",""Sliders"",""Gymnastics Rings""]",[],[],"[""Bodyweight"", ""Dumbbell"", ""Cable""]",[],[],No,Upper Lower,Very Active,6.5,Moderate,Limited Gym,Linear Progression,Active,2026-06-25,2026-06-26
U000244,long244,Prefer not to say,37,158,47.8,26.1,19.15,General Fitness,"[""General Fitness"",""Conditioning"",""Coordination"",""Balance"",""Core Stability""]",Fat Loss,Advanced,74,5,90,"[""Wednesday"", ""Sunday"", ""Saturday"", ""Tuesday"", ""Friday""]","[""Bodyweight"",""Mat""]",[],[],"[""Cable"", ""Bodyweight""]",[],[],No,Upper Lower,Lightly Active,6.1,Low,Bodyweight Only,Auto,Active,2026-06-22,2026-06-24
U000245,trang245,Prefer not to say,22,168,58,24.3,20.55,Fat Loss,"[""Fat Loss"",""Conditioning"",""General Fitness""]",Athletic Performance,Advanced,38,2,45,"[""Monday"", ""Wednesday""]","[""Resistance Band (Optional)"",""Incline Bench"",""Dumbbell"",""EZ-Bar"",""High Flat Bench""]",[],[],"[""Bodyweight""]",[],[],No,Upper Lower,Sedentary,8.7,Moderate,Home Gym,Auto,Active,2026-07-04,2026-07-04
U000246,minh246,Other,23,161,68.4,31.6,26.39,Rehabilitation and Joint Health,"[""Rehabilitation"",""Joint Health"",""Injury Prevention"",""Knee Health"",""Shoulder Health"",""Shin Splint Relief""]",Muscular Endurance,Intermediate,32,3,75,"[""Monday"", ""Sunday"", ""Saturday""]","[""Power Rack"",""Flat Bench or Mat"",""Weight Plate"",""Bodyweight""]",[],[],"[""Dumbbell"", ""Cable""]",[],[],No,Chest Back Legs,Moderately Active,8.6,Low,Home Gym,Double Progression,Active,2026-06-22,2026-06-25
U000247,mai247,Female,22,155,62,30.6,25.81,Mobility and Flexibility,"[""Mobility"",""Flexibility"",""Warm-up"",""Corrective Exercise"",""Posture Correction""]",Strength,Beginner,2,2,90,"[""Thursday"", ""Sunday""]","[""Bodyweight"",""Mat""]",[],[],"[""Cable"", ""Bodyweight""]",[],[],No,Upper Lower,Moderately Active,6.3,Low,Bodyweight Only,RPE-Based,Active,2026-07-21,2026-07-23
U000248,linh248,Male,36,175,63.8,17.1,20.83,Fat Loss,"[""Fat Loss"",""Conditioning"",""General Fitness""]",General Fitness,Advanced,80,3,75,"[""Tuesday"", ""Wednesday"", ""Monday""]","[""Resistance Band"",""Bodyweight""]",[],[],"[""Bodyweight"", ""Cable""]",[],[],No,Upper Lower,Moderately Active,7.4,Moderate,Home Gym,Linear Progression,Active,2026-06-23,2026-06-26
U000249,dat249,Other,35,165,73.2,34.9,26.89,Mobility and Flexibility,"[""Mobility"",""Flexibility"",""Warm-up"",""Corrective Exercise"",""Posture Correction""]",General Fitness,Advanced,97,3,75,"[""Monday"", ""Sunday"", ""Thursday""]","[""Bodyweight"",""Incline Chest Press Machine"",""45-Degree Back Extension Machine"",""Barbell"",""Leg Press Machine"",""Triceps Extension Machine"",""Leg Curl Machine"",""Hip Adductor Machine"",""Sliders"",""Dip Station""]",[],[],"[""Bodyweight""]",[],"[""Shoulder impingement""]",No,Chest Back Legs,Moderately Active,7.4,High,Commercial Gym,Linear Progression,Active,2026-07-09,2026-07-13
U000250,nam250,Female,36,150,42.8,25.7,19.02,Muscular Endurance,"[""Muscular Endurance"",""Conditioning""]",Rehabilitation and Joint Health,Beginner,6,2,45,"[""Thursday"", ""Tuesday""]","[""Bodyweight"",""Mat""]",[],[],"[""Cable"", ""Barbell""]",[],[],No,Push Pull Legs,Extremely Active,8,Low,Bodyweight Only,Auto,Active,2026-07-09,2026-07-10
U000251,mai251,Prefer not to say,24,163,44,20,16.56,Muscle Gain,"[""Muscle Gain""]",Muscular Endurance,Advanced,53,3,45,"[""Tuesday"", ""Monday"", ""Friday""]","[""Bodyweight"",""Mat""]",[],[],"[""Bodyweight"", ""Barbell""]",[],[],No,Chest Back Legs,Lightly Active,6.2,Moderate,Bodyweight Only,Linear Progression,Active,2026-08-08,2026-08-12
U000252,khoa252,Other,23,168,71.6,30.3,25.37,Rehabilitation and Joint Health,"[""Rehabilitation"",""Joint Health"",""Injury Prevention"",""Knee Health"",""Shoulder Health"",""Shin Splint Relief""]",Muscle Gain,Intermediate,32,4,75,"[""Monday"", ""Friday"", ""Sunday"", ""Wednesday""]","[""Parallettes"",""Hip Thrust Machine"",""Harness/Straps"",""Adjustable Bench""]",[],[],"[""Barbell"", ""Bodyweight""]",[],"[""Ankle instability""]",Yes,Auto,Sedentary,8.9,Low,Limited Gym,Linear Progression,Active,2026-06-19,2026-06-20
U000253,lan253,Other,35,173,55.6,24.9,18.58,Fat Loss,"[""Fat Loss"",""Conditioning"",""General Fitness""]",Athletic Performance,Advanced,119,5,75,"[""Tuesday"", ""Thursday"", ""Saturday"", ""Monday"", ""Wednesday""]","[""Bodyweight"",""Mat""]",[],[],"[""Dumbbell"", ""Machine"", ""Bodyweight""]",[],[],No,Push Pull Legs,Extremely Active,6,High,Bodyweight Only,Linear Progression,Active,2026-06-14,2026-06-16
U000254,hoang254,Other,24,157,76.6,37.4,31.08,General Fitness,"[""General Fitness"",""Conditioning"",""Coordination"",""Balance"",""Core Stability""]",Strength,Intermediate,17,2,60,"[""Friday"", ""Wednesday""]","[""Mat"",""Farmer Walk Handles"",""Chest Press Machine"",""Leg Extension Machine"",""Row Handle"",""Bench"",""Rope Attachment"",""Straight Bar"",""Sled"",""Pec Deck Machine"",""Weight Plate"",""Barbell"",""Parallettes"",""Neutral-Grip Attachment"",""Decline Bench"",""Hip Abductor Machine"",""Incline Chest Press Machine"",""Calf Raise Machine"",""Resistance Band (Optional)""]",[],[],"[""Bodyweight""]",[],[],No,Push Pull Legs,Very Active,6.7,High,Commercial Gym,Auto,Active,2026-07-20,2026-07-20
U000255,anh255,Male,23,167,78.3,22.8,28.08,Muscular Endurance,"[""Muscular Endurance"",""Conditioning""]",General Fitness,Advanced,100,2,90,"[""Sunday"", ""Wednesday""]","[""High Flat Bench"",""Towels"",""Plyo Box or Bench"",""Sliders"",""Adjustable Bench"",""Power Rack""]",[],[],"[""Barbell"", ""Machine"", ""Bodyweight""]",[],"[""Shoulder impingement""]",Yes,Upper Lower,Very Active,6.9,Low,Limited Gym,RPE-Based,Active,2026-07-22,2026-07-23
U000256,tuan256,Male,22,167,56.2,13,20.15,Rehabilitation and Joint Health,"[""Rehabilitation"",""Joint Health"",""Injury Prevention"",""Knee Health"",""Shoulder Health"",""Shin Splint Relief""]",Muscular Endurance,Advanced,76,6,75,"[""Friday"", ""Saturday"", ""Tuesday"", ""Wednesday"", ""Sunday"", ""Thursday""]","[""Parallettes"",""Smith Machine"",""Pullover Machine"",""Wrist Roller Device"",""Resistance Band (Optional)""]",[],[],"[""Machine"", ""Bodyweight"", ""Cable""]",[],[],No,Auto,Lightly Active,8.4,Moderate,Limited Gym,Double Progression,Active,2026-06-14,2026-06-15
U000257,viet257,Other,21,165,58.9,25.4,21.63,Strength,"[""Strength"",""Strength Preparation"",""Grip Strength""]",Mobility and Flexibility,Advanced,50,3,60,"[""Monday"", ""Sunday"", ""Wednesday""]","[""Assisted Dip Machine"",""Sled"",""Hack Squat Machine"",""Dip Station"",""Plates"",""Pec Deck Machine"",""Weight Plates""]",[],[],"[""Bodyweight"", ""Barbell"", ""Dumbbell""]",[],[],No,Auto,Lightly Active,6.4,Low,Limited Gym,Double Progression,Active,2026-06-25,2026-06-30
U000258,viet258,Prefer not to say,28,165,70.3,32,25.82,Muscular Endurance,"[""Muscular Endurance"",""Conditioning""]",Rehabilitation and Joint Health,Intermediate,21,5,75,"[""Thursday"", ""Friday"", ""Tuesday"", ""Sunday"", ""Saturday""]","[""Bodyweight"",""Mat""]",[],"[""Quadriceps (Rectus Femoris)""]","[""Dumbbell"", ""Machine"", ""Bodyweight""]",[],[],No,Body Part Split,Moderately Active,7.7,Moderate,Bodyweight Only,RPE-Based,Active,2026-07-09,2026-07-14
U000259,viet259,Other,26,170,67.7,28.7,23.43,Rehabilitation and Joint Health,"[""Rehabilitation"",""Joint Health"",""Injury Prevention"",""Knee Health"",""Shoulder Health"",""Shin Splint Relief""]",General Fitness,Beginner,10,2,90,"[""Thursday"", ""Saturday""]","[""Weight Plates"",""High Flat Bench"",""Weight Plate"",""Rope Attachment"",""Sled""]",[],[],"[""Machine"", ""Cable""]",[],[],No,Push Pull Legs,Lightly Active,7.5,Low,Home Gym,Auto,Active,2026-07-10,2026-07-15
U000260,phong260,Male,21,182,103.4,26.1,31.22,Fat Loss,"[""Fat Loss"",""Conditioning"",""General Fitness""]",Mobility and Flexibility,Intermediate,26,3,75,"[""Thursday"", ""Sunday"", ""Tuesday""]","[""Floor"",""Straight Bar"",""Pec Deck Machine"",""Neutral-Grip Attachment"",""Row Handle"",""Parallel Bars"",""Dumbbells"",""Landmine"",""Pullover Machine"",""Seated Calf Machine""]",[],[],"[""Bodyweight"", ""Cable"", ""Barbell""]",[],"[""Wrist pain""]",No,Body Part Split,Sedentary,6.1,Low,Commercial Gym,Double Progression,Active,2026-08-01,2026-08-06
U000261,thanh261,Male,30,166,52.1,13.4,18.91,Rehabilitation and Joint Health,"[""Rehabilitation"",""Joint Health"",""Injury Prevention"",""Knee Health"",""Shoulder Health"",""Shin Splint Relief""]",Athletic Performance,Advanced,84,5,90,"[""Wednesday"", ""Friday"", ""Tuesday"", ""Saturday"", ""Monday""]","[""Weight Plate"",""Preacher Bench"",""Harness/Straps"",""Plyo Box or Bench""]",[],[],"[""Dumbbell""]",[],[],No,Upper Lower,Sedentary,7.7,High,Home Gym,Linear Progression,Active,2026-06-29,2026-06-29
U000262,lan262,Other,36,175,73.7,31.8,24.07,Athletic Performance,"[""Athletic Performance"",""Sport Performance"",""Power"",""Coordination"",""Balance""]",Muscle Gain,Intermediate,30,5,75,"[""Friday"", ""Sunday"", ""Tuesday"", ""Saturday"", ""Thursday""]","[""Incline Bench"",""Medicine Ball"",""Box""]",[],[],"[""Machine"", ""Dumbbell"", ""Barbell""]",[],[],No,Chest Back Legs,Lightly Active,8.2,Low,Home Gym,Double Progression,Active,2026-06-17,2026-06-18
U000263,mai263,Female,28,159,58.9,29,23.3,Strength,"[""Strength"",""Strength Preparation"",""Grip Strength""]",Mobility and Flexibility,Advanced,76,6,60,"[""Wednesday"", ""Sunday"", ""Saturday"", ""Friday"", ""Thursday"", ""Monday""]","[""Bench"",""Cable Machine"",""Heel Wedge"",""Cable"",""Bodyweight"",""Seated Leg Curl Machine"",""Weight Plate"",""Dumbbell"",""High Flat Bench"",""Assisted Dip Machine"",""Farmer Walk Handles"",""Mat"",""Leg Extension Machine"",""Plyo Box""]","[""Calves""]",[],"[""Barbell""]",[],[],No,Body Part Split,Moderately Active,6.1,Low,Commercial Gym,Double Progression,Active,2026-07-07,2026-07-11
U000264,dat264,Female,18,159,69.2,31.6,27.37,Rehabilitation and Joint Health,"[""Rehabilitation"",""Joint Health"",""Injury Prevention"",""Knee Health"",""Shoulder Health"",""Shin Splint Relief""]",Mobility and Flexibility,Advanced,61,3,60,"[""Friday"", ""Sunday"", ""Saturday""]","[""Bench"",""Weight Plates"",""Bicep Curl Machine"",""Battle Ropes"",""Towels"",""Cable"",""Heel Wedge"",""Parallel Bars"",""Trap Bar""]","[""Biceps Brachii""]",[],"[""Cable""]",[],[],No,Upper Lower,Extremely Active,5.9,Moderate,Limited Gym,RPE-Based,Active,2026-06-14,2026-06-16
U000265,thanh265,Male,38,166,54.9,16.4,19.92,Muscle Gain,"[""Muscle Gain""]",Athletic Performance,Intermediate,26,3,45,"[""Friday"", ""Saturday"", ""Sunday""]","[""Flat Bench"",""Floor"",""Mat""]",[],"[""Shoulders (Deltoids)""]","[""Barbell""]",[],[],No,Body Part Split,Extremely Active,8.7,Low,Home Gym,Double Progression,Active,2026-06-19,2026-06-23
U000266,huy266,Male,22,156,59.7,18.3,24.53,Athletic Performance,"[""Athletic Performance"",""Sport Performance"",""Power"",""Coordination"",""Balance""]",Rehabilitation and Joint Health,Beginner,11,4,90,"[""Monday"", ""Friday"", ""Tuesday"", ""Saturday""]","[""Bodyweight"",""Mat""]",[],[],"[""Machine""]",[],"[""Ankle instability""]",Yes,Chest Back Legs,Moderately Active,7.1,Low,Bodyweight Only,Auto,Active,2026-07-08,2026-07-12
U000267,huong267,Other,25,168,54.9,23.7,19.45,General Fitness,"[""General Fitness"",""Conditioning"",""Coordination"",""Balance"",""Core Stability""]",Strength,Beginner,11,4,45,"[""Thursday"", ""Sunday"", ""Monday"", ""Saturday""]","[""Bodyweight"",""Row Handle"",""Floor""]",[],[],"[""Machine""]",[],[],No,Body Part Split,Very Active,6.1,Low,Home Gym,RPE-Based,Active,2026-06-23,2026-06-26
U000268,huong268,Prefer not to say,20,163,55.5,24.3,20.89,Muscular Endurance,"[""Muscular Endurance"",""Conditioning""]",Athletic Performance,Intermediate,15,6,75,"[""Friday"", ""Saturday"", ""Thursday"", ""Monday"", ""Wednesday"", ""Sunday""]","[""Neutral-Grip Attachment"",""Chest-Supported Row Machine"",""Parallettes"",""EZ-Bar"",""Wrist Roller Device"",""Straight Bar"",""Plyo Box"",""Shrug Machine"",""D-Handle"",""Ab Crunch Machine"",""Row Machine"",""Weight Plates"",""Preacher Bench"",""Mat"",""Dip Station"",""Flat Bench"",""Seated Calf Machine"",""Heel Wedge"",""Bodyweight""]",[],[],"[""Machine"", ""Barbell"", ""Dumbbell""]",[],[],No,Push Pull Legs,Lightly Active,8,Moderate,Commercial Gym,Auto,Active,2026-07-17,2026-07-18
U000269,mai269,Male,28,158,53.3,15.9,21.35,Fat Loss,"[""Fat Loss"",""Conditioning"",""General Fitness""]",Muscle Gain,Beginner,1,4,45,"[""Monday"", ""Tuesday"", ""Saturday"", ""Wednesday""]","[""Bodyweight"",""Mat""]","[""Pectineus""]",[],"[""Dumbbell"", ""Bodyweight"", ""Machine""]",[],"[""Knee valgus""]",Yes,Auto,Extremely Active,6.2,Moderate,Bodyweight Only,RPE-Based,Active,2026-07-13,2026-07-14
U000270,huy270,Other,22,172,94,37.8,31.77,Mobility and Flexibility,"[""Mobility"",""Flexibility"",""Warm-up"",""Corrective Exercise"",""Posture Correction""]",Athletic Performance,Intermediate,22,4,90,"[""Saturday"", ""Friday"", ""Sunday"", ""Thursday""]","[""Ankle Strap"",""Bench"",""Sled""]",[],[],"[""Barbell"", ""Cable""]",[],[],No,Chest Back Legs,Extremely Active,6.4,High,Home Gym,Double Progression,Active,2026-08-02,2026-08-04
U000271,quang271,Other,20,162,44.7,19.6,17.03,General Fitness,"[""General Fitness"",""Conditioning"",""Coordination"",""Balance"",""Core Stability""]",Muscular Endurance,Advanced,108,6,90,"[""Monday"", ""Friday"", ""Saturday"", ""Wednesday"", ""Sunday"", ""Tuesday""]","[""Row Handle"",""Sled"",""Bodyweight""]",[],[],"[""Cable"", ""Bodyweight""]",[],[],No,Push Pull Legs,Lightly Active,6,Moderate,Home Gym,RPE-Based,Active,2026-06-14,2026-06-18
U000272,viet272,Female,38,151,51.6,30.5,22.63,Strength,"[""Strength"",""Strength Preparation"",""Grip Strength""]",General Fitness,Advanced,107,6,60,"[""Friday"", ""Sunday"", ""Saturday"", ""Tuesday"", ""Monday"", ""Thursday""]","[""Neutral-Grip Attachment"",""Weight Plate"",""Flat Bench or Mat"",""Bench"",""Seated Calf Machine"",""Adjustable Bench"",""Power Rack"",""Assisted Pull-Up Machine"",""Leg Press Machine"",""Chest-Supported Row Machine"",""Resistance Band"",""Mat"",""Glute Kickback Machine""]",[],[],"[""Bodyweight"", ""Cable""]",[],"[""Knee valgus""]",No,Auto,Lightly Active,6.7,High,Commercial Gym,Auto,Active,2026-06-05,2026-06-10
U000273,huy273,Prefer not to say,38,153,72,40.3,30.76,Rehabilitation and Joint Health,"[""Rehabilitation"",""Joint Health"",""Injury Prevention"",""Knee Health"",""Shoulder Health"",""Shin Splint Relief""]",Muscular Endurance,Advanced,110,6,45,"[""Sunday"", ""Wednesday"", ""Thursday"", ""Monday"", ""Saturday"", ""Friday""]","[""Chest-Supported Row Machine"",""Heel Wedge"",""Calf Block"",""Rig"",""Straight Bar or Rope"",""Bicep Curl Machine""]",[],[],"[""Machine""]",[],[],No,Auto,Lightly Active,8.2,Low,Limited Gym,RPE-Based,Active,2026-06-21,2026-06-22
U000274,minh274,Prefer not to say,38,166,62.1,30.4,22.54,Rehabilitation and Joint Health,"[""Rehabilitation"",""Joint Health"",""Injury Prevention"",""Knee Health"",""Shoulder Health"",""Shin Splint Relief""]",Strength,Intermediate,12,3,75,"[""Saturday"", ""Sunday"", ""Wednesday""]","[""D-Handle"",""Shrug Machine"",""Neutral-Grip Attachment"",""Resistance Band"",""Ankle Strap""]",[],[],"[""Bodyweight"", ""Machine"", ""Cable""]",[],"[""Ankle instability""]",No,Chest Back Legs,Lightly Active,5.9,Moderate,Limited Gym,Auto,Active,2026-06-27,2026-06-27
U000275,bao275,Prefer not to say,24,161,80.7,37.5,31.13,General Fitness,"[""General Fitness"",""Conditioning"",""Coordination"",""Balance"",""Core Stability""]",Muscular Endurance,Intermediate,17,4,45,"[""Friday"", ""Sunday"", ""Tuesday"", ""Monday""]","[""Mat"",""Straight Bar"",""Farmer Walk Handles""]",[],[],"[""Machine"", ""Bodyweight"", ""Barbell""]",[],"[""Shoulder impingement""]",No,Body Part Split,Sedentary,6.4,Low,Home Gym,RPE-Based,Active,2026-06-12,2026-06-17
U000276,bao276,Prefer not to say,43,169,84,39.8,29.41,Muscular Endurance,"[""Muscular Endurance"",""Conditioning""]",Fat Loss,Intermediate,26,4,75,"[""Saturday"", ""Monday"", ""Friday"", ""Tuesday""]","[""Incline Bench"",""Row Handle"",""Plyo Box"",""Decline Bench"",""Floor""]",[],[],"[""Cable"", ""Bodyweight""]",[],[],No,Auto,Moderately Active,8,Low,Home Gym,RPE-Based,Active,2026-06-21,2026-06-26
U000277,phong277,Male,49,161,72.7,28.7,28.05,Athletic Performance,"[""Athletic Performance"",""Sport Performance"",""Power"",""Coordination"",""Balance""]",Muscle Gain,Intermediate,24,4,75,"[""Friday"", ""Monday"", ""Wednesday"", ""Saturday""]","[""Dumbbell"",""Wrist Roller Device"",""T-Bar Row Machine"",""Pole"",""Decline Bench"",""Sled"",""Rig"",""Harness/Straps""]",[],[],"[""Barbell"", ""Dumbbell""]",[],[],No,Body Part Split,Extremely Active,8.4,Low,Limited Gym,Linear Progression,Active,2026-07-08,2026-07-08
U000278,son278,Other,44,161,60.7,32.8,23.42,Athletic Performance,"[""Athletic Performance"",""Sport Performance"",""Power"",""Coordination"",""Balance""]",Muscle Gain,Intermediate,19,5,75,"[""Saturday"", ""Wednesday"", ""Sunday"", ""Friday"", ""Thursday""]","[""Decline Bench"",""Farmer Walk Handles"",""High Flat Bench"",""Leg Press Machine"",""Ab Wheel"",""Hip Abductor Machine"",""Kettlebell"",""Squat Rack"",""Weight Plate"",""Resistance Band (Optional)"",""Shoulder Press Machine"",""Flat Bench""]",[],[],"[""Dumbbell"", ""Bodyweight""]",[],"[""Ankle instability""]",No,Auto,Sedentary,7.1,Moderate,Commercial Gym,Auto,Active,2026-08-03,2026-08-05
U000279,huong279,Male,34,176,85.5,24.7,27.6,Fat Loss,"[""Fat Loss"",""Conditioning"",""General Fitness""]",Strength,Advanced,116,3,75,"[""Thursday"", ""Sunday"", ""Friday""]","[""Bodyweight"",""Mat""]","[""Hip Flexors""]",[],"[""Barbell"", ""Bodyweight"", ""Cable""]",[],[],No,Chest Back Legs,Very Active,5.8,High,Bodyweight Only,Auto,Active,2026-06-30,2026-07-02
U000280,khoa280,Female,39,164,73.8,36.5,27.44,General Fitness,"[""General Fitness"",""Conditioning"",""Coordination"",""Balance"",""Core Stability""]",Muscle Gain,Beginner,2,4,60,"[""Thursday"", ""Tuesday"", ""Wednesday"", ""Friday""]","[""Bodyweight"",""Mat""]",[],[],"[""Machine""]",[],[],No,Auto,Extremely Active,6.4,High,Bodyweight Only,Auto,Active,2026-07-15,2026-07-18
U000281,anh281,Other,30,150,52.1,29.3,23.16,Muscle Gain,"[""Muscle Gain""]",Fat Loss,Beginner,8,6,60,"[""Monday"", ""Saturday"", ""Friday"", ""Wednesday"", ""Thursday"", ""Sunday""]","[""Shrug Machine"",""Barbell Pad"",""Parallel Bars"",""Weight Plate"",""Ankle Strap"",""Sled"",""Bodyweight""]",[],[],"[""Bodyweight"", ""Machine""]",[],[],No,Upper Lower,Extremely Active,5.5,Moderate,Limited Gym,Linear Progression,Active,2026-08-08,2026-08-11
U000282,minh282,Prefer not to say,27,160,69.1,33.2,26.99,Mobility and Flexibility,"[""Mobility"",""Flexibility"",""Warm-up"",""Corrective Exercise"",""Posture Correction""]",Fat Loss,Beginner,4,2,60,"[""Tuesday"", ""Monday""]","[""Wall"",""Gymnastics Rings"",""GHR Machine"",""Rig"",""Leg Extension Machine"",""Sled"",""Assisted Pull-Up Machine"",""Kettlebell"",""Resistance Band"",""Flat Bench or Mat"",""Bodyweight"",""T-Bar Row Machine"",""Preacher Bench"",""Single Handle"",""Barbell""]",[],[],"[""Bodyweight"", ""Barbell""]",[],[],No,Upper Lower,Extremely Active,7.5,Low,Commercial Gym,Double Progression,Active,2026-06-12,2026-06-17
U000283,dat283,Prefer not to say,27,164,45.2,21,16.81,Rehabilitation and Joint Health,"[""Rehabilitation"",""Joint Health"",""Injury Prevention"",""Knee Health"",""Shoulder Health"",""Shin Splint Relief""]",Fat Loss,Advanced,112,5,60,"[""Tuesday"", ""Sunday"", ""Thursday"", ""Wednesday"", ""Monday""]","[""Wall"",""Landmine""]",[],[],"[""Dumbbell""]",[],[],No,Auto,Extremely Active,5.6,Low,Home Gym,Linear Progression,Active,2026-06-19,2026-06-19
U000284,anh284,Prefer not to say,40,163,63.1,32.3,23.75,Muscle Gain,"[""Muscle Gain""]",Strength,Intermediate,13,2,60,"[""Monday"", ""Friday""]","[""Landmine"",""Parallel Bars"",""D-Handle"",""Bodyweight""]",[],[],"[""Dumbbell"", ""Machine""]",[],[],No,Upper Lower,Moderately Active,8.3,Moderate,Home Gym,Double Progression,Active,2026-06-20,2026-06-24
U000285,dat285,Other,24,157,51.3,25.1,20.81,Muscular Endurance,"[""Muscular Endurance"",""Conditioning""]",Athletic Performance,Advanced,36,4,75,"[""Wednesday"", ""Friday"", ""Monday"", ""Thursday""]","[""Bench"",""Barbell"",""Dumbbells""]",[],[],"[""Barbell""]",[],[],No,Upper Lower,Lightly Active,5.7,High,Home Gym,Linear Progression,Active,2026-06-13,2026-06-15
U000286,phong286,Male,23,176,71,16.6,22.92,Muscle Gain,"[""Muscle Gain""]",Muscular Endurance,Intermediate,28,2,90,"[""Monday"", ""Friday""]","[""Bodyweight"",""Mat""]",[],[],"[""Barbell""]",[],[],No,Chest Back Legs,Extremely Active,8.9,Low,Bodyweight Only,RPE-Based,Active,2026-07-13,2026-07-18
U000287,mai287,Male,26,165,68.7,20.1,25.23,General Fitness,"[""General Fitness"",""Conditioning"",""Coordination"",""Balance"",""Core Stability""]",Muscular Endurance,Intermediate,31,2,60,"[""Saturday"", ""Sunday""]","[""Plyo Box or Bench"",""Plates"",""Dumbbells"",""Bodyweight""]",[],[],"[""Barbell"", ""Cable"", ""Bodyweight""]",[],[],No,Chest Back Legs,Moderately Active,8.2,High,Home Gym,Double Progression,Active,2026-06-05,2026-06-08
U000288,ha288,Prefer not to say,30,166,59.5,27.4,21.59,Mobility and Flexibility,"[""Mobility"",""Flexibility"",""Warm-up"",""Corrective Exercise"",""Posture Correction""]",Muscular Endurance,Beginner,4,2,75,"[""Monday"", ""Friday""]","[""Squat Rack"",""Pullover Machine"",""Preacher Bench"",""GHR Machine"",""Resistance Band (Optional)"",""Triceps Extension Machine"",""Plyo Box or Bench"",""Bench"",""Shrug Machine"",""Leg Curl Machine"",""Hip Thrust Machine"",""Row Handle"",""Dumbbells"",""Dumbbell"",""Landmine"",""Floor"",""Harness/Straps"",""Hack Squat Machine"",""Assisted Dip Machine""]",[],[],"[""Machine""]",[],"[""Shoulder impingement""]",No,Body Part Split,Sedentary,8.1,High,Commercial Gym,Linear Progression,Active,2026-07-20,2026-07-21
U000289,ngoc289,Male,35,174,91.9,28.3,30.35,Rehabilitation and Joint Health,"[""Rehabilitation"",""Joint Health"",""Injury Prevention"",""Knee Health"",""Shoulder Health"",""Shin Splint Relief""]",Muscle Gain,Beginner,1,5,60,"[""Friday"", ""Sunday"", ""Wednesday"", ""Saturday"", ""Tuesday""]","[""Incline Chest Press Machine"",""Bench"",""D-Handle"",""Landmine"",""Shoulder Press Machine"",""Squat Rack"",""Hip Abductor Machine"",""Glute Kickback Machine"",""Hip Adductor Machine"",""Seated Calf Machine"",""Plyo Box"",""Plyo Box or Bench"",""Pec Deck Machine"",""Mat"",""Wall"",""Box"",""Lat Pulldown Machine"",""45-Degree Back Extension Machine"",""Triceps Extension Machine""]","[""Rectus Abdominis""]",[],"[""Bodyweight""]",[],"[""Shoulder impingement""]",Yes,Auto,Moderately Active,7.6,Moderate,Commercial Gym,Double Progression,Active,2026-06-30,2026-07-02
U000290,phuong290,Male,30,158,59.9,19.5,23.99,Athletic Performance,"[""Athletic Performance"",""Sport Performance"",""Power"",""Coordination"",""Balance""]",Strength,Intermediate,14,3,75,"[""Wednesday"", ""Friday"", ""Sunday""]","[""Bodyweight"",""Mat""]",[],[],"[""Dumbbell"", ""Barbell"", ""Machine""]",[],[],No,Auto,Lightly Active,6.8,Moderate,Bodyweight Only,Linear Progression,Active,2026-07-03,2026-07-08
U000291,long291,Prefer not to say,36,160,48.3,25.5,18.87,Strength,"[""Strength"",""Strength Preparation"",""Grip Strength""]",Rehabilitation and Joint Health,Advanced,45,3,45,"[""Sunday"", ""Thursday"", ""Friday""]","[""High Flat Bench"",""Incline Chest Press Machine"",""Battle Ropes"",""Weight Plates"",""EZ-Bar"",""Cable Machine""]",[],[],"[""Cable"", ""Machine""]",[],[],No,Chest Back Legs,Extremely Active,7.1,Moderate,Limited Gym,Double Progression,Active,2026-07-02,2026-07-03
U000292,lan292,Female,43,157,41,24.4,16.63,General Fitness,"[""General Fitness"",""Conditioning"",""Coordination"",""Balance"",""Core Stability""]",Muscular Endurance,Beginner,5,5,75,"[""Friday"", ""Tuesday"", ""Monday"", ""Sunday"", ""Thursday""]","[""Straight Bar or Rope"",""Seated Leg Curl Machine"",""Barbell Pad"",""Chest Press Machine"",""Ankle Strap"",""Leg Curl Machine"",""Adjustable Bench""]",[],[],"[""Dumbbell""]",[],[],No,Auto,Moderately Active,8.3,High,Limited Gym,Linear Progression,Active,2026-06-20,2026-06-24
U000293,tuan293,Male,38,176,59.6,15.6,19.24,Muscle Gain,"[""Muscle Gain""]",General Fitness,Beginner,1,4,75,"[""Sunday"", ""Thursday"", ""Monday"", ""Tuesday""]","[""Bodyweight"",""Mat""]",[],[],"[""Cable"", ""Dumbbell"", ""Bodyweight""]",[],[],No,Push Pull Legs,Lightly Active,8.4,Moderate,Bodyweight Only,Double Progression,Active,2026-07-21,2026-07-23
U000294,ha294,Prefer not to say,25,166,72.1,31.7,26.16,Mobility and Flexibility,"[""Mobility"",""Flexibility"",""Warm-up"",""Corrective Exercise"",""Posture Correction""]",General Fitness,Advanced,120,4,45,"[""Thursday"", ""Monday"", ""Saturday"", ""Friday""]","[""Wrist Roller Device"",""Barbell Pad"",""Leg Press Machine"",""Assisted Dip Machine"",""Incline Chest Press Machine"",""Preacher Bench"",""Row Handle"",""Cable Machine"",""Chest Press Machine"",""Bicep Curl Machine"",""Donkey Calf Machine"",""Lat Pulldown Machine"",""Sissy Squat Machine"",""Weight Plates"",""Lateral Raise Machine"",""Pole"",""Neutral-Grip Attachment"",""Pullover Machine"",""EZ-Bar""]",[],[],"[""Barbell""]",[],[],No,Body Part Split,Lightly Active,8.6,High,Commercial Gym,RPE-Based,Active,2026-06-05,2026-06-10
U000295,son295,Prefer not to say,24,163,54,24.5,20.32,Mobility and Flexibility,"[""Mobility"",""Flexibility"",""Warm-up"",""Corrective Exercise"",""Posture Correction""]",Strength,Intermediate,18,4,60,"[""Saturday"", ""Tuesday"", ""Thursday"", ""Friday""]","[""Resistance Band (Optional)"",""Floor"",""Gymnastics Rings"",""Neutral-Grip Attachment"",""Sliders"",""Farmer Walk Handles"",""Assisted Dip Machine"",""Glute Kickback Machine"",""Hip Thrust Machine"",""Bench"",""Wall""]",[],[],"[""Machine""]",[],[],No,Upper Lower,Lightly Active,6.8,High,Commercial Gym,Linear Progression,Active,2026-06-15,2026-06-19
U000296,mai296,Male,26,173,64.1,15.5,21.42,Muscular Endurance,"[""Muscular Endurance"",""Conditioning""]",General Fitness,Beginner,8,3,75,"[""Monday"", ""Sunday"", ""Thursday""]","[""Bodyweight"",""Mat""]",[],[],"[""Dumbbell"", ""Cable"", ""Machine""]",[],[],No,Upper Lower,Sedentary,6.9,High,Bodyweight Only,Auto,Active,2026-07-05,2026-07-07
U000297,long297,Prefer not to say,37,161,48.8,25.7,18.83,Mobility and Flexibility,"[""Mobility"",""Flexibility"",""Warm-up"",""Corrective Exercise"",""Posture Correction""]",Strength,Advanced,37,6,45,"[""Friday"", ""Wednesday"", ""Monday"", ""Saturday"", ""Thursday"", ""Tuesday""]","[""Bodyweight"",""Mat""]","[""Hamstrings""]",[],"[""Machine"", ""Cable""]",[],"[""Wrist pain""]",No,Auto,Lightly Active,7.6,Moderate,Bodyweight Only,Auto,Active,2026-06-12,2026-06-15
U000298,lan298,Prefer not to say,27,174,73.8,30.1,24.38,Rehabilitation and Joint Health,"[""Rehabilitation"",""Joint Health"",""Injury Prevention"",""Knee Health"",""Shoulder Health"",""Shin Splint Relief""]",Fat Loss,Intermediate,28,5,60,"[""Saturday"", ""Monday"", ""Friday"", ""Tuesday"", ""Wednesday""]","[""Chest Press Machine"",""Farmer Walk Handles"",""T-Bar Row Machine"",""Weight Plates"",""Barbell"",""Row Handle""]","[""Lateral Deltoid""]",[],"[""Barbell"", ""Bodyweight"", ""Machine""]",[],[],No,Body Part Split,Moderately Active,8.7,High,Limited Gym,Linear Progression,Active,2026-07-28,2026-08-01
U000299,dung299,Prefer not to say,33,160,68.1,34.1,26.6,Muscle Gain,"[""Muscle Gain""]",Mobility and Flexibility,Advanced,67,5,90,"[""Friday"", ""Monday"", ""Sunday"", ""Thursday"", ""Wednesday""]","[""Sliders"",""Towels"",""Battle Ropes"",""Swiss Ball"",""Plates"",""Resistance Band (Optional)"",""Single Handle"",""GHR Machine"",""Lat Pulldown Machine"",""Sissy Squat Machine"",""Cable Machine"",""Hip Adductor Machine"",""Rig"",""Parallel Bars""]",[],[],"[""Cable""]",[],[],No,Push Pull Legs,Very Active,7.2,Moderate,Commercial Gym,RPE-Based,Active,2026-07-13,2026-07-16
U000300,thanh300,Male,37,163,69.1,23.5,26.01,Fat Loss,"[""Fat Loss"",""Conditioning"",""General Fitness""]",Muscular Endurance,Advanced,107,6,45,"[""Thursday"", ""Wednesday"", ""Friday"", ""Tuesday"", ""Sunday"", ""Saturday""]","[""Leg Curl Machine"",""45-Degree Back Extension Machine"",""Cable Machine"",""Leg Extension Machine"",""Floor""]",[],[],"[""Bodyweight"", ""Barbell"", ""Machine""]",[],[],No,Push Pull Legs,Moderately Active,5.8,Low,Limited Gym,Double Progression,Active,2026-07-10,2026-07-13
U000301,son301,Prefer not to say,24,165,78.4,34.7,28.8,Muscle Gain,"[""Muscle Gain""]",General Fitness,Intermediate,16,3,60,"[""Thursday"", ""Saturday"", ""Wednesday""]","[""Pole"",""Bicep Curl Machine"",""Pec Deck Machine"",""Glute Kickback Machine"",""Resistance Band (Optional)"",""Hip Thrust Machine"",""Wall"",""D-Handle"",""Shrug Machine"",""Shoulder Press Machine"",""Floor"",""Mat"",""Dumbbells"",""Bodyweight"",""Straight Bar or Rope"",""Medicine Ball"",""Single Handle"",""Resistance Band"",""Hip Abductor Machine""]",[],[],"[""Cable""]",[],[],No,Full Body,Extremely Active,6.7,High,Commercial Gym,RPE-Based,Active,2026-08-07,2026-08-09
U000302,phuong302,Female,34,158,73.7,37.8,29.52,Rehabilitation and Joint Health,"[""Rehabilitation"",""Joint Health"",""Injury Prevention"",""Knee Health"",""Shoulder Health"",""Shin Splint Relief""]",Muscle Gain,Intermediate,34,3,90,"[""Tuesday"", ""Friday"", ""Sunday""]","[""Lateral Raise Machine"",""Leg Curl Machine"",""Row Machine"",""Weight Plate"",""Parallettes"",""Calf Raise Machine""]",[],[],"[""Machine""]",[],[],No,Chest Back Legs,Extremely Active,6.9,Low,Limited Gym,Auto,Active,2026-06-20,2026-06-23
U000303,tuan303,Female,20,162,76.7,34.3,29.23,Muscle Gain,"[""Muscle Gain""]",Fat Loss,Advanced,71,2,75,"[""Wednesday"", ""Friday""]","[""Parallettes"",""Donkey Calf Machine"",""Weight Plate"",""Decline Bench"",""Harness/Straps"",""Ab Crunch Machine""]",[],[],"[""Machine"", ""Dumbbell""]",[],[],No,Chest Back Legs,Extremely Active,7.2,High,Limited Gym,Linear Progression,Active,2026-06-29,2026-07-04
U000304,khoa304,Female,19,153,57.5,28.4,24.56,Athletic Performance,"[""Athletic Performance"",""Sport Performance"",""Power"",""Coordination"",""Balance""]",General Fitness,Advanced,38,6,45,"[""Monday"", ""Saturday"", ""Sunday"", ""Friday"", ""Tuesday"", ""Thursday""]","[""Pullover Machine"",""Towels"",""Plates"",""Bench"",""Power Rack""]",[],[],"[""Barbell"", ""Machine""]",[],"[""Acute low back pain""]",No,Auto,Extremely Active,8.6,Moderate,Limited Gym,Auto,Active,2026-07-10,2026-07-10
U000305,khoa305,Other,27,162,76.5,35.8,29.15,General Fitness,"[""General Fitness"",""Conditioning"",""Coordination"",""Balance"",""Core Stability""]",Rehabilitation and Joint Health,Beginner,5,6,45,"[""Monday"", ""Friday"", ""Wednesday"", ""Sunday"", ""Tuesday"", ""Saturday""]","[""Weight Plate"",""Flat Bench"",""Chest Press Machine"",""D-Handle"",""Dumbbells"",""Sled"",""Pull-up Bar"",""Cable Machine"",""Battle Ropes""]",[],[],"[""Dumbbell"", ""Bodyweight""]",[],[],No,Push Pull Legs,Sedentary,7.6,Moderate,Limited Gym,Linear Progression,Active,2026-07-09,2026-07-13
U000306,phuong306,Female,19,160,57.4,25.9,22.42,Muscular Endurance,"[""Muscular Endurance"",""Conditioning""]",Athletic Performance,Advanced,115,2,90,"[""Wednesday"", ""Friday""]","[""Power Rack"",""Barbell Pad"",""Ab Wheel""]",[],[],"[""Barbell""]",[],[],No,Auto,Very Active,7.7,High,Home Gym,Auto,Active,2026-07-16,2026-07-21
U000307,linh307,Other,19,177,59.7,21.8,19.06,Muscular Endurance,"[""Muscular Endurance"",""Conditioning""]",Strength,Intermediate,20,4,60,"[""Saturday"", ""Friday"", ""Thursday"", ""Monday""]","[""Bodyweight"",""Mat""]",[],[],"[""Dumbbell"", ""Barbell""]",[],[],No,Auto,Lightly Active,8.8,Moderate,Bodyweight Only,Auto,Active,2026-08-07,2026-08-07
U000308,trang308,Prefer not to say,25,156,71.5,35.6,29.38,General Fitness,"[""General Fitness"",""Conditioning"",""Coordination"",""Balance"",""Core Stability""]",Rehabilitation and Joint Health,Advanced,89,3,90,"[""Tuesday"", ""Monday"", ""Thursday""]","[""Weight Plates"",""Medicine Ball"",""Hack Squat Machine"",""Dumbbell"",""Bench"",""Flat Bench or Mat"",""Hip Thrust Machine""]","[""Hamstrings""]",[],"[""Machine"", ""Cable"", ""Barbell""]",[],[],No,Upper Lower,Lightly Active,8.2,High,Limited Gym,RPE-Based,Active,2026-07-31,2026-08-02
U000309,trang309,Other,24,162,62.8,28.8,23.93,General Fitness,"[""General Fitness"",""Conditioning"",""Coordination"",""Balance"",""Core Stability""]",Mobility and Flexibility,Intermediate,31,6,90,"[""Saturday"", ""Friday"", ""Thursday"", ""Wednesday"", ""Monday"", ""Sunday""]","[""Mat"",""Leg Curl Machine"",""Flat Bench or Mat"",""Wrist Roller Device"",""Pole""]","[""Transverse Abdominis""]",[],"[""Bodyweight"", ""Cable"", ""Machine""]",[],"[""Ankle instability""]",No,Upper Lower,Lightly Active,8.1,High,Limited Gym,Double Progression,Active,2026-06-03,2026-06-03
U000310,linh310,Female,52,150,57.1,37,25.38,Athletic Performance,"[""Athletic Performance"",""Sport Performance"",""Power"",""Coordination"",""Balance""]",Strength,Intermediate,24,2,60,"[""Wednesday"", ""Monday""]","[""Parallel Bars"",""Neutral-Grip Attachment"",""Gymnastics Rings"",""Sliders"",""Bench"",""Shrug Machine""]",[],[],"[""Bodyweight""]",[],[],No,Upper Lower,Lightly Active,7.9,Low,Limited Gym,Double Progression,Active,2026-07-31,2026-07-31
U000311,lan311,Other,28,154,74.4,38.7,31.37,Athletic Performance,"[""Athletic Performance"",""Sport Performance"",""Power"",""Coordination"",""Balance""]",Mobility and Flexibility,Beginner,1,2,45,"[""Sunday"", ""Friday""]","[""Incline Chest Press Machine"",""Chest Press Machine"",""Plyo Box"",""Rope Attachment"",""Sliders"",""Donkey Calf Machine"",""Hip Abductor Machine"",""Rig"",""Mat"",""Ab Crunch Machine"",""Barbell""]",[],"[""Gluteus Minimus""]","[""Dumbbell""]",[],[],No,Body Part Split,Extremely Active,6.4,Low,Commercial Gym,Auto,Active,2026-06-07,2026-06-07
U000312,hoang312,Female,35,155,75.1,40.2,31.26,Athletic Performance,"[""Athletic Performance"",""Sport Performance"",""Power"",""Coordination"",""Balance""]",Muscular Endurance,Beginner,1,4,90,"[""Wednesday"", ""Thursday"", ""Friday"", ""Tuesday""]","[""Ab Wheel"",""Wall"",""Floor"",""Pole"",""Straight Bar or Rope""]",[],[],"[""Cable""]",[],[],No,Auto,Lightly Active,7.5,Low,Home Gym,Linear Progression,Active,2026-06-05,2026-06-05
U000313,dat313,Prefer not to say,33,162,57.9,28.7,22.06,Mobility and Flexibility,"[""Mobility"",""Flexibility"",""Warm-up"",""Corrective Exercise"",""Posture Correction""]",General Fitness,Intermediate,21,3,60,"[""Tuesday"", ""Wednesday"", ""Friday""]","[""Sliders"",""Barbell Pad"",""Landmine"",""Plyo Box"",""Preacher Bench"",""Bodyweight""]",[],[],"[""Bodyweight"", ""Dumbbell""]",[],[],No,Chest Back Legs,Extremely Active,9,High,Home Gym,Auto,Active,2026-07-16,2026-07-21
U000314,dat314,Prefer not to say,45,151,44.9,28.6,19.69,Muscle Gain,"[""Muscle Gain""]",General Fitness,Advanced,71,3,90,"[""Wednesday"", ""Saturday"", ""Thursday""]","[""Smith Machine"",""Bicep Curl Machine"",""Landmine"",""Glute Kickback Machine"",""Preacher Bench"",""Row Machine"",""Resistance Band (Optional)"",""GHR Machine"",""Assisted Dip Machine"",""Pole"",""Pull-up Bar""]",[],[],"[""Machine"", ""Barbell""]",[],[],No,Push Pull Legs,Very Active,7.8,Moderate,Commercial Gym,Linear Progression,Active,2026-08-03,2026-08-08
U000315,huong315,Male,34,164,83.4,28.8,31.01,Athletic Performance,"[""Athletic Performance"",""Sport Performance"",""Power"",""Coordination"",""Balance""]",Mobility and Flexibility,Advanced,41,2,90,"[""Tuesday"", ""Monday""]","[""Floor"",""Cable"",""Preacher Bench"",""Lateral Raise Machine"",""Resistance Band"",""Bodyweight"",""Heel Wedge"",""Dumbbells"",""Parallettes"",""Medicine Ball"",""Barbell"",""Towels"",""Squat Rack"",""Rope Attachment"",""Plates"",""Bicep Curl Machine""]",[],[],"[""Dumbbell""]",[],[],No,Full Body,Very Active,5.6,High,Commercial Gym,Linear Progression,Active,2026-07-31,2026-08-04
U000316,minh316,Male,20,158,59.6,17,23.87,Muscular Endurance,"[""Muscular Endurance"",""Conditioning""]",Fat Loss,Advanced,44,5,60,"[""Thursday"", ""Saturday"", ""Tuesday"", ""Wednesday"", ""Friday""]","[""Incline Bench"",""Straight Bar or Rope"",""High Flat Bench"",""Dip Station"",""Leg Extension Machine"",""Landmine"",""Sliders"",""Calf Raise Machine"",""Weight Plate"",""Lat Pulldown Machine"",""Decline Bench"",""Floor"",""Glute Kickback Machine""]",[],[],"[""Machine"", ""Bodyweight""]",[],[],No,Auto,Very Active,6.2,Moderate,Commercial Gym,Linear Progression,Active,2026-07-29,2026-08-01
U000317,trang317,Male,34,168,54,14.6,19.13,Rehabilitation and Joint Health,"[""Rehabilitation"",""Joint Health"",""Injury Prevention"",""Knee Health"",""Shoulder Health"",""Shin Splint Relief""]",Muscle Gain,Beginner,11,4,75,"[""Tuesday"", ""Wednesday"", ""Sunday"", ""Thursday""]","[""Bodyweight"",""Flat Bench"",""Incline Bench"",""Squat Rack""]",[],[],"[""Cable"", ""Barbell""]",[],[],No,Chest Back Legs,Lightly Active,8.2,Moderate,Home Gym,Auto,Active,2026-06-04,2026-06-08
U000318,trang318,Female,58,169,62,34,21.71,Fat Loss,"[""Fat Loss"",""Conditioning"",""General Fitness""]",Strength,Intermediate,24,6,75,"[""Friday"", ""Tuesday"", ""Monday"", ""Saturday"", ""Wednesday"", ""Thursday""]","[""Dip Station"",""Sliders"",""Flat Bench or Mat"",""Plates"",""Mat""]","[""Erector Spinae"",""Triceps Brachii"",""Pectineus""]",[],"[""Bodyweight"", ""Dumbbell""]",[],[],No,Auto,Sedentary,7.6,High,Home Gym,Double Progression,Active,2026-08-08,2026-08-13
U000319,lan319,Other,30,168,54.1,24.5,19.17,Strength,"[""Strength"",""Strength Preparation"",""Grip Strength""]",Rehabilitation and Joint Health,Beginner,2,5,60,"[""Sunday"", ""Thursday"", ""Friday"", ""Tuesday"", ""Monday""]","[""Hip Abductor Machine"",""Pullover Machine"",""Shoulder Press Machine"",""Heel Wedge""]",[],[],"[""Cable"", ""Dumbbell""]",[],[],No,Auto,Very Active,6,High,Limited Gym,RPE-Based,Active,2026-07-06,2026-07-10
U000320,long320,Prefer not to say,45,171,66,32,22.57,Mobility and Flexibility,"[""Mobility"",""Flexibility"",""Warm-up"",""Corrective Exercise"",""Posture Correction""]",Rehabilitation and Joint Health,Advanced,48,3,45,"[""Tuesday"", ""Saturday"", ""Friday""]","[""Resistance Band (Optional)"",""Towels"",""Box"",""Plyo Box"",""Wrist Roller Device"",""Swiss Ball""]",[],[],"[""Dumbbell""]",[],[],No,Upper Lower,Very Active,7.5,Moderate,Limited Gym,Auto,Active,2026-07-27,2026-07-31
U000321,viet321,Prefer not to say,32,161,59.6,29.5,22.99,Strength,"[""Strength"",""Strength Preparation"",""Grip Strength""]",Muscle Gain,Advanced,92,3,75,"[""Sunday"", ""Wednesday"", ""Saturday""]","[""Incline Chest Press Machine"",""Leg Curl Machine"",""Cable Machine"",""Row Machine"",""Gymnastics Rings"",""Trap Bar"",""Resistance Band"",""Swiss Ball"",""Plates"",""Adjustable Bench"",""Wall"",""Parallel Bars"",""Barbell Pad"",""Squat Rack"",""Bench"",""GHR Machine"",""Rig"",""Resistance Band (Optional)"",""Lat Pulldown Machine"",""Parallettes""]",[],[],"[""Barbell"", ""Cable"", ""Bodyweight""]",[],[],No,Push Pull Legs,Moderately Active,6.6,Low,Commercial Gym,Auto,Active,2026-07-31,2026-08-05
U000322,dung322,Other,42,169,65.9,31.9,23.07,Muscle Gain,"[""Muscle Gain""]",Muscular Endurance,Advanced,80,3,75,"[""Monday"", ""Sunday"", ""Thursday""]","[""Resistance Band"",""Battle Ropes""]",[],[],"[""Bodyweight"", ""Cable"", ""Dumbbell""]",[],[],No,Chest Back Legs,Moderately Active,6.3,Moderate,Home Gym,Linear Progression,Active,2026-06-26,2026-06-30
U000323,duc323,Other,26,176,78.3,30.9,25.28,Mobility and Flexibility,"[""Mobility"",""Flexibility"",""Warm-up"",""Corrective Exercise"",""Posture Correction""]",Muscle Gain,Beginner,2,3,45,"[""Saturday"", ""Wednesday"", ""Thursday""]","[""Bodyweight"",""Mat""]","[""Pectineus""]","[""Forearm Extensors""]","[""Bodyweight""]",[],[],No,Chest Back Legs,Sedentary,5.7,High,Bodyweight Only,Double Progression,Active,2026-06-01,2026-06-05
U000324,ngoc324,Other,25,181,84.6,31.3,25.82,Athletic Performance,"[""Athletic Performance"",""Sport Performance"",""Power"",""Coordination"",""Balance""]",Muscle Gain,Advanced,110,2,90,"[""Saturday"", ""Thursday""]","[""Rig"",""Flat Bench"",""Pull-up Bar"",""Flat Bench or Mat"",""Parallel Bars""]",[],[],"[""Cable"", ""Machine"", ""Barbell""]",[],[],No,Chest Back Legs,Extremely Active,8.4,Moderate,Home Gym,Linear Progression,Active,2026-07-04,2026-07-09
U000325,tuan325,Female,36,150,47.8,28.4,21.24,Rehabilitation and Joint Health,"[""Rehabilitation"",""Joint Health"",""Injury Prevention"",""Knee Health"",""Shoulder Health"",""Shin Splint Relief""]",Strength,Advanced,37,6,90,"[""Wednesday"", ""Thursday"", ""Monday"", ""Saturday"", ""Friday"", ""Sunday""]","[""Weight Plate"",""Decline Bench"",""Box"",""Calf Block"",""Flat Bench"",""Shrug Machine"",""Straight Bar or Rope"",""D-Handle"",""Plates"",""Leg Curl Machine"",""Pull-up Bar"",""Calf Raise Machine"",""Chest-Supported Row Machine""]",[],[],"[""Cable"", ""Barbell""]",[],[],No,Auto,Lightly Active,6.9,Low,Commercial Gym,Auto,Active,2026-06-28,2026-06-28
U000326,long326,Female,36,157,64.7,34.4,26.25,Fat Loss,"[""Fat Loss"",""Conditioning"",""General Fitness""]",Muscle Gain,Intermediate,29,6,60,"[""Wednesday"", ""Tuesday"", ""Monday"", ""Thursday"", ""Sunday"", ""Friday""]","[""Farmer Walk Handles"",""Sled"",""Dip Station"",""Resistance Band"",""Weight Plate""]",[],[],"[""Barbell""]",[],[],No,Body Part Split,Moderately Active,8.9,High,Home Gym,Double Progression,Active,2026-07-05,2026-07-07
U000327,ha327,Male,33,176,78.1,21.6,25.21,Fat Loss,"[""Fat Loss"",""Conditioning"",""General Fitness""]",Athletic Performance,Intermediate,14,2,75,"[""Friday"", ""Wednesday""]","[""Parallel Bars"",""Incline Chest Press Machine"",""Resistance Band"",""Weight Plate"",""Barbell Pad"",""Pec Deck Machine"",""Hack Squat Machine"",""High Flat Bench"",""Incline Bench"",""Sissy Squat Machine""]",[],[],"[""Barbell"", ""Cable"", ""Dumbbell""]",[],[],No,Upper Lower,Very Active,7.4,High,Commercial Gym,Auto,Active,2026-06-06,2026-06-06
U000328,trang328,Female,32,153,59.5,32.5,25.42,Rehabilitation and Joint Health,"[""Rehabilitation"",""Joint Health"",""Injury Prevention"",""Knee Health"",""Shoulder Health"",""Shin Splint Relief""]",Muscular Endurance,Beginner,1,6,90,"[""Tuesday"", ""Monday"", ""Saturday"", ""Sunday"", ""Wednesday"", ""Thursday""]","[""Row Handle"",""Wall""]",[],[],"[""Barbell""]",[],"[""Shoulder impingement""]",No,Push Pull Legs,Extremely Active,8.6,Moderate,Home Gym,Double Progression,Active,2026-06-24,2026-06-28
U000329,viet329,Male,38,171,91.8,30.2,31.39,Mobility and Flexibility,"[""Mobility"",""Flexibility"",""Warm-up"",""Corrective Exercise"",""Posture Correction""]",Muscular Endurance,Intermediate,14,6,75,"[""Wednesday"", ""Saturday"", ""Monday"", ""Sunday"", ""Friday"", ""Tuesday""]","[""Bodyweight"",""Mat""]",[],[],"[""Machine"", ""Cable"", ""Dumbbell""]",[],[],No,Auto,Very Active,5.8,High,Bodyweight Only,Double Progression,Active,2026-06-02,2026-06-05
U000330,quang330,Prefer not to say,34,160,75.8,38,29.61,General Fitness,"[""General Fitness"",""Conditioning"",""Coordination"",""Balance"",""Core Stability""]",Athletic Performance,Advanced,40,2,75,"[""Wednesday"", ""Sunday""]","[""Shrug Machine"",""Chest Press Machine"",""Towels"",""Kettlebell"",""Adjustable Bench""]",[],[],"[""Cable"", ""Barbell"", ""Machine""]",[],[],No,Auto,Very Active,8,Moderate,Limited Gym,Auto,Active,2026-07-07,2026-07-10
U000331,bao331,Other,18,169,64.3,25.8,22.51,Strength,"[""Strength"",""Strength Preparation"",""Grip Strength""]",Muscle Gain,Beginner,8,4,75,"[""Monday"", ""Sunday"", ""Tuesday"", ""Wednesday""]","[""Bodyweight"",""Mat""]","[""Obliques""]",[],"[""Bodyweight"", ""Machine"", ""Dumbbell""]",[],[],No,Auto,Sedentary,7.2,High,Bodyweight Only,Auto,Active,2026-07-25,2026-07-27
U000332,ngoc332,Male,30,163,55.3,15.7,20.81,Strength,"[""Strength"",""Strength Preparation"",""Grip Strength""]",General Fitness,Intermediate,23,4,45,"[""Tuesday"", ""Saturday"", ""Sunday"", ""Monday""]","[""Medicine Ball"",""Pull-up Bar"",""Straight Bar or Rope""]",[],[],"[""Bodyweight""]",[],[],No,Auto,Moderately Active,7.8,Low,Home Gym,Linear Progression,Active,2026-07-29,2026-08-01
U000333,anh333,Male,18,181,81.6,17.8,24.91,Muscular Endurance,"[""Muscular Endurance"",""Conditioning""]",Muscle Gain,Intermediate,24,6,45,"[""Saturday"", ""Wednesday"", ""Sunday"", ""Thursday"", ""Monday"", ""Tuesday""]","[""Ab Crunch Machine"",""Barbell"",""Dumbbell"",""Parallel Bars"",""Dip Station"",""Weight Plates""]",[],[],"[""Dumbbell"", ""Cable""]",[],[],No,Chest Back Legs,Lightly Active,5.7,Moderate,Limited Gym,Linear Progression,Active,2026-07-03,2026-07-05
U000334,nam334,Male,28,175,53.2,11.1,17.37,Rehabilitation and Joint Health,"[""Rehabilitation"",""Joint Health"",""Injury Prevention"",""Knee Health"",""Shoulder Health"",""Shin Splint Relief""]",Muscular Endurance,Intermediate,33,6,45,"[""Wednesday"", ""Tuesday"", ""Friday"", ""Saturday"", ""Sunday"", ""Thursday""]","[""Suspension Trainer (TRX)"",""Smith Machine"",""Wall"",""Sissy Squat Machine"",""Seated Leg Curl Machine"",""Leg Curl Machine"",""Plyo Box or Bench"",""Preacher Bench"",""Chest-Supported Row Machine"",""Straight Bar or Rope"",""Leg Extension Machine"",""Hip Adductor Machine"",""Bench"",""Calf Block"",""Swiss Ball"",""Resistance Band"",""Rig"",""Bicep Curl Machine"",""Glute Kickback Machine""]",[],[],"[""Barbell"", ""Machine""]",[],[],No,Push Pull Legs,Very Active,7.5,High,Commercial Gym,Auto,Active,2026-08-04,2026-08-08
U000335,phuong335,Prefer not to say,37,156,52.2,28.9,21.45,Muscular Endurance,"[""Muscular Endurance"",""Conditioning""]",Fat Loss,Beginner,2,2,60,"[""Friday"", ""Wednesday""]","[""Glute Kickback Machine"",""Smith Machine"",""Power Rack"",""Seated Leg Curl Machine"",""Calf Block"",""Assisted Pull-Up Machine"",""Hip Thrust Machine"",""Shrug Machine"",""Suspension Trainer (TRX)"",""Adjustable Bench"",""Ankle Strap""]",[],"[""Lateral Deltoid""]","[""Cable"", ""Bodyweight""]",[],[],No,Upper Lower,Moderately Active,8.5,Moderate,Commercial Gym,Auto,Active,2026-06-01,2026-06-06
U000336,trang336,Male,22,167,78.5,22.6,28.15,Strength,"[""Strength"",""Strength Preparation"",""Grip Strength""]",Athletic Performance,Beginner,5,2,60,"[""Tuesday"", ""Wednesday""]","[""Weight Plate"",""Hip Thrust Machine"",""Hip Adductor Machine"",""Dumbbells"",""Mat"",""Dumbbell"",""Smith Machine"",""Seated Leg Curl Machine"",""D-Handle"",""Rig"",""Battle Ropes""]",[],[],"[""Barbell"", ""Cable""]",[],[],No,Auto,Sedentary,6,Moderate,Commercial Gym,RPE-Based,Active,2026-07-18,2026-07-20
U000337,phong337,Prefer not to say,24,157,76.5,37.4,31.04,Mobility and Flexibility,"[""Mobility"",""Flexibility"",""Warm-up"",""Corrective Exercise"",""Posture Correction""]",Rehabilitation and Joint Health,Intermediate,18,4,60,"[""Tuesday"", ""Thursday"", ""Sunday"", ""Monday""]","[""Lat Pulldown Machine"",""Flat Bench or Mat"",""Suspension Trainer (TRX)"",""Ab Crunch Machine"",""D-Handle"",""Assisted Dip Machine"",""Landmine"",""Donkey Calf Machine""]",[],[],"[""Barbell""]",[],[],No,Auto,Moderately Active,8.6,Low,Limited Gym,RPE-Based,Active,2026-07-04,2026-07-05
U000338,minh338,Female,23,160,78.8,36.8,30.78,Muscular Endurance,"[""Muscular Endurance"",""Conditioning""]",Strength,Intermediate,29,6,75,"[""Friday"", ""Monday"", ""Wednesday"", ""Saturday"", ""Thursday"", ""Sunday""]","[""Weight Plate"",""Sissy Squat Machine"",""Hip Abductor Machine"",""Calf Raise Machine"",""Pole"",""Straight Bar or Rope"",""Power Rack"",""Donkey Calf Machine"",""Bench"",""Incline Bench"",""Assisted Dip Machine"",""Seated Leg Curl Machine"",""Assisted Pull-Up Machine"",""GHR Machine""]",[],[],"[""Bodyweight"", ""Cable""]",[],"[""Ankle instability""]",No,Push Pull Legs,Sedentary,5.7,High,Commercial Gym,Linear Progression,Active,2026-06-01,2026-06-01
U000339,thanh339,Other,42,152,51.4,31,22.25,General Fitness,"[""General Fitness"",""Conditioning"",""Coordination"",""Balance"",""Core Stability""]",Muscular Endurance,Advanced,60,5,90,"[""Thursday"", ""Saturday"", ""Sunday"", ""Monday"", ""Tuesday""]","[""Bodyweight"",""Mat""]",[],[],"[""Bodyweight"", ""Barbell"", ""Dumbbell""]",[],[],No,Chest Back Legs,Lightly Active,5.8,High,Bodyweight Only,Double Progression,Active,2026-07-28,2026-07-28
U000340,tuan340,Male,40,176,81.6,24.6,26.34,Athletic Performance,"[""Athletic Performance"",""Sport Performance"",""Power"",""Coordination"",""Balance""]",General Fitness,Advanced,106,3,90,"[""Thursday"", ""Monday"", ""Friday""]","[""Squat Rack"",""Calf Block"",""Flat Bench or Mat""]",[],[],"[""Dumbbell"", ""Barbell""]",[],[],No,Auto,Moderately Active,6.4,Low,Home Gym,Linear Progression,Active,2026-06-03,2026-06-03
U000341,phong341,Other,39,170,58.4,27.8,20.21,Fat Loss,"[""Fat Loss"",""Conditioning"",""General Fitness""]",Muscular Endurance,Advanced,49,2,60,"[""Saturday"", ""Wednesday""]","[""Power Rack"",""Neutral-Grip Attachment"",""Bodyweight""]",[],[],"[""Dumbbell""]",[],[],No,Upper Lower,Lightly Active,6.1,High,Home Gym,Linear Progression,Active,2026-07-09,2026-07-13
U000342,ha342,Other,31,166,60,27.9,21.77,Strength,"[""Strength"",""Strength Preparation"",""Grip Strength""]",Muscular Endurance,Intermediate,20,2,90,"[""Thursday"", ""Friday""]","[""Preacher Bench"",""Dumbbells"",""Flat Bench"",""Bodyweight""]",[],[],"[""Cable"", ""Dumbbell"", ""Barbell""]",[],[],No,Auto,Very Active,6.7,Low,Home Gym,Linear Progression,Active,2026-07-11,2026-07-11
U000343,ha343,Male,22,168,72.6,19.7,25.72,Mobility and Flexibility,"[""Mobility"",""Flexibility"",""Warm-up"",""Corrective Exercise"",""Posture Correction""]",Muscle Gain,Intermediate,18,2,45,"[""Wednesday"", ""Sunday""]","[""Battle Ropes"",""Ankle Strap""]",[],"[""Palmaris Longus""]","[""Barbell""]",[],[],No,Chest Back Legs,Very Active,6.6,Low,Home Gym,Double Progression,Active,2026-06-30,2026-07-01
U000344,tuan344,Female,36,157,58.3,31.3,23.65,General Fitness,"[""General Fitness"",""Conditioning"",""Coordination"",""Balance"",""Core Stability""]",Fat Loss,Intermediate,13,3,60,"[""Wednesday"", ""Saturday"", ""Sunday""]","[""Weight Plate"",""Plates""]",[],[],"[""Barbell""]",[],[],No,Upper Lower,Moderately Active,6.7,High,Home Gym,Auto,Active,2026-06-27,2026-07-01
U000345,trang345,Male,18,166,75.2,20.7,27.29,Fat Loss,"[""Fat Loss"",""Conditioning"",""General Fitness""]",Mobility and Flexibility,Intermediate,13,4,60,"[""Saturday"", ""Tuesday"", ""Friday"", ""Monday""]","[""Heel Wedge"",""Ankle Strap"",""Flat Bench or Mat"",""Sissy Squat Machine""]",[],[],"[""Dumbbell""]",[],[],No,Auto,Lightly Active,8.9,Moderate,Limited Gym,Auto,Active,2026-06-08,2026-06-12
U000346,long346,Male,24,170,68.2,17.6,23.6,Muscular Endurance,"[""Muscular Endurance"",""Conditioning""]",Muscle Gain,Intermediate,33,4,75,"[""Sunday"", ""Friday"", ""Thursday"", ""Monday""]","[""Row Handle"",""Barbell Pad"",""Chest-Supported Row Machine"",""Gymnastics Rings"",""Ankle Strap"",""Seated Leg Curl Machine"",""Barbell""]","[""Anterior Deltoid""]",[],"[""Bodyweight"", ""Machine""]",[],[],No,Push Pull Legs,Extremely Active,8.7,Low,Limited Gym,Auto,Active,2026-06-20,2026-06-23
U000347,long347,Prefer not to say,23,166,51.6,22.4,18.73,Muscular Endurance,"[""Muscular Endurance"",""Conditioning""]",Fat Loss,Intermediate,23,2,75,"[""Monday"", ""Sunday""]","[""Row Machine"",""Suspension Trainer (TRX)"",""Dip Station"",""Box"",""Single Handle""]",[],[],"[""Bodyweight"", ""Cable"", ""Dumbbell""]",[],[],No,Body Part Split,Lightly Active,6.6,High,Limited Gym,Linear Progression,Active,2026-06-24,2026-06-29
U000348,ha348,Male,29,167,52.1,12.9,18.68,Muscular Endurance,"[""Muscular Endurance"",""Conditioning""]",Mobility and Flexibility,Intermediate,33,5,90,"[""Thursday"", ""Saturday"", ""Tuesday"", ""Monday"", ""Sunday""]","[""Calf Block"",""Plyo Box or Bench""]",[],[],"[""Dumbbell""]",[],"[""Ankle instability""]",Yes,Push Pull Legs,Very Active,7.9,High,Home Gym,Linear Progression,Active,2026-06-28,2026-07-02
U000349,linh349,Male,18,172,72.7,17.4,24.57,Fat Loss,"[""Fat Loss"",""Conditioning"",""General Fitness""]",Rehabilitation and Joint Health,Beginner,6,5,90,"[""Friday"", ""Thursday"", ""Sunday"", ""Tuesday"", ""Wednesday""]","[""Bodyweight"",""Mat""]",[],[],"[""Bodyweight""]",[],[],No,Auto,Extremely Active,8.2,Low,Bodyweight Only,RPE-Based,Active,2026-06-03,2026-06-06
U000350,trang350,Prefer not to say,36,165,50.4,25.1,18.51,General Fitness,"[""General Fitness"",""Conditioning"",""Coordination"",""Balance"",""Core Stability""]",Muscular Endurance,Intermediate,15,5,45,"[""Saturday"", ""Thursday"", ""Tuesday"", ""Wednesday"", ""Monday""]","[""Cable"",""Seated Leg Curl Machine"",""Shrug Machine"",""Dip Station"",""Squat Rack"",""Sissy Squat Machine"",""Lateral Raise Machine"",""Hack Squat Machine""]",[],[],"[""Bodyweight""]",[],[],No,Chest Back Legs,Moderately Active,8.4,Low,Limited Gym,Auto,Active,2026-06-20,2026-06-22
U000351,thanh351,Other,36,158,45.7,24.9,18.31,Mobility and Flexibility,"[""Mobility"",""Flexibility"",""Warm-up"",""Corrective Exercise"",""Posture Correction""]",Athletic Performance,Beginner,3,6,75,"[""Sunday"", ""Monday"", ""Saturday"", ""Friday"", ""Tuesday"", ""Wednesday""]","[""Floor"",""Resistance Band (Optional)"",""EZ-Bar""]",[],[],"[""Barbell""]",[],[],No,Auto,Extremely Active,5.6,Moderate,Home Gym,Double Progression,Active,2026-07-16,2026-07-19
U000352,viet352,Prefer not to say,27,155,69.2,35.4,28.8,Athletic Performance,"[""Athletic Performance"",""Sport Performance"",""Power"",""Coordination"",""Balance""]",Fat Loss,Advanced,48,4,90,"[""Monday"", ""Friday"", ""Sunday"", ""Wednesday""]","[""Bodyweight"",""Mat""]","[""Obliques""]",[],"[""Cable""]",[],[],No,Body Part Split,Lightly Active,7.4,Low,Bodyweight Only,RPE-Based,Active,2026-06-25,2026-06-30
U000353,lan353,Female,25,157,61.4,30.2,24.91,Mobility and Flexibility,"[""Mobility"",""Flexibility"",""Warm-up"",""Corrective Exercise"",""Posture Correction""]",Rehabilitation and Joint Health,Beginner,8,2,45,"[""Saturday"", ""Tuesday""]","[""Bodyweight"",""Mat""]",[],[],"[""Dumbbell"", ""Cable"", ""Machine""]",[],[],No,Auto,Lightly Active,7.8,Moderate,Bodyweight Only,RPE-Based,Active,2026-07-01,2026-07-02
U000354,huong354,Male,46,163,83.4,32,31.39,Athletic Performance,"[""Athletic Performance"",""Sport Performance"",""Power"",""Coordination"",""Balance""]",Muscular Endurance,Beginner,8,6,90,"[""Wednesday"", ""Thursday"", ""Sunday"", ""Friday"", ""Monday"", ""Tuesday""]","[""Triceps Extension Machine"",""Weight Plate"",""Adjustable Bench"",""Parallettes"",""Landmine"",""Incline Bench"",""Barbell Pad"",""Straight Bar or Rope"",""Hip Adductor Machine"",""Rope Attachment"",""Sliders""]",[],[],"[""Dumbbell"", ""Machine"", ""Cable""]",[],[],No,Auto,Very Active,7.7,Low,Commercial Gym,Auto,Active,2026-07-11,2026-07-16
U000355,huong355,Male,19,175,69.8,15.5,22.79,Athletic Performance,"[""Athletic Performance"",""Sport Performance"",""Power"",""Coordination"",""Balance""]",Rehabilitation and Joint Health,Beginner,10,2,90,"[""Saturday"", ""Tuesday""]","[""Bodyweight"",""Mat""]",[],[],"[""Barbell"", ""Dumbbell"", ""Bodyweight""]",[],[],No,Auto,Extremely Active,7.6,High,Bodyweight Only,Linear Progression,Active,2026-06-04,2026-06-05
U000356,minh356,Prefer not to say,32,155,69.1,36.5,28.76,General Fitness,"[""General Fitness"",""Conditioning"",""Coordination"",""Balance"",""Core Stability""]",Fat Loss,Beginner,11,2,75,"[""Friday"", ""Wednesday""]","[""Bodyweight"",""Mat""]",[],[],"[""Cable"", ""Bodyweight"", ""Barbell""]",[],[],No,Chest Back Legs,Moderately Active,5.6,Low,Bodyweight Only,RPE-Based,Active,2026-06-11,2026-06-16
U000357,thanh357,Male,28,178,57.6,12.1,18.18,Athletic Performance,"[""Athletic Performance"",""Sport Performance"",""Power"",""Coordination"",""Balance""]",Strength,Advanced,98,2,60,"[""Friday"", ""Thursday""]","[""Seated Leg Curl Machine"",""Power Rack"",""Dumbbells"",""Plyo Box or Bench"",""Weight Plate"",""Bicep Curl Machine"",""Wrist Roller Device"",""Assisted Dip Machine"",""Shoulder Press Machine"",""Lateral Raise Machine"",""Cable Machine""]",[],[],"[""Barbell"", ""Machine""]",[],[],No,Upper Lower,Extremely Active,7.9,High,Commercial Gym,Linear Progression,Active,2026-06-06,2026-06-07
U000358,quang358,Male,25,157,63.3,20.4,25.68,Strength,"[""Strength"",""Strength Preparation"",""Grip Strength""]",Athletic Performance,Beginner,4,4,60,"[""Tuesday"", ""Monday"", ""Saturday"", ""Thursday""]","[""Single Handle"",""Weight Plate"",""Squat Rack"",""Power Rack"",""Bench"",""Bodyweight""]",[],"[""Lower Trapezius""]","[""Cable"", ""Dumbbell""]",[],[],No,Push Pull Legs,Moderately Active,8.5,Moderate,Home Gym,Double Progression,Active,2026-07-03,2026-07-08
U000359,huong359,Male,22,174,78.6,20,25.96,General Fitness,"[""General Fitness"",""Conditioning"",""Coordination"",""Balance"",""Core Stability""]",Rehabilitation and Joint Health,Intermediate,27,6,90,"[""Saturday"", ""Thursday"", ""Sunday"", ""Tuesday"", ""Wednesday"", ""Friday""]","[""Weight Plate"",""Bicep Curl Machine"",""Calf Raise Machine"",""Lateral Raise Machine"",""Sissy Squat Machine"",""Medicine Ball"",""Neutral-Grip Attachment"",""Plyo Box"",""Pullover Machine"",""Assisted Dip Machine"",""Hip Thrust Machine"",""Farmer Walk Handles"",""Dumbbells""]","[""Triceps Brachii""]",[],"[""Dumbbell"", ""Machine""]",[],[],No,Push Pull Legs,Moderately Active,8,Moderate,Commercial Gym,RPE-Based,Active,2026-07-25,2026-07-28
U000360,anh360,Male,59,182,65.7,21.2,19.83,Muscular Endurance,"[""Muscular Endurance"",""Conditioning""]",Strength,Advanced,82,4,75,"[""Tuesday"", ""Saturday"", ""Thursday"", ""Monday""]","[""Pec Deck Machine"",""Barbell"",""Bench"",""Parallel Bars""]",[],[],"[""Machine"", ""Dumbbell"", ""Cable""]",[],[],No,Push Pull Legs,Very Active,7.3,Moderate,Limited Gym,Auto,Active,2026-07-18,2026-07-19
U000361,huy361,Other,26,159,67.6,32.7,26.74,Fat Loss,"[""Fat Loss"",""Conditioning"",""General Fitness""]",Rehabilitation and Joint Health,Advanced,38,4,90,"[""Tuesday"", ""Wednesday"", ""Saturday"", ""Sunday""]","[""Sliders"",""GHR Machine"",""Adjustable Bench"",""Dumbbells"",""Donkey Calf Machine"",""Dip Station"",""Wrist Roller Device"",""Heel Wedge"",""Ab Crunch Machine"",""Rope Attachment"",""Bicep Curl Machine"",""Calf Block"",""Kettlebell"",""Straight Bar"",""Hack Squat Machine"",""Harness/Straps"",""Hip Adductor Machine"",""Shrug Machine"",""Seated Leg Curl Machine""]","[""Pectineus""]",[],"[""Dumbbell"", ""Barbell"", ""Bodyweight""]",[],[],No,Body Part Split,Very Active,8.8,High,Commercial Gym,Linear Progression,Active,2026-06-24,2026-06-25
U000362,phong362,Male,38,180,101,29.9,31.17,Muscle Gain,"[""Muscle Gain""]",Muscular Endurance,Beginner,5,4,45,"[""Sunday"", ""Wednesday"", ""Friday"", ""Saturday""]","[""Resistance Band"",""Plates"",""Pull-up Bar"",""Flat Bench or Mat"",""Dumbbell"",""Barbell"",""Weight Plate""]",[],[],"[""Bodyweight"", ""Cable"", ""Barbell""]",[],[],No,Chest Back Legs,Sedentary,6.4,Low,Limited Gym,RPE-Based,Active,2026-07-07,2026-07-09
U000363,trang363,Female,21,162,79.8,35.9,30.41,General Fitness,"[""General Fitness"",""Conditioning"",""Coordination"",""Balance"",""Core Stability""]",Athletic Performance,Beginner,3,5,90,"[""Friday"", ""Tuesday"", ""Monday"", ""Sunday"", ""Wednesday""]","[""Bodyweight"",""Mat""]",[],[],"[""Bodyweight""]",[],[],No,Auto,Extremely Active,7,Moderate,Bodyweight Only,Linear Progression,Active,2026-07-27,2026-07-31
U000364,son364,Female,22,151,45,23.3,19.74,General Fitness,"[""General Fitness"",""Conditioning"",""Coordination"",""Balance"",""Core Stability""]",Rehabilitation and Joint Health,Beginner,7,2,90,"[""Saturday"", ""Sunday""]","[""Resistance Band (Optional)"",""Heel Wedge"",""Parallettes"",""Squat Rack"",""Bodyweight""]",[],[],"[""Barbell"", ""Bodyweight"", ""Dumbbell""]",[],[],No,Auto,Extremely Active,6.3,Moderate,Home Gym,RPE-Based,Active,2026-06-17,2026-06-21
U000365,dat365,Prefer not to say,47,171,71.2,34.6,24.35,Strength,"[""Strength"",""Strength Preparation"",""Grip Strength""]",Mobility and Flexibility,Advanced,108,4,60,"[""Thursday"", ""Monday"", ""Sunday"", ""Wednesday""]","[""Bodyweight"",""Mat""]",[],[],"[""Cable""]",[],"[""Shoulder impingement""]",Yes,Chest Back Legs,Very Active,6.7,Moderate,Bodyweight Only,Linear Progression,Active,2026-07-23,2026-07-23
U000366,hoang366,Female,30,151,57.5,31.8,25.22,Muscular Endurance,"[""Muscular Endurance"",""Conditioning""]",Mobility and Flexibility,Intermediate,26,3,90,"[""Wednesday"", ""Friday"", ""Thursday""]","[""Power Rack"",""Trap Bar"",""Bodyweight""]",[],"[""Rectus Femoris""]","[""Dumbbell"", ""Bodyweight"", ""Barbell""]",[],[],No,Chest Back Legs,Lightly Active,7.8,Moderate,Home Gym,RPE-Based,Active,2026-06-13,2026-06-18
U000367,linh367,Male,51,171,64.3,21.9,21.99,Athletic Performance,"[""Athletic Performance"",""Sport Performance"",""Power"",""Coordination"",""Balance""]",Fat Loss,Beginner,3,3,75,"[""Tuesday"", ""Friday"", ""Wednesday""]","[""Bodyweight"",""Rig"",""High Flat Bench"",""Squat Rack""]",[],"[""Trapezius""]","[""Barbell""]",[],[],No,Body Part Split,Very Active,8.1,Low,Limited Gym,Auto,Active,2026-06-14,2026-06-16
U000368,phuong368,Prefer not to say,22,153,54.5,27.6,23.28,Muscular Endurance,"[""Muscular Endurance"",""Conditioning""]",Fat Loss,Intermediate,18,4,75,"[""Wednesday"", ""Sunday"", ""Friday"", ""Saturday""]","[""Chest-Supported Row Machine"",""Weight Plate"",""Incline Chest Press Machine"",""Dip Station"",""Donkey Calf Machine"",""Resistance Band (Optional)"",""Smith Machine"",""T-Bar Row Machine"",""Squat Rack"",""GHR Machine"",""Ab Wheel"",""Straight Bar""]","[""Lateral Deltoid""]",[],"[""Barbell"", ""Cable""]",[],[],No,Push Pull Legs,Moderately Active,6.1,High,Commercial Gym,Linear Progression,Active,2026-06-15,2026-06-19
U000369,ngoc369,Male,29,153,50.2,16.2,21.44,Fat Loss,"[""Fat Loss"",""Conditioning"",""General Fitness""]",Athletic Performance,Intermediate,27,3,60,"[""Tuesday"", ""Saturday"", ""Sunday""]","[""Bodyweight"",""Mat""]",[],[],"[""Dumbbell"", ""Machine"", ""Bodyweight""]",[],[],No,Auto,Extremely Active,8.5,High,Bodyweight Only,Linear Progression,Active,2026-07-22,2026-07-26
U000370,huong370,Female,30,158,54,27.5,21.63,Muscular Endurance,"[""Muscular Endurance"",""Conditioning""]",General Fitness,Intermediate,22,3,90,"[""Monday"", ""Saturday"", ""Wednesday""]","[""Towels"",""Wall""]",[],[],"[""Machine""]",[],[],No,Auto,Lightly Active,5.9,Moderate,Home Gym,Auto,Active,2026-06-19,2026-06-23
U000371,viet371,Prefer not to say,22,156,75.9,37.1,31.19,Athletic Performance,"[""Athletic Performance"",""Sport Performance"",""Power"",""Coordination"",""Balance""]",Muscular Endurance,Beginner,9,3,60,"[""Saturday"", ""Wednesday"", ""Sunday""]","[""High Flat Bench"",""Row Machine"",""Parallettes"",""Resistance Band (Optional)"",""Leg Curl Machine"",""Wrist Roller Device"",""Ab Crunch Machine"",""Dumbbell"",""Preacher Bench"",""Plyo Box or Bench"",""Bench""]","[""Latissimus Dorsi""]",[],"[""Cable"", ""Dumbbell"", ""Machine""]",[],[],No,Push Pull Legs,Moderately Active,8.8,Low,Commercial Gym,Linear Progression,Active,2026-06-30,2026-07-04
U000372,huy372,Male,36,175,70.1,19.5,22.89,Muscle Gain,"[""Muscle Gain""]",Rehabilitation and Joint Health,Beginner,5,5,45,"[""Monday"", ""Thursday"", ""Wednesday"", ""Tuesday"", ""Friday""]","[""Trap Bar"",""Heel Wedge"",""Suspension Trainer (TRX)"",""Sliders""]",[],[],"[""Dumbbell"", ""Cable""]",[],[],No,Body Part Split,Extremely Active,6.9,High,Home Gym,Linear Progression,Active,2026-07-06,2026-07-10
U000373,hoang373,Prefer not to say,36,173,80.4,35.1,26.86,Strength,"[""Strength"",""Strength Preparation"",""Grip Strength""]",General Fitness,Intermediate,29,3,60,"[""Sunday"", ""Wednesday"", ""Saturday""]","[""Hip Thrust Machine"",""Leg Curl Machine"",""Farmer Walk Handles"",""Decline Bench"",""Chest Press Machine"",""Suspension Trainer (TRX)"",""Calf Raise Machine"",""Dip Station"",""Rope Attachment"",""Shoulder Press Machine""]",[],"[""Rotator Cuff (Infraspinatus, Teres Minor)""]","[""Bodyweight"", ""Barbell""]",[],"[""Ankle instability""]",Yes,Body Part Split,Moderately Active,8.6,Moderate,Commercial Gym,RPE-Based,Active,2026-07-06,2026-07-08
U000374,thanh374,Prefer not to say,19,166,64.4,27,23.37,Fat Loss,"[""Fat Loss"",""Conditioning"",""General Fitness""]",Athletic Performance,Beginner,1,2,60,"[""Sunday"", ""Wednesday""]","[""Bodyweight"",""Mat""]",[],[],"[""Bodyweight""]",[],[],No,Chest Back Legs,Extremely Active,8.3,Low,Bodyweight Only,Double Progression,Active,2026-06-07,2026-06-11
U000375,mai375,Prefer not to say,36,162,54.1,27.6,20.61,Athletic Performance,"[""Athletic Performance"",""Sport Performance"",""Power"",""Coordination"",""Balance""]",General Fitness,Advanced,75,4,75,"[""Tuesday"", ""Sunday"", ""Saturday"", ""Thursday""]","[""Ab Wheel"",""Shrug Machine"",""Row Handle"",""Straight Bar"",""Plyo Box or Bench"",""GHR Machine"",""Leg Press Machine"",""Rig"",""Seated Calf Machine""]","[""Gluteus Maximus"",""Quadriceps""]",[],"[""Bodyweight"", ""Barbell"", ""Cable""]",[],[],No,Auto,Lightly Active,8.1,Low,Limited Gym,Double Progression,Active,2026-06-08,2026-06-09
U000376,long376,Prefer not to say,20,173,67.9,26.4,22.69,General Fitness,"[""General Fitness"",""Conditioning"",""Coordination"",""Balance"",""Core Stability""]",Muscle Gain,Intermediate,24,3,75,"[""Wednesday"", ""Friday"", ""Tuesday""]","[""Ab Crunch Machine"",""Resistance Band (Optional)"",""Assisted Dip Machine"",""Dumbbell"",""Swiss Ball"",""Parallettes"",""Suspension Trainer (TRX)"",""Landmine"",""Lateral Raise Machine"",""45-Degree Back Extension Machine"",""High Flat Bench"",""Box"",""Hip Thrust Machine"",""Squat Rack"",""D-Handle"",""Hack Squat Machine"",""Bench""]",[],[],"[""Bodyweight""]",[],"[""Wrist pain""]",No,Body Part Split,Very Active,8.2,Moderate,Commercial Gym,RPE-Based,Active,2026-07-18,2026-07-19
U000377,minh377,Female,22,162,83.4,37.8,31.78,General Fitness,"[""General Fitness"",""Conditioning"",""Coordination"",""Balance"",""Core Stability""]",Mobility and Flexibility,Advanced,66,2,90,"[""Friday"", ""Thursday""]","[""Bodyweight"",""Mat""]",[],[],"[""Dumbbell""]",[],[],No,Auto,Moderately Active,6.8,Moderate,Bodyweight Only,Linear Progression,Active,2026-07-16,2026-07-16
U000378,dung378,Male,40,166,68.8,23,24.97,Mobility and Flexibility,"[""Mobility"",""Flexibility"",""Warm-up"",""Corrective Exercise"",""Posture Correction""]",General Fitness,Advanced,79,2,45,"[""Tuesday"", ""Monday""]","[""Wall"",""Gymnastics Rings"",""Bicep Curl Machine"",""Lat Pulldown Machine"",""Plyo Box or Bench"",""Weight Plate"",""Heel Wedge"",""Ab Wheel"",""Seated Calf Machine"",""Calf Raise Machine"",""Weight Plates"",""Lateral Raise Machine"",""D-Handle"",""Glute Kickback Machine"",""Leg Extension Machine"",""Neutral-Grip Attachment"",""Hip Thrust Machine"",""Medicine Ball""]",[],[],"[""Machine"", ""Dumbbell"", ""Barbell""]",[],[],No,Upper Lower,Lightly Active,7.8,Low,Commercial Gym,Double Progression,Active,2026-06-02,2026-06-06
U000379,huy379,Other,28,161,76.1,36.3,29.36,Strength,"[""Strength"",""Strength Preparation"",""Grip Strength""]",Mobility and Flexibility,Beginner,1,4,60,"[""Sunday"", ""Thursday"", ""Tuesday"", ""Monday""]","[""Mat"",""Pole"",""Plates""]","[""Gracilis""]",[],"[""Cable"", ""Machine"", ""Dumbbell""]",[],[],No,Push Pull Legs,Moderately Active,6.9,Moderate,Home Gym,Auto,Active,2026-08-07,2026-08-12
U000380,huong380,Other,38,174,60.9,27.5,20.11,Mobility and Flexibility,"[""Mobility"",""Flexibility"",""Warm-up"",""Corrective Exercise"",""Posture Correction""]",Muscular Endurance,Beginner,3,4,60,"[""Monday"", ""Wednesday"", ""Saturday"", ""Tuesday""]","[""Flat Bench"",""Bodyweight""]",[],[],"[""Dumbbell"", ""Bodyweight"", ""Cable""]",[],[],No,Auto,Lightly Active,7.9,Low,Home Gym,Linear Progression,Active,2026-07-16,2026-07-18
U000381,ngoc381,Female,22,157,67.4,32.5,27.34,Muscle Gain,"[""Muscle Gain""]",Strength,Beginner,0,2,45,"[""Monday"", ""Sunday""]","[""Assisted Pull-Up Machine"",""Shrug Machine"",""Bench"",""Glute Kickback Machine"",""Row Machine"",""Hip Abductor Machine"",""Ab Wheel"",""Weight Plate""]","[""Gluteus Maximus""]","[""Pectoralis Major""]","[""Barbell"", ""Cable"", ""Bodyweight""]",[],[],No,Chest Back Legs,Lightly Active,7.5,High,Limited Gym,RPE-Based,Active,2026-06-22,2026-06-23
U000382,thanh382,Other,28,168,78.7,34.5,27.88,Muscular Endurance,"[""Muscular Endurance"",""Conditioning""]",Rehabilitation and Joint Health,Advanced,72,2,60,"[""Thursday"", ""Tuesday""]","[""Bodyweight"",""Mat""]",[],[],"[""Cable""]",[],[],No,Chest Back Legs,Very Active,5.7,Low,Bodyweight Only,Linear Progression,Active,2026-07-28,2026-07-28
U000383,anh383,Prefer not to say,35,167,83.4,38.5,29.9,Athletic Performance,"[""Athletic Performance"",""Sport Performance"",""Power"",""Coordination"",""Balance""]",Mobility and Flexibility,Advanced,36,4,75,"[""Monday"", ""Sunday"", ""Saturday"", ""Wednesday""]","[""Rope Attachment"",""Floor"",""Flat Bench or Mat"",""Bench""]",[],[],"[""Cable""]",[],[],No,Chest Back Legs,Lightly Active,8.1,High,Home Gym,Auto,Active,2026-07-29,2026-08-02
U000384,khoa384,Other,18,162,68.8,30.2,26.22,Strength,"[""Strength"",""Strength Preparation"",""Grip Strength""]",General Fitness,Intermediate,28,6,60,"[""Monday"", ""Thursday"", ""Wednesday"", ""Friday"", ""Sunday"", ""Tuesday""]","[""Heel Wedge"",""Weight Plates"",""D-Handle"",""Lat Pulldown Machine"",""Seated Leg Curl Machine"",""Box"",""Weight Plate"",""Dumbbell"",""Assisted Pull-Up Machine"",""Flat Bench"",""Hip Abductor Machine""]","[""Pectoralis Major""]",[],"[""Bodyweight"", ""Machine"", ""Barbell""]",[],[],No,Full Body,Lightly Active,6.1,High,Commercial Gym,Linear Progression,Active,2026-07-04,2026-07-04
U000385,bao385,Female,26,156,45.8,23.2,18.82,Rehabilitation and Joint Health,"[""Rehabilitation"",""Joint Health"",""Injury Prevention"",""Knee Health"",""Shoulder Health"",""Shin Splint Relief""]",Fat Loss,Beginner,10,3,45,"[""Wednesday"", ""Monday"", ""Sunday""]","[""Parallel Bars"",""Preacher Bench"",""Barbell""]",[],[],"[""Barbell""]",[],[],No,Auto,Moderately Active,8.4,Low,Limited Gym,Double Progression,Active,2026-06-09,2026-06-12
U000386,huy386,Male,26,160,49.4,12.9,19.3,Fat Loss,"[""Fat Loss"",""Conditioning"",""General Fitness""]",Rehabilitation and Joint Health,Intermediate,25,2,60,"[""Monday"", ""Friday""]","[""Bodyweight"",""Lateral Raise Machine"",""Rig"",""Landmine"",""Hip Abductor Machine"",""Barbell Pad"",""Bench"",""Weight Plate""]",[],[],"[""Bodyweight""]",[],[],No,Auto,Sedentary,8.4,Low,Limited Gym,Linear Progression,Active,2026-07-03,2026-07-03
U000387,minh387,Male,42,175,82.1,25.6,26.81,General Fitness,"[""General Fitness"",""Conditioning"",""Coordination"",""Balance"",""Core Stability""]",Mobility and Flexibility,Beginner,2,3,45,"[""Tuesday"", ""Wednesday"", ""Monday""]","[""Bodyweight"",""Mat""]",[],[],"[""Machine"", ""Bodyweight""]",[],[],No,Push Pull Legs,Sedentary,6.5,High,Bodyweight Only,RPE-Based,Active,2026-06-28,2026-07-03
U000388,phuong388,Female,21,150,42.9,22.3,19.07,Muscle Gain,"[""Muscle Gain""]",Rehabilitation and Joint Health,Advanced,98,4,90,"[""Monday"", ""Wednesday"", ""Friday"", ""Saturday""]","[""Parallettes"",""Plyo Box"",""Neutral-Grip Attachment""]",[],[],"[""Cable"", ""Dumbbell"", ""Barbell""]",[],[],No,Push Pull Legs,Sedentary,5.7,Low,Home Gym,Linear Progression,Active,2026-07-02,2026-07-07
U000389,minh389,Prefer not to say,20,170,56.3,22.6,19.48,Strength,"[""Strength"",""Strength Preparation"",""Grip Strength""]",Rehabilitation and Joint Health,Beginner,2,5,45,"[""Wednesday"", ""Tuesday"", ""Sunday"", ""Thursday"", ""Monday""]","[""Plates"",""Rig"",""Parallettes"",""Box"",""Flat Bench"",""Bench""]",[],[],"[""Bodyweight"", ""Machine"", ""Cable""]",[],[],No,Push Pull Legs,Moderately Active,7.8,Moderate,Limited Gym,Linear Progression,Active,2026-07-14,2026-07-18
U000390,hoang390,Prefer not to say,28,156,64.4,32.8,26.46,Fat Loss,"[""Fat Loss"",""Conditioning"",""General Fitness""]",Muscular Endurance,Beginner,11,3,75,"[""Monday"", ""Tuesday"", ""Sunday""]","[""Single Handle"",""Ankle Strap"",""Bodyweight""]",[],[],"[""Dumbbell""]",[],[],No,Chest Back Legs,Moderately Active,8.7,High,Home Gym,Double Progression,Active,2026-07-11,2026-07-13
U000391,quang391,Male,26,174,61.6,14.2,20.35,Strength,"[""Strength"",""Strength Preparation"",""Grip Strength""]",Rehabilitation and Joint Health,Advanced,111,5,45,"[""Saturday"", ""Thursday"", ""Wednesday"", ""Monday"", ""Sunday""]","[""Farmer Walk Handles"",""Hack Squat Machine"",""Seated Calf Machine"",""Parallettes"",""Pec Deck Machine"",""High Flat Bench"",""Sled"",""Trap Bar"",""Suspension Trainer (TRX)"",""Ab Crunch Machine"",""Plyo Box"",""Floor"",""Plyo Box or Bench"",""Weight Plate"",""Chest-Supported Row Machine"",""Weight Plates""]",[],[],"[""Cable"", ""Machine""]",[],[],No,Auto,Lightly Active,6.3,Low,Commercial Gym,Linear Progression,Active,2026-07-26,2026-07-31
U000392,dung392,Female,22,164,60.8,26.8,22.61,Athletic Performance,"[""Athletic Performance"",""Sport Performance"",""Power"",""Coordination"",""Balance""]",General Fitness,Intermediate,29,4,75,"[""Tuesday"", ""Monday"", ""Saturday"", ""Sunday""]","[""Cable"",""Bicep Curl Machine"",""Barbell"",""Farmer Walk Handles"",""Plyo Box or Bench"",""Leg Press Machine"",""Ab Crunch Machine"",""Towels"",""Parallettes"",""Power Rack"",""High Flat Bench""]",[],[],"[""Bodyweight""]",[],[],No,Push Pull Legs,Very Active,8.3,Moderate,Commercial Gym,RPE-Based,Active,2026-06-19,2026-06-21
U000393,quang393,Prefer not to say,21,169,68.6,28.3,24.02,Athletic Performance,"[""Athletic Performance"",""Sport Performance"",""Power"",""Coordination"",""Balance""]",Rehabilitation and Joint Health,Beginner,7,5,45,"[""Sunday"", ""Friday"", ""Monday"", ""Saturday"", ""Thursday""]","[""Straight Bar"",""Landmine"",""Seated Leg Curl Machine"",""Suspension Trainer (TRX)"",""GHR Machine"",""Calf Raise Machine"",""Weight Plate"",""Harness/Straps"",""Lateral Raise Machine"",""Ab Wheel"",""Pole"",""Neutral-Grip Attachment""]",[],[],"[""Barbell"", ""Machine"", ""Bodyweight""]",[],[],No,Push Pull Legs,Extremely Active,7.3,Moderate,Commercial Gym,Double Progression,Active,2026-07-27,2026-07-29
U000394,huong394,Other,22,174,83.6,32.8,27.61,General Fitness,"[""General Fitness"",""Conditioning"",""Coordination"",""Balance"",""Core Stability""]",Athletic Performance,Advanced,38,4,75,"[""Tuesday"", ""Wednesday"", ""Saturday"", ""Friday""]","[""Assisted Dip Machine"",""Calf Block"",""Plates"",""Landmine"",""Cable"",""Towels"",""Flat Bench"",""Pullover Machine"",""Sissy Squat Machine""]",[],[],"[""Bodyweight"", ""Cable""]",[],[],No,Chest Back Legs,Extremely Active,5.7,High,Limited Gym,Linear Progression,Active,2026-06-19,2026-06-23
U000395,duc395,Male,26,162,74.1,23.7,28.24,Strength,"[""Strength"",""Strength Preparation"",""Grip Strength""]",General Fitness,Advanced,101,5,45,"[""Sunday"", ""Thursday"", ""Tuesday"", ""Saturday"", ""Monday""]","[""Leg Press Machine"",""Farmer Walk Handles"",""Preacher Bench"",""Lateral Raise Machine"",""Dip Station"",""Harness/Straps"",""Sissy Squat Machine""]",[],[],"[""Cable""]",[],"[""Wrist pain""]",No,Body Part Split,Sedentary,8.8,High,Limited Gym,RPE-Based,Active,2026-06-28,2026-07-03
U000396,duc396,Male,22,174,54.8,10.6,18.1,Muscle Gain,"[""Muscle Gain""]",Mobility and Flexibility,Intermediate,24,3,75,"[""Thursday"", ""Monday"", ""Saturday""]","[""Flat Bench or Mat"",""Smith Machine"",""Pole"",""Rig""]",[],[],"[""Machine""]",[],[],No,Auto,Very Active,6.9,High,Limited Gym,RPE-Based,Active,2026-07-17,2026-07-19
U000397,tuan397,Female,19,159,51,23.2,20.17,Athletic Performance,"[""Athletic Performance"",""Sport Performance"",""Power"",""Coordination"",""Balance""]",Rehabilitation and Joint Health,Beginner,9,6,60,"[""Tuesday"", ""Saturday"", ""Monday"", ""Sunday"", ""Thursday"", ""Wednesday""]","[""Straight Bar"",""Incline Bench"",""Chest Press Machine"",""Dumbbell"",""Calf Raise Machine"",""Hip Thrust Machine""]",[],[],"[""Machine"", ""Bodyweight""]",[],[],No,Auto,Lightly Active,8.8,Moderate,Limited Gym,Double Progression,Active,2026-08-05,2026-08-06
U000398,duc398,Other,18,159,63.1,28.7,24.96,Strength,"[""Strength"",""Strength Preparation"",""Grip Strength""]",Athletic Performance,Intermediate,35,2,75,"[""Sunday"", ""Thursday""]","[""Bodyweight"",""Mat""]",[],[],"[""Barbell"", ""Cable"", ""Bodyweight""]",[],[],No,Auto,Moderately Active,8.9,Moderate,Bodyweight Only,Linear Progression,Active,2026-08-05,2026-08-08
U000399,phong399,Female,21,160,75.2,34.7,29.37,Fat Loss,"[""Fat Loss"",""Conditioning"",""General Fitness""]",Mobility and Flexibility,Beginner,9,6,45,"[""Sunday"", ""Saturday"", ""Thursday"", ""Wednesday"", ""Friday"", ""Monday""]","[""GHR Machine"",""Bench"",""Resistance Band"",""Incline Chest Press Machine"",""T-Bar Row Machine"",""Sliders"",""Rope Attachment"",""Battle Ropes"",""Adjustable Bench"",""Ab Wheel"",""Bodyweight"",""Barbell Pad"",""Seated Calf Machine"",""Wrist Roller Device""]","[""Gluteus Minimus"",""Middle Trapezius"",""Posterior Deltoid""]",[],"[""Machine"", ""Bodyweight""]",[],[],No,Chest Back Legs,Very Active,5.6,Moderate,Commercial Gym,Double Progression,Active,2026-08-05,2026-08-05
U000400,nam400,Prefer not to say,26,159,60.9,29.5,24.09,Muscular Endurance,"[""Muscular Endurance"",""Conditioning""]",Athletic Performance,Beginner,2,5,90,"[""Saturday"", ""Thursday"", ""Wednesday"", ""Sunday"", ""Monday""]","[""Towels"",""Bodyweight"",""Weight Plate"",""Weight Plates"",""High Flat Bench""]",[],[],"[""Barbell"", ""Bodyweight""]",[],[],No,Push Pull Legs,Extremely Active,6.8,Low,Home Gym,RPE-Based,Active,2026-08-04,2026-08-04
U000401,nam401,Other,21,158,56.9,26.8,22.79,Muscular Endurance,"[""Muscular Endurance"",""Conditioning""]",Fat Loss,Advanced,68,2,75,"[""Tuesday"", ""Thursday""]","[""Bodyweight"",""Mat""]",[],"[""Pectoralis Major""]","[""Barbell"", ""Bodyweight""]",[],[],No,Chest Back Legs,Sedentary,7,High,Bodyweight Only,Auto,Active,2026-06-05,2026-06-06
U000402,khoa402,Female,39,157,45.6,25.8,18.5,General Fitness,"[""General Fitness"",""Conditioning"",""Coordination"",""Balance"",""Core Stability""]",Rehabilitation and Joint Health,Beginner,10,6,60,"[""Monday"", ""Sunday"", ""Friday"", ""Tuesday"", ""Wednesday"", ""Thursday""]","[""Calf Block"",""Wrist Roller Device"",""Incline Bench"",""Ab Crunch Machine"",""EZ-Bar"",""Pole""]",[],"[""Tensor Fasciae Latae""]","[""Machine"", ""Barbell"", ""Dumbbell""]",[],"[""Ankle instability""]",No,Upper Lower,Very Active,7.8,Low,Limited Gym,Linear Progression,Active,2026-06-10,2026-06-12
U000403,quang403,Other,40,168,79.3,37.5,28.1,Mobility and Flexibility,"[""Mobility"",""Flexibility"",""Warm-up"",""Corrective Exercise"",""Posture Correction""]",Muscular Endurance,Beginner,6,2,90,"[""Thursday"", ""Sunday""]","[""Bodyweight"",""Mat""]",[],[],"[""Bodyweight""]",[],[],No,Chest Back Legs,Extremely Active,6.3,Moderate,Bodyweight Only,Linear Progression,Active,2026-08-02,2026-08-04
U000404,ngoc404,Female,38,155,63.3,35,26.35,Fat Loss,"[""Fat Loss"",""Conditioning"",""General Fitness""]",Rehabilitation and Joint Health,Intermediate,34,3,90,"[""Thursday"", ""Tuesday"", ""Sunday""]","[""Kettlebell"",""Bodyweight""]",[],[],"[""Bodyweight"", ""Machine"", ""Barbell""]",[],[],No,Push Pull Legs,Lightly Active,6,High,Home Gym,Auto,Active,2026-07-05,2026-07-07
U000405,viet405,Male,31,163,53.9,15.3,20.29,General Fitness,"[""General Fitness"",""Conditioning"",""Coordination"",""Balance"",""Core Stability""]",Strength,Advanced,52,4,75,"[""Friday"", ""Monday"", ""Tuesday"", ""Thursday""]","[""Row Machine"",""Decline Bench"",""Glute Kickback Machine"",""Sled"",""Rope Attachment"",""Shoulder Press Machine""]",[],[],"[""Barbell""]",[],[],No,Chest Back Legs,Lightly Active,5.6,Moderate,Limited Gym,Double Progression,Active,2026-06-16,2026-06-21
U000406,viet406,Female,26,155,43.9,22.5,18.27,Muscular Endurance,"[""Muscular Endurance"",""Conditioning""]",Rehabilitation and Joint Health,Intermediate,35,6,60,"[""Saturday"", ""Monday"", ""Thursday"", ""Sunday"", ""Friday"", ""Wednesday""]","[""Sissy Squat Machine"",""Farmer Walk Handles"",""Plyo Box"",""Straight Bar or Rope"",""Pull-up Bar"",""GHR Machine"",""Lat Pulldown Machine""]",[],[],"[""Dumbbell""]",[],[],No,Push Pull Legs,Extremely Active,8.2,High,Limited Gym,Auto,Active,2026-07-04,2026-07-06
U000407,dung407,Prefer not to say,19,173,89,34.7,29.74,Mobility and Flexibility,"[""Mobility"",""Flexibility"",""Warm-up"",""Corrective Exercise"",""Posture Correction""]",Athletic Performance,Advanced,76,5,45,"[""Saturday"", ""Tuesday"", ""Sunday"", ""Friday"", ""Wednesday""]","[""Assisted Dip Machine"",""Bench"",""Harness/Straps"",""Mat"",""Decline Bench"",""Single Handle"",""Ab Wheel"",""High Flat Bench"",""Bicep Curl Machine"",""Row Machine"",""EZ-Bar"",""Squat Rack""]",[],[],"[""Bodyweight"", ""Dumbbell""]",[],"[""Acute low back pain""]",No,Chest Back Legs,Sedentary,7.9,Low,Commercial Gym,Auto,Active,2026-07-07,2026-07-08
U000408,anh408,Male,34,168,71.7,22.1,25.4,General Fitness,"[""General Fitness"",""Conditioning"",""Coordination"",""Balance"",""Core Stability""]",Rehabilitation and Joint Health,Beginner,7,3,75,"[""Thursday"", ""Friday"", ""Saturday""]","[""Resistance Band (Optional)"",""Single Handle"",""Row Handle"",""Rig"",""Straight Bar"",""Lateral Raise Machine"",""Flat Bench""]",[],[],"[""Cable"", ""Dumbbell"", ""Barbell""]",[],[],No,Upper Lower,Sedentary,5.9,Moderate,Limited Gym,Double Progression,Active,2026-08-04,2026-08-04
U000409,viet409,Other,33,168,61.6,28.4,21.83,Athletic Performance,"[""Athletic Performance"",""Sport Performance"",""Power"",""Coordination"",""Balance""]",Muscle Gain,Advanced,38,3,45,"[""Monday"", ""Friday"", ""Saturday""]","[""Sled"",""Ab Wheel"",""Incline Bench""]",[],[],"[""Cable"", ""Bodyweight"", ""Barbell""]",[],[],No,Chest Back Legs,Extremely Active,8.8,Low,Home Gym,Auto,Active,2026-08-06,2026-08-10
U000410,anh410,Male,19,180,91.5,22.1,28.24,General Fitness,"[""General Fitness"",""Conditioning"",""Coordination"",""Balance"",""Core Stability""]",Athletic Performance,Advanced,67,3,90,"[""Monday"", ""Saturday"", ""Friday""]","[""Suspension Trainer (TRX)"",""Landmine""]",[],[],"[""Bodyweight"", ""Dumbbell"", ""Cable""]",[],"[""Shoulder impingement""]",No,Upper Lower,Extremely Active,8,High,Home Gym,Auto,Active,2026-07-25,2026-07-30
U000411,son411,Female,21,159,44.4,20.5,17.56,General Fitness,"[""General Fitness"",""Conditioning"",""Coordination"",""Balance"",""Core Stability""]",Rehabilitation and Joint Health,Intermediate,35,2,75,"[""Thursday"", ""Friday""]","[""Seated Leg Curl Machine"",""Leg Press Machine"",""Leg Extension Machine"",""T-Bar Row Machine"",""Swiss Ball"",""Cable"",""Wall"",""Plates"",""Weight Plates""]","[""Serratus Anterior""]",[],"[""Cable"", ""Bodyweight""]",[],[],No,Push Pull Legs,Moderately Active,6,Moderate,Limited Gym,Linear Progression,Active,2026-06-07,2026-06-09
U000412,viet412,Other,45,170,71.4,34.6,24.71,Strength,"[""Strength"",""Strength Preparation"",""Grip Strength""]",Athletic Performance,Intermediate,32,5,75,"[""Thursday"", ""Friday"", ""Tuesday"", ""Saturday"", ""Sunday""]","[""Bench"",""Resistance Band"",""Weight Plate"",""Preacher Bench""]",[],[],"[""Barbell"", ""Machine""]",[],[],No,Body Part Split,Extremely Active,7.9,Moderate,Home Gym,Linear Progression,Active,2026-07-12,2026-07-16
U000413,huy413,Male,45,166,68.5,24,24.86,Athletic Performance,"[""Athletic Performance"",""Sport Performance"",""Power"",""Coordination"",""Balance""]",General Fitness,Intermediate,28,2,90,"[""Saturday"", ""Monday""]","[""Gymnastics Rings"",""Mat""]",[],[],"[""Machine"", ""Dumbbell"", ""Bodyweight""]",[],[],No,Body Part Split,Lightly Active,8.5,Moderate,Home Gym,RPE-Based,Active,2026-06-01,2026-06-04
U000414,bao414,Prefer not to say,19,166,85.4,36.2,30.99,Athletic Performance,"[""Athletic Performance"",""Sport Performance"",""Power"",""Coordination"",""Balance""]",Muscle Gain,Beginner,10,5,90,"[""Thursday"", ""Monday"", ""Sunday"", ""Friday"", ""Wednesday""]","[""Bodyweight"",""Mat""]",[],[],"[""Barbell"", ""Bodyweight""]",[],[],No,Body Part Split,Very Active,5.7,Low,Bodyweight Only,Auto,Active,2026-07-05,2026-07-07
U000415,viet415,Prefer not to say,20,180,74.3,26.7,22.93,Muscular Endurance,"[""Muscular Endurance"",""Conditioning""]",Fat Loss,Beginner,2,4,75,"[""Sunday"", ""Saturday"", ""Monday"", ""Wednesday""]","[""Adjustable Bench"",""Gymnastics Rings"",""Calf Raise Machine"",""Wall"",""Seated Leg Curl Machine"",""Plyo Box"",""Dumbbells"",""Rig"",""Hip Adductor Machine"",""Donkey Calf Machine"",""Weight Plate"",""Pec Deck Machine"",""Barbell"",""Incline Chest Press Machine"",""Neutral-Grip Attachment"",""Flat Bench"",""Pull-up Bar"",""Bench"",""Seated Calf Machine""]",[],[],"[""Machine""]",[],[],No,Auto,Moderately Active,6,Moderate,Commercial Gym,Double Progression,Active,2026-06-21,2026-06-23
U000416,khoa416,Male,44,166,62.9,21.3,22.83,General Fitness,"[""General Fitness"",""Conditioning"",""Coordination"",""Balance"",""Core Stability""]",Strength,Beginner,9,3,90,"[""Wednesday"", ""Friday"", ""Sunday""]","[""Plates"",""Wrist Roller Device"",""Preacher Bench"",""Bench"",""Bodyweight""]",[],[],"[""Cable"", ""Machine""]",[],"[""Knee valgus""]",No,Upper Lower,Moderately Active,8.4,Low,Home Gym,RPE-Based,Active,2026-06-24,2026-06-28
U000417,huong417,Female,33,164,68.9,32.9,25.62,Athletic Performance,"[""Athletic Performance"",""Sport Performance"",""Power"",""Coordination"",""Balance""]",Mobility and Flexibility,Beginner,10,2,75,"[""Monday"", ""Friday""]","[""Bodyweight"",""Mat""]",[],[],"[""Cable"", ""Bodyweight"", ""Barbell""]",[],[],No,Auto,Very Active,6.6,Moderate,Bodyweight Only,Double Progression,Active,2026-07-14,2026-07-14
U000418,nam418,Male,32,174,61.3,15.5,20.25,Athletic Performance,"[""Athletic Performance"",""Sport Performance"",""Power"",""Coordination"",""Balance""]",Muscular Endurance,Intermediate,23,4,75,"[""Sunday"", ""Tuesday"", ""Thursday"", ""Wednesday""]","[""T-Bar Row Machine"",""Flat Bench or Mat"",""Pullover Machine"",""High Flat Bench"",""Rope Attachment"",""Preacher Bench"",""Barbell"",""Assisted Dip Machine""]",[],[],"[""Dumbbell"", ""Bodyweight""]",[],[],No,Push Pull Legs,Sedentary,7.1,Low,Limited Gym,Auto,Active,2026-07-18,2026-07-22
U000419,dung419,Female,23,159,48.6,23,19.22,General Fitness,"[""General Fitness"",""Conditioning"",""Coordination"",""Balance"",""Core Stability""]",Strength,Beginner,11,6,60,"[""Tuesday"", ""Friday"", ""Sunday"", ""Thursday"", ""Monday"", ""Wednesday""]","[""Weight Plate"",""Chest Press Machine"",""Barbell Pad"",""Heel Wedge""]",[],[],"[""Machine"", ""Barbell"", ""Cable""]",[],[],No,Upper Lower,Lightly Active,5.9,Low,Limited Gym,Double Progression,Active,2026-06-14,2026-06-14
U000420,phong420,Other,22,176,66.4,25.4,21.44,Muscular Endurance,"[""Muscular Endurance"",""Conditioning""]",Fat Loss,Advanced,119,6,90,"[""Tuesday"", ""Thursday"", ""Friday"", ""Sunday"", ""Saturday"", ""Monday""]","[""Bodyweight"",""Mat""]",[],[],"[""Barbell""]",[],[],No,Upper Lower,Lightly Active,5.8,Moderate,Bodyweight Only,Linear Progression,Active,2026-06-16,2026-06-19
U000421,phong421,Prefer not to say,21,173,57.5,22.5,19.21,Muscle Gain,"[""Muscle Gain""]",Mobility and Flexibility,Intermediate,26,3,45,"[""Tuesday"", ""Thursday"", ""Saturday""]","[""Trap Bar"",""Rope Attachment"",""Ankle Strap"",""Sliders"",""Row Machine""]",[],[],"[""Machine"", ""Bodyweight"", ""Barbell""]",[],[],No,Push Pull Legs,Moderately Active,5.7,Low,Limited Gym,Linear Progression,Active,2026-07-11,2026-07-13
U000422,hoang422,Female,30,169,67.9,30,23.77,General Fitness,"[""General Fitness"",""Conditioning"",""Coordination"",""Balance"",""Core Stability""]",Muscular Endurance,Advanced,92,6,90,"[""Thursday"", ""Saturday"", ""Tuesday"", ""Wednesday"", ""Sunday"", ""Friday""]","[""Dumbbells"",""Resistance Band"",""EZ-Bar"",""Adjustable Bench"",""Kettlebell""]",[],[],"[""Barbell""]",[],"[""Shoulder impingement""]",No,Auto,Very Active,8.6,Low,Home Gym,Linear Progression,Active,2026-06-17,2026-06-22
U000423,son423,Male,21,180,103.3,26.9,31.88,Muscle Gain,"[""Muscle Gain""]",Rehabilitation and Joint Health,Intermediate,19,3,45,"[""Monday"", ""Thursday"", ""Saturday""]","[""Bodyweight"",""Mat""]","[""Hamstrings""]",[],"[""Machine"", ""Cable""]",[],[],No,Auto,Sedentary,6.6,Low,Bodyweight Only,Linear Progression,Active,2026-07-25,2026-07-29
U000424,thanh424,Male,37,170,77.2,24.4,26.71,Muscle Gain,"[""Muscle Gain""]",Mobility and Flexibility,Beginner,1,4,75,"[""Tuesday"", ""Sunday"", ""Thursday"", ""Wednesday""]","[""Bodyweight"",""Mat""]","[""Hip Flexors""]",[],"[""Machine"", ""Cable""]",[],[],No,Auto,Lightly Active,6.4,Low,Bodyweight Only,Double Progression,Active,2026-07-21,2026-07-24
U000425,tuan425,Prefer not to say,29,167,61.9,27.9,22.2,General Fitness,"[""General Fitness"",""Conditioning"",""Coordination"",""Balance"",""Core Stability""]",Muscular Endurance,Intermediate,27,4,75,"[""Tuesday"", ""Wednesday"", ""Friday"", ""Monday""]","[""Wall"",""Weight Plate"",""Rig"",""Barbell Pad"",""Squat Rack"",""Ab Crunch Machine"",""T-Bar Row Machine"",""Parallettes"",""Resistance Band"",""Seated Calf Machine"",""Plyo Box or Bench"",""Suspension Trainer (TRX)"",""Leg Curl Machine"",""Cable"",""Resistance Band (Optional)"",""Bodyweight"",""Hack Squat Machine"",""Gymnastics Rings""]",[],[],"[""Cable""]",[],[],No,Chest Back Legs,Moderately Active,8.5,Low,Commercial Gym,RPE-Based,Active,2026-06-23,2026-06-26
U000426,khoa426,Female,43,163,70.8,36.5,26.65,Mobility and Flexibility,"[""Mobility"",""Flexibility"",""Warm-up"",""Corrective Exercise"",""Posture Correction""]",Muscle Gain,Advanced,96,4,90,"[""Sunday"", ""Friday"", ""Saturday"", ""Monday""]","[""Plyo Box"",""Wall"",""Weight Plate"",""Dumbbells"",""Ankle Strap"",""Dumbbell"",""Sliders"",""Barbell Pad"",""Hip Thrust Machine"",""Preacher Bench"",""Medicine Ball"",""Mat"",""Landmine"",""Rope Attachment"",""Chest Press Machine"",""Trap Bar"",""Incline Chest Press Machine"",""Lateral Raise Machine""]",[],[],"[""Bodyweight"", ""Machine"", ""Cable""]",[],[],No,Push Pull Legs,Extremely Active,7.3,Low,Commercial Gym,Linear Progression,Active,2026-07-14,2026-07-18
U000427,tuan427,Female,23,152,73.2,37.9,31.68,Muscle Gain,"[""Muscle Gain""]",Mobility and Flexibility,Intermediate,18,5,75,"[""Friday"", ""Tuesday"", ""Sunday"", ""Saturday"", ""Wednesday""]","[""Hack Squat Machine"",""Ankle Strap"",""Incline Chest Press Machine"",""Weight Plate"",""Cable"",""Gymnastics Rings""]",[],[],"[""Machine"", ""Dumbbell""]",[],[],No,Auto,Moderately Active,8.7,Moderate,Limited Gym,Auto,Active,2026-07-25,2026-07-28
U000428,long428,Other,34,163,84.3,40.5,31.73,Athletic Performance,"[""Athletic Performance"",""Sport Performance"",""Power"",""Coordination"",""Balance""]",Muscle Gain,Intermediate,24,5,60,"[""Friday"", ""Tuesday"", ""Saturday"", ""Wednesday"", ""Monday""]","[""Bodyweight"",""Mat""]","[""Hamstrings""]",[],"[""Machine"", ""Bodyweight"", ""Cable""]",[],[],No,Body Part Split,Extremely Active,6.8,Low,Bodyweight Only,Auto,Active,2026-07-16,2026-07-17
U000429,huy429,Male,18,167,77.6,21.3,27.82,Strength,"[""Strength"",""Strength Preparation"",""Grip Strength""]",Muscle Gain,Advanced,82,2,90,"[""Wednesday"", ""Monday""]","[""Plates"",""D-Handle"",""Adjustable Bench"",""Bodyweight""]",[],[],"[""Cable"", ""Machine"", ""Barbell""]",[],[],No,Body Part Split,Lightly Active,6.1,Low,Home Gym,Linear Progression,Active,2026-07-07,2026-07-10
U000430,anh430,Other,24,174,70,27.9,23.12,Strength,"[""Strength"",""Strength Preparation"",""Grip Strength""]",Athletic Performance,Beginner,5,5,45,"[""Tuesday"", ""Saturday"", ""Monday"", ""Wednesday"", ""Sunday""]","[""Flat Bench or Mat"",""Landmine"",""High Flat Bench"",""Trap Bar"",""Resistance Band"",""Dumbbells"",""EZ-Bar""]",[],[],"[""Barbell"", ""Machine"", ""Cable""]",[],"[""Wrist pain""]",Yes,Upper Lower,Extremely Active,8.5,High,Home Gym,RPE-Based,Active,2026-06-20,2026-06-21
U000431,huy431,Male,42,178,91.7,28.2,28.94,Strength,"[""Strength"",""Strength Preparation"",""Grip Strength""]",General Fitness,Beginner,9,5,45,"[""Thursday"", ""Friday"", ""Saturday"", ""Wednesday"", ""Monday""]","[""Barbell Pad"",""Floor"",""Towels"",""Row Handle"",""Bodyweight""]",[],[],"[""Cable""]",[],[],No,Chest Back Legs,Very Active,5.9,Low,Home Gym,RPE-Based,Active,2026-06-07,2026-06-07
U000432,huong432,Male,48,170,53.8,17.2,18.62,General Fitness,"[""General Fitness"",""Conditioning"",""Coordination"",""Balance"",""Core Stability""]",Strength,Beginner,6,6,75,"[""Monday"", ""Wednesday"", ""Thursday"", ""Tuesday"", ""Sunday"", ""Friday""]","[""Trap Bar"",""Squat Rack"",""Adjustable Bench"",""Wall"",""Harness/Straps""]",[],"[""Longus Colli""]","[""Bodyweight""]",[],"[""Shoulder impingement""]",No,Upper Lower,Extremely Active,6.9,Low,Home Gym,Double Progression,Active,2026-06-11,2026-06-15
U000433,lan433,Male,25,173,69.8,17.5,23.32,General Fitness,"[""General Fitness"",""Conditioning"",""Coordination"",""Balance"",""Core Stability""]",Athletic Performance,Advanced,94,6,60,"[""Tuesday"", ""Thursday"", ""Saturday"", ""Friday"", ""Monday"", ""Wednesday""]","[""Cable"",""Ab Crunch Machine"",""Lat Pulldown Machine"",""Row Machine"",""EZ-Bar"",""Decline Bench""]",[],[],"[""Dumbbell""]",[],[],No,Body Part Split,Moderately Active,8.7,Moderate,Limited Gym,Auto,Active,2026-08-07,2026-08-12
U000434,anh434,Prefer not to say,37,165,69,33.5,25.34,Mobility and Flexibility,"[""Mobility"",""Flexibility"",""Warm-up"",""Corrective Exercise"",""Posture Correction""]",General Fitness,Advanced,110,4,60,"[""Saturday"", ""Tuesday"", ""Sunday"", ""Thursday""]","[""Plates"",""Dumbbell"",""Cable Machine"",""Lateral Raise Machine"",""Leg Extension Machine"",""GHR Machine""]",[],[],"[""Bodyweight"", ""Dumbbell"", ""Barbell""]",[],[],No,Push Pull Legs,Very Active,6.9,High,Limited Gym,Double Progression,Active,2026-06-13,2026-06-18
U000435,tuan435,Other,19,159,78.8,36.4,31.17,Strength,"[""Strength"",""Strength Preparation"",""Grip Strength""]",Athletic Performance,Advanced,65,5,90,"[""Monday"", ""Friday"", ""Thursday"", ""Saturday"", ""Sunday""]","[""Ab Crunch Machine"",""Donkey Calf Machine"",""Farmer Walk Handles"",""Hip Thrust Machine"",""D-Handle"",""Ab Wheel"",""Box"",""Neutral-Grip Attachment"",""Gymnastics Rings"",""Flat Bench"",""Cable"",""Lateral Raise Machine"",""Leg Curl Machine"",""Chest Press Machine""]",[],[],"[""Dumbbell"", ""Barbell""]",[],[],No,Push Pull Legs,Moderately Active,5.8,Low,Commercial Gym,RPE-Based,Active,2026-06-23,2026-06-26
U000436,minh436,Female,20,168,66,27.3,23.38,Mobility and Flexibility,"[""Mobility"",""Flexibility"",""Warm-up"",""Corrective Exercise"",""Posture Correction""]",Athletic Performance,Advanced,94,3,60,"[""Thursday"", ""Monday"", ""Saturday""]","[""Flat Bench or Mat"",""Weight Plates"",""Rope Attachment"",""Calf Block"",""Bench""]",[],[],"[""Dumbbell""]",[],[],No,Body Part Split,Lightly Active,7,High,Home Gym,Double Progression,Active,2026-07-01,2026-07-04
U000437,khoa437,Male,28,174,84.6,23.8,27.94,Fat Loss,"[""Fat Loss"",""Conditioning"",""General Fitness""]",Muscle Gain,Advanced,75,2,45,"[""Wednesday"", ""Tuesday""]","[""Battle Ropes"",""Cable"",""Chest-Supported Row Machine"",""Weight Plate"",""Leg Extension Machine"",""D-Handle""]",[],[],"[""Barbell""]",[],[],No,Push Pull Legs,Lightly Active,6.3,Low,Limited Gym,RPE-Based,Active,2026-06-09,2026-06-12
U000438,lan438,Prefer not to say,33,159,65.5,33.3,25.91,Muscular Endurance,"[""Muscular Endurance"",""Conditioning""]",Muscle Gain,Beginner,2,5,90,"[""Tuesday"", ""Saturday"", ""Sunday"", ""Friday"", ""Thursday""]","[""Mat"",""Ab Wheel"",""Bench"",""Pole"",""GHR Machine"",""Calf Raise Machine""]",[],[],"[""Bodyweight"", ""Barbell""]",[],"[""Shoulder impingement""]",Yes,Auto,Extremely Active,8.9,Moderate,Limited Gym,Auto,Active,2026-07-05,2026-07-09
U000439,anh439,Female,19,155,43,20.4,17.9,Strength,"[""Strength"",""Strength Preparation"",""Grip Strength""]",Muscular Endurance,Intermediate,21,5,60,"[""Thursday"", ""Saturday"", ""Tuesday"", ""Sunday"", ""Friday""]","[""Pull-up Bar"",""Weight Plate"",""Ab Crunch Machine"",""Smith Machine"",""Lateral Raise Machine"",""Bicep Curl Machine"",""Sliders""]",[],[],"[""Machine""]",[],[],No,Auto,Sedentary,5.5,High,Limited Gym,Double Progression,Active,2026-06-20,2026-06-21
U000440,nam440,Other,18,150,55.3,28.2,24.58,Athletic Performance,"[""Athletic Performance"",""Sport Performance"",""Power"",""Coordination"",""Balance""]",Rehabilitation and Joint Health,Advanced,113,6,45,"[""Tuesday"", ""Sunday"", ""Friday"", ""Thursday"", ""Wednesday"", ""Saturday""]","[""Parallettes"",""Bodyweight"",""Parallel Bars"",""Row Handle"",""Pull-up Bar"",""Ankle Strap""]",[],[],"[""Cable"", ""Bodyweight"", ""Barbell""]",[],[],No,Auto,Lightly Active,7.8,Moderate,Limited Gym,Double Progression,Active,2026-07-03,2026-07-04
U000441,duc441,Prefer not to say,26,163,60.9,28.1,22.92,Muscle Gain,"[""Muscle Gain""]",Strength,Advanced,81,5,75,"[""Tuesday"", ""Saturday"", ""Sunday"", ""Thursday"", ""Friday""]","[""Suspension Trainer (TRX)"",""Incline Chest Press Machine"",""Ab Wheel"",""Plyo Box or Bench"",""Pullover Machine"",""Plyo Box"",""High Flat Bench"",""Resistance Band"",""Seated Leg Curl Machine"",""Landmine"",""Plates"",""Neutral-Grip Attachment""]","[""Gluteus Minimus""]",[],"[""Barbell"", ""Bodyweight""]",[],[],No,Chest Back Legs,Sedentary,6.8,Low,Commercial Gym,Double Progression,Active,2026-08-05,2026-08-05
U000442,hoang442,Male,25,168,79.5,23.4,28.17,Muscular Endurance,"[""Muscular Endurance"",""Conditioning""]",General Fitness,Beginner,9,3,90,"[""Wednesday"", ""Thursday"", ""Monday""]","[""Weight Plate"",""Swiss Ball"",""Plates""]",[],[],"[""Machine"", ""Cable""]",[],[],No,Auto,Lightly Active,7.3,Moderate,Home Gym,Auto,Active,2026-07-02,2026-07-06
U000443,tuan443,Female,43,164,57.7,30.2,21.45,Athletic Performance,"[""Athletic Performance"",""Sport Performance"",""Power"",""Coordination"",""Balance""]",General Fitness,Advanced,100,6,75,"[""Saturday"", ""Wednesday"", ""Tuesday"", ""Thursday"", ""Sunday"", ""Monday""]","[""Bodyweight"",""Mat""]",[],[],"[""Barbell"", ""Cable"", ""Machine""]",[],[],No,Auto,Very Active,6.9,Moderate,Bodyweight Only,Auto,Active,2026-07-16,2026-07-18
U000444,dat444,Prefer not to say,39,174,62,28.1,20.48,Fat Loss,"[""Fat Loss"",""Conditioning"",""General Fitness""]",Muscle Gain,Beginner,2,4,75,"[""Tuesday"", ""Wednesday"", ""Sunday"", ""Saturday""]","[""Plates"",""Power Rack"",""Battle Ropes""]",[],[],"[""Barbell""]",[],[],No,Chest Back Legs,Lightly Active,6.7,High,Home Gym,Auto,Active,2026-07-12,2026-07-15
U000445,tuan445,Prefer not to say,21,168,84.1,35.2,29.8,Muscular Endurance,"[""Muscular Endurance"",""Conditioning""]",Rehabilitation and Joint Health,Beginner,9,2,60,"[""Tuesday"", ""Friday""]","[""Rope Attachment"",""Dip Station"",""Bodyweight""]",[],"[""Scapular Stabilizers""]","[""Cable""]",[],[],No,Upper Lower,Sedentary,6.7,Low,Home Gym,RPE-Based,Active,2026-06-29,2026-07-04
U000446,nam446,Prefer not to say,41,160,49.4,27.2,19.3,General Fitness,"[""General Fitness"",""Conditioning"",""Coordination"",""Balance"",""Core Stability""]",Strength,Intermediate,26,2,60,"[""Friday"", ""Sunday""]","[""Bodyweight"",""Mat""]","[""Hamstrings""]",[],"[""Bodyweight""]",[],[],No,Body Part Split,Moderately Active,6.9,High,Bodyweight Only,Double Progression,Active,2026-06-20,2026-06-23
U000447,linh447,Other,31,159,56.5,28.6,22.35,Fat Loss,"[""Fat Loss"",""Conditioning"",""General Fitness""]",Rehabilitation and Joint Health,Intermediate,20,3,60,"[""Saturday"", ""Tuesday"", ""Sunday""]","[""Dumbbell"",""Squat Rack"",""Flat Bench or Mat""]",[],[],"[""Dumbbell"", ""Barbell""]",[],[],No,Chest Back Legs,Sedentary,5.6,Moderate,Home Gym,Double Progression,Active,2026-07-18,2026-07-22
U000448,mai448,Prefer not to say,33,170,72.6,32.3,25.12,Athletic Performance,"[""Athletic Performance"",""Sport Performance"",""Power"",""Coordination"",""Balance""]",Strength,Beginner,7,3,75,"[""Monday"", ""Wednesday"", ""Saturday""]","[""Bench"",""Medicine Ball"",""Decline Bench"",""Parallettes"",""Preacher Bench""]",[],[],"[""Bodyweight"", ""Dumbbell"", ""Cable""]",[],[],No,Push Pull Legs,Sedentary,5.6,Moderate,Home Gym,Auto,Active,2026-07-18,2026-07-22
U000449,huy449,Prefer not to say,36,173,54.7,24.8,18.28,Athletic Performance,"[""Athletic Performance"",""Sport Performance"",""Power"",""Coordination"",""Balance""]",Muscular Endurance,Advanced,117,3,90,"[""Wednesday"", ""Tuesday"", ""Saturday""]","[""Ab Wheel"",""Resistance Band"",""Triceps Extension Machine"",""Hack Squat Machine"",""Donkey Calf Machine"",""Weight Plate"",""Adjustable Bench"",""Neutral-Grip Attachment""]",[],[],"[""Dumbbell"", ""Cable"", ""Bodyweight""]",[],[],No,Body Part Split,Lightly Active,7.1,Moderate,Limited Gym,Double Progression,Active,2026-07-31,2026-07-31
U000450,thanh450,Female,21,160,71,32.7,27.73,Fat Loss,"[""Fat Loss"",""Conditioning"",""General Fitness""]",Muscle Gain,Advanced,51,4,60,"[""Monday"", ""Tuesday"", ""Wednesday"", ""Thursday""]","[""Bodyweight"",""Mat""]","[""Quadriceps (Rectus Femoris)""]",[],"[""Machine"", ""Bodyweight"", ""Dumbbell""]",[],"[""Ankle instability""]",No,Upper Lower,Sedentary,5.8,Moderate,Bodyweight Only,Auto,Active,2026-08-07,2026-08-08
U000451,son451,Male,25,169,89.8,27.3,31.44,Strength,"[""Strength"",""Strength Preparation"",""Grip Strength""]",Rehabilitation and Joint Health,Intermediate,16,6,75,"[""Monday"", ""Thursday"", ""Tuesday"", ""Wednesday"", ""Friday"", ""Sunday""]","[""Medicine Ball"",""Rig"",""Pull-up Bar"",""Parallettes"",""Box"",""Plyo Box"",""Ab Crunch Machine"",""Hip Adductor Machine"",""Towels"",""Triceps Extension Machine""]",[],[],"[""Cable"", ""Machine""]",[],[],No,Chest Back Legs,Moderately Active,6.5,Low,Commercial Gym,Linear Progression,Active,2026-07-12,2026-07-17
U000452,bao452,Female,36,170,82.1,37,28.41,Rehabilitation and Joint Health,"[""Rehabilitation"",""Joint Health"",""Injury Prevention"",""Knee Health"",""Shoulder Health"",""Shin Splint Relief""]",Muscle Gain,Intermediate,14,3,90,"[""Thursday"", ""Saturday"", ""Monday""]","[""Bodyweight"",""Mat""]",[],[],"[""Bodyweight""]",[],[],No,Auto,Sedentary,5.8,Moderate,Bodyweight Only,Linear Progression,Active,2026-07-27,2026-07-30
U000453,trang453,Other,18,167,77.1,31.9,27.65,Athletic Performance,"[""Athletic Performance"",""Sport Performance"",""Power"",""Coordination"",""Balance""]",Rehabilitation and Joint Health,Advanced,41,2,60,"[""Saturday"", ""Friday""]","[""Wall"",""Ankle Strap"",""Hip Abductor Machine"",""Wrist Roller Device"",""Preacher Bench"",""Hip Adductor Machine"",""Seated Leg Curl Machine"",""Resistance Band (Optional)"",""Flat Bench or Mat"",""Cable Machine"",""Weight Plates"",""Chest Press Machine""]",[],[],"[""Barbell""]",[],[],No,Push Pull Legs,Extremely Active,7,Moderate,Commercial Gym,Double Progression,Active,2026-06-24,2026-06-25
U000454,phuong454,Female,45,158,62.9,35.2,25.2,Athletic Performance,"[""Athletic Performance"",""Sport Performance"",""Power"",""Coordination"",""Balance""]",Mobility and Flexibility,Beginner,7,3,75,"[""Saturday"", ""Wednesday"", ""Friday""]","[""Bodyweight"",""Mat""]",[],[],"[""Bodyweight"", ""Dumbbell"", ""Cable""]",[],"[""Ankle instability""]",Yes,Upper Lower,Lightly Active,8.5,Low,Bodyweight Only,Double Progression,Active,2026-07-20,2026-07-23
U000455,ngoc455,Prefer not to say,20,155,47.5,22.9,19.77,Fat Loss,"[""Fat Loss"",""Conditioning"",""General Fitness""]",General Fitness,Beginner,8,5,75,"[""Sunday"", ""Tuesday"", ""Monday"", ""Wednesday"", ""Saturday""]","[""Mat"",""Plyo Box or Bench"",""Wall"",""Weight Plates""]",[],[],"[""Cable""]",[],[],No,Body Part Split,Sedentary,7.2,Low,Home Gym,Double Progression,Active,2026-06-29,2026-07-04
U000456,khoa456,Female,21,162,67.9,30.5,25.87,Fat Loss,"[""Fat Loss"",""Conditioning"",""General Fitness""]",Athletic Performance,Advanced,36,5,60,"[""Thursday"", ""Wednesday"", ""Sunday"", ""Tuesday"", ""Saturday""]","[""Sliders"",""Hip Thrust Machine"",""Smith Machine"",""Plyo Box or Bench"",""Dumbbell"",""Heel Wedge"",""Weight Plate"",""Shrug Machine"",""Bodyweight""]","[""Middle Trapezius"",""Rhomboids""]",[],"[""Dumbbell"", ""Bodyweight"", ""Machine""]",[],[],No,Body Part Split,Lightly Active,8.9,High,Limited Gym,Linear Progression,Active,2026-07-04,2026-07-04
U000457,trang457,Other,57,176,77.1,37.6,24.89,Fat Loss,"[""Fat Loss"",""Conditioning"",""General Fitness""]",Mobility and Flexibility,Advanced,87,5,45,"[""Wednesday"", ""Tuesday"", ""Thursday"", ""Friday"", ""Sunday""]","[""Bodyweight"",""Mat""]","[""Obliques""]",[],"[""Bodyweight""]",[],[],No,Push Pull Legs,Sedentary,6.7,Low,Bodyweight Only,Auto,Active,2026-06-12,2026-06-17
U000458,phuong458,Male,32,162,78.6,27.1,29.95,Strength,"[""Strength"",""Strength Preparation"",""Grip Strength""]",Athletic Performance,Beginner,11,3,60,"[""Monday"", ""Tuesday"", ""Saturday""]","[""Preacher Bench"",""Assisted Pull-Up Machine"",""EZ-Bar"",""Ab Wheel"",""45-Degree Back Extension Machine""]",[],[],"[""Cable""]",[],[],No,Auto,Moderately Active,6,Moderate,Limited Gym,Double Progression,Active,2026-07-23,2026-07-25
U000459,duc459,Other,29,159,48.6,24.3,19.22,Mobility and Flexibility,"[""Mobility"",""Flexibility"",""Warm-up"",""Corrective Exercise"",""Posture Correction""]",General Fitness,Advanced,93,6,60,"[""Saturday"", ""Sunday"", ""Wednesday"", ""Friday"", ""Tuesday"", ""Thursday""]","[""Heel Wedge"",""Trap Bar"",""Resistance Band (Optional)"",""Parallettes"",""Weight Plate"",""Squat Rack"",""Bicep Curl Machine"",""Dumbbell"",""Pec Deck Machine"",""Straight Bar or Rope"",""Plyo Box"",""Cable Machine"",""Farmer Walk Handles"",""Medicine Ball"",""Seated Leg Curl Machine""]",[],[],"[""Bodyweight"", ""Machine""]",[],[],No,Chest Back Legs,Extremely Active,6.2,Low,Commercial Gym,Double Progression,Active,2026-06-15,2026-06-16
U000460,anh460,Female,20,161,77.6,35.1,29.94,General Fitness,"[""General Fitness"",""Conditioning"",""Coordination"",""Balance"",""Core Stability""]",Athletic Performance,Beginner,9,3,90,"[""Friday"", ""Wednesday"", ""Saturday""]","[""Bodyweight"",""Mat""]","[""Core""]",[],"[""Barbell"", ""Cable""]",[],"[""Acute low back pain""]",No,Chest Back Legs,Very Active,5.8,High,Bodyweight Only,RPE-Based,Active,2026-06-11,2026-06-11
U000461,viet461,Prefer not to say,31,173,76,32.2,25.39,Fat Loss,"[""Fat Loss"",""Conditioning"",""General Fitness""]",Muscular Endurance,Intermediate,18,5,90,"[""Monday"", ""Wednesday"", ""Sunday"", ""Thursday"", ""Tuesday""]","[""Bodyweight"",""Mat""]",[],[],"[""Dumbbell"", ""Barbell"", ""Bodyweight""]",[],"[""Ankle instability""]",No,Auto,Moderately Active,8.6,Low,Bodyweight Only,RPE-Based,Active,2026-06-03,2026-06-03
U000462,mai462,Male,44,175,65.6,19.6,21.42,Muscle Gain,"[""Muscle Gain""]",Muscular Endurance,Advanced,93,6,60,"[""Thursday"", ""Sunday"", ""Monday"", ""Wednesday"", ""Tuesday"", ""Saturday""]","[""Smith Machine"",""Assisted Dip Machine"",""Pullover Machine"",""Parallettes"",""Row Machine"",""Cable Machine"",""GHR Machine"",""Single Handle"",""Ab Wheel"",""Dumbbells""]",[],[],"[""Barbell"", ""Dumbbell"", ""Cable""]",[],[],No,Auto,Lightly Active,5.9,High,Commercial Gym,RPE-Based,Active,2026-07-02,2026-07-05
U000463,quang463,Other,27,164,69,31.6,25.65,Fat Loss,"[""Fat Loss"",""Conditioning"",""General Fitness""]",Rehabilitation and Joint Health,Advanced,89,6,90,"[""Wednesday"", ""Friday"", ""Thursday"", ""Monday"", ""Tuesday"", ""Saturday""]","[""Parallettes"",""Weight Plate"",""Bodyweight""]",[],"[""Supraspinatus""]","[""Machine"", ""Cable""]",[],[],No,Upper Lower,Moderately Active,8.3,Moderate,Home Gym,Double Progression,Active,2026-06-27,2026-06-30
U000464,dung464,Male,28,163,83.5,28,31.43,Fat Loss,"[""Fat Loss"",""Conditioning"",""General Fitness""]",General Fitness,Beginner,3,6,45,"[""Tuesday"", ""Friday"", ""Saturday"", ""Thursday"", ""Sunday"", ""Wednesday""]","[""Resistance Band (Optional)"",""Plyo Box"",""Bodyweight""]",[],[],"[""Bodyweight"", ""Cable"", ""Dumbbell""]",[],"[""Knee valgus""]",No,Auto,Very Active,8.7,High,Home Gym,RPE-Based,Active,2026-07-09,2026-07-12
U000465,dung465,Male,22,168,79.3,22.6,28.1,Athletic Performance,"[""Athletic Performance"",""Sport Performance"",""Power"",""Coordination"",""Balance""]",Mobility and Flexibility,Intermediate,33,4,60,"[""Tuesday"", ""Friday"", ""Monday"", ""Saturday""]","[""Calf Raise Machine"",""Sled"",""GHR Machine"",""Plyo Box"",""Chest-Supported Row Machine"",""Suspension Trainer (TRX)"",""EZ-Bar"",""Leg Extension Machine""]",[],[],"[""Machine""]",[],[],No,Body Part Split,Moderately Active,6.7,High,Limited Gym,Auto,Active,2026-06-27,2026-06-28
U000466,dat466,Male,20,176,88.1,22.5,28.44,Muscle Gain,"[""Muscle Gain""]",Strength,Intermediate,20,3,75,"[""Saturday"", ""Tuesday"", ""Wednesday""]","[""Bodyweight"",""Mat""]",[],[],"[""Dumbbell"", ""Cable"", ""Barbell""]",[],"[""Knee valgus""]",Yes,Upper Lower,Extremely Active,6.6,High,Bodyweight Only,Auto,Active,2026-06-04,2026-06-09
U000467,duc467,Other,35,159,58.4,30.4,23.1,Fat Loss,"[""Fat Loss"",""Conditioning"",""General Fitness""]",Muscle Gain,Intermediate,18,4,75,"[""Wednesday"", ""Saturday"", ""Friday"", ""Monday""]","[""Bodyweight"",""Mat""]","[""Gracilis""]",[],"[""Dumbbell"", ""Machine"", ""Barbell""]",[],[],No,Upper Lower,Sedentary,8.3,High,Bodyweight Only,RPE-Based,Active,2026-08-01,2026-08-05
U000468,phuong468,Male,24,174,59.3,12.8,19.59,Rehabilitation and Joint Health,"[""Rehabilitation"",""Joint Health"",""Injury Prevention"",""Knee Health"",""Shoulder Health"",""Shin Splint Relief""]",General Fitness,Intermediate,34,2,90,"[""Friday"", ""Saturday""]","[""Weight Plate"",""Box"",""Row Handle"",""Barbell"",""Dip Station"",""Suspension Trainer (TRX)"",""GHR Machine"",""Single Handle"",""Hip Thrust Machine"",""Dumbbell"",""Flat Bench"",""Sled"",""Barbell Pad"",""EZ-Bar"",""Leg Curl Machine""]",[],[],"[""Dumbbell"", ""Barbell""]",[],[],No,Body Part Split,Sedentary,8.7,Low,Commercial Gym,Linear Progression,Active,2026-06-14,2026-06-14
U000469,viet469,Other,28,150,45.6,25.4,20.27,Strength,"[""Strength"",""Strength Preparation"",""Grip Strength""]",Mobility and Flexibility,Advanced,71,3,45,"[""Wednesday"", ""Sunday"", ""Tuesday""]","[""Wall"",""Wrist Roller Device"",""Bench"",""Weight Plates"",""D-Handle"",""Barbell Pad"",""Calf Block"",""EZ-Bar"",""Shoulder Press Machine"",""Hip Abductor Machine"",""Ab Crunch Machine"",""45-Degree Back Extension Machine"",""Plates"",""Plyo Box"",""Decline Bench"",""Hip Thrust Machine"",""Resistance Band""]","[""Forearm Flexors""]",[],"[""Dumbbell""]",[],"[""Shoulder impingement""]",Yes,Upper Lower,Sedentary,6.9,Low,Commercial Gym,Double Progression,Active,2026-06-05,2026-06-08
U000470,bao470,Prefer not to say,26,163,64.1,29.5,24.13,Athletic Performance,"[""Athletic Performance"",""Sport Performance"",""Power"",""Coordination"",""Balance""]",Muscular Endurance,Intermediate,32,3,75,"[""Saturday"", ""Tuesday"", ""Monday""]","[""Incline Chest Press Machine"",""D-Handle"",""Flat Bench or Mat"",""Plates"",""Adjustable Bench"",""T-Bar Row Machine"",""Mat"",""Battle Ropes"",""Straight Bar or Rope"",""Barbell"",""Weight Plate""]",[],[],"[""Cable"", ""Barbell""]",[],[],No,Auto,Moderately Active,8.4,Low,Commercial Gym,Linear Progression,Active,2026-07-15,2026-07-18
U000471,son471,Female,39,150,52.3,31.5,23.24,Muscle Gain,"[""Muscle Gain""]",Athletic Performance,Advanced,61,5,90,"[""Tuesday"", ""Monday"", ""Friday"", ""Wednesday"", ""Thursday""]","[""Bodyweight"",""Mat""]",[],[],"[""Barbell"", ""Bodyweight""]",[],[],No,Auto,Lightly Active,8.1,High,Bodyweight Only,Auto,Active,2026-06-16,2026-06-20
U000472,minh472,Male,20,178,66.8,13.7,21.08,Strength,"[""Strength"",""Strength Preparation"",""Grip Strength""]",Fat Loss,Beginner,7,3,45,"[""Friday"", ""Saturday"", ""Tuesday""]","[""Floor"",""Hip Adductor Machine"",""Bench"",""Swiss Ball"",""T-Bar Row Machine"",""Straight Bar or Rope"",""Sissy Squat Machine"",""Incline Chest Press Machine"",""Power Rack"",""Shrug Machine"",""Assisted Pull-Up Machine"",""Towels"",""Mat"",""Wrist Roller Device"",""Battle Ropes"",""Seated Calf Machine""]",[],[],"[""Machine"", ""Cable"", ""Bodyweight""]",[],[],No,Auto,Sedentary,6.3,High,Commercial Gym,RPE-Based,Active,2026-08-05,2026-08-09
U000473,anh473,Other,39,163,83.3,41.2,31.35,General Fitness,"[""General Fitness"",""Conditioning"",""Coordination"",""Balance"",""Core Stability""]",Mobility and Flexibility,Advanced,48,4,75,"[""Friday"", ""Saturday"", ""Tuesday"", ""Sunday""]","[""Resistance Band"",""Barbell Pad""]",[],[],"[""Machine""]",[],[],No,Full Body,Sedentary,7.9,Moderate,Home Gym,Linear Progression,Active,2026-07-11,2026-07-16
U000474,hoang474,Prefer not to say,26,173,54.9,22.6,18.34,Mobility and Flexibility,"[""Mobility"",""Flexibility"",""Warm-up"",""Corrective Exercise"",""Posture Correction""]",Muscle Gain,Advanced,102,5,60,"[""Wednesday"", ""Tuesday"", ""Friday"", ""Sunday"", ""Thursday""]","[""Chest-Supported Row Machine"",""Pull-up Bar"",""Barbell Pad"",""Bicep Curl Machine"",""Hack Squat Machine"",""Assisted Pull-Up Machine"",""Ab Wheel"",""Lateral Raise Machine""]",[],[],"[""Cable"", ""Machine""]",[],"[""Shoulder impingement""]",Yes,Chest Back Legs,Sedentary,7.8,High,Limited Gym,RPE-Based,Active,2026-06-03,2026-06-06
U000475,trang475,Other,20,161,74.3,33.6,28.66,General Fitness,"[""General Fitness"",""Conditioning"",""Coordination"",""Balance"",""Core Stability""]",Mobility and Flexibility,Advanced,96,3,45,"[""Friday"", ""Saturday"", ""Monday""]","[""Bodyweight"",""Mat""]",[],[],"[""Machine""]",[],[],No,Auto,Moderately Active,8.9,Moderate,Bodyweight Only,RPE-Based,Active,2026-07-17,2026-07-22
U000476,minh476,Other,31,167,79.4,35.9,28.47,Athletic Performance,"[""Athletic Performance"",""Sport Performance"",""Power"",""Coordination"",""Balance""]",Strength,Advanced,99,6,75,"[""Monday"", ""Friday"", ""Saturday"", ""Tuesday"", ""Wednesday"", ""Thursday""]","[""Kettlebell"",""Medicine Ball"",""Pec Deck Machine"",""Plyo Box or Bench"",""Incline Chest Press Machine"",""Suspension Trainer (TRX)"",""Row Machine"",""Weight Plates"",""Box"",""Landmine""]",[],[],"[""Cable"", ""Dumbbell""]",[],[],No,Push Pull Legs,Very Active,8.4,Low,Commercial Gym,Linear Progression,Active,2026-06-06,2026-06-07
U000477,dung477,Other,21,164,59.5,26,22.12,Mobility and Flexibility,"[""Mobility"",""Flexibility"",""Warm-up"",""Corrective Exercise"",""Posture Correction""]",Rehabilitation and Joint Health,Advanced,69,6,90,"[""Wednesday"", ""Monday"", ""Thursday"", ""Saturday"", ""Sunday"", ""Friday""]","[""Pole"",""Pull-up Bar""]",[],[],"[""Barbell"", ""Bodyweight"", ""Dumbbell""]",[],[],No,Auto,Very Active,6.6,Low,Home Gym,Double Progression,Active,2026-07-14,2026-07-16
U000478,viet478,Female,18,150,57.7,29.5,25.64,Muscular Endurance,"[""Muscular Endurance"",""Conditioning""]",Athletic Performance,Intermediate,13,4,60,"[""Monday"", ""Saturday"", ""Sunday"", ""Thursday""]","[""Parallettes"",""Parallel Bars""]",[],[],"[""Machine"", ""Dumbbell"", ""Bodyweight""]",[],[],No,Auto,Very Active,7.5,Moderate,Home Gym,Double Progression,Active,2026-08-04,2026-08-08
U000479,lan479,Other,26,160,56.2,26.9,21.95,Muscle Gain,"[""Muscle Gain""]",Muscular Endurance,Intermediate,21,4,60,"[""Sunday"", ""Wednesday"", ""Monday"", ""Friday""]","[""Chest-Supported Row Machine"",""Floor"",""Ab Crunch Machine"",""Rig"",""GHR Machine"",""Smith Machine"",""Seated Calf Machine""]",[],[],"[""Barbell"", ""Machine"", ""Bodyweight""]",[],[],No,Auto,Moderately Active,8.8,Low,Limited Gym,Linear Progression,Active,2026-06-14,2026-06-17
U000480,long480,Female,22,150,48.4,25.5,21.51,Muscle Gain,"[""Muscle Gain""]",Athletic Performance,Intermediate,34,3,45,"[""Friday"", ""Sunday"", ""Saturday""]","[""Rig"",""Barbell"",""T-Bar Row Machine"",""Heel Wedge"",""Assisted Dip Machine"",""Ab Wheel"",""Mat"",""D-Handle"",""Dumbbells"",""Weight Plate"",""Donkey Calf Machine"",""Parallettes"",""Plyo Box or Bench""]",[],[],"[""Cable"", ""Barbell"", ""Dumbbell""]",[],[],No,Auto,Sedentary,7.1,Moderate,Commercial Gym,Linear Progression,Active,2026-07-07,2026-07-08
U000481,viet481,Other,37,162,81.6,40.4,31.09,Rehabilitation and Joint Health,"[""Rehabilitation"",""Joint Health"",""Injury Prevention"",""Knee Health"",""Shoulder Health"",""Shin Splint Relief""]",General Fitness,Intermediate,16,2,75,"[""Monday"", ""Saturday""]","[""Weight Plate"",""Calf Block"",""Swiss Ball"",""Incline Bench"",""Row Machine"",""Resistance Band (Optional)"",""Plyo Box"",""Cable"",""Assisted Dip Machine"",""Lateral Raise Machine"",""Rope Attachment"",""GHR Machine"",""Barbell Pad""]","[""Pectoralis Major""]",[],"[""Machine"", ""Dumbbell"", ""Barbell""]",[],[],No,Body Part Split,Lightly Active,7.7,Moderate,Commercial Gym,RPE-Based,Active,2026-08-07,2026-08-07
U000482,quang482,Prefer not to say,20,166,49.3,20.7,17.89,Muscle Gain,"[""Muscle Gain""]",Muscular Endurance,Advanced,89,5,60,"[""Sunday"", ""Saturday"", ""Thursday"", ""Wednesday"", ""Friday""]","[""Ab Wheel"",""Pull-up Bar""]",[],[],"[""Barbell"", ""Cable"", ""Dumbbell""]",[],[],No,Upper Lower,Sedentary,8.4,Low,Home Gym,Auto,Active,2026-07-27,2026-07-27
U000483,quang483,Male,24,175,59.2,12.5,19.33,Athletic Performance,"[""Athletic Performance"",""Sport Performance"",""Power"",""Coordination"",""Balance""]",Muscular Endurance,Advanced,95,4,60,"[""Sunday"", ""Tuesday"", ""Friday"", ""Thursday""]","[""EZ-Bar"",""Preacher Bench""]",[],[],"[""Cable"", ""Machine""]",[],[],No,Chest Back Legs,Lightly Active,5.7,Low,Home Gym,Double Progression,Active,2026-06-02,2026-06-06
U000484,son484,Prefer not to say,30,150,62.2,34.7,27.64,Muscle Gain,"[""Muscle Gain""]",Fat Loss,Beginner,1,5,90,"[""Saturday"", ""Tuesday"", ""Sunday"", ""Monday"", ""Friday""]","[""Bodyweight"",""Mat""]",[],[],"[""Dumbbell""]",[],[],No,Auto,Very Active,6.1,Low,Bodyweight Only,RPE-Based,Active,2026-07-18,2026-07-20
U000485,huy485,Other,38,159,52,28,20.57,Muscular Endurance,"[""Muscular Endurance"",""Conditioning""]",Mobility and Flexibility,Advanced,101,2,75,"[""Tuesday"", ""Sunday""]","[""Mat"",""Pull-up Bar""]",[],[],"[""Cable""]",[],[],No,Upper Lower,Lightly Active,7.7,Low,Home Gym,Double Progression,Active,2026-07-15,2026-07-15
U000486,son486,Prefer not to say,20,158,77.8,36.6,31.16,Strength,"[""Strength"",""Strength Preparation"",""Grip Strength""]",Rehabilitation and Joint Health,Advanced,74,6,75,"[""Saturday"", ""Sunday"", ""Wednesday"", ""Thursday"", ""Monday"", ""Friday""]","[""Ab Wheel"",""Ankle Strap"",""Preacher Bench"",""Barbell Pad"",""Trap Bar""]",[],[],"[""Dumbbell"", ""Cable""]",[],[],No,Upper Lower,Extremely Active,6.8,High,Limited Gym,RPE-Based,Active,2026-07-25,2026-07-28
U000487,ha487,Other,37,161,61.6,31.6,23.76,Muscle Gain,"[""Muscle Gain""]",Muscular Endurance,Intermediate,25,5,60,"[""Sunday"", ""Tuesday"", ""Monday"", ""Thursday"", ""Friday""]","[""Lat Pulldown Machine"",""Hip Abductor Machine"",""Ab Wheel"",""Bench"",""Leg Press Machine"",""Pole"",""Glute Kickback Machine"",""EZ-Bar""]",[],[],"[""Machine""]",[],[],No,Push Pull Legs,Very Active,8.3,High,Limited Gym,Double Progression,Active,2026-07-01,2026-07-04
U000488,nam488,Female,24,158,46.5,22.5,18.63,Athletic Performance,"[""Athletic Performance"",""Sport Performance"",""Power"",""Coordination"",""Balance""]",Strength,Intermediate,15,5,90,"[""Monday"", ""Sunday"", ""Friday"", ""Thursday"", ""Tuesday""]","[""Bodyweight"",""Mat""]","[""Transverse Abdominis""]",[],"[""Machine""]",[],[],No,Body Part Split,Sedentary,6.1,Moderate,Bodyweight Only,RPE-Based,Active,2026-08-03,2026-08-03
U000489,thanh489,Male,34,172,54.8,13.8,18.52,Mobility and Flexibility,"[""Mobility"",""Flexibility"",""Warm-up"",""Corrective Exercise"",""Posture Correction""]",General Fitness,Intermediate,30,2,45,"[""Thursday"", ""Sunday""]","[""Bench"",""Dumbbells"",""Flat Bench or Mat"",""Mat""]",[],[],"[""Barbell"", ""Machine""]",[],"[""Shoulder impingement""]",Yes,Auto,Very Active,9,High,Home Gym,Auto,Active,2026-08-08,2026-08-13
U000490,son490,Prefer not to say,19,177,58,21.2,18.51,Fat Loss,"[""Fat Loss"",""Conditioning"",""General Fitness""]",Muscular Endurance,Intermediate,33,4,90,"[""Sunday"", ""Tuesday"", ""Monday"", ""Wednesday""]","[""Straight Bar"",""Landmine"",""Ab Wheel"",""Lateral Raise Machine""]",[],[],"[""Barbell"", ""Cable"", ""Machine""]",[],[],No,Auto,Very Active,6.7,Low,Limited Gym,RPE-Based,Active,2026-06-29,2026-07-04
U000491,quang491,Male,21,182,86.7,20,26.17,Athletic Performance,"[""Athletic Performance"",""Sport Performance"",""Power"",""Coordination"",""Balance""]",Muscular Endurance,Advanced,72,2,75,"[""Thursday"", ""Saturday""]","[""Chest-Supported Row Machine"",""Bench"",""Smith Machine"",""High Flat Bench"",""Shoulder Press Machine""]",[],[],"[""Dumbbell"", ""Machine""]",[],"[""Acute low back pain""]",No,Push Pull Legs,Sedentary,5.8,Low,Limited Gym,Auto,Active,2026-07-06,2026-07-10
U000492,bao492,Male,26,179,77.1,18.7,24.06,General Fitness,"[""General Fitness"",""Conditioning"",""Coordination"",""Balance"",""Core Stability""]",Rehabilitation and Joint Health,Advanced,108,4,60,"[""Saturday"", ""Friday"", ""Tuesday"", ""Thursday""]","[""Wall"",""Flat Bench or Mat"",""Seated Leg Curl Machine"",""Parallettes"",""Trap Bar"",""Parallel Bars"",""Plyo Box or Bench"",""Sissy Squat Machine""]",[],"[""Rotator Cuff (Infraspinatus, Teres Minor)""]","[""Barbell"", ""Machine"", ""Dumbbell""]",[],[],No,Auto,Moderately Active,9,Moderate,Limited Gym,RPE-Based,Active,2026-06-09,2026-06-11
U000493,thanh493,Male,22,170,82.9,23.3,28.69,Rehabilitation and Joint Health,"[""Rehabilitation"",""Joint Health"",""Injury Prevention"",""Knee Health"",""Shoulder Health"",""Shin Splint Relief""]",Mobility and Flexibility,Beginner,0,5,90,"[""Saturday"", ""Thursday"", ""Monday"", ""Sunday"", ""Wednesday""]","[""Hip Thrust Machine"",""Dumbbell"",""Row Handle"",""Calf Raise Machine""]",[],[],"[""Cable"", ""Machine"", ""Barbell""]",[],[],No,Auto,Extremely Active,8.4,Moderate,Limited Gym,Linear Progression,Active,2026-07-09,2026-07-09
U000494,dung494,Male,21,168,86.6,25.4,30.68,Strength,"[""Strength"",""Strength Preparation"",""Grip Strength""]",Athletic Performance,Beginner,5,2,45,"[""Tuesday"", ""Saturday""]","[""Bodyweight"",""Mat""]",[],[],"[""Machine"", ""Dumbbell"", ""Barbell""]",[],[],No,Auto,Extremely Active,5.7,Low,Bodyweight Only,RPE-Based,Active,2026-08-03,2026-08-05
U000495,huong495,Prefer not to say,39,168,87.9,40.9,31.14,Mobility and Flexibility,"[""Mobility"",""Flexibility"",""Warm-up"",""Corrective Exercise"",""Posture Correction""]",Athletic Performance,Beginner,10,4,75,"[""Monday"", ""Tuesday"", ""Thursday"", ""Sunday""]","[""Donkey Calf Machine"",""Heel Wedge"",""Trap Bar"",""Towels"",""Adjustable Bench"",""Shrug Machine"",""Dumbbells"",""Straight Bar or Rope"",""Squat Rack"",""Hip Thrust Machine"",""Sled"",""Wall"",""Lat Pulldown Machine"",""Dumbbell"",""Box""]",[],[],"[""Barbell"", ""Dumbbell""]",[],"[""Wrist pain""]",Yes,Upper Lower,Extremely Active,7.6,Moderate,Commercial Gym,Auto,Active,2026-06-08,2026-06-12
U000496,son496,Other,25,171,89.4,37,30.57,Strength,"[""Strength"",""Strength Preparation"",""Grip Strength""]",Fat Loss,Advanced,87,2,75,"[""Sunday"", ""Thursday""]","[""Bodyweight"",""Mat""]",[],[],"[""Cable"", ""Dumbbell""]",[],[],No,Push Pull Legs,Moderately Active,6.2,High,Bodyweight Only,Double Progression,Active,2026-07-08,2026-07-09
U000497,dat497,Male,23,176,72.3,17.1,23.34,Athletic Performance,"[""Athletic Performance"",""Sport Performance"",""Power"",""Coordination"",""Balance""]",Mobility and Flexibility,Beginner,5,5,60,"[""Friday"", ""Saturday"", ""Thursday"", ""Tuesday"", ""Sunday""]","[""Parallettes"",""Adjustable Bench"",""Hip Adductor Machine"",""Farmer Walk Handles"",""Seated Calf Machine"",""Chest Press Machine"",""Mat"",""Glute Kickback Machine"",""Plyo Box or Bench"",""Ab Crunch Machine"",""Rope Attachment"",""Donkey Calf Machine""]",[],"[""Core""]","[""Cable"", ""Dumbbell"", ""Machine""]",[],[],No,Chest Back Legs,Very Active,7.6,High,Commercial Gym,Linear Progression,Active,2026-06-26,2026-06-30
U000498,long498,Prefer not to say,36,175,73,31.5,23.84,Muscular Endurance,"[""Muscular Endurance"",""Conditioning""]",Mobility and Flexibility,Beginner,0,4,60,"[""Thursday"", ""Saturday"", ""Wednesday"", ""Sunday""]","[""Calf Block"",""Trap Bar"",""Hack Squat Machine"",""Heel Wedge"",""Squat Rack"",""Medicine Ball"",""Bench"",""T-Bar Row Machine"",""Shoulder Press Machine"",""Farmer Walk Handles"",""Hip Abductor Machine""]",[],[],"[""Cable"", ""Machine"", ""Dumbbell""]",[],"[""Acute low back pain""]",Yes,Auto,Lightly Active,7.3,Moderate,Commercial Gym,RPE-Based,Active,2026-06-04,2026-06-08
U000499,thanh499,Other,27,170,75.3,32.1,26.06,General Fitness,"[""General Fitness"",""Conditioning"",""Coordination"",""Balance"",""Core Stability""]",Muscular Endurance,Advanced,69,3,75,"[""Thursday"", ""Friday"", ""Tuesday""]","[""High Flat Bench"",""Ab Wheel"",""Glute Kickback Machine"",""Pole"",""Leg Press Machine"",""Hip Thrust Machine"",""Row Handle"",""Heel Wedge"",""Bench"",""Donkey Calf Machine"",""Sled"",""Assisted Pull-Up Machine"",""Suspension Trainer (TRX)"",""Cable"",""Chest-Supported Row Machine"",""Adjustable Bench"",""Leg Extension Machine"",""Straight Bar or Rope""]",[],[],"[""Machine"", ""Dumbbell""]",[],"[""Ankle instability""]",Yes,Full Body,Sedentary,6.9,Moderate,Commercial Gym,Double Progression,Active,2026-07-20,2026-07-25
U000500,hoang500,Prefer not to say,33,175,69.3,29.3,22.63,Muscular Endurance,"[""Muscular Endurance"",""Conditioning""]",Rehabilitation and Joint Health,Beginner,1,6,60,"[""Saturday"", ""Tuesday"", ""Monday"", ""Wednesday"", ""Sunday"", ""Friday""]","[""Incline Bench"",""Weight Plate"",""Gymnastics Rings"",""Bodyweight""]",[],[],"[""Cable""]",[],[],No,Push Pull Legs,Sedentary,6.7,Moderate,Home Gym,Double Progression,Active,2026-07-28,2026-08-01
