plan_id,user_id,username_snapshot,primary_goal_snapshot,secondary_goal_snapshot,training_level_snapshot,plan_name,plan_type,plan_start_date,plan_end_date,duration_weeks,days_per_week,split_type,session_duration_target_min,progression_strategy,weekly_set_target,session_volume_target,deload_strategy,plan_status,generation_source,generator_version,plan_version,exercise_item_count,rationale,safety_notes,created_at,updated_at
PLAN000001,U000001,quang001,Muscle Gain,General Fitness,Intermediate,8-Week Muscle Gain - Full Body,Personalized,2026-08-10,2026-10-04,8,3,Full Body,70,RPE-Based,66,22,Auto-Regulated,Draft,AI,jupyter-full-rebuild-v1.0,1.0,24,"Generated from U000001 using goal, level, schedule, available_equipment, priority/avoidance and safety constraints.","Respect avoided exercises/muscles, recovery capacity, and pain signals.",2026-08-10T08:30,2026-08-10T08:30
PLAN000002,U000002,mai002,Strength,Muscle Gain,Intermediate,8-Week Strength - Auto,Personalized,2026-08-10,2026-10-04,8,2,Push Pull Legs,75,Linear Progression,18,9,Auto-Regulated,Draft,Hybrid,jupyter-full-rebuild-v1.0,1.0,6,"Generated from U000002 using goal, level, schedule, available_equipment, priority/avoidance and safety constraints.","Respect avoided exercises/muscles, recovery capacity, and pain signals.",2026-08-10T08:30,2026-08-10T08:30
PLAN000003,U000003,kai003,Fat Loss,Strength,Advanced,8-Week Fat Loss - Body Part Split,Personalized,2026-08-10,2026-10-04,8,3,Body Part Split,50,Linear Progression,26,8.67,Auto-Regulated,Draft,Coach,jupyter-full-rebuild-v1.0,1.0,14,"Generated from U000003 using goal, level, schedule, available_equipment, priority/avoidance and safety constraints.","Respect avoided exercises/muscles, recovery capacity, and pain signals.",2026-08-10T08:30,2026-08-10T08:30
PLAN000004,U000004,alex004,Strength,Athletic Performance,Advanced,8-Week Strength - Chest Back Legs,Personalized,2026-08-10,2026-10-04,8,6,Chest Back Legs,50,Double Progression,76,12.67,Auto-Regulated,Draft,User,jupyter-full-rebuild-v1.0,1.0,32,"Generated from U000004 using goal, level, schedule, available_equipment, priority/avoidance and safety constraints.","Respect avoided exercises/muscles, recovery capacity, and pain signals.",2026-08-10T08:30,2026-08-10T08:30
PLAN000005,U000005,son005,General Fitness,Muscular Endurance,Beginner,8-Week General Fitness - Auto,Personalized,2026-08-10,2026-10-04,8,2,Auto,60,Linear Progression,16,8,Auto-Regulated,Draft,AI,jupyter-full-rebuild-v1.0,1.0,8,"Generated from U000005 using goal, level, schedule, available_equipment, priority/avoidance and safety constraints.","Respect avoided exercises/muscles, recovery capacity, and pain signals.",2026-08-10T08:30,2026-08-10T08:30
PLAN000006,U000006,vy006,General Fitness,Muscular Endurance,Beginner,8-Week General Fitness - Auto,Personalized,2026-08-10,2026-10-04,8,6,Upper Lower,75,Auto,68,11.33,Auto-Regulated,Draft,Hybrid,jupyter-full-rebuild-v1.0,1.0,42,"Generated from U000006 using goal, level, schedule, available_equipment, priority/avoidance and safety constraints.","Respect avoided exercises/muscles, recovery capacity, and pain signals.",2026-08-10T08:30,2026-08-10T08:30
PLAN000007,U000007,taylor007,Fat Loss,Muscle Gain,Intermediate,8-Week Fat Loss - Auto,Personalized,2026-08-10,2026-10-04,8,3,Upper Lower,40,RPE-Based,18,6,Auto-Regulated,Draft,Coach,jupyter-full-rebuild-v1.0,1.0,9,"Generated from U000007 using goal, level, schedule, available_equipment, priority/avoidance and safety constraints.","Respect avoided exercises/muscles, recovery capacity, and pain signals.",2026-08-10T08:30,2026-08-10T08:30
PLAN000008,U000008,river008,Fat Loss,General Fitness,Intermediate,8-Week Fat Loss - Full Body,Personalized,2026-08-10,2026-10-04,8,6,Full Body,30,Double Progression,54,9,Auto-Regulated,Draft,User,jupyter-full-rebuild-v1.0,1.0,30,"Generated from U000008 using goal, level, schedule, available_equipment, priority/avoidance and safety constraints.","Respect avoided exercises/muscles, recovery capacity, and pain signals.",2026-08-10T08:30,2026-08-10T08:30
PLAN000009,U000009,khoa009,Fat Loss,Rehabilitation and Joint Health,Advanced,8-Week Fat Loss - Auto,Personalized,2026-08-10,2026-10-04,8,5,Push Pull Legs,50,RPE-Based,60,12,Auto-Regulated,Draft,AI,jupyter-full-rebuild-v1.0,1.0,30,"Generated from U000009 using goal, level, schedule, available_equipment, priority/avoidance and safety constraints.","Respect avoided exercises/muscles, recovery capacity, and pain signals.",2026-08-10T08:30,2026-08-10T08:30
PLAN000010,U000010,vinh010,Rehabilitation and Joint Health,Mobility and Flexibility,Intermediate,8-Week Rehabilitation and Joint Health - Auto,Personalized,2026-08-10,2026-10-04,8,4,Auto,75,RPE-Based,56,14,Auto-Regulated,Draft,Hybrid,jupyter-full-rebuild-v1.0,1.0,28,"Generated from U000010 using goal, level, schedule, available_equipment, priority/avoidance and safety constraints.",Medical clearance required before activation; keep exercise selection conservative and pain-free.,2026-08-10T08:30,2026-08-10T08:30
PLAN000011,U000011,tram011,Strength,Muscle Gain,Advanced,8-Week Strength - Body Part Split,Personalized,2026-08-10,2026-10-04,8,6,Body Part Split,60,Linear Progression,39,6.5,Auto-Regulated,Draft,Coach,jupyter-full-rebuild-v1.0,1.0,14,"Generated from U000011 using goal, level, schedule, available_equipment, priority/avoidance and safety constraints.","Respect avoided exercises/muscles, recovery capacity, and pain signals.",2026-08-10T08:30,2026-08-10T08:30
PLAN000012,U000012,bao012,Fat Loss,General Fitness,Intermediate,8-Week Fat Loss - Push Pull Legs,Personalized,2026-08-10,2026-10-04,8,3,Push Pull Legs,75,Linear Progression,20,6.67,Auto-Regulated,Draft,User,jupyter-full-rebuild-v1.0,1.0,10,"Generated from U000012 using goal, level, schedule, available_equipment, priority/avoidance and safety constraints.",Medical clearance required before activation; keep exercise selection conservative and pain-free.,2026-08-10T08:30,2026-08-10T08:30
PLAN000013,U000013,han013,Muscular Endurance,Mobility and Flexibility,Advanced,8-Week Muscular Endurance - Auto,Personalized,2026-08-10,2026-10-04,8,6,Upper Lower,90,RPE-Based,54,9,Auto-Regulated,Draft,AI,jupyter-full-rebuild-v1.0,1.0,30,"Generated from U000013 using goal, level, schedule, available_equipment, priority/avoidance and safety constraints.","Respect avoided exercises/muscles, recovery capacity, and pain signals.",2026-08-10T08:30,2026-08-10T08:30
PLAN000014,U000014,tuan014,Muscular Endurance,Rehabilitation and Joint Health,Advanced,8-Week Muscular Endurance - Chest Back Legs,Personalized,2026-08-10,2026-10-04,8,3,Chest Back Legs,90,Linear Progression,20,6.67,Auto-Regulated,Draft,Hybrid,jupyter-full-rebuild-v1.0,1.0,10,"Generated from U000014 using goal, level, schedule, available_equipment, priority/avoidance and safety constraints.","Respect avoided exercises/muscles, recovery capacity, and pain signals.",2026-08-10T08:30,2026-08-10T08:30
PLAN000015,U000015,alex015,Fat Loss,General Fitness,Intermediate,8-Week Fat Loss - Auto,Personalized,2026-08-10,2026-10-04,8,6,Chest Back Legs,50,Double Progression,34,5.67,Auto-Regulated,Draft,Coach,jupyter-full-rebuild-v1.0,1.0,18,"Generated from U000015 using goal, level, schedule, available_equipment, priority/avoidance and safety constraints.","Respect avoided exercises/muscles, recovery capacity, and pain signals.",2026-08-10T08:30,2026-08-10T08:30
PLAN000016,U000016,khoa016,Muscle Gain,Strength,Beginner,8-Week Muscle Gain - Auto,Personalized,2026-08-10,2026-10-04,8,5,Upper Lower,90,Linear Progression,30,6,Auto-Regulated,Draft,User,jupyter-full-rebuild-v1.0,1.0,10,"Generated from U000016 using goal, level, schedule, available_equipment, priority/avoidance and safety constraints.","Respect avoided exercises/muscles, recovery capacity, and pain signals.",2026-08-10T08:30,2026-08-10T08:30
PLAN000017,U000017,long017,Strength,Athletic Performance,Beginner,8-Week Strength - Auto,Personalized,2026-08-10,2026-10-04,8,4,Auto,70,Double Progression,36,9,Auto-Regulated,Draft,AI,jupyter-full-rebuild-v1.0,1.0,16,"Generated from U000017 using goal, level, schedule, available_equipment, priority/avoidance and safety constraints.","Respect avoided exercises/muscles, recovery capacity, and pain signals.",2026-08-10T08:30,2026-08-10T08:30
PLAN000018,U000018,vy018,General Fitness,Mobility and Flexibility,Advanced,8-Week General Fitness - Auto,Personalized,2026-08-10,2026-10-04,8,2,Chest Back Legs,75,RPE-Based,28,14,Auto-Regulated,Draft,Hybrid,jupyter-full-rebuild-v1.0,1.0,14,"Generated from U000018 using goal, level, schedule, available_equipment, priority/avoidance and safety constraints.","Respect avoided exercises/muscles, recovery capacity, and pain signals.",2026-08-10T08:30,2026-08-10T08:30
PLAN000019,U000019,phuc019,Muscle Gain,Mobility and Flexibility,Beginner,8-Week Muscle Gain - Auto,Personalized,2026-08-10,2026-10-04,8,6,Auto,30,Double Progression,72,12,Auto-Regulated,Draft,Coach,jupyter-full-rebuild-v1.0,1.0,24,"Generated from U000019 using goal, level, schedule, available_equipment, priority/avoidance and safety constraints.","Respect avoided exercises/muscles, recovery capacity, and pain signals.",2026-08-10T08:30,2026-08-10T08:30
PLAN000020,U000020,khoa020,Fat Loss,Muscular Endurance,Beginner,8-Week Fat Loss - Auto,Personalized,2026-08-10,2026-10-04,8,5,Upper Lower,70,Auto,40,8,Auto-Regulated,Draft,User,jupyter-full-rebuild-v1.0,1.0,20,"Generated from U000020 using goal, level, schedule, available_equipment, priority/avoidance and safety constraints.","Respect avoided exercises/muscles, recovery capacity, and pain signals.",2026-08-10T08:30,2026-08-10T08:30
PLAN000021,U000021,tram021,Athletic Performance,Mobility and Flexibility,Advanced,8-Week Athletic Performance - Auto,Personalized,2026-08-10,2026-10-04,8,5,Upper Lower,90,Linear Progression,25,5,Auto-Regulated,Draft,AI,jupyter-full-rebuild-v1.0,1.0,10,"Generated from U000021 using goal, level, schedule, available_equipment, priority/avoidance and safety constraints.","Respect avoided exercises/muscles, recovery capacity, and pain signals.",2026-08-10T08:30,2026-08-10T08:30
PLAN000022,U000022,trang022,Muscle Gain,Athletic Performance,Advanced,8-Week Muscle Gain - Chest Back Legs,Personalized,2026-08-10,2026-10-04,8,6,Chest Back Legs,45,Double Progression,72,12,Auto-Regulated,Draft,Hybrid,jupyter-full-rebuild-v1.0,1.0,24,"Generated from U000022 using goal, level, schedule, available_equipment, priority/avoidance and safety constraints.","Respect avoided exercises/muscles, recovery capacity, and pain signals.",2026-08-10T08:30,2026-08-10T08:30
PLAN000023,U000023,kai023,Athletic Performance,General Fitness,Beginner,8-Week Athletic Performance - Auto,Personalized,2026-08-10,2026-10-04,8,3,Upper Lower,50,Double Progression,45,15,Auto-Regulated,Draft,Coach,jupyter-full-rebuild-v1.0,1.0,18,"Generated from U000023 using goal, level, schedule, available_equipment, priority/avoidance and safety constraints.","Respect avoided exercises/muscles, recovery capacity, and pain signals.",2026-08-10T08:30,2026-08-10T08:30
PLAN000024,U000024,mai024,Muscular Endurance,Fat Loss,Intermediate,8-Week Muscular Endurance - Chest Back Legs,Personalized,2026-08-10,2026-10-04,8,4,Chest Back Legs,60,RPE-Based,36,9,Auto-Regulated,Draft,User,jupyter-full-rebuild-v1.0,1.0,18,"Generated from U000024 using goal, level, schedule, available_equipment, priority/avoidance and safety constraints.",Medical clearance required before activation; keep exercise selection conservative and pain-free.,2026-08-10T08:30,2026-08-10T08:30
PLAN000025,U000025,khoa025,Strength,Athletic Performance,Advanced,8-Week Strength - Auto,Personalized,2026-08-10,2026-10-04,8,2,Push Pull Legs,75,Double Progression,34,17,Auto-Regulated,Draft,AI,jupyter-full-rebuild-v1.0,1.0,14,"Generated from U000025 using goal, level, schedule, available_equipment, priority/avoidance and safety constraints.","Respect avoided exercises/muscles, recovery capacity, and pain signals.",2026-08-10T08:30,2026-08-10T08:30
PLAN000026,U000026,phuc026,General Fitness,Fat Loss,Advanced,8-Week General Fitness - Chest Back Legs,Personalized,2026-08-10,2026-10-04,8,5,Chest Back Legs,50,Double Progression,24,4.8,Auto-Regulated,Draft,Hybrid,jupyter-full-rebuild-v1.0,1.0,12,"Generated from U000026 using goal, level, schedule, available_equipment, priority/avoidance and safety constraints.","Respect avoided exercises/muscles, recovery capacity, and pain signals.",2026-08-10T08:30,2026-08-10T08:30
PLAN000027,U000027,mai027,Muscle Gain,Rehabilitation and Joint Health,Intermediate,8-Week Muscle Gain - Chest Back Legs,Personalized,2026-08-10,2026-10-04,8,4,Chest Back Legs,40,Double Progression,27,6.75,Auto-Regulated,Draft,Coach,jupyter-full-rebuild-v1.0,1.0,9,"Generated from U000027 using goal, level, schedule, available_equipment, priority/avoidance and safety constraints.","Respect avoided exercises/muscles, recovery capacity, and pain signals.",2026-08-10T08:30,2026-08-10T08:30
PLAN000028,U000028,alex028,Mobility and Flexibility,Rehabilitation and Joint Health,Beginner,8-Week Mobility and Flexibility - Auto,Personalized,2026-08-10,2026-10-04,8,4,Auto,60,Linear Progression,48,12,Auto-Regulated,Draft,User,jupyter-full-rebuild-v1.0,1.0,24,"Generated from U000028 using goal, level, schedule, available_equipment, priority/avoidance and safety constraints.","Respect avoided exercises/muscles, recovery capacity, and pain signals.",2026-08-10T08:30,2026-08-10T08:30
PLAN000029,U000029,trang029,Mobility and Flexibility,Strength,Intermediate,8-Week Mobility and Flexibility - Auto,Personalized,2026-08-10,2026-10-04,8,4,Chest Back Legs,30,Double Progression,24,6,Auto-Regulated,Draft,AI,jupyter-full-rebuild-v1.0,1.0,12,"Generated from U000029 using goal, level, schedule, available_equipment, priority/avoidance and safety constraints.","Respect avoided exercises/muscles, recovery capacity, and pain signals.",2026-08-10T08:30,2026-08-10T08:30
PLAN000030,U000030,ngoc030,Muscle Gain,General Fitness,Beginner,8-Week Muscle Gain - Auto,Personalized,2026-08-10,2026-10-04,8,2,Auto,90,Auto,40,20,Auto-Regulated,Draft,Hybrid,jupyter-full-rebuild-v1.0,1.0,16,"Generated from U000030 using goal, level, schedule, available_equipment, priority/avoidance and safety constraints.","Respect avoided exercises/muscles, recovery capacity, and pain signals.",2026-08-10T08:30,2026-08-10T08:30
PLAN000031,U000031,quang031,General Fitness,Rehabilitation and Joint Health,Intermediate,8-Week General Fitness - Chest Back Legs,Personalized,2026-08-10,2026-10-04,8,3,Chest Back Legs,45,Linear Progression,22,7.33,Auto-Regulated,Draft,Coach,jupyter-full-rebuild-v1.0,1.0,11,"Generated from U000031 using goal, level, schedule, available_equipment, priority/avoidance and safety constraints.","Respect avoided exercises/muscles, recovery capacity, and pain signals.",2026-08-10T08:30,2026-08-10T08:30
PLAN000032,U000032,vinh032,Fat Loss,Muscle Gain,Advanced,8-Week Fat Loss - Upper Lower,Personalized,2026-08-10,2026-10-04,8,3,Upper Lower,75,RPE-Based,42,14,Auto-Regulated,Draft,User,jupyter-full-rebuild-v1.0,1.0,21,"Generated from U000032 using goal, level, schedule, available_equipment, priority/avoidance and safety constraints.","Respect avoided exercises/muscles, recovery capacity, and pain signals.",2026-08-10T08:30,2026-08-10T08:30
PLAN000033,U000033,my033,Fat Loss,Muscular Endurance,Intermediate,8-Week Fat Loss - Auto,Personalized,2026-08-10,2026-10-04,8,3,Upper Lower,75,RPE-Based,6,2,Auto-Regulated,Draft,AI,jupyter-full-rebuild-v1.0,1.0,3,"Generated from U000033 using goal, level, schedule, available_equipment, priority/avoidance and safety constraints.","Respect avoided exercises/muscles, recovery capacity, and pain signals.",2026-08-10T08:30,2026-08-10T08:30
PLAN000034,U000034,river034,Mobility and Flexibility,Rehabilitation and Joint Health,Advanced,8-Week Mobility and Flexibility - Push Pull Legs,Personalized,2026-08-10,2026-10-04,8,6,Push Pull Legs,70,RPE-Based,76,12.67,Auto-Regulated,Draft,Hybrid,jupyter-full-rebuild-v1.0,1.0,38,"Generated from U000034 using goal, level, schedule, available_equipment, priority/avoidance and safety constraints.","Respect avoided exercises/muscles, recovery capacity, and pain signals.",2026-08-10T08:30,2026-08-10T08:30
PLAN000035,U000035,thao035,Muscle Gain,Muscular Endurance,Intermediate,8-Week Muscle Gain - Auto,Personalized,2026-08-10,2026-10-04,8,2,Upper Lower,45,RPE-Based,12,6,Auto-Regulated,Draft,Coach,jupyter-full-rebuild-v1.0,1.0,4,"Generated from U000035 using goal, level, schedule, available_equipment, priority/avoidance and safety constraints.","Respect avoided exercises/muscles, recovery capacity, and pain signals.",2026-08-10T08:30,2026-08-10T08:30
PLAN000036,U000036,duc036,Strength,Muscle Gain,Beginner,8-Week Strength - Auto,Personalized,2026-08-10,2026-10-04,8,4,Upper Lower,90,Auto,58,14.5,Auto-Regulated,Draft,User,jupyter-full-rebuild-v1.0,1.0,28,"Generated from U000036 using goal, level, schedule, available_equipment, priority/avoidance and safety constraints.","Respect avoided exercises/muscles, recovery capacity, and pain signals.",2026-08-10T08:30,2026-08-10T08:30
PLAN000037,U000037,mai037,Muscle Gain,Mobility and Flexibility,Intermediate,8-Week Muscle Gain - Full Body,Personalized,2026-08-10,2026-10-04,8,2,Full Body,60,Double Progression,42,21,Auto-Regulated,Draft,AI,jupyter-full-rebuild-v1.0,1.0,14,"Generated from U000037 using goal, level, schedule, available_equipment, priority/avoidance and safety constraints.","Respect avoided exercises/muscles, recovery capacity, and pain signals.",2026-08-10T08:30,2026-08-10T08:30
PLAN000038,U000038,minh038,Strength,Rehabilitation and Joint Health,Advanced,8-Week Strength - Body Part Split,Personalized,2026-08-10,2026-10-04,8,6,Body Part Split,60,Double Progression,59,9.83,Auto-Regulated,Draft,Hybrid,jupyter-full-rebuild-v1.0,1.0,23,"Generated from U000038 using goal, level, schedule, available_equipment, priority/avoidance and safety constraints.",Medical clearance required before activation; keep exercise selection conservative and pain-free.,2026-08-10T08:30,2026-08-10T08:30
PLAN000039,U000039,thao039,Mobility and Flexibility,Rehabilitation and Joint Health,Advanced,8-Week Mobility and Flexibility - Auto,Personalized,2026-08-10,2026-10-04,8,4,Chest Back Legs,30,Double Progression,32,8,Auto-Regulated,Draft,Coach,jupyter-full-rebuild-v1.0,1.0,16,"Generated from U000039 using goal, level, schedule, available_equipment, priority/avoidance and safety constraints.","Respect avoided exercises/muscles, recovery capacity, and pain signals.",2026-08-10T08:30,2026-08-10T08:30
PLAN000040,U000040,vinh040,Rehabilitation and Joint Health,Muscle Gain,Intermediate,8-Week Rehabilitation and Joint Health - Chest Back Legs,Personalized,2026-08-10,2026-10-04,8,4,Chest Back Legs,70,Double Progression,44,11,Auto-Regulated,Draft,User,jupyter-full-rebuild-v1.0,1.0,22,"Generated from U000040 using goal, level, schedule, available_equipment, priority/avoidance and safety constraints.",Medical clearance required before activation; keep exercise selection conservative and pain-free.,2026-08-10T08:30,2026-08-10T08:30
PLAN000041,U000041,kai041,Muscular Endurance,Fat Loss,Advanced,8-Week Muscular Endurance - Auto,Personalized,2026-08-10,2026-10-04,8,2,Body Part Split,75,Linear Progression,8,4,Auto-Regulated,Draft,AI,jupyter-full-rebuild-v1.0,1.0,4,"Generated from U000041 using goal, level, schedule, available_equipment, priority/avoidance and safety constraints.","Respect avoided exercises/muscles, recovery capacity, and pain signals.",2026-08-10T08:30,2026-08-10T08:30
PLAN000042,U000042,phuc042,General Fitness,Fat Loss,Intermediate,8-Week General Fitness - Upper Lower,Personalized,2026-08-10,2026-10-04,8,4,Upper Lower,40,Double Progression,40,10,Auto-Regulated,Draft,Hybrid,jupyter-full-rebuild-v1.0,1.0,20,"Generated from U000042 using goal, level, schedule, available_equipment, priority/avoidance and safety constraints.","Respect avoided exercises/muscles, recovery capacity, and pain signals.",2026-08-10T08:30,2026-08-10T08:30
PLAN000043,U000043,son043,Athletic Performance,Strength,Advanced,8-Week Athletic Performance - Body Part Split,Personalized,2026-08-10,2026-10-04,8,3,Body Part Split,50,Double Progression,37,12.33,Auto-Regulated,Draft,Coach,jupyter-full-rebuild-v1.0,1.0,14,"Generated from U000043 using goal, level, schedule, available_equipment, priority/avoidance and safety constraints.","Respect avoided exercises/muscles, recovery capacity, and pain signals.",2026-08-10T08:30,2026-08-10T08:30
PLAN000044,U000044,quang044,Muscular Endurance,Fat Loss,Advanced,8-Week Muscular Endurance - Chest Back Legs,Personalized,2026-08-10,2026-10-04,8,3,Chest Back Legs,70,RPE-Based,28,9.33,Auto-Regulated,Draft,User,jupyter-full-rebuild-v1.0,1.0,15,"Generated from U000044 using goal, level, schedule, available_equipment, priority/avoidance and safety constraints.","Respect avoided exercises/muscles, recovery capacity, and pain signals.",2026-08-10T08:30,2026-08-10T08:30
PLAN000045,U000045,phuong045,Rehabilitation and Joint Health,Mobility and Flexibility,Intermediate,8-Week Rehabilitation and Joint Health - Auto,Personalized,2026-08-10,2026-10-04,8,2,Push Pull Legs,30,Double Progression,16,8,Auto-Regulated,Draft,AI,jupyter-full-rebuild-v1.0,1.0,8,"Generated from U000045 using goal, level, schedule, available_equipment, priority/avoidance and safety constraints.",Medical clearance required before activation; keep exercise selection conservative and pain-free.,2026-08-10T08:30,2026-08-10T08:30
PLAN000046,U000046,son046,Athletic Performance,Strength,Advanced,8-Week Athletic Performance - Push Pull Legs,Personalized,2026-08-10,2026-10-04,8,4,Push Pull Legs,45,Linear Progression,52,13,Auto-Regulated,Draft,Hybrid,jupyter-full-rebuild-v1.0,1.0,18,"Generated from U000046 using goal, level, schedule, available_equipment, priority/avoidance and safety constraints.","Respect avoided exercises/muscles, recovery capacity, and pain signals.",2026-08-10T08:30,2026-08-10T08:30
PLAN000047,U000047,kai047,Muscle Gain,General Fitness,Advanced,8-Week Muscle Gain - Auto,Personalized,2026-08-10,2026-10-04,8,4,Chest Back Legs,45,RPE-Based,48,12,Auto-Regulated,Draft,Coach,jupyter-full-rebuild-v1.0,1.0,16,"Generated from U000047 using goal, level, schedule, available_equipment, priority/avoidance and safety constraints.","Respect avoided exercises/muscles, recovery capacity, and pain signals.",2026-08-10T08:30,2026-08-10T08:30
PLAN000048,U000048,linh048,General Fitness,Muscle Gain,Beginner,8-Week General Fitness - Upper Lower,Personalized,2026-08-10,2026-10-04,8,6,Upper Lower,45,Auto,60,10,Auto-Regulated,Draft,User,jupyter-full-rebuild-v1.0,1.0,30,"Generated from U000048 using goal, level, schedule, available_equipment, priority/avoidance and safety constraints.","Respect avoided exercises/muscles, recovery capacity, and pain signals.",2026-08-10T08:30,2026-08-10T08:30
PLAN000049,U000049,sam049,General Fitness,Mobility and Flexibility,Advanced,8-Week General Fitness - Chest Back Legs,Personalized,2026-08-10,2026-10-04,8,5,Chest Back Legs,50,Linear Progression,16,3.2,Auto-Regulated,Draft,AI,jupyter-full-rebuild-v1.0,1.0,8,"Generated from U000049 using goal, level, schedule, available_equipment, priority/avoidance and safety constraints.","Respect avoided exercises/muscles, recovery capacity, and pain signals.",2026-08-10T08:30,2026-08-10T08:30
PLAN000050,U000050,phuc050,Muscle Gain,Strength,Advanced,8-Week Muscle Gain - Auto,Personalized,2026-08-10,2026-10-04,8,2,Chest Back Legs,75,Linear Progression,42,21,Auto-Regulated,Draft,Hybrid,jupyter-full-rebuild-v1.0,1.0,14,"Generated from U000050 using goal, level, schedule, available_equipment, priority/avoidance and safety constraints.","Respect avoided exercises/muscles, recovery capacity, and pain signals.",2026-08-10T08:30,2026-08-10T08:30
PLAN000051,U000051,user051,Fat Loss,Strength,Intermediate,8-Week Fat Loss - Chest Back Legs,Personalized,2026-08-10,2026-10-04,8,5,Chest Back Legs,45,Auto,22,4.4,Auto-Regulated,Draft,Coach,jupyter-full-rebuild-v1.0,1.0,11,"Generated from U000051 using goal, level, schedule, available_equipment, priority/avoidance and safety constraints.","Respect avoided exercises/muscles, recovery capacity, and pain signals.",2026-08-10T08:30,2026-08-10T08:30
PLAN000052,U000052,user052,Fat Loss,Muscle Gain,Advanced,8-Week Fat Loss - Body Part Split,Personalized,2026-08-10,2026-10-04,8,6,Body Part Split,60,Auto,34,5.67,Auto-Regulated,Draft,User,jupyter-full-rebuild-v1.0,1.0,17,"Generated from U000052 using goal, level, schedule, available_equipment, priority/avoidance and safety constraints.","Respect avoided exercises/muscles, recovery capacity, and pain signals.",2026-08-10T08:30,2026-08-10T08:30
PLAN000053,U000053,user053,Muscle Gain,Fat Loss,Intermediate,8-Week Muscle Gain - Chest Back Legs,Personalized,2026-08-10,2026-10-04,8,5,Chest Back Legs,75,Double Progression,75,15,Auto-Regulated,Draft,AI,jupyter-full-rebuild-v1.0,1.0,25,"Generated from U000053 using goal, level, schedule, available_equipment, priority/avoidance and safety constraints.","Respect avoided exercises/muscles, recovery capacity, and pain signals.",2026-08-10T08:30,2026-08-10T08:30
PLAN000054,U000054,user054,Athletic Performance,General Fitness,Advanced,8-Week Athletic Performance - Auto,Personalized,2026-08-10,2026-10-04,8,3,Push Pull Legs,75,Auto,55,18.33,Auto-Regulated,Draft,Hybrid,jupyter-full-rebuild-v1.0,1.0,21,"Generated from U000054 using goal, level, schedule, available_equipment, priority/avoidance and safety constraints.","Respect avoided exercises/muscles, recovery capacity, and pain signals.",2026-08-10T08:30,2026-08-10T08:30
PLAN000055,U000055,user055,Rehabilitation and Joint Health,Muscle Gain,Intermediate,8-Week Rehabilitation and Joint Health - Push Pull Legs,Personalized,2026-08-10,2026-10-04,8,4,Push Pull Legs,60,Auto,44,11,Auto-Regulated,Draft,Coach,jupyter-full-rebuild-v1.0,1.0,22,"Generated from U000055 using goal, level, schedule, available_equipment, priority/avoidance and safety constraints.",Medical clearance required before activation; keep exercise selection conservative and pain-free.,2026-08-10T08:30,2026-08-10T08:30
PLAN000056,U000056,user056,Mobility and Flexibility,Muscular Endurance,Advanced,8-Week Mobility and Flexibility - Full Body,Personalized,2026-08-10,2026-10-04,8,5,Full Body,60,RPE-Based,68,13.6,Auto-Regulated,Draft,User,jupyter-full-rebuild-v1.0,1.0,35,"Generated from U000056 using goal, level, schedule, available_equipment, priority/avoidance and safety constraints.","Respect avoided exercises/muscles, recovery capacity, and pain signals.",2026-08-10T08:30,2026-08-10T08:30
PLAN000057,U000057,user057,Mobility and Flexibility,Rehabilitation and Joint Health,Beginner,8-Week Mobility and Flexibility - Auto,Personalized,2026-08-10,2026-10-04,8,2,Push Pull Legs,60,Linear Progression,24,12,Auto-Regulated,Draft,AI,jupyter-full-rebuild-v1.0,1.0,12,"Generated from U000057 using goal, level, schedule, available_equipment, priority/avoidance and safety constraints.","Respect avoided exercises/muscles, recovery capacity, and pain signals.",2026-08-10T08:30,2026-08-10T08:30
PLAN000058,U000058,user058,Muscle Gain,Muscular Endurance,Advanced,8-Week Muscle Gain - Full Body,Personalized,2026-08-10,2026-10-04,8,4,Full Body,75,RPE-Based,93,23.25,Auto-Regulated,Draft,Hybrid,jupyter-full-rebuild-v1.0,1.0,32,"Generated from U000058 using goal, level, schedule, available_equipment, priority/avoidance and safety constraints.","Respect avoided exercises/muscles, recovery capacity, and pain signals.",2026-08-10T08:30,2026-08-10T08:30
PLAN000059,U000059,user059,Mobility and Flexibility,Athletic Performance,Intermediate,8-Week Mobility and Flexibility - Auto,Personalized,2026-08-10,2026-10-04,8,5,Body Part Split,90,Linear Progression,10,2,Auto-Regulated,Draft,Coach,jupyter-full-rebuild-v1.0,1.0,5,"Generated from U000059 using goal, level, schedule, available_equipment, priority/avoidance and safety constraints.",Medical clearance required before activation; keep exercise selection conservative and pain-free.,2026-08-10T08:30,2026-08-10T08:30
PLAN000060,U000060,user060,Athletic Performance,Fat Loss,Advanced,8-Week Athletic Performance - Auto,Personalized,2026-08-10,2026-10-04,8,3,Body Part Split,75,Double Progression,33,11,Auto-Regulated,Draft,User,jupyter-full-rebuild-v1.0,1.0,12,"Generated from U000060 using goal, level, schedule, available_equipment, priority/avoidance and safety constraints.","Respect avoided exercises/muscles, recovery capacity, and pain signals.",2026-08-10T08:30,2026-08-10T08:30
PLAN000061,U000061,user061,Strength,Rehabilitation and Joint Health,Intermediate,8-Week Strength - Full Body,Personalized,2026-08-10,2026-10-04,8,6,Full Body,45,Auto,71,11.83,Auto-Regulated,Draft,AI,jupyter-full-rebuild-v1.0,1.0,36,"Generated from U000061 using goal, level, schedule, available_equipment, priority/avoidance and safety constraints.","Respect avoided exercises/muscles, recovery capacity, and pain signals.",2026-08-10T08:30,2026-08-10T08:30
PLAN000062,U000062,user062,Rehabilitation and Joint Health,Fat Loss,Beginner,8-Week Rehabilitation and Joint Health - Auto,Personalized,2026-08-10,2026-10-04,8,3,Auto,60,Linear Progression,24,8,Auto-Regulated,Draft,Hybrid,jupyter-full-rebuild-v1.0,1.0,12,"Generated from U000062 using goal, level, schedule, available_equipment, priority/avoidance and safety constraints.",Medical clearance required before activation; keep exercise selection conservative and pain-free.,2026-08-10T08:30,2026-08-10T08:30
PLAN000063,U000063,user063,Athletic Performance,Mobility and Flexibility,Advanced,8-Week Athletic Performance - Full Body,Personalized,2026-08-10,2026-10-04,8,4,Full Body,45,Double Progression,60,15,Auto-Regulated,Draft,Coach,jupyter-full-rebuild-v1.0,1.0,24,"Generated from U000063 using goal, level, schedule, available_equipment, priority/avoidance and safety constraints.","Respect avoided exercises/muscles, recovery capacity, and pain signals.",2026-08-10T08:30,2026-08-10T08:30
PLAN000064,U000064,user064,Muscle Gain,Mobility and Flexibility,Intermediate,8-Week Muscle Gain - Push Pull Legs,Personalized,2026-08-10,2026-10-04,8,3,Push Pull Legs,60,Double Progression,45,15,Auto-Regulated,Draft,User,jupyter-full-rebuild-v1.0,1.0,15,"Generated from U000064 using goal, level, schedule, available_equipment, priority/avoidance and safety constraints.",Medical clearance required before activation; keep exercise selection conservative and pain-free.,2026-08-10T08:30,2026-08-10T08:30
PLAN000065,U000065,user065,General Fitness,Mobility and Flexibility,Advanced,8-Week General Fitness - Body Part Split,Personalized,2026-08-10,2026-10-04,8,3,Body Part Split,45,Auto,22,7.33,Auto-Regulated,Draft,AI,jupyter-full-rebuild-v1.0,1.0,11,"Generated from U000065 using goal, level, schedule, available_equipment, priority/avoidance and safety constraints.","Respect avoided exercises/muscles, recovery capacity, and pain signals.",2026-08-10T08:30,2026-08-10T08:30
PLAN000066,U000066,user066,Fat Loss,General Fitness,Intermediate,8-Week Fat Loss - Upper Lower,Personalized,2026-08-10,2026-10-04,8,4,Upper Lower,75,Linear Progression,56,14,Auto-Regulated,Draft,Hybrid,jupyter-full-rebuild-v1.0,1.0,28,"Generated from U000066 using goal, level, schedule, available_equipment, priority/avoidance and safety constraints.","Respect avoided exercises/muscles, recovery capacity, and pain signals.",2026-08-10T08:30,2026-08-10T08:30
PLAN000067,U000067,user067,Strength,Muscle Gain,Advanced,8-Week Strength - Push Pull Legs,Personalized,2026-08-10,2026-10-04,8,5,Push Pull Legs,60,RPE-Based,55,11,Auto-Regulated,Draft,Coach,jupyter-full-rebuild-v1.0,1.0,20,"Generated from U000067 using goal, level, schedule, available_equipment, priority/avoidance and safety constraints.","Respect avoided exercises/muscles, recovery capacity, and pain signals.",2026-08-10T08:30,2026-08-10T08:30
PLAN000068,U000068,user068,Athletic Performance,General Fitness,Intermediate,8-Week Athletic Performance - Body Part Split,Personalized,2026-08-10,2026-10-04,8,2,Body Part Split,45,Auto,14,7,Auto-Regulated,Draft,User,jupyter-full-rebuild-v1.0,1.0,6,"Generated from U000068 using goal, level, schedule, available_equipment, priority/avoidance and safety constraints.","Respect avoided exercises/muscles, recovery capacity, and pain signals.",2026-08-10T08:30,2026-08-10T08:30
PLAN000069,U000069,user069,Athletic Performance,Muscle Gain,Intermediate,8-Week Athletic Performance - Auto,Personalized,2026-08-10,2026-10-04,8,4,Push Pull Legs,75,RPE-Based,24,6,Auto-Regulated,Draft,AI,jupyter-full-rebuild-v1.0,1.0,12,"Generated from U000069 using goal, level, schedule, available_equipment, priority/avoidance and safety constraints.","Respect avoided exercises/muscles, recovery capacity, and pain signals.",2026-08-10T08:30,2026-08-10T08:30
PLAN000070,U000070,user070,General Fitness,Strength,Advanced,8-Week General Fitness - Auto,Personalized,2026-08-10,2026-10-04,8,2,Auto,75,Double Progression,28,14,Auto-Regulated,Draft,Hybrid,jupyter-full-rebuild-v1.0,1.0,14,"Generated from U000070 using goal, level, schedule, available_equipment, priority/avoidance and safety constraints.",Medical clearance required before activation; keep exercise selection conservative and pain-free.,2026-08-10T08:30,2026-08-10T08:30
PLAN000071,U000071,user071,Muscle Gain,General Fitness,Beginner,8-Week Muscle Gain - Auto,Personalized,2026-08-10,2026-10-04,8,2,Body Part Split,75,RPE-Based,6,3,Auto-Regulated,Draft,Coach,jupyter-full-rebuild-v1.0,1.0,2,"Generated from U000071 using goal, level, schedule, available_equipment, priority/avoidance and safety constraints.","Respect avoided exercises/muscles, recovery capacity, and pain signals.",2026-08-10T08:30,2026-08-10T08:30
PLAN000072,U000072,user072,Fat Loss,General Fitness,Intermediate,8-Week Fat Loss - Auto,Personalized,2026-08-10,2026-10-04,8,6,Auto,75,Linear Progression,12,2,Auto-Regulated,Draft,User,jupyter-full-rebuild-v1.0,1.0,6,"Generated from U000072 using goal, level, schedule, available_equipment, priority/avoidance and safety constraints.","Respect avoided exercises/muscles, recovery capacity, and pain signals.",2026-08-10T08:30,2026-08-10T08:30
PLAN000073,U000073,user073,Strength,General Fitness,Advanced,8-Week Strength - Body Part Split,Personalized,2026-08-10,2026-10-04,8,3,Body Part Split,75,Auto,35,11.67,Auto-Regulated,Draft,AI,jupyter-full-rebuild-v1.0,1.0,13,"Generated from U000073 using goal, level, schedule, available_equipment, priority/avoidance and safety constraints.","Respect avoided exercises/muscles, recovery capacity, and pain signals.",2026-08-10T08:30,2026-08-10T08:30
PLAN000074,U000074,user074,Fat Loss,Strength,Intermediate,8-Week Fat Loss - Auto,Personalized,2026-08-10,2026-10-04,8,4,Auto,60,Auto,8,2,Auto-Regulated,Draft,Hybrid,jupyter-full-rebuild-v1.0,1.0,4,"Generated from U000074 using goal, level, schedule, available_equipment, priority/avoidance and safety constraints.","Respect avoided exercises/muscles, recovery capacity, and pain signals.",2026-08-10T08:30,2026-08-10T08:30
PLAN000075,U000075,user075,Athletic Performance,Muscle Gain,Intermediate,8-Week Athletic Performance - Body Part Split,Personalized,2026-08-10,2026-10-04,8,2,Body Part Split,75,Linear Progression,21,10.5,Auto-Regulated,Draft,Coach,jupyter-full-rebuild-v1.0,1.0,7,"Generated from U000075 using goal, level, schedule, available_equipment, priority/avoidance and safety constraints.","Respect avoided exercises/muscles, recovery capacity, and pain signals.",2026-08-10T08:30,2026-08-10T08:30
PLAN000076,U000076,user076,Athletic Performance,Muscle Gain,Advanced,8-Week Athletic Performance - Body Part Split,Personalized,2026-08-10,2026-10-04,8,4,Body Part Split,75,RPE-Based,39,9.75,Auto-Regulated,Draft,User,jupyter-full-rebuild-v1.0,1.0,14,"Generated from U000076 using goal, level, schedule, available_equipment, priority/avoidance and safety constraints.",Medical clearance required before activation; keep exercise selection conservative and pain-free.,2026-08-10T08:30,2026-08-10T08:30
PLAN000077,U000077,user077,Athletic Performance,Muscle Gain,Intermediate,8-Week Athletic Performance - Auto,Personalized,2026-08-10,2026-10-04,8,2,Upper Lower,75,Double Progression,39,19.5,Auto-Regulated,Draft,AI,jupyter-full-rebuild-v1.0,1.0,14,"Generated from U000077 using goal, level, schedule, available_equipment, priority/avoidance and safety constraints.","Respect avoided exercises/muscles, recovery capacity, and pain signals.",2026-08-10T08:30,2026-08-10T08:30
PLAN000078,U000078,user078,Muscle Gain,Fat Loss,Advanced,8-Week Muscle Gain - Body Part Split,Personalized,2026-08-10,2026-10-04,8,6,Body Part Split,75,Double Progression,81,13.5,Auto-Regulated,Draft,Hybrid,jupyter-full-rebuild-v1.0,1.0,28,"Generated from U000078 using goal, level, schedule, available_equipment, priority/avoidance and safety constraints.","Respect avoided exercises/muscles, recovery capacity, and pain signals.",2026-08-10T08:30,2026-08-10T08:30
PLAN000079,U000079,user079,Athletic Performance,Strength,Advanced,8-Week Athletic Performance - Auto,Personalized,2026-08-10,2026-10-04,8,3,Push Pull Legs,75,RPE-Based,27,9,Auto-Regulated,Draft,Coach,jupyter-full-rebuild-v1.0,1.0,12,"Generated from U000079 using goal, level, schedule, available_equipment, priority/avoidance and safety constraints.","Respect avoided exercises/muscles, recovery capacity, and pain signals.",2026-08-10T08:30,2026-08-10T08:30
PLAN000080,U000080,user080,Strength,Mobility and Flexibility,Advanced,8-Week Strength - Auto,Personalized,2026-08-10,2026-10-04,8,3,Auto,60,RPE-Based,51,17,Auto-Regulated,Draft,User,jupyter-full-rebuild-v1.0,1.0,18,"Generated from U000080 using goal, level, schedule, available_equipment, priority/avoidance and safety constraints.",Medical clearance required before activation; keep exercise selection conservative and pain-free.,2026-08-10T08:30,2026-08-10T08:30
PLAN000081,U000081,user081,Muscle Gain,Athletic Performance,Advanced,8-Week Muscle Gain - Upper Lower,Personalized,2026-08-10,2026-10-04,8,6,Upper Lower,75,Auto,126,21,Auto-Regulated,Draft,AI,jupyter-full-rebuild-v1.0,1.0,42,"Generated from U000081 using goal, level, schedule, available_equipment, priority/avoidance and safety constraints.","Respect avoided exercises/muscles, recovery capacity, and pain signals.",2026-08-10T08:30,2026-08-10T08:30
PLAN000082,U000082,user082,Muscle Gain,Athletic Performance,Intermediate,8-Week Muscle Gain - Auto,Personalized,2026-08-10,2026-10-04,8,6,Upper Lower,60,Double Progression,78,13,Auto-Regulated,Draft,Hybrid,jupyter-full-rebuild-v1.0,1.0,30,"Generated from U000082 using goal, level, schedule, available_equipment, priority/avoidance and safety constraints.","Respect avoided exercises/muscles, recovery capacity, and pain signals.",2026-08-10T08:30,2026-08-10T08:30
PLAN000083,U000083,user083,Strength,Fat Loss,Advanced,8-Week Strength - Auto,Personalized,2026-08-10,2026-10-04,8,3,Body Part Split,45,Double Progression,21,7,Auto-Regulated,Draft,Coach,jupyter-full-rebuild-v1.0,1.0,9,"Generated from U000083 using goal, level, schedule, available_equipment, priority/avoidance and safety constraints.",Medical clearance required before activation; keep exercise selection conservative and pain-free.,2026-08-10T08:30,2026-08-10T08:30
PLAN000084,U000084,user084,Fat Loss,Athletic Performance,Advanced,8-Week Fat Loss - Auto,Personalized,2026-08-10,2026-10-04,8,5,Upper Lower,60,Double Progression,60,12,Auto-Regulated,Draft,User,jupyter-full-rebuild-v1.0,1.0,30,"Generated from U000084 using goal, level, schedule, available_equipment, priority/avoidance and safety constraints.","Respect avoided exercises/muscles, recovery capacity, and pain signals.",2026-08-10T08:30,2026-08-10T08:30
PLAN000085,U000085,user085,Rehabilitation and Joint Health,Muscle Gain,Advanced,8-Week Rehabilitation and Joint Health - Body Part Split,Personalized,2026-08-10,2026-10-04,8,3,Body Part Split,90,RPE-Based,10,3.33,Auto-Regulated,Draft,AI,jupyter-full-rebuild-v1.0,1.0,5,"Generated from U000085 using goal, level, schedule, available_equipment, priority/avoidance and safety constraints.",Medical clearance required before activation; keep exercise selection conservative and pain-free.,2026-08-10T08:30,2026-08-10T08:30
PLAN000086,U000086,user086,Strength,Muscle Gain,Intermediate,8-Week Strength - Auto,Personalized,2026-08-10,2026-10-04,8,6,Auto,90,Double Progression,66,11,Auto-Regulated,Draft,Hybrid,jupyter-full-rebuild-v1.0,1.0,30,"Generated from U000086 using goal, level, schedule, available_equipment, priority/avoidance and safety constraints.","Respect avoided exercises/muscles, recovery capacity, and pain signals.",2026-08-10T08:30,2026-08-10T08:30
PLAN000087,U000087,user087,Athletic Performance,Mobility and Flexibility,Advanced,8-Week Athletic Performance - Upper Lower,Personalized,2026-08-10,2026-10-04,8,4,Upper Lower,60,RPE-Based,66,16.5,Auto-Regulated,Draft,Coach,jupyter-full-rebuild-v1.0,1.0,24,"Generated from U000087 using goal, level, schedule, available_equipment, priority/avoidance and safety constraints.","Respect avoided exercises/muscles, recovery capacity, and pain signals.",2026-08-10T08:30,2026-08-10T08:30
PLAN000088,U000088,user088,Muscle Gain,Muscular Endurance,Advanced,8-Week Muscle Gain - Auto,Personalized,2026-08-10,2026-10-04,8,2,Upper Lower,75,Linear Progression,42,21,Auto-Regulated,Draft,User,jupyter-full-rebuild-v1.0,1.0,14,"Generated from U000088 using goal, level, schedule, available_equipment, priority/avoidance and safety constraints.","Respect avoided exercises/muscles, recovery capacity, and pain signals.",2026-08-10T08:30,2026-08-10T08:30
PLAN000089,U000089,user089,Muscular Endurance,Fat Loss,Advanced,8-Week Muscular Endurance - Auto,Personalized,2026-08-10,2026-10-04,8,3,Auto,60,Double Progression,36,12,Auto-Regulated,Draft,AI,jupyter-full-rebuild-v1.0,1.0,18,"Generated from U000089 using goal, level, schedule, available_equipment, priority/avoidance and safety constraints.","Respect avoided exercises/muscles, recovery capacity, and pain signals.",2026-08-10T08:30,2026-08-10T08:30
PLAN000090,U000090,user090,Mobility and Flexibility,Athletic Performance,Intermediate,8-Week Mobility and Flexibility - Auto,Personalized,2026-08-10,2026-10-04,8,2,Body Part Split,75,Auto,12,6,Auto-Regulated,Draft,Hybrid,jupyter-full-rebuild-v1.0,1.0,6,"Generated from U000090 using goal, level, schedule, available_equipment, priority/avoidance and safety constraints.","Respect avoided exercises/muscles, recovery capacity, and pain signals.",2026-08-10T08:30,2026-08-10T08:30
PLAN000091,U000091,user091,Muscular Endurance,Athletic Performance,Intermediate,8-Week Muscular Endurance - Auto,Personalized,2026-08-10,2026-10-04,8,4,Upper Lower,60,Double Progression,48,12,Auto-Regulated,Draft,Coach,jupyter-full-rebuild-v1.0,1.0,24,"Generated from U000091 using goal, level, schedule, available_equipment, priority/avoidance and safety constraints.","Respect avoided exercises/muscles, recovery capacity, and pain signals.",2026-08-10T08:30,2026-08-10T08:30
PLAN000092,U000092,user092,General Fitness,Fat Loss,Advanced,8-Week General Fitness - Full Body,Personalized,2026-08-10,2026-10-04,8,3,Full Body,75,RPE-Based,48,16,Auto-Regulated,Draft,User,jupyter-full-rebuild-v1.0,1.0,24,"Generated from U000092 using goal, level, schedule, available_equipment, priority/avoidance and safety constraints.","Respect avoided exercises/muscles, recovery capacity, and pain signals.",2026-08-10T08:30,2026-08-10T08:30
PLAN000093,U000093,user093,Fat Loss,Athletic Performance,Beginner,8-Week Fat Loss - Auto,Personalized,2026-08-10,2026-10-04,8,4,Upper Lower,75,Linear Progression,24,6,Auto-Regulated,Draft,AI,jupyter-full-rebuild-v1.0,1.0,12,"Generated from U000093 using goal, level, schedule, available_equipment, priority/avoidance and safety constraints.","Respect avoided exercises/muscles, recovery capacity, and pain signals.",2026-08-10T08:30,2026-08-10T08:30
PLAN000094,U000094,user094,General Fitness,Rehabilitation and Joint Health,Beginner,8-Week General Fitness - Auto,Personalized,2026-08-10,2026-10-04,8,6,Auto,75,RPE-Based,36,6,Auto-Regulated,Draft,Hybrid,jupyter-full-rebuild-v1.0,1.0,18,"Generated from U000094 using goal, level, schedule, available_equipment, priority/avoidance and safety constraints.",Medical clearance required before activation; keep exercise selection conservative and pain-free.,2026-08-10T08:30,2026-08-10T08:30
PLAN000095,U000095,user095,Muscle Gain,Strength,Advanced,8-Week Muscle Gain - Auto,Personalized,2026-08-10,2026-10-04,8,6,Chest Back Legs,90,Auto,111,18.5,Auto-Regulated,Draft,Coach,jupyter-full-rebuild-v1.0,1.0,48,"Generated from U000095 using goal, level, schedule, available_equipment, priority/avoidance and safety constraints.","Respect avoided exercises/muscles, recovery capacity, and pain signals.",2026-08-10T08:30,2026-08-10T08:30
PLAN000096,U000096,user096,Strength,Muscular Endurance,Advanced,8-Week Strength - Body Part Split,Personalized,2026-08-10,2026-10-04,8,6,Body Part Split,90,RPE-Based,98,16.33,Auto-Regulated,Draft,User,jupyter-full-rebuild-v1.0,1.0,38,"Generated from U000096 using goal, level, schedule, available_equipment, priority/avoidance and safety constraints.","Respect avoided exercises/muscles, recovery capacity, and pain signals.",2026-08-10T08:30,2026-08-10T08:30
PLAN000097,U000097,user097,General Fitness,Rehabilitation and Joint Health,Intermediate,8-Week General Fitness - Auto,Personalized,2026-08-10,2026-10-04,8,4,Auto,60,RPE-Based,24,6,Auto-Regulated,Draft,AI,jupyter-full-rebuild-v1.0,1.0,12,"Generated from U000097 using goal, level, schedule, available_equipment, priority/avoidance and safety constraints.","Respect avoided exercises/muscles, recovery capacity, and pain signals.",2026-08-10T08:30,2026-08-10T08:30
PLAN000098,U000098,user098,Strength,Athletic Performance,Advanced,8-Week Strength - Upper Lower,Personalized,2026-08-10,2026-10-04,8,4,Upper Lower,45,RPE-Based,49,12.25,Auto-Regulated,Draft,Hybrid,jupyter-full-rebuild-v1.0,1.0,20,"Generated from U000098 using goal, level, schedule, available_equipment, priority/avoidance and safety constraints.",Medical clearance required before activation; keep exercise selection conservative and pain-free.,2026-08-10T08:30,2026-08-10T08:30
PLAN000099,U000099,user099,Athletic Performance,General Fitness,Intermediate,8-Week Athletic Performance - Auto,Personalized,2026-08-10,2026-10-04,8,4,Upper Lower,75,RPE-Based,52,13,Auto-Regulated,Draft,Coach,jupyter-full-rebuild-v1.0,1.0,20,"Generated from U000099 using goal, level, schedule, available_equipment, priority/avoidance and safety constraints.","Respect avoided exercises/muscles, recovery capacity, and pain signals.",2026-08-10T08:30,2026-08-10T08:30
PLAN000100,U000100,son,Strength,Athletic Performance,Advanced,8-Week Strength - Upper Lower,Personalized,2026-08-10,2026-10-04,8,6,Upper Lower,30,RPE-Based,45,7.5,Auto-Regulated,Draft,User,jupyter-full-rebuild-v1.0,1.0,24,"Generated from U000100 using goal, level, schedule, available_equipment, priority/avoidance and safety constraints.","Respect avoided exercises/muscles, recovery capacity, and pain signals.",2026-08-10T08:30,2026-08-10T08:30
PLAN000101,U000101,vy,Strength,Athletic Performance,Beginner,8-Week Strength - Body Part Split,Personalized,2026-08-10,2026-10-04,8,5,Body Part Split,60,Linear Progression,60,12,Auto-Regulated,Draft,AI,jupyter-full-rebuild-v1.0,1.0,25,"Generated from U000101 using goal, level, schedule, available_equipment, priority/avoidance and safety constraints.","Respect avoided exercises/muscles, recovery capacity, and pain signals.",2026-08-10T08:30,2026-08-10T08:30
PLAN000102,U000102,tram,Muscle Gain,Rehabilitation and Joint Health,Intermediate,8-Week Muscle Gain - Auto,Personalized,2026-08-10,2026-10-04,8,3,Upper Lower,30,Double Progression,18,6,Auto-Regulated,Draft,Hybrid,jupyter-full-rebuild-v1.0,1.0,6,"Generated from U000102 using goal, level, schedule, available_equipment, priority/avoidance and safety constraints.","Respect avoided exercises/muscles, recovery capacity, and pain signals.",2026-08-10T08:30,2026-08-10T08:30
PLAN000103,U000103,vinh,Athletic Performance,Muscular Endurance,Beginner,8-Week Athletic Performance - Auto,Personalized,2026-08-10,2026-10-04,8,3,Upper Lower,70,Auto,54,18,Auto-Regulated,Draft,Coach,jupyter-full-rebuild-v1.0,1.0,21,"Generated from U000103 using goal, level, schedule, available_equipment, priority/avoidance and safety constraints.","Respect avoided exercises/muscles, recovery capacity, and pain signals.",2026-08-10T08:30,2026-08-10T08:30
PLAN000104,U000104,nam,General Fitness,Strength,Intermediate,8-Week General Fitness - Auto,Personalized,2026-08-10,2026-10-04,8,6,Auto,60,RPE-Based,12,2,Auto-Regulated,Draft,User,jupyter-full-rebuild-v1.0,1.0,6,"Generated from U000104 using goal, level, schedule, available_equipment, priority/avoidance and safety constraints.","Respect avoided exercises/muscles, recovery capacity, and pain signals.",2026-08-10T08:30,2026-08-10T08:30
PLAN000105,U000105,minh,Fat Loss,Strength,Beginner,8-Week Fat Loss - Push Pull Legs,Personalized,2026-08-10,2026-10-04,8,5,Push Pull Legs,40,Auto,48,9.6,Auto-Regulated,Draft,AI,jupyter-full-rebuild-v1.0,1.0,24,"Generated from U000105 using goal, level, schedule, available_equipment, priority/avoidance and safety constraints.","Respect avoided exercises/muscles, recovery capacity, and pain signals.",2026-08-10T08:30,2026-08-10T08:30
PLAN000106,U000106,huy,Athletic Performance,General Fitness,Intermediate,8-Week Athletic Performance - Push Pull Legs,Personalized,2026-08-10,2026-10-04,8,4,Push Pull Legs,60,Auto,63,15.75,Auto-Regulated,Draft,Hybrid,jupyter-full-rebuild-v1.0,1.0,24,"Generated from U000106 using goal, level, schedule, available_equipment, priority/avoidance and safety constraints.","Respect avoided exercises/muscles, recovery capacity, and pain signals.",2026-08-10T08:30,2026-08-10T08:30
PLAN000107,U000107,khang,Muscular Endurance,Mobility and Flexibility,Advanced,8-Week Muscular Endurance - Body Part Split,Personalized,2026-08-10,2026-10-04,8,2,Body Part Split,50,RPE-Based,8,4,Auto-Regulated,Draft,Coach,jupyter-full-rebuild-v1.0,1.0,4,"Generated from U000107 using goal, level, schedule, available_equipment, priority/avoidance and safety constraints.","Respect avoided exercises/muscles, recovery capacity, and pain signals.",2026-08-10T08:30,2026-08-10T08:30
PLAN000108,U000108,long,Rehabilitation and Joint Health,Fat Loss,Intermediate,8-Week Rehabilitation and Joint Health - Push Pull Legs,Personalized,2026-08-10,2026-10-04,8,6,Push Pull Legs,40,Linear Progression,56,9.33,Auto-Regulated,Draft,User,jupyter-full-rebuild-v1.0,1.0,28,"Generated from U000108 using goal, level, schedule, available_equipment, priority/avoidance and safety constraints.","Respect avoided exercises/muscles, recovery capacity, and pain signals.",2026-08-10T08:30,2026-08-10T08:30
PLAN000109,U000109,phuc,Muscular Endurance,Strength,Beginner,8-Week Muscular Endurance - Auto,Personalized,2026-08-10,2026-10-04,8,3,Auto,70,Double Progression,24,8,Auto-Regulated,Draft,AI,jupyter-full-rebuild-v1.0,1.0,12,"Generated from U000109 using goal, level, schedule, available_equipment, priority/avoidance and safety constraints.","Respect avoided exercises/muscles, recovery capacity, and pain signals.",2026-08-10T08:30,2026-08-10T08:30
PLAN000110,U000110,tung,Mobility and Flexibility,Athletic Performance,Intermediate,8-Week Mobility and Flexibility - Upper Lower,Personalized,2026-08-10,2026-10-04,8,5,Upper Lower,75,Linear Progression,68,13.6,Auto-Regulated,Draft,Hybrid,jupyter-full-rebuild-v1.0,1.0,35,"Generated from U000110 using goal, level, schedule, available_equipment, priority/avoidance and safety constraints.","Respect avoided exercises/muscles, recovery capacity, and pain signals.",2026-08-10T08:30,2026-08-10T08:30
PLAN000111,U000111,hai,Rehabilitation and Joint Health,Muscular Endurance,Intermediate,8-Week Rehabilitation and Joint Health - Push Pull Legs,Personalized,2026-08-10,2026-10-04,8,3,Push Pull Legs,60,Linear Progression,10,3.33,Auto-Regulated,Draft,Coach,jupyter-full-rebuild-v1.0,1.0,5,"Generated from U000111 using goal, level, schedule, available_equipment, priority/avoidance and safety constraints.","Respect avoided exercises/muscles, recovery capacity, and pain signals.",2026-08-10T08:30,2026-08-10T08:30
PLAN000112,U000112,bao,Muscle Gain,Athletic Performance,Advanced,8-Week Muscle Gain - Body Part Split,Personalized,2026-08-10,2026-10-04,8,6,Body Part Split,40,Linear Progression,60,10,Auto-Regulated,Draft,User,jupyter-full-rebuild-v1.0,1.0,20,"Generated from U000112 using goal, level, schedule, available_equipment, priority/avoidance and safety constraints.","Respect avoided exercises/muscles, recovery capacity, and pain signals.",2026-08-10T08:30,2026-08-10T08:30
PLAN000113,U000113,duy,Rehabilitation and Joint Health,Muscle Gain,Intermediate,8-Week Rehabilitation and Joint Health - Auto,Personalized,2026-08-10,2026-10-04,8,4,Upper Lower,30,Double Progression,8,2,Auto-Regulated,Draft,AI,jupyter-full-rebuild-v1.0,1.0,4,"Generated from U000113 using goal, level, schedule, available_equipment, priority/avoidance and safety constraints.","Respect avoided exercises/muscles, recovery capacity, and pain signals.",2026-08-10T08:30,2026-08-10T08:30
PLAN000114,U000114,quan,Strength,Mobility and Flexibility,Intermediate,8-Week Strength - Auto,Personalized,2026-08-10,2026-10-04,8,6,Chest Back Legs,50,Auto,36,6,Auto-Regulated,Draft,Hybrid,jupyter-full-rebuild-v1.0,1.0,12,"Generated from U000114 using goal, level, schedule, available_equipment, priority/avoidance and safety constraints.","Respect avoided exercises/muscles, recovery capacity, and pain signals.",2026-08-10T08:30,2026-08-10T08:30
PLAN000115,U000115,dat,Athletic Performance,Mobility and Flexibility,Advanced,8-Week Athletic Performance - Push Pull Legs,Personalized,2026-08-10,2026-10-04,8,5,Push Pull Legs,45,Double Progression,65,13,Auto-Regulated,Draft,Coach,jupyter-full-rebuild-v1.0,1.0,25,"Generated from U000115 using goal, level, schedule, available_equipment, priority/avoidance and safety constraints.","Respect avoided exercises/muscles, recovery capacity, and pain signals.",2026-08-10T08:30,2026-08-10T08:30
PLAN000116,U000116,duc,Athletic Performance,Muscular Endurance,Beginner,8-Week Athletic Performance - Upper Lower,Personalized,2026-08-10,2026-10-04,8,3,Upper Lower,30,RPE-Based,28,9.33,Auto-Regulated,Draft,User,jupyter-full-rebuild-v1.0,1.0,12,"Generated from U000116 using goal, level, schedule, available_equipment, priority/avoidance and safety constraints.","Respect avoided exercises/muscles, recovery capacity, and pain signals.",2026-08-10T08:30,2026-08-10T08:30
PLAN000117,U000117,khoi,Strength,General Fitness,Beginner,8-Week Strength - Auto,Personalized,2026-08-10,2026-10-04,8,2,Auto,50,Linear Progression,25,12.5,Auto-Regulated,Draft,AI,jupyter-full-rebuild-v1.0,1.0,12,"Generated from U000117 using goal, level, schedule, available_equipment, priority/avoidance and safety constraints.","Respect avoided exercises/muscles, recovery capacity, and pain signals.",2026-08-10T08:30,2026-08-10T08:30
PLAN000118,U000118,phong,Muscle Gain,Mobility and Flexibility,Beginner,8-Week Muscle Gain - Upper Lower,Personalized,2026-08-10,2026-10-04,8,5,Upper Lower,70,Double Progression,89,17.8,Auto-Regulated,Draft,Hybrid,jupyter-full-rebuild-v1.0,1.0,35,"Generated from U000118 using goal, level, schedule, available_equipment, priority/avoidance and safety constraints.","Respect avoided exercises/muscles, recovery capacity, and pain signals.",2026-08-10T08:30,2026-08-10T08:30
PLAN000119,U000119,an,Rehabilitation and Joint Health,General Fitness,Advanced,8-Week Rehabilitation and Joint Health - Auto,Personalized,2026-08-10,2026-10-04,8,2,Chest Back Legs,40,RPE-Based,20,10,Auto-Regulated,Draft,Coach,jupyter-full-rebuild-v1.0,1.0,10,"Generated from U000119 using goal, level, schedule, available_equipment, priority/avoidance and safety constraints.","Respect avoided exercises/muscles, recovery capacity, and pain signals.",2026-08-10T08:30,2026-08-10T08:30
PLAN000120,U000120,loc,Athletic Performance,Mobility and Flexibility,Beginner,8-Week Athletic Performance - Auto,Personalized,2026-08-10,2026-10-04,8,6,Auto,30,Auto,52,8.67,Auto-Regulated,Draft,User,jupyter-full-rebuild-v1.0,1.0,24,"Generated from U000120 using goal, level, schedule, available_equipment, priority/avoidance and safety constraints.","Respect avoided exercises/muscles, recovery capacity, and pain signals.",2026-08-10T08:30,2026-08-10T08:30
PLAN000121,U000121,kien,Muscular Endurance,Muscle Gain,Intermediate,8-Week Muscular Endurance - Body Part Split,Personalized,2026-08-10,2026-10-04,8,6,Body Part Split,50,Linear Progression,60,10,Auto-Regulated,Draft,AI,jupyter-full-rebuild-v1.0,1.0,31,"Generated from U000121 using goal, level, schedule, available_equipment, priority/avoidance and safety constraints.","Respect avoided exercises/muscles, recovery capacity, and pain signals.",2026-08-10T08:30,2026-08-10T08:30
PLAN000122,U000122,thinh,Rehabilitation and Joint Health,Muscular Endurance,Beginner,8-Week Rehabilitation and Joint Health - Push Pull Legs,Personalized,2026-08-10,2026-10-04,8,5,Push Pull Legs,90,Linear Progression,32,6.4,Auto-Regulated,Draft,Hybrid,jupyter-full-rebuild-v1.0,1.0,16,"Generated from U000122 using goal, level, schedule, available_equipment, priority/avoidance and safety constraints.",Medical clearance required before activation; keep exercise selection conservative and pain-free.,2026-08-10T08:30,2026-08-10T08:30
PLAN000123,U000123,nhat,General Fitness,Mobility and Flexibility,Intermediate,8-Week General Fitness - Push Pull Legs,Personalized,2026-08-10,2026-10-04,8,3,Push Pull Legs,60,Double Progression,22,7.33,Auto-Regulated,Draft,Coach,jupyter-full-rebuild-v1.0,1.0,11,"Generated from U000123 using goal, level, schedule, available_equipment, priority/avoidance and safety constraints.","Respect avoided exercises/muscles, recovery capacity, and pain signals.",2026-08-10T08:30,2026-08-10T08:30
PLAN000124,U000124,hoang,Muscular Endurance,Rehabilitation and Joint Health,Beginner,8-Week Muscular Endurance - Push Pull Legs,Personalized,2026-08-10,2026-10-04,8,5,Push Pull Legs,70,RPE-Based,12,2.4,Auto-Regulated,Draft,User,jupyter-full-rebuild-v1.0,1.0,6,"Generated from U000124 using goal, level, schedule, available_equipment, priority/avoidance and safety constraints.","Respect avoided exercises/muscles, recovery capacity, and pain signals.",2026-08-10T08:30,2026-08-10T08:30
PLAN000125,U000125,tuan,Mobility and Flexibility,Rehabilitation and Joint Health,Beginner,8-Week Mobility and Flexibility - Auto,Personalized,2026-08-10,2026-10-04,8,4,Body Part Split,70,Double Progression,8,2,Auto-Regulated,Draft,AI,jupyter-full-rebuild-v1.0,1.0,4,"Generated from U000125 using goal, level, schedule, available_equipment, priority/avoidance and safety constraints.","Respect avoided exercises/muscles, recovery capacity, and pain signals.",2026-08-10T08:30,2026-08-10T08:30
PLAN000126,U000126,linh,Fat Loss,Mobility and Flexibility,Beginner,8-Week Fat Loss - Auto,Personalized,2026-08-10,2026-10-04,8,4,Upper Lower,60,Auto,40,10,Auto-Regulated,Draft,Hybrid,jupyter-full-rebuild-v1.0,1.0,20,"Generated from U000126 using goal, level, schedule, available_equipment, priority/avoidance and safety constraints.","Respect avoided exercises/muscles, recovery capacity, and pain signals.",2026-08-10T08:30,2026-08-10T08:30
PLAN000127,U000127,han,Strength,Athletic Performance,Beginner,8-Week Strength - Auto,Personalized,2026-08-10,2026-10-04,8,2,Auto,40,Linear Progression,6,3,Auto-Regulated,Draft,Coach,jupyter-full-rebuild-v1.0,1.0,2,"Generated from U000127 using goal, level, schedule, available_equipment, priority/avoidance and safety constraints.","Respect avoided exercises/muscles, recovery capacity, and pain signals.",2026-08-10T08:30,2026-08-10T08:30
PLAN000128,U000128,anh,Muscle Gain,Muscular Endurance,Intermediate,8-Week Muscle Gain - Auto,Personalized,2026-08-10,2026-10-04,8,6,Chest Back Legs,40,RPE-Based,42,7,Auto-Regulated,Draft,User,jupyter-full-rebuild-v1.0,1.0,18,"Generated from U000128 using goal, level, schedule, available_equipment, priority/avoidance and safety constraints.","Respect avoided exercises/muscles, recovery capacity, and pain signals.",2026-08-10T08:30,2026-08-10T08:30
PLAN000129,U000129,nhi,Muscle Gain,Fat Loss,Beginner,8-Week Muscle Gain - Auto,Personalized,2026-08-10,2026-10-04,8,4,Chest Back Legs,40,Auto,12,3,Auto-Regulated,Draft,AI,jupyter-full-rebuild-v1.0,1.0,4,"Generated from U000129 using goal, level, schedule, available_equipment, priority/avoidance and safety constraints.","Respect avoided exercises/muscles, recovery capacity, and pain signals.",2026-08-10T08:30,2026-08-10T08:30
PLAN000130,U000130,ngoc,Fat Loss,Rehabilitation and Joint Health,Beginner,8-Week Fat Loss - Auto,Personalized,2026-08-10,2026-10-04,8,2,Auto,60,Double Progression,24,12,Auto-Regulated,Draft,Hybrid,jupyter-full-rebuild-v1.0,1.0,12,"Generated from U000130 using goal, level, schedule, available_equipment, priority/avoidance and safety constraints.","Respect avoided exercises/muscles, recovery capacity, and pain signals.",2026-08-10T08:30,2026-08-10T08:30
PLAN000131,U000131,thao,General Fitness,Athletic Performance,Beginner,8-Week General Fitness - Auto,Personalized,2026-08-10,2026-10-04,8,4,Push Pull Legs,50,RPE-Based,44,11,Auto-Regulated,Draft,Coach,jupyter-full-rebuild-v1.0,1.0,24,"Generated from U000131 using goal, level, schedule, available_equipment, priority/avoidance and safety constraints.","Respect avoided exercises/muscles, recovery capacity, and pain signals.",2026-08-10T08:30,2026-08-10T08:30
PLAN000132,U000132,my,Fat Loss,Mobility and Flexibility,Advanced,8-Week Fat Loss - Auto,Personalized,2026-08-10,2026-10-04,8,6,Push Pull Legs,90,Linear Progression,94,15.67,Auto-Regulated,Draft,User,jupyter-full-rebuild-v1.0,1.0,48,"Generated from U000132 using goal, level, schedule, available_equipment, priority/avoidance and safety constraints.","Respect avoided exercises/muscles, recovery capacity, and pain signals.",2026-08-10T08:30,2026-08-10T08:30
PLAN000133,U000133,yen,Mobility and Flexibility,Fat Loss,Beginner,8-Week Mobility and Flexibility - Auto,Personalized,2026-08-10,2026-10-04,8,6,Upper Lower,60,Double Progression,48,8,Auto-Regulated,Draft,AI,jupyter-full-rebuild-v1.0,1.0,24,"Generated from U000133 using goal, level, schedule, available_equipment, priority/avoidance and safety constraints.","Respect avoided exercises/muscles, recovery capacity, and pain signals.",2026-08-10T08:30,2026-08-10T08:30
PLAN000134,U000134,chi,Muscle Gain,Mobility and Flexibility,Beginner,8-Week Muscle Gain - Auto,Personalized,2026-08-10,2026-10-04,8,2,Auto,90,RPE-Based,24,12,Auto-Regulated,Draft,Hybrid,jupyter-full-rebuild-v1.0,1.0,8,"Generated from U000134 using goal, level, schedule, available_equipment, priority/avoidance and safety constraints.",Medical clearance required before activation; keep exercise selection conservative and pain-free.,2026-08-10T08:30,2026-08-10T08:30
PLAN000135,U000135,lan,Strength,Muscular Endurance,Beginner,8-Week Strength - Auto,Personalized,2026-08-10,2026-10-04,8,6,Auto,50,RPE-Based,60,10,Auto-Regulated,Draft,Coach,jupyter-full-rebuild-v1.0,1.0,36,"Generated from U000135 using goal, level, schedule, available_equipment, priority/avoidance and safety constraints.","Respect avoided exercises/muscles, recovery capacity, and pain signals.",2026-08-10T08:30,2026-08-10T08:30
PLAN000136,U000136,phuong,Rehabilitation and Joint Health,Athletic Performance,Intermediate,8-Week Rehabilitation and Joint Health - Body Part Split,Personalized,2026-08-10,2026-10-04,8,4,Body Part Split,90,Auto,36,9,Auto-Regulated,Draft,User,jupyter-full-rebuild-v1.0,1.0,18,"Generated from U000136 using goal, level, schedule, available_equipment, priority/avoidance and safety constraints.","Respect avoided exercises/muscles, recovery capacity, and pain signals.",2026-08-10T08:30,2026-08-10T08:30
PLAN000137,U000137,mai,Muscular Endurance,Muscle Gain,Intermediate,8-Week Muscular Endurance - Chest Back Legs,Personalized,2026-08-10,2026-10-04,8,5,Chest Back Legs,45,RPE-Based,46,9.2,Auto-Regulated,Draft,AI,jupyter-full-rebuild-v1.0,1.0,23,"Generated from U000137 using goal, level, schedule, available_equipment, priority/avoidance and safety constraints.","Respect avoided exercises/muscles, recovery capacity, and pain signals.",2026-08-10T08:30,2026-08-10T08:30
PLAN000138,U000138,quynh,General Fitness,Fat Loss,Beginner,8-Week General Fitness - Auto,Personalized,2026-08-10,2026-10-04,8,3,Upper Lower,40,Linear Progression,30,10,Auto-Regulated,Draft,Hybrid,jupyter-full-rebuild-v1.0,1.0,15,"Generated from U000138 using goal, level, schedule, available_equipment, priority/avoidance and safety constraints.","Respect avoided exercises/muscles, recovery capacity, and pain signals.",2026-08-10T08:30,2026-08-10T08:30
PLAN000139,U000139,huong,Muscle Gain,Muscular Endurance,Intermediate,8-Week Muscle Gain - Auto,Personalized,2026-08-10,2026-10-04,8,4,Push Pull Legs,40,RPE-Based,36,9,Auto-Regulated,Draft,Coach,jupyter-full-rebuild-v1.0,1.0,12,"Generated from U000139 using goal, level, schedule, available_equipment, priority/avoidance and safety constraints.","Respect avoided exercises/muscles, recovery capacity, and pain signals.",2026-08-10T08:30,2026-08-10T08:30
PLAN000140,U000140,trang,Mobility and Flexibility,General Fitness,Intermediate,8-Week Mobility and Flexibility - Auto,Personalized,2026-08-10,2026-10-04,8,5,Chest Back Legs,60,Linear Progression,30,6,Auto-Regulated,Draft,User,jupyter-full-rebuild-v1.0,1.0,15,"Generated from U000140 using goal, level, schedule, available_equipment, priority/avoidance and safety constraints.",Medical clearance required before activation; keep exercise selection conservative and pain-free.,2026-08-10T08:30,2026-08-10T08:30
PLAN000141,U000141,diem,Muscle Gain,Muscular Endurance,Beginner,8-Week Muscle Gain - Auto,Personalized,2026-08-10,2026-10-04,8,4,Auto,45,Auto,60,15,Auto-Regulated,Draft,AI,jupyter-full-rebuild-v1.0,1.0,20,"Generated from U000141 using goal, level, schedule, available_equipment, priority/avoidance and safety constraints.","Respect avoided exercises/muscles, recovery capacity, and pain signals.",2026-08-10T08:30,2026-08-10T08:30
PLAN000142,U000142,ha,Muscular Endurance,Mobility and Flexibility,Beginner,8-Week Muscular Endurance - Auto,Personalized,2026-08-10,2026-10-04,8,6,Chest Back Legs,75,Linear Progression,12,2,Auto-Regulated,Draft,Hybrid,jupyter-full-rebuild-v1.0,1.0,6,"Generated from U000142 using goal, level, schedule, available_equipment, priority/avoidance and safety constraints.","Respect avoided exercises/muscles, recovery capacity, and pain signals.",2026-08-10T08:30,2026-08-10T08:30
PLAN000143,U000143,thanh,Muscular Endurance,Mobility and Flexibility,Advanced,8-Week Muscular Endurance - Upper Lower,Personalized,2026-08-10,2026-10-04,8,4,Upper Lower,75,Double Progression,54,13.5,Auto-Regulated,Draft,Coach,jupyter-full-rebuild-v1.0,1.0,28,"Generated from U000143 using goal, level, schedule, available_equipment, priority/avoidance and safety constraints.","Respect avoided exercises/muscles, recovery capacity, and pain signals.",2026-08-10T08:30,2026-08-10T08:30
PLAN000144,U000144,nhung,Athletic Performance,Mobility and Flexibility,Intermediate,8-Week Athletic Performance - Auto,Personalized,2026-08-10,2026-10-04,8,3,Upper Lower,90,RPE-Based,33,11,Auto-Regulated,Draft,User,jupyter-full-rebuild-v1.0,1.0,12,"Generated from U000144 using goal, level, schedule, available_equipment, priority/avoidance and safety constraints.","Respect avoided exercises/muscles, recovery capacity, and pain signals.",2026-08-10T08:30,2026-08-10T08:30
PLAN000145,U000145,tien,Muscular Endurance,Rehabilitation and Joint Health,Advanced,8-Week Muscular Endurance - Auto,Personalized,2026-08-10,2026-10-04,8,4,Auto,70,Double Progression,40,10,Auto-Regulated,Draft,AI,jupyter-full-rebuild-v1.0,1.0,20,"Generated from U000145 using goal, level, schedule, available_equipment, priority/avoidance and safety constraints.","Respect avoided exercises/muscles, recovery capacity, and pain signals.",2026-08-10T08:30,2026-08-10T08:30
PLAN000146,U000146,anhthu,Athletic Performance,Strength,Advanced,8-Week Athletic Performance - Full Body,Personalized,2026-08-10,2026-10-04,8,4,Full Body,40,Auto,56,14,Auto-Regulated,Draft,Hybrid,jupyter-full-rebuild-v1.0,1.0,24,"Generated from U000146 using goal, level, schedule, available_equipment, priority/avoidance and safety constraints.","Respect avoided exercises/muscles, recovery capacity, and pain signals.",2026-08-10T08:30,2026-08-10T08:30
PLAN000147,U000147,bich,Muscle Gain,Fat Loss,Beginner,8-Week Muscle Gain - Upper Lower,Personalized,2026-08-10,2026-10-04,8,2,Upper Lower,70,Auto,38,19,Auto-Regulated,Draft,Coach,jupyter-full-rebuild-v1.0,1.0,13,"Generated from U000147 using goal, level, schedule, available_equipment, priority/avoidance and safety constraints.",Medical clearance required before activation; keep exercise selection conservative and pain-free.,2026-08-10T08:30,2026-08-10T08:30
PLAN000148,U000148,uyen,Muscular Endurance,Mobility and Flexibility,Intermediate,8-Week Muscular Endurance - Auto,Personalized,2026-08-10,2026-10-04,8,2,Auto,75,Linear Progression,28,14,Auto-Regulated,Draft,User,jupyter-full-rebuild-v1.0,1.0,14,"Generated from U000148 using goal, level, schedule, available_equipment, priority/avoidance and safety constraints.","Respect avoided exercises/muscles, recovery capacity, and pain signals.",2026-08-10T08:30,2026-08-10T08:30
PLAN000149,U000149,giang,Strength,General Fitness,Beginner,8-Week Strength - Full Body,Personalized,2026-08-10,2026-10-04,8,3,Full Body,70,Auto,53,17.67,Auto-Regulated,Draft,AI,jupyter-full-rebuild-v1.0,1.0,24,"Generated from U000149 using goal, level, schedule, available_equipment, priority/avoidance and safety constraints.","Respect avoided exercises/muscles, recovery capacity, and pain signals.",2026-08-10T08:30,2026-08-10T08:30
PLAN000150,U000150,chau,Muscle Gain,Muscular Endurance,Intermediate,8-Week Muscle Gain - Chest Back Legs,Personalized,2026-08-10,2026-10-04,8,3,Chest Back Legs,75,Double Progression,39,13,Auto-Regulated,Draft,Hybrid,jupyter-full-rebuild-v1.0,1.0,13,"Generated from U000150 using goal, level, schedule, available_equipment, priority/avoidance and safety constraints.","Respect avoided exercises/muscles, recovery capacity, and pain signals.",2026-08-10T08:30,2026-08-10T08:30
PLAN000151,U000151,khanh,Muscle Gain,Athletic Performance,Advanced,8-Week Muscle Gain - Upper Lower,Personalized,2026-08-10,2026-10-04,8,5,Upper Lower,70,Auto,105,21,Auto-Regulated,Draft,Coach,jupyter-full-rebuild-v1.0,1.0,35,"Generated from U000151 using goal, level, schedule, available_equipment, priority/avoidance and safety constraints.","Respect avoided exercises/muscles, recovery capacity, and pain signals.",2026-08-10T08:30,2026-08-10T08:30
PLAN000152,U000152,thu,Strength,Muscle Gain,Intermediate,8-Week Strength - Upper Lower,Personalized,2026-08-10,2026-10-04,8,4,Upper Lower,40,Auto,41,10.25,Auto-Regulated,Draft,User,jupyter-full-rebuild-v1.0,1.0,20,"Generated from U000152 using goal, level, schedule, available_equipment, priority/avoidance and safety constraints.","Respect avoided exercises/muscles, recovery capacity, and pain signals.",2026-08-10T08:30,2026-08-10T08:30
PLAN000153,U000153,loan,Muscular Endurance,Fat Loss,Beginner,8-Week Muscular Endurance - Full Body,Personalized,2026-08-10,2026-10-04,8,2,Full Body,75,Auto,32,16,Auto-Regulated,Draft,AI,jupyter-full-rebuild-v1.0,1.0,16,"Generated from U000153 using goal, level, schedule, available_equipment, priority/avoidance and safety constraints.","Respect avoided exercises/muscles, recovery capacity, and pain signals.",2026-08-10T08:30,2026-08-10T08:30
PLAN000154,U000154,nga,Rehabilitation and Joint Health,General Fitness,Beginner,8-Week Rehabilitation and Joint Health - Auto,Personalized,2026-08-10,2026-10-04,8,3,Auto,40,RPE-Based,6,2,Auto-Regulated,Draft,Hybrid,jupyter-full-rebuild-v1.0,1.0,3,"Generated from U000154 using goal, level, schedule, available_equipment, priority/avoidance and safety constraints.","Respect avoided exercises/muscles, recovery capacity, and pain signals.",2026-08-10T08:30,2026-08-10T08:30
PLAN000155,U000155,oanh,Mobility and Flexibility,Fat Loss,Beginner,8-Week Mobility and Flexibility - Full Body,Personalized,2026-08-10,2026-10-04,8,3,Auto,90,RPE-Based,48,16,Auto-Regulated,Draft,Coach,jupyter-full-rebuild-v1.0,1.0,24,"Generated from U000155 using goal, level, schedule, available_equipment, priority/avoidance and safety constraints.","Respect avoided exercises/muscles, recovery capacity, and pain signals.",2026-08-10T08:30,2026-08-10T08:30
PLAN000156,U000156,ly,Mobility and Flexibility,Athletic Performance,Beginner,8-Week Mobility and Flexibility - Auto,Personalized,2026-08-10,2026-10-04,8,3,Chest Back Legs,90,RPE-Based,6,2,Auto-Regulated,Draft,User,jupyter-full-rebuild-v1.0,1.0,3,"Generated from U000156 using goal, level, schedule, available_equipment, priority/avoidance and safety constraints.","Respect avoided exercises/muscles, recovery capacity, and pain signals.",2026-08-10T08:30,2026-08-10T08:30
PLAN000157,U000157,hien,Rehabilitation and Joint Health,Strength,Intermediate,8-Week Rehabilitation and Joint Health - Auto,Personalized,2026-08-10,2026-10-04,8,3,Auto,60,RPE-Based,36,12,Auto-Regulated,Draft,AI,jupyter-full-rebuild-v1.0,1.0,18,"Generated from U000157 using goal, level, schedule, available_equipment, priority/avoidance and safety constraints.","Respect avoided exercises/muscles, recovery capacity, and pain signals.",2026-08-10T08:30,2026-08-10T08:30
PLAN000158,U000158,van,Muscle Gain,Strength,Beginner,8-Week Muscle Gain - Auto,Personalized,2026-08-10,2026-10-04,8,2,Auto,45,Auto,30,15,Auto-Regulated,Draft,Hybrid,jupyter-full-rebuild-v1.0,1.0,10,"Generated from U000158 using goal, level, schedule, available_equipment, priority/avoidance and safety constraints.","Respect avoided exercises/muscles, recovery capacity, and pain signals.",2026-08-10T08:30,2026-08-10T08:30
PLAN000159,U000159,nhu,Strength,Fat Loss,Advanced,8-Week Strength - Auto,Personalized,2026-08-10,2026-10-04,8,2,Chest Back Legs,40,Linear Progression,23,11.5,Auto-Regulated,Draft,Coach,jupyter-full-rebuild-v1.0,1.0,10,"Generated from U000159 using goal, level, schedule, available_equipment, priority/avoidance and safety constraints.","Respect avoided exercises/muscles, recovery capacity, and pain signals.",2026-08-10T08:30,2026-08-10T08:30
PLAN000160,U000160,trinh,Muscular Endurance,Strength,Intermediate,8-Week Muscular Endurance - Full Body,Personalized,2026-08-10,2026-10-04,8,4,Full Body,70,Auto,62,15.5,Auto-Regulated,Draft,User,jupyter-full-rebuild-v1.0,1.0,32,"Generated from U000160 using goal, level, schedule, available_equipment, priority/avoidance and safety constraints.","Respect avoided exercises/muscles, recovery capacity, and pain signals.",2026-08-10T08:30,2026-08-10T08:30
PLAN000161,U000161,duyen,Rehabilitation and Joint Health,Muscle Gain,Beginner,8-Week Rehabilitation and Joint Health - Auto,Personalized,2026-08-10,2026-10-04,8,4,Auto,90,RPE-Based,64,16,Auto-Regulated,Draft,AI,jupyter-full-rebuild-v1.0,1.0,32,"Generated from U000161 using goal, level, schedule, available_equipment, priority/avoidance and safety constraints.","Respect avoided exercises/muscles, recovery capacity, and pain signals.",2026-08-10T08:30,2026-08-10T08:30
PLAN000162,U000162,kim,Rehabilitation and Joint Health,Muscular Endurance,Advanced,8-Week Rehabilitation and Joint Health - Body Part Split,Personalized,2026-08-10,2026-10-04,8,6,Body Part Split,70,Linear Progression,74,12.33,Auto-Regulated,Draft,Hybrid,jupyter-full-rebuild-v1.0,1.0,38,"Generated from U000162 using goal, level, schedule, available_equipment, priority/avoidance and safety constraints.","Respect avoided exercises/muscles, recovery capacity, and pain signals.",2026-08-10T08:30,2026-08-10T08:30
PLAN000163,U000163,hanh,Muscular Endurance,Rehabilitation and Joint Health,Intermediate,8-Week Muscular Endurance - Body Part Split,Personalized,2026-08-10,2026-10-04,8,2,Body Part Split,30,Double Progression,12,6,Auto-Regulated,Draft,Coach,jupyter-full-rebuild-v1.0,1.0,6,"Generated from U000163 using goal, level, schedule, available_equipment, priority/avoidance and safety constraints.","Respect avoided exercises/muscles, recovery capacity, and pain signals.",2026-08-10T08:30,2026-08-10T08:30
PLAN000164,U000164,le,Fat Loss,Rehabilitation and Joint Health,Beginner,8-Week Fat Loss - Body Part Split,Personalized,2026-08-10,2026-10-04,8,5,Body Part Split,75,RPE-Based,12,2.4,Auto-Regulated,Draft,User,jupyter-full-rebuild-v1.0,1.0,6,"Generated from U000164 using goal, level, schedule, available_equipment, priority/avoidance and safety constraints.","Respect avoided exercises/muscles, recovery capacity, and pain signals.",2026-08-10T08:30,2026-08-10T08:30
PLAN000165,U000165,thuy,Muscular Endurance,Athletic Performance,Advanced,8-Week Muscular Endurance - Upper Lower,Personalized,2026-08-10,2026-10-04,8,2,Upper Lower,90,Auto,30,15,Auto-Regulated,Draft,AI,jupyter-full-rebuild-v1.0,1.0,16,"Generated from U000165 using goal, level, schedule, available_equipment, priority/avoidance and safety constraints.","Respect avoided exercises/muscles, recovery capacity, and pain signals.",2026-08-10T08:30,2026-08-10T08:30
PLAN000166,U000166,tu,Mobility and Flexibility,Muscular Endurance,Beginner,8-Week Mobility and Flexibility - Upper Lower,Personalized,2026-08-10,2026-10-04,8,5,Upper Lower,60,Double Progression,52,10.4,Auto-Regulated,Draft,Hybrid,jupyter-full-rebuild-v1.0,1.0,26,"Generated from U000166 using goal, level, schedule, available_equipment, priority/avoidance and safety constraints.","Respect avoided exercises/muscles, recovery capacity, and pain signals.",2026-08-10T08:30,2026-08-10T08:30
PLAN000167,U000167,ngan,Muscle Gain,Fat Loss,Intermediate,8-Week Muscle Gain - Body Part Split,Personalized,2026-08-10,2026-10-04,8,2,Body Part Split,90,Double Progression,12,6,Auto-Regulated,Draft,Coach,jupyter-full-rebuild-v1.0,1.0,4,"Generated from U000167 using goal, level, schedule, available_equipment, priority/avoidance and safety constraints.","Respect avoided exercises/muscles, recovery capacity, and pain signals.",2026-08-10T08:30,2026-08-10T08:30
PLAN000168,U000168,tam,General Fitness,Mobility and Flexibility,Beginner,8-Week General Fitness - Auto,Personalized,2026-08-10,2026-10-04,8,2,Body Part Split,30,Auto,16,8,Auto-Regulated,Draft,User,jupyter-full-rebuild-v1.0,1.0,8,"Generated from U000168 using goal, level, schedule, available_equipment, priority/avoidance and safety constraints.","Respect avoided exercises/muscles, recovery capacity, and pain signals.",2026-08-10T08:30,2026-08-10T08:30
PLAN000169,U000169,dao,Fat Loss,Muscle Gain,Advanced,8-Week Fat Loss - Push Pull Legs,Personalized,2026-08-10,2026-10-04,8,6,Push Pull Legs,50,RPE-Based,36,6,Auto-Regulated,Draft,AI,jupyter-full-rebuild-v1.0,1.0,18,"Generated from U000169 using goal, level, schedule, available_equipment, priority/avoidance and safety constraints.","Respect avoided exercises/muscles, recovery capacity, and pain signals.",2026-08-10T08:30,2026-08-10T08:30
PLAN000170,U000170,manh,Muscular Endurance,Mobility and Flexibility,Advanced,8-Week Muscular Endurance - Auto,Personalized,2026-08-10,2026-10-04,8,2,Upper Lower,45,Linear Progression,20,10,Auto-Regulated,Draft,Hybrid,jupyter-full-rebuild-v1.0,1.0,10,"Generated from U000170 using goal, level, schedule, available_equipment, priority/avoidance and safety constraints.","Respect avoided exercises/muscles, recovery capacity, and pain signals.",2026-08-10T08:30,2026-08-10T08:30
PLAN000171,U000171,trung,Athletic Performance,General Fitness,Beginner,8-Week Athletic Performance - Body Part Split,Personalized,2026-08-10,2026-10-04,8,6,Body Part Split,40,Double Progression,35,5.83,Auto-Regulated,Draft,Coach,jupyter-full-rebuild-v1.0,1.0,13,"Generated from U000171 using goal, level, schedule, available_equipment, priority/avoidance and safety constraints.","Respect avoided exercises/muscles, recovery capacity, and pain signals.",2026-08-10T08:30,2026-08-10T08:30
PLAN000172,U000172,lam,Muscle Gain,General Fitness,Beginner,8-Week Muscle Gain - Upper Lower,Personalized,2026-08-10,2026-10-04,8,4,Upper Lower,45,Double Progression,57,14.25,Auto-Regulated,Draft,User,jupyter-full-rebuild-v1.0,1.0,20,"Generated from U000172 using goal, level, schedule, available_equipment, priority/avoidance and safety constraints.","Respect avoided exercises/muscles, recovery capacity, and pain signals.",2026-08-10T08:30,2026-08-10T08:30
PLAN000173,U000173,cuong,Fat Loss,Muscle Gain,Intermediate,8-Week Fat Loss - Body Part Split,Personalized,2026-08-10,2026-10-04,8,2,Body Part Split,30,Auto,8,4,Auto-Regulated,Draft,AI,jupyter-full-rebuild-v1.0,1.0,4,"Generated from U000173 using goal, level, schedule, available_equipment, priority/avoidance and safety constraints.","Respect avoided exercises/muscles, recovery capacity, and pain signals.",2026-08-10T08:30,2026-08-10T08:30
PLAN000174,U000174,toan,Mobility and Flexibility,Athletic Performance,Advanced,8-Week Mobility and Flexibility - Push Pull Legs,Personalized,2026-08-10,2026-10-04,8,4,Push Pull Legs,70,RPE-Based,56,14,Auto-Regulated,Draft,Hybrid,jupyter-full-rebuild-v1.0,1.0,28,"Generated from U000174 using goal, level, schedule, available_equipment, priority/avoidance and safety constraints.","Respect avoided exercises/muscles, recovery capacity, and pain signals.",2026-08-10T08:30,2026-08-10T08:30
PLAN000175,U000175,viet,Athletic Performance,Mobility and Flexibility,Advanced,8-Week Athletic Performance - Push Pull Legs,Personalized,2026-08-10,2026-10-04,8,3,Push Pull Legs,75,Double Progression,55,18.33,Auto-Regulated,Draft,Coach,jupyter-full-rebuild-v1.0,1.0,21,"Generated from U000175 using goal, level, schedule, available_equipment, priority/avoidance and safety constraints.",Medical clearance required before activation; keep exercise selection conservative and pain-free.,2026-08-10T08:30,2026-08-10T08:30
PLAN000176,U000176,binh,Fat Loss,Strength,Intermediate,8-Week Fat Loss - Auto,Personalized,2026-08-10,2026-10-04,8,4,Auto,40,Double Progression,38,9.5,Auto-Regulated,Draft,User,jupyter-full-rebuild-v1.0,1.0,20,"Generated from U000176 using goal, level, schedule, available_equipment, priority/avoidance and safety constraints.","Respect avoided exercises/muscles, recovery capacity, and pain signals.",2026-08-10T08:30,2026-08-10T08:30
PLAN000177,U000177,tai,General Fitness,Muscle Gain,Beginner,8-Week General Fitness - Body Part Split,Personalized,2026-08-10,2026-10-04,8,5,Body Part Split,30,Auto,30,6,Auto-Regulated,Draft,AI,jupyter-full-rebuild-v1.0,1.0,15,"Generated from U000177 using goal, level, schedule, available_equipment, priority/avoidance and safety constraints.","Respect avoided exercises/muscles, recovery capacity, and pain signals.",2026-08-10T08:30,2026-08-10T08:30
PLAN000178,U000178,tri,Muscle Gain,Fat Loss,Intermediate,8-Week Muscle Gain - Auto,Personalized,2026-08-10,2026-10-04,8,6,Upper Lower,90,Auto,120,20,Auto-Regulated,Draft,Hybrid,jupyter-full-rebuild-v1.0,1.0,48,"Generated from U000178 using goal, level, schedule, available_equipment, priority/avoidance and safety constraints.","Respect avoided exercises/muscles, recovery capacity, and pain signals.",2026-08-10T08:30,2026-08-10T08:30
PLAN000179,U000179,tin,Mobility and Flexibility,Muscular Endurance,Beginner,8-Week Mobility and Flexibility - Auto,Personalized,2026-08-10,2026-10-04,8,3,Upper Lower,40,Linear Progression,30,10,Auto-Regulated,Draft,Coach,jupyter-full-rebuild-v1.0,1.0,15,"Generated from U000179 using goal, level, schedule, available_equipment, priority/avoidance and safety constraints.","Respect avoided exercises/muscles, recovery capacity, and pain signals.",2026-08-10T08:30,2026-08-10T08:30
PLAN000180,U000180,nghia,Muscle Gain,Fat Loss,Beginner,8-Week Muscle Gain - Auto,Personalized,2026-08-10,2026-10-04,8,5,Push Pull Legs,50,RPE-Based,30,6,Auto-Regulated,Draft,User,jupyter-full-rebuild-v1.0,1.0,10,"Generated from U000180 using goal, level, schedule, available_equipment, priority/avoidance and safety constraints.","Respect avoided exercises/muscles, recovery capacity, and pain signals.",2026-08-10T08:30,2026-08-10T08:30
PLAN000181,U000181,nhan,Athletic Performance,General Fitness,Beginner,8-Week Athletic Performance - Chest Back Legs,Personalized,2026-08-10,2026-10-04,8,5,Chest Back Legs,50,Auto,38,7.6,Auto-Regulated,Draft,AI,jupyter-full-rebuild-v1.0,1.0,16,"Generated from U000181 using goal, level, schedule, available_equipment, priority/avoidance and safety constraints.","Respect avoided exercises/muscles, recovery capacity, and pain signals.",2026-08-10T08:30,2026-08-10T08:30
PLAN000182,U000182,sonny,Mobility and Flexibility,Fat Loss,Intermediate,8-Week Mobility and Flexibility - Auto,Personalized,2026-08-10,2026-10-04,8,5,Upper Lower,60,Auto,60,12,Auto-Regulated,Draft,Hybrid,jupyter-full-rebuild-v1.0,1.0,30,"Generated from U000182 using goal, level, schedule, available_equipment, priority/avoidance and safety constraints.","Respect avoided exercises/muscles, recovery capacity, and pain signals.",2026-08-10T08:30,2026-08-10T08:30
PLAN000183,U000183,kiet,General Fitness,Athletic Performance,Intermediate,8-Week General Fitness - Auto,Personalized,2026-08-10,2026-10-04,8,2,Body Part Split,70,Double Progression,16,8,Auto-Regulated,Draft,Coach,jupyter-full-rebuild-v1.0,1.0,8,"Generated from U000183 using goal, level, schedule, available_equipment, priority/avoidance and safety constraints.","Respect avoided exercises/muscles, recovery capacity, and pain signals.",2026-08-10T08:30,2026-08-10T08:30
PLAN000184,U000184,vu,Muscular Endurance,General Fitness,Beginner,8-Week Muscular Endurance - Upper Lower,Personalized,2026-08-10,2026-10-04,8,4,Upper Lower,90,Double Progression,64,16,Auto-Regulated,Draft,User,jupyter-full-rebuild-v1.0,1.0,32,"Generated from U000184 using goal, level, schedule, available_equipment, priority/avoidance and safety constraints.","Respect avoided exercises/muscles, recovery capacity, and pain signals.",2026-08-10T08:30,2026-08-10T08:30
PLAN000185,U000185,nguyen,Athletic Performance,Muscle Gain,Beginner,8-Week Athletic Performance - Auto,Personalized,2026-08-10,2026-10-04,8,4,Push Pull Legs,90,Auto,20,5,Auto-Regulated,Draft,AI,jupyter-full-rebuild-v1.0,1.0,8,"Generated from U000185 using goal, level, schedule, available_equipment, priority/avoidance and safety constraints.","Respect avoided exercises/muscles, recovery capacity, and pain signals.",2026-08-10T08:30,2026-08-10T08:30
PLAN000186,U000186,khoa,Muscle Gain,Mobility and Flexibility,Intermediate,8-Week Muscle Gain - Auto,Personalized,2026-08-10,2026-10-04,8,4,Chest Back Legs,70,RPE-Based,33,8.25,Auto-Regulated,Draft,Hybrid,jupyter-full-rebuild-v1.0,1.0,12,"Generated from U000186 using goal, level, schedule, available_equipment, priority/avoidance and safety constraints.","Respect avoided exercises/muscles, recovery capacity, and pain signals.",2026-08-10T08:30,2026-08-10T08:30
PLAN000187,U000187,hieu,Rehabilitation and Joint Health,Mobility and Flexibility,Beginner,8-Week Rehabilitation and Joint Health - Upper Lower,Personalized,2026-08-10,2026-10-04,8,5,Upper Lower,40,Double Progression,50,10,Auto-Regulated,Draft,Coach,jupyter-full-rebuild-v1.0,1.0,25,"Generated from U000187 using goal, level, schedule, available_equipment, priority/avoidance and safety constraints.","Respect avoided exercises/muscles, recovery capacity, and pain signals.",2026-08-10T08:30,2026-08-10T08:30
PLAN000188,U000188,thang,Strength,General Fitness,Intermediate,8-Week Strength - Auto,Personalized,2026-08-10,2026-10-04,8,6,Auto,30,Linear Progression,51,8.5,Auto-Regulated,Draft,User,jupyter-full-rebuild-v1.0,1.0,24,"Generated from U000188 using goal, level, schedule, available_equipment, priority/avoidance and safety constraints.","Respect avoided exercises/muscles, recovery capacity, and pain signals.",2026-08-10T08:30,2026-08-10T08:30
PLAN000189,U000189,quoc,Muscular Endurance,Fat Loss,Beginner,8-Week Muscular Endurance - Auto,Personalized,2026-08-10,2026-10-04,8,4,Auto,90,Linear Progression,60,15,Auto-Regulated,Draft,AI,jupyter-full-rebuild-v1.0,1.0,32,"Generated from U000189 using goal, level, schedule, available_equipment, priority/avoidance and safety constraints.","Respect avoided exercises/muscles, recovery capacity, and pain signals.",2026-08-10T08:30,2026-08-10T08:30
PLAN000190,U000190,canh,Athletic Performance,Rehabilitation and Joint Health,Advanced,8-Week Athletic Performance - Body Part Split,Personalized,2026-08-10,2026-10-04,8,5,Body Part Split,60,Double Progression,61,12.2,Auto-Regulated,Draft,Hybrid,jupyter-full-rebuild-v1.0,1.0,26,"Generated from U000190 using goal, level, schedule, available_equipment, priority/avoidance and safety constraints.","Respect avoided exercises/muscles, recovery capacity, and pain signals.",2026-08-10T08:30,2026-08-10T08:30
PLAN000191,U000191,danh,General Fitness,Strength,Intermediate,8-Week General Fitness - Upper Lower,Personalized,2026-08-10,2026-10-04,8,4,Upper Lower,75,Auto,40,10,Auto-Regulated,Draft,Coach,jupyter-full-rebuild-v1.0,1.0,22,"Generated from U000191 using goal, level, schedule, available_equipment, priority/avoidance and safety constraints.","Respect avoided exercises/muscles, recovery capacity, and pain signals.",2026-08-10T08:30,2026-08-10T08:30
PLAN000192,U000192,duong,Muscle Gain,Muscular Endurance,Beginner,8-Week Muscle Gain - Chest Back Legs,Personalized,2026-08-10,2026-10-04,8,4,Chest Back Legs,40,Auto,36,9,Auto-Regulated,Draft,User,jupyter-full-rebuild-v1.0,1.0,12,"Generated from U000192 using goal, level, schedule, available_equipment, priority/avoidance and safety constraints.","Respect avoided exercises/muscles, recovery capacity, and pain signals.",2026-08-10T08:30,2026-08-10T08:30
PLAN000193,U000193,dinh,Strength,Fat Loss,Intermediate,8-Week Strength - Body Part Split,Personalized,2026-08-10,2026-10-04,8,2,Body Part Split,30,RPE-Based,14,7,Auto-Regulated,Draft,AI,jupyter-full-rebuild-v1.0,1.0,6,"Generated from U000193 using goal, level, schedule, available_equipment, priority/avoidance and safety constraints.","Respect avoided exercises/muscles, recovery capacity, and pain signals.",2026-08-10T08:30,2026-08-10T08:30
PLAN000194,U000194,nhatnam,Strength,Muscular Endurance,Intermediate,8-Week Strength - Auto,Personalized,2026-08-10,2026-10-04,8,4,Auto,50,Linear Progression,17,4.25,Auto-Regulated,Draft,Hybrid,jupyter-full-rebuild-v1.0,1.0,8,"Generated from U000194 using goal, level, schedule, available_equipment, priority/avoidance and safety constraints.",Medical clearance required before activation; keep exercise selection conservative and pain-free.,2026-08-10T08:30,2026-08-10T08:30
PLAN000195,U000195,giahan,Mobility and Flexibility,Muscle Gain,Advanced,8-Week Mobility and Flexibility - Auto,Personalized,2026-08-10,2026-10-04,8,5,Body Part Split,60,Auto,10,2,Auto-Regulated,Draft,Coach,jupyter-full-rebuild-v1.0,1.0,5,"Generated from U000195 using goal, level, schedule, available_equipment, priority/avoidance and safety constraints.","Respect avoided exercises/muscles, recovery capacity, and pain signals.",2026-08-10T08:30,2026-08-10T08:30
PLAN000196,U000196,minhthu,Mobility and Flexibility,Strength,Beginner,8-Week Mobility and Flexibility - Auto,Personalized,2026-08-10,2026-10-04,8,3,Auto,50,RPE-Based,30,10,Auto-Regulated,Draft,User,jupyter-full-rebuild-v1.0,1.0,15,"Generated from U000196 using goal, level, schedule, available_equipment, priority/avoidance and safety constraints.","Respect avoided exercises/muscles, recovery capacity, and pain signals.",2026-08-10T08:30,2026-08-10T08:30
PLAN000197,U000197,phuonganh,Strength,Fat Loss,Beginner,8-Week Strength - Auto,Personalized,2026-08-10,2026-10-04,8,4,Auto,30,Double Progression,12,3,Auto-Regulated,Draft,AI,jupyter-full-rebuild-v1.0,1.0,4,"Generated from U000197 using goal, level, schedule, available_equipment, priority/avoidance and safety constraints.","Respect avoided exercises/muscles, recovery capacity, and pain signals.",2026-08-10T08:30,2026-08-10T08:30
PLAN000198,U000198,baotram,Athletic Performance,Mobility and Flexibility,Beginner,8-Week Athletic Performance - Upper Lower,Personalized,2026-08-10,2026-10-04,8,4,Upper Lower,70,Double Progression,64,16,Auto-Regulated,Draft,Hybrid,jupyter-full-rebuild-v1.0,1.0,26,"Generated from U000198 using goal, level, schedule, available_equipment, priority/avoidance and safety constraints.","Respect avoided exercises/muscles, recovery capacity, and pain signals.",2026-08-10T08:30,2026-08-10T08:30
PLAN000199,U000199,quocvinh,Mobility and Flexibility,General Fitness,Advanced,8-Week Mobility and Flexibility - Auto,Personalized,2026-08-10,2026-10-04,8,2,Auto,50,Linear Progression,18,9,Auto-Regulated,Draft,Coach,jupyter-full-rebuild-v1.0,1.0,10,"Generated from U000199 using goal, level, schedule, available_equipment, priority/avoidance and safety constraints.","Respect avoided exercises/muscles, recovery capacity, and pain signals.",2026-08-10T08:30,2026-08-10T08:30
PLAN000200,U000200,minhson,General Fitness,Muscular Endurance,Intermediate,8-Week General Fitness - Body Part Split,Personalized,2026-08-10,2026-10-04,8,6,Body Part Split,60,Double Progression,36,6,Auto-Regulated,Draft,User,jupyter-full-rebuild-v1.0,1.0,18,"Generated from U000200 using goal, level, schedule, available_equipment, priority/avoidance and safety constraints.",Medical clearance required before activation; keep exercise selection conservative and pain-free.,2026-08-10T08:30,2026-08-10T08:30
PLAN000201,U000201,hoang201,Strength,Athletic Performance,Intermediate,8-Week Strength - Auto,Personalized,2026-08-10,2026-10-04,8,2,Auto,60,RPE-Based,33,16.5,Auto-Regulated,Draft,AI,jupyter-full-rebuild-v1.0,1.0,12,"Generated from U000201 using goal, level, schedule, available_equipment, priority/avoidance and safety constraints.","Respect avoided exercises/muscles, recovery capacity, and pain signals.",2026-08-10T08:30,2026-08-10T08:30
PLAN000202,U000202,ha202,Strength,Rehabilitation and Joint Health,Advanced,8-Week Strength - Body Part Split,Personalized,2026-08-10,2026-10-04,8,3,Body Part Split,90,Double Progression,30,10,Auto-Regulated,Draft,Hybrid,jupyter-full-rebuild-v1.0,1.0,12,"Generated from U000202 using goal, level, schedule, available_equipment, priority/avoidance and safety constraints.","Respect avoided exercises/muscles, recovery capacity, and pain signals.",2026-08-10T08:30,2026-08-10T08:30
PLAN000203,U000203,lan203,Athletic Performance,Rehabilitation and Joint Health,Beginner,8-Week Athletic Performance - Auto,Personalized,2026-08-10,2026-10-04,8,5,Auto,75,RPE-Based,74,14.8,Auto-Regulated,Draft,Coach,jupyter-full-rebuild-v1.0,1.0,35,"Generated from U000203 using goal, level, schedule, available_equipment, priority/avoidance and safety constraints.","Respect avoided exercises/muscles, recovery capacity, and pain signals.",2026-08-10T08:30,2026-08-10T08:30
PLAN000204,U000204,quang204,Rehabilitation and Joint Health,General Fitness,Intermediate,8-Week Rehabilitation and Joint Health - Auto,Personalized,2026-08-10,2026-10-04,8,4,Push Pull Legs,45,RPE-Based,38,9.5,Auto-Regulated,Draft,User,jupyter-full-rebuild-v1.0,1.0,20,"Generated from U000204 using goal, level, schedule, available_equipment, priority/avoidance and safety constraints.","Respect avoided exercises/muscles, recovery capacity, and pain signals.",2026-08-10T08:30,2026-08-10T08:30
PLAN000205,U000205,quang205,Muscle Gain,Fat Loss,Beginner,8-Week Muscle Gain - Body Part Split,Personalized,2026-08-10,2026-10-04,8,3,Body Part Split,60,Double Progression,39,13,Auto-Regulated,Draft,AI,jupyter-full-rebuild-v1.0,1.0,13,"Generated from U000205 using goal, level, schedule, available_equipment, priority/avoidance and safety constraints.","Respect avoided exercises/muscles, recovery capacity, and pain signals.",2026-08-10T08:30,2026-08-10T08:30
PLAN000206,U000206,phong206,General Fitness,Athletic Performance,Intermediate,8-Week General Fitness - Auto,Personalized,2026-08-10,2026-10-04,8,2,Auto,60,RPE-Based,24,12,Auto-Regulated,Draft,Hybrid,jupyter-full-rebuild-v1.0,1.0,12,"Generated from U000206 using goal, level, schedule, available_equipment, priority/avoidance and safety constraints.","Respect avoided exercises/muscles, recovery capacity, and pain signals.",2026-08-10T08:30,2026-08-10T08:30
PLAN000207,U000207,son207,General Fitness,Rehabilitation and Joint Health,Beginner,8-Week General Fitness - Auto,Personalized,2026-08-10,2026-10-04,8,2,Push Pull Legs,90,Linear Progression,32,16,Auto-Regulated,Draft,Coach,jupyter-full-rebuild-v1.0,1.0,16,"Generated from U000207 using goal, level, schedule, available_equipment, priority/avoidance and safety constraints.","Respect avoided exercises/muscles, recovery capacity, and pain signals.",2026-08-10T08:30,2026-08-10T08:30
PLAN000208,U000208,khoa208,Rehabilitation and Joint Health,Strength,Intermediate,8-Week Rehabilitation and Joint Health - Auto,Personalized,2026-08-10,2026-10-04,8,5,Chest Back Legs,90,Linear Progression,74,14.8,Auto-Regulated,Draft,User,jupyter-full-rebuild-v1.0,1.0,40,"Generated from U000208 using goal, level, schedule, available_equipment, priority/avoidance and safety constraints.","Respect avoided exercises/muscles, recovery capacity, and pain signals.",2026-08-10T08:30,2026-08-10T08:30
PLAN000209,U000209,tuan209,Fat Loss,Muscular Endurance,Advanced,8-Week Fat Loss - Auto,Personalized,2026-08-10,2026-10-04,8,4,Upper Lower,90,RPE-Based,8,2,Auto-Regulated,Draft,AI,jupyter-full-rebuild-v1.0,1.0,4,"Generated from U000209 using goal, level, schedule, available_equipment, priority/avoidance and safety constraints.","Respect avoided exercises/muscles, recovery capacity, and pain signals.",2026-08-10T08:30,2026-08-10T08:30
PLAN000210,U000210,quang210,General Fitness,Rehabilitation and Joint Health,Intermediate,8-Week General Fitness - Upper Lower,Personalized,2026-08-10,2026-10-04,8,5,Upper Lower,60,RPE-Based,60,12,Auto-Regulated,Draft,Hybrid,jupyter-full-rebuild-v1.0,1.0,30,"Generated from U000210 using goal, level, schedule, available_equipment, priority/avoidance and safety constraints.","Respect avoided exercises/muscles, recovery capacity, and pain signals.",2026-08-10T08:30,2026-08-10T08:30
PLAN000211,U000211,viet211,Mobility and Flexibility,Strength,Intermediate,8-Week Mobility and Flexibility - Push Pull Legs,Personalized,2026-08-10,2026-10-04,8,5,Push Pull Legs,90,RPE-Based,78,15.6,Auto-Regulated,Draft,Coach,jupyter-full-rebuild-v1.0,1.0,40,"Generated from U000211 using goal, level, schedule, available_equipment, priority/avoidance and safety constraints.","Respect avoided exercises/muscles, recovery capacity, and pain signals.",2026-08-10T08:30,2026-08-10T08:30
PLAN000212,U000212,hoang212,Muscular Endurance,Fat Loss,Intermediate,8-Week Muscular Endurance - Body Part Split,Personalized,2026-08-10,2026-10-04,8,4,Body Part Split,45,Double Progression,26,6.5,Auto-Regulated,Draft,User,jupyter-full-rebuild-v1.0,1.0,13,"Generated from U000212 using goal, level, schedule, available_equipment, priority/avoidance and safety constraints.","Respect avoided exercises/muscles, recovery capacity, and pain signals.",2026-08-10T08:30,2026-08-10T08:30
PLAN000213,U000213,dat213,Rehabilitation and Joint Health,Muscle Gain,Advanced,8-Week Rehabilitation and Joint Health - Auto,Personalized,2026-08-10,2026-10-04,8,5,Body Part Split,60,Linear Progression,20,4,Auto-Regulated,Draft,AI,jupyter-full-rebuild-v1.0,1.0,10,"Generated from U000213 using goal, level, schedule, available_equipment, priority/avoidance and safety constraints.","Respect avoided exercises/muscles, recovery capacity, and pain signals.",2026-08-10T08:30,2026-08-10T08:30
PLAN000214,U000214,phong214,Strength,Fat Loss,Advanced,8-Week Strength - Body Part Split,Personalized,2026-08-10,2026-10-04,8,5,Body Part Split,75,Auto,21,4.2,Auto-Regulated,Draft,Hybrid,jupyter-full-rebuild-v1.0,1.0,8,"Generated from U000214 using goal, level, schedule, available_equipment, priority/avoidance and safety constraints.","Respect avoided exercises/muscles, recovery capacity, and pain signals.",2026-08-10T08:30,2026-08-10T08:30
PLAN000215,U000215,ha215,Strength,General Fitness,Advanced,8-Week Strength - Auto,Personalized,2026-08-10,2026-10-04,8,6,Upper Lower,60,Linear Progression,84,14,Auto-Regulated,Draft,Coach,jupyter-full-rebuild-v1.0,1.0,36,"Generated from U000215 using goal, level, schedule, available_equipment, priority/avoidance and safety constraints.","Respect avoided exercises/muscles, recovery capacity, and pain signals.",2026-08-10T08:30,2026-08-10T08:30
PLAN000216,U000216,huy216,Strength,Athletic Performance,Beginner,8-Week Strength - Body Part Split,Personalized,2026-08-10,2026-10-04,8,3,Body Part Split,90,RPE-Based,15,5,Auto-Regulated,Draft,User,jupyter-full-rebuild-v1.0,1.0,6,"Generated from U000216 using goal, level, schedule, available_equipment, priority/avoidance and safety constraints.",Medical clearance required before activation; keep exercise selection conservative and pain-free.,2026-08-10T08:30,2026-08-10T08:30
PLAN000217,U000217,quang217,General Fitness,Muscle Gain,Advanced,8-Week General Fitness - Auto,Personalized,2026-08-10,2026-10-04,8,6,Push Pull Legs,75,RPE-Based,84,14,Auto-Regulated,Draft,AI,jupyter-full-rebuild-v1.0,1.0,42,"Generated from U000217 using goal, level, schedule, available_equipment, priority/avoidance and safety constraints.","Respect avoided exercises/muscles, recovery capacity, and pain signals.",2026-08-10T08:30,2026-08-10T08:30
PLAN000218,U000218,tuan218,Fat Loss,Rehabilitation and Joint Health,Intermediate,8-Week Fat Loss - Auto,Personalized,2026-08-10,2026-10-04,8,5,Chest Back Legs,75,RPE-Based,68,13.6,Auto-Regulated,Draft,Hybrid,jupyter-full-rebuild-v1.0,1.0,35,"Generated from U000218 using goal, level, schedule, available_equipment, priority/avoidance and safety constraints.","Respect avoided exercises/muscles, recovery capacity, and pain signals.",2026-08-10T08:30,2026-08-10T08:30
PLAN000219,U000219,dat219,Fat Loss,Muscular Endurance,Advanced,8-Week Fat Loss - Auto,Personalized,2026-08-10,2026-10-04,8,5,Upper Lower,90,Auto,50,10,Auto-Regulated,Draft,Coach,jupyter-full-rebuild-v1.0,1.0,25,"Generated from U000219 using goal, level, schedule, available_equipment, priority/avoidance and safety constraints.",Medical clearance required before activation; keep exercise selection conservative and pain-free.,2026-08-10T08:30,2026-08-10T08:30
PLAN000220,U000220,phong220,Rehabilitation and Joint Health,Strength,Advanced,8-Week Rehabilitation and Joint Health - Auto,Personalized,2026-08-10,2026-10-04,8,2,Push Pull Legs,45,Double Progression,12,6,Auto-Regulated,Draft,User,jupyter-full-rebuild-v1.0,1.0,6,"Generated from U000220 using goal, level, schedule, available_equipment, priority/avoidance and safety constraints.","Respect avoided exercises/muscles, recovery capacity, and pain signals.",2026-08-10T08:30,2026-08-10T08:30
PLAN000221,U000221,trang221,Mobility and Flexibility,Athletic Performance,Intermediate,8-Week Mobility and Flexibility - Upper Lower,Personalized,2026-08-10,2026-10-04,8,6,Upper Lower,90,Auto,84,14,Auto-Regulated,Draft,AI,jupyter-full-rebuild-v1.0,1.0,42,"Generated from U000221 using goal, level, schedule, available_equipment, priority/avoidance and safety constraints.","Respect avoided exercises/muscles, recovery capacity, and pain signals.",2026-08-10T08:30,2026-08-10T08:30
PLAN000222,U000222,dat222,Muscle Gain,Strength,Intermediate,8-Week Muscle Gain - Auto,Personalized,2026-08-10,2026-10-04,8,4,Auto,45,Auto,60,15,Auto-Regulated,Draft,Hybrid,jupyter-full-rebuild-v1.0,1.0,20,"Generated from U000222 using goal, level, schedule, available_equipment, priority/avoidance and safety constraints.","Respect avoided exercises/muscles, recovery capacity, and pain signals.",2026-08-10T08:30,2026-08-10T08:30
PLAN000223,U000223,trang223,General Fitness,Muscle Gain,Intermediate,8-Week General Fitness - Auto,Personalized,2026-08-10,2026-10-04,8,6,Auto,75,Linear Progression,74,12.33,Auto-Regulated,Draft,Coach,jupyter-full-rebuild-v1.0,1.0,42,"Generated from U000223 using goal, level, schedule, available_equipment, priority/avoidance and safety constraints.","Respect avoided exercises/muscles, recovery capacity, and pain signals.",2026-08-10T08:30,2026-08-10T08:30
PLAN000224,U000224,phuong224,Muscle Gain,Rehabilitation and Joint Health,Beginner,8-Week Muscle Gain - Auto,Personalized,2026-08-10,2026-10-04,8,3,Auto,90,Double Progression,58,19.33,Auto-Regulated,Draft,User,jupyter-full-rebuild-v1.0,1.0,24,"Generated from U000224 using goal, level, schedule, available_equipment, priority/avoidance and safety constraints.","Respect avoided exercises/muscles, recovery capacity, and pain signals.",2026-08-10T08:30,2026-08-10T08:30
PLAN000225,U000225,ha225,Rehabilitation and Joint Health,Muscle Gain,Beginner,8-Week Rehabilitation and Joint Health - Auto,Personalized,2026-08-10,2026-10-04,8,4,Upper Lower,75,Auto,56,14,Auto-Regulated,Draft,AI,jupyter-full-rebuild-v1.0,1.0,28,"Generated from U000225 using goal, level, schedule, available_equipment, priority/avoidance and safety constraints.","Respect avoided exercises/muscles, recovery capacity, and pain signals.",2026-08-10T08:30,2026-08-10T08:30
PLAN000226,U000226,mai226,General Fitness,Fat Loss,Advanced,8-Week General Fitness - Auto,Personalized,2026-08-10,2026-10-04,8,6,Chest Back Legs,90,Auto,36,6,Auto-Regulated,Draft,Hybrid,jupyter-full-rebuild-v1.0,1.0,18,"Generated from U000226 using goal, level, schedule, available_equipment, priority/avoidance and safety constraints.","Respect avoided exercises/muscles, recovery capacity, and pain signals.",2026-08-10T08:30,2026-08-10T08:30
PLAN000227,U000227,huy227,General Fitness,Strength,Intermediate,8-Week General Fitness - Full Body,Personalized,2026-08-10,2026-10-04,8,2,Full Body,90,Linear Progression,32,16,Auto-Regulated,Draft,Coach,jupyter-full-rebuild-v1.0,1.0,16,"Generated from U000227 using goal, level, schedule, available_equipment, priority/avoidance and safety constraints.","Respect avoided exercises/muscles, recovery capacity, and pain signals.",2026-08-10T08:30,2026-08-10T08:30
PLAN000228,U000228,huong228,Rehabilitation and Joint Health,Muscle Gain,Intermediate,8-Week Rehabilitation and Joint Health - Auto,Personalized,2026-08-10,2026-10-04,8,4,Auto,60,RPE-Based,48,12,Auto-Regulated,Draft,User,jupyter-full-rebuild-v1.0,1.0,24,"Generated from U000228 using goal, level, schedule, available_equipment, priority/avoidance and safety constraints.","Respect avoided exercises/muscles, recovery capacity, and pain signals.",2026-08-10T08:30,2026-08-10T08:30
PLAN000229,U000229,tuan229,Strength,General Fitness,Beginner,8-Week Strength - Auto,Personalized,2026-08-10,2026-10-04,8,2,Auto,45,Double Progression,24,12,Auto-Regulated,Draft,AI,jupyter-full-rebuild-v1.0,1.0,10,"Generated from U000229 using goal, level, schedule, available_equipment, priority/avoidance and safety constraints.","Respect avoided exercises/muscles, recovery capacity, and pain signals.",2026-08-10T08:30,2026-08-10T08:30
PLAN000230,U000230,tuan230,Muscular Endurance,Rehabilitation and Joint Health,Beginner,8-Week Muscular Endurance - Body Part Split,Personalized,2026-08-10,2026-10-04,8,3,Body Part Split,60,Linear Progression,16,5.33,Auto-Regulated,Draft,Hybrid,jupyter-full-rebuild-v1.0,1.0,8,"Generated from U000230 using goal, level, schedule, available_equipment, priority/avoidance and safety constraints.","Respect avoided exercises/muscles, recovery capacity, and pain signals.",2026-08-10T08:30,2026-08-10T08:30
PLAN000231,U000231,huy231,Athletic Performance,Muscular Endurance,Beginner,8-Week Athletic Performance - Auto,Personalized,2026-08-10,2026-10-04,8,6,Body Part Split,75,Double Progression,18,3,Auto-Regulated,Draft,Coach,jupyter-full-rebuild-v1.0,1.0,6,"Generated from U000231 using goal, level, schedule, available_equipment, priority/avoidance and safety constraints.","Respect avoided exercises/muscles, recovery capacity, and pain signals.",2026-08-10T08:30,2026-08-10T08:30
PLAN000232,U000232,duc232,Athletic Performance,Mobility and Flexibility,Intermediate,8-Week Athletic Performance - Auto,Personalized,2026-08-10,2026-10-04,8,6,Chest Back Legs,45,RPE-Based,73,12.17,Auto-Regulated,Draft,User,jupyter-full-rebuild-v1.0,1.0,30,"Generated from U000232 using goal, level, schedule, available_equipment, priority/avoidance and safety constraints.","Respect avoided exercises/muscles, recovery capacity, and pain signals.",2026-08-10T08:30,2026-08-10T08:30
PLAN000233,U000233,ha233,Rehabilitation and Joint Health,Muscular Endurance,Advanced,8-Week Rehabilitation and Joint Health - Auto,Personalized,2026-08-10,2026-10-04,8,5,Auto,60,Auto,20,4,Auto-Regulated,Draft,AI,jupyter-full-rebuild-v1.0,1.0,10,"Generated from U000233 using goal, level, schedule, available_equipment, priority/avoidance and safety constraints.","Respect avoided exercises/muscles, recovery capacity, and pain signals.",2026-08-10T08:30,2026-08-10T08:30
PLAN000234,U000234,phuong234,Fat Loss,Mobility and Flexibility,Advanced,8-Week Fat Loss - Push Pull Legs,Personalized,2026-08-10,2026-10-04,8,5,Push Pull Legs,60,Auto,58,11.6,Auto-Regulated,Draft,Hybrid,jupyter-full-rebuild-v1.0,1.0,30,"Generated from U000234 using goal, level, schedule, available_equipment, priority/avoidance and safety constraints.","Respect avoided exercises/muscles, recovery capacity, and pain signals.",2026-08-10T08:30,2026-08-10T08:30
PLAN000235,U000235,ngoc235,Mobility and Flexibility,Fat Loss,Advanced,8-Week Mobility and Flexibility - Auto,Personalized,2026-08-10,2026-10-04,8,2,Push Pull Legs,90,Double Progression,32,16,Auto-Regulated,Draft,Coach,jupyter-full-rebuild-v1.0,1.0,16,"Generated from U000235 using goal, level, schedule, available_equipment, priority/avoidance and safety constraints.","Respect avoided exercises/muscles, recovery capacity, and pain signals.",2026-08-10T08:30,2026-08-10T08:30
PLAN000236,U000236,trang236,Athletic Performance,General Fitness,Intermediate,8-Week Athletic Performance - Auto,Personalized,2026-08-10,2026-10-04,8,6,Push Pull Legs,75,Linear Progression,36,6,Auto-Regulated,Draft,User,jupyter-full-rebuild-v1.0,1.0,12,"Generated from U000236 using goal, level, schedule, available_equipment, priority/avoidance and safety constraints.","Respect avoided exercises/muscles, recovery capacity, and pain signals.",2026-08-10T08:30,2026-08-10T08:30
PLAN000237,U000237,quang237,Mobility and Flexibility,Muscle Gain,Advanced,8-Week Mobility and Flexibility - Auto,Personalized,2026-08-10,2026-10-04,8,6,Auto,60,Linear Progression,68,11.33,Auto-Regulated,Draft,AI,jupyter-full-rebuild-v1.0,1.0,36,"Generated from U000237 using goal, level, schedule, available_equipment, priority/avoidance and safety constraints.","Respect avoided exercises/muscles, recovery capacity, and pain signals.",2026-08-10T08:30,2026-08-10T08:30
PLAN000238,U000238,dat238,Strength,Fat Loss,Advanced,8-Week Strength - Push Pull Legs,Personalized,2026-08-10,2026-10-04,8,3,Push Pull Legs,75,Auto,18,6,Auto-Regulated,Draft,Hybrid,jupyter-full-rebuild-v1.0,1.0,6,"Generated from U000238 using goal, level, schedule, available_equipment, priority/avoidance and safety constraints.","Respect avoided exercises/muscles, recovery capacity, and pain signals.",2026-08-10T08:30,2026-08-10T08:30
PLAN000239,U000239,quang239,Athletic Performance,Rehabilitation and Joint Health,Intermediate,8-Week Athletic Performance - Auto,Personalized,2026-08-10,2026-10-04,8,6,Auto,90,Linear Progression,23,3.83,Auto-Regulated,Draft,Coach,jupyter-full-rebuild-v1.0,1.0,18,"Generated from U000239 using goal, level, schedule, available_equipment, priority/avoidance and safety constraints.","Respect avoided exercises/muscles, recovery capacity, and pain signals.",2026-08-10T08:30,2026-08-10T08:30
PLAN000240,U000240,huy240,Strength,Mobility and Flexibility,Advanced,8-Week Strength - Full Body,Personalized,2026-08-10,2026-10-04,8,3,Full Body,75,RPE-Based,62,20.67,Auto-Regulated,Draft,User,jupyter-full-rebuild-v1.0,1.0,24,"Generated from U000240 using goal, level, schedule, available_equipment, priority/avoidance and safety constraints.","Respect avoided exercises/muscles, recovery capacity, and pain signals.",2026-08-10T08:30,2026-08-10T08:30
PLAN000241,U000241,quang241,Mobility and Flexibility,Rehabilitation and Joint Health,Beginner,8-Week Mobility and Flexibility - Auto,Personalized,2026-08-10,2026-10-04,8,6,Body Part Split,90,Auto,24,4,Auto-Regulated,Draft,AI,jupyter-full-rebuild-v1.0,1.0,12,"Generated from U000241 using goal, level, schedule, available_equipment, priority/avoidance and safety constraints.","Respect avoided exercises/muscles, recovery capacity, and pain signals.",2026-08-10T08:30,2026-08-10T08:30
PLAN000242,U000242,dat242,Muscle Gain,General Fitness,Beginner,8-Week Muscle Gain - Full Body,Personalized,2026-08-10,2026-10-04,8,4,Full Body,75,RPE-Based,76,19,Auto-Regulated,Draft,Hybrid,jupyter-full-rebuild-v1.0,1.0,32,"Generated from U000242 using goal, level, schedule, available_equipment, priority/avoidance and safety constraints.","Respect avoided exercises/muscles, recovery capacity, and pain signals.",2026-08-10T08:30,2026-08-10T08:30
PLAN000243,U000243,hoang243,Rehabilitation and Joint Health,Strength,Advanced,8-Week Rehabilitation and Joint Health - Auto,Personalized,2026-08-10,2026-10-04,8,2,Upper Lower,75,Linear Progression,20,10,Auto-Regulated,Draft,Coach,jupyter-full-rebuild-v1.0,1.0,10,"Generated from U000243 using goal, level, schedule, available_equipment, priority/avoidance and safety constraints.","Respect avoided exercises/muscles, recovery capacity, and pain signals.",2026-08-10T08:30,2026-08-10T08:30
PLAN000244,U000244,long244,General Fitness,Fat Loss,Advanced,8-Week General Fitness - Auto,Personalized,2026-08-10,2026-10-04,8,5,Upper Lower,90,Auto,72,14.4,Auto-Regulated,Draft,User,jupyter-full-rebuild-v1.0,1.0,40,"Generated from U000244 using goal, level, schedule, available_equipment, priority/avoidance and safety constraints.","Respect avoided exercises/muscles, recovery capacity, and pain signals.",2026-08-10T08:30,2026-08-10T08:30
PLAN000245,U000245,trang245,Fat Loss,Athletic Performance,Advanced,8-Week Fat Loss - Upper Lower,Personalized,2026-08-10,2026-10-04,8,2,Upper Lower,45,Auto,20,10,Auto-Regulated,Draft,AI,jupyter-full-rebuild-v1.0,1.0,10,"Generated from U000245 using goal, level, schedule, available_equipment, priority/avoidance and safety constraints.","Respect avoided exercises/muscles, recovery capacity, and pain signals.",2026-08-10T08:30,2026-08-10T08:30
PLAN000246,U000246,minh246,Rehabilitation and Joint Health,Muscular Endurance,Intermediate,8-Week Rehabilitation and Joint Health - Auto,Personalized,2026-08-10,2026-10-04,8,3,Chest Back Legs,75,Double Progression,6,2,Auto-Regulated,Draft,Hybrid,jupyter-full-rebuild-v1.0,1.0,3,"Generated from U000246 using goal, level, schedule, available_equipment, priority/avoidance and safety constraints.","Respect avoided exercises/muscles, recovery capacity, and pain signals.",2026-08-10T08:30,2026-08-10T08:30
PLAN000247,U000247,mai247,Mobility and Flexibility,Strength,Beginner,8-Week Mobility and Flexibility - Auto,Personalized,2026-08-10,2026-10-04,8,2,Upper Lower,90,RPE-Based,26,13,Auto-Regulated,Draft,Coach,jupyter-full-rebuild-v1.0,1.0,16,"Generated from U000247 using goal, level, schedule, available_equipment, priority/avoidance and safety constraints.","Respect avoided exercises/muscles, recovery capacity, and pain signals.",2026-08-10T08:30,2026-08-10T08:30
PLAN000248,U000248,linh248,Fat Loss,General Fitness,Advanced,8-Week Fat Loss - Auto,Personalized,2026-08-10,2026-10-04,8,3,Upper Lower,75,Linear Progression,30,10,Auto-Regulated,Draft,User,jupyter-full-rebuild-v1.0,1.0,15,"Generated from U000248 using goal, level, schedule, available_equipment, priority/avoidance and safety constraints.","Respect avoided exercises/muscles, recovery capacity, and pain signals.",2026-08-10T08:30,2026-08-10T08:30
PLAN000249,U000249,dat249,Mobility and Flexibility,General Fitness,Advanced,8-Week Mobility and Flexibility - Chest Back Legs,Personalized,2026-08-10,2026-10-04,8,3,Chest Back Legs,75,Linear Progression,24,8,Auto-Regulated,Draft,AI,jupyter-full-rebuild-v1.0,1.0,12,"Generated from U000249 using goal, level, schedule, available_equipment, priority/avoidance and safety constraints.","Respect avoided exercises/muscles, recovery capacity, and pain signals.",2026-08-10T08:30,2026-08-10T08:30
PLAN000250,U000250,nam250,Muscular Endurance,Rehabilitation and Joint Health,Beginner,8-Week Muscular Endurance - Auto,Personalized,2026-08-10,2026-10-04,8,2,Push Pull Legs,45,Auto,20,10,Auto-Regulated,Draft,Hybrid,jupyter-full-rebuild-v1.0,1.0,10,"Generated from U000250 using goal, level, schedule, available_equipment, priority/avoidance and safety constraints.","Respect avoided exercises/muscles, recovery capacity, and pain signals.",2026-08-10T08:30,2026-08-10T08:30
PLAN000251,U000251,mai251,Muscle Gain,Muscular Endurance,Advanced,8-Week Muscle Gain - Auto,Personalized,2026-08-10,2026-10-04,8,3,Chest Back Legs,45,Linear Progression,45,15,Auto-Regulated,Draft,Coach,jupyter-full-rebuild-v1.0,1.0,15,"Generated from U000251 using goal, level, schedule, available_equipment, priority/avoidance and safety constraints.","Respect avoided exercises/muscles, recovery capacity, and pain signals.",2026-08-10T08:30,2026-08-10T08:30
PLAN000252,U000252,khoa252,Rehabilitation and Joint Health,Muscle Gain,Intermediate,8-Week Rehabilitation and Joint Health - Auto,Personalized,2026-08-10,2026-10-04,8,4,Auto,75,Linear Progression,16,4,Auto-Regulated,Draft,User,jupyter-full-rebuild-v1.0,1.0,8,"Generated from U000252 using goal, level, schedule, available_equipment, priority/avoidance and safety constraints.",Medical clearance required before activation; keep exercise selection conservative and pain-free.,2026-08-10T08:30,2026-08-10T08:30
PLAN000253,U000253,lan253,Fat Loss,Athletic Performance,Advanced,8-Week Fat Loss - Auto,Personalized,2026-08-10,2026-10-04,8,5,Push Pull Legs,75,Linear Progression,70,14,Auto-Regulated,Draft,AI,jupyter-full-rebuild-v1.0,1.0,35,"Generated from U000253 using goal, level, schedule, available_equipment, priority/avoidance and safety constraints.","Respect avoided exercises/muscles, recovery capacity, and pain signals.",2026-08-10T08:30,2026-08-10T08:30
PLAN000254,U000254,hoang254,General Fitness,Strength,Intermediate,8-Week General Fitness - Auto,Personalized,2026-08-10,2026-10-04,8,2,Push Pull Legs,60,Auto,24,12,Auto-Regulated,Draft,Hybrid,jupyter-full-rebuild-v1.0,1.0,12,"Generated from U000254 using goal, level, schedule, available_equipment, priority/avoidance and safety constraints.","Respect avoided exercises/muscles, recovery capacity, and pain signals.",2026-08-10T08:30,2026-08-10T08:30
PLAN000255,U000255,anh255,Muscular Endurance,General Fitness,Advanced,8-Week Muscular Endurance - Auto,Personalized,2026-08-10,2026-10-04,8,2,Upper Lower,90,RPE-Based,8,4,Auto-Regulated,Draft,Coach,jupyter-full-rebuild-v1.0,1.0,4,"Generated from U000255 using goal, level, schedule, available_equipment, priority/avoidance and safety constraints.",Medical clearance required before activation; keep exercise selection conservative and pain-free.,2026-08-10T08:30,2026-08-10T08:30
PLAN000256,U000256,tuan256,Rehabilitation and Joint Health,Muscular Endurance,Advanced,8-Week Rehabilitation and Joint Health - Auto,Personalized,2026-08-10,2026-10-04,8,6,Auto,75,Double Progression,84,14,Auto-Regulated,Draft,User,jupyter-full-rebuild-v1.0,1.0,42,"Generated from U000256 using goal, level, schedule, available_equipment, priority/avoidance and safety constraints.","Respect avoided exercises/muscles, recovery capacity, and pain signals.",2026-08-10T08:30,2026-08-10T08:30
PLAN000257,U000257,viet257,Strength,Mobility and Flexibility,Advanced,8-Week Strength - Auto,Personalized,2026-08-10,2026-10-04,8,3,Auto,60,Double Progression,46,15.33,Auto-Regulated,Draft,AI,jupyter-full-rebuild-v1.0,1.0,18,"Generated from U000257 using goal, level, schedule, available_equipment, priority/avoidance and safety constraints.","Respect avoided exercises/muscles, recovery capacity, and pain signals.",2026-08-10T08:30,2026-08-10T08:30
PLAN000258,U000258,viet258,Muscular Endurance,Rehabilitation and Joint Health,Intermediate,8-Week Muscular Endurance - Body Part Split,Personalized,2026-08-10,2026-10-04,8,5,Body Part Split,75,RPE-Based,38,7.6,Auto-Regulated,Draft,Hybrid,jupyter-full-rebuild-v1.0,1.0,19,"Generated from U000258 using goal, level, schedule, available_equipment, priority/avoidance and safety constraints.","Respect avoided exercises/muscles, recovery capacity, and pain signals.",2026-08-10T08:30,2026-08-10T08:30
PLAN000259,U000259,viet259,Rehabilitation and Joint Health,General Fitness,Beginner,8-Week Rehabilitation and Joint Health - Auto,Personalized,2026-08-10,2026-10-04,8,2,Push Pull Legs,90,Auto,12,6,Auto-Regulated,Draft,Coach,jupyter-full-rebuild-v1.0,1.0,6,"Generated from U000259 using goal, level, schedule, available_equipment, priority/avoidance and safety constraints.","Respect avoided exercises/muscles, recovery capacity, and pain signals.",2026-08-10T08:30,2026-08-10T08:30
PLAN000260,U000260,phong260,Fat Loss,Mobility and Flexibility,Intermediate,8-Week Fat Loss - Body Part Split,Personalized,2026-08-10,2026-10-04,8,3,Body Part Split,75,Double Progression,12,4,Auto-Regulated,Draft,User,jupyter-full-rebuild-v1.0,1.0,6,"Generated from U000260 using goal, level, schedule, available_equipment, priority/avoidance and safety constraints.","Respect avoided exercises/muscles, recovery capacity, and pain signals.",2026-08-10T08:30,2026-08-10T08:30
PLAN000261,U000261,thanh261,Rehabilitation and Joint Health,Athletic Performance,Advanced,8-Week Rehabilitation and Joint Health - Auto,Personalized,2026-08-10,2026-10-04,8,5,Upper Lower,90,Linear Progression,10,2,Auto-Regulated,Draft,AI,jupyter-full-rebuild-v1.0,1.0,5,"Generated from U000261 using goal, level, schedule, available_equipment, priority/avoidance and safety constraints.","Respect avoided exercises/muscles, recovery capacity, and pain signals.",2026-08-10T08:30,2026-08-10T08:30
PLAN000262,U000262,lan262,Athletic Performance,Muscle Gain,Intermediate,8-Week Athletic Performance - Auto,Personalized,2026-08-10,2026-10-04,8,5,Chest Back Legs,75,Double Progression,39,7.8,Auto-Regulated,Draft,Hybrid,jupyter-full-rebuild-v1.0,1.0,15,"Generated from U000262 using goal, level, schedule, available_equipment, priority/avoidance and safety constraints.","Respect avoided exercises/muscles, recovery capacity, and pain signals.",2026-08-10T08:30,2026-08-10T08:30
PLAN000263,U000263,mai263,Strength,Mobility and Flexibility,Advanced,8-Week Strength - Body Part Split,Personalized,2026-08-10,2026-10-04,8,6,Body Part Split,60,Double Progression,89,14.83,Auto-Regulated,Draft,Coach,jupyter-full-rebuild-v1.0,1.0,35,"Generated from U000263 using goal, level, schedule, available_equipment, priority/avoidance and safety constraints.","Respect avoided exercises/muscles, recovery capacity, and pain signals.",2026-08-10T08:30,2026-08-10T08:30
PLAN000264,U000264,dat264,Rehabilitation and Joint Health,Mobility and Flexibility,Advanced,8-Week Rehabilitation and Joint Health - Auto,Personalized,2026-08-10,2026-10-04,8,3,Upper Lower,60,RPE-Based,36,12,Auto-Regulated,Draft,User,jupyter-full-rebuild-v1.0,1.0,18,"Generated from U000264 using goal, level, schedule, available_equipment, priority/avoidance and safety constraints.","Respect avoided exercises/muscles, recovery capacity, and pain signals.",2026-08-10T08:30,2026-08-10T08:30
PLAN000265,U000265,thanh265,Muscle Gain,Athletic Performance,Intermediate,8-Week Muscle Gain - Body Part Split,Personalized,2026-08-10,2026-10-04,8,3,Body Part Split,45,Double Progression,36,12,Auto-Regulated,Draft,AI,jupyter-full-rebuild-v1.0,1.0,12,"Generated from U000265 using goal, level, schedule, available_equipment, priority/avoidance and safety constraints.","Respect avoided exercises/muscles, recovery capacity, and pain signals.",2026-08-10T08:30,2026-08-10T08:30
PLAN000266,U000266,huy266,Athletic Performance,Rehabilitation and Joint Health,Beginner,8-Week Athletic Performance - Auto,Personalized,2026-08-10,2026-10-04,8,4,Chest Back Legs,90,Auto,60,15,Auto-Regulated,Draft,Hybrid,jupyter-full-rebuild-v1.0,1.0,32,"Generated from U000266 using goal, level, schedule, available_equipment, priority/avoidance and safety constraints.",Medical clearance required before activation; keep exercise selection conservative and pain-free.,2026-08-10T08:30,2026-08-10T08:30
PLAN000267,U000267,huong267,General Fitness,Strength,Beginner,8-Week General Fitness - Auto,Personalized,2026-08-10,2026-10-04,8,4,Body Part Split,45,RPE-Based,8,2,Auto-Regulated,Draft,Coach,jupyter-full-rebuild-v1.0,1.0,4,"Generated from U000267 using goal, level, schedule, available_equipment, priority/avoidance and safety constraints.","Respect avoided exercises/muscles, recovery capacity, and pain signals.",2026-08-10T08:30,2026-08-10T08:30
PLAN000268,U000268,huong268,Muscular Endurance,Athletic Performance,Intermediate,8-Week Muscular Endurance - Push Pull Legs,Personalized,2026-08-10,2026-10-04,8,6,Push Pull Legs,75,Auto,56,9.33,Auto-Regulated,Draft,User,jupyter-full-rebuild-v1.0,1.0,28,"Generated from U000268 using goal, level, schedule, available_equipment, priority/avoidance and safety constraints.","Respect avoided exercises/muscles, recovery capacity, and pain signals.",2026-08-10T08:30,2026-08-10T08:30
PLAN000269,U000269,mai269,Fat Loss,Muscle Gain,Beginner,8-Week Fat Loss - Auto,Personalized,2026-08-10,2026-10-04,8,4,Auto,45,RPE-Based,40,10,Auto-Regulated,Draft,AI,jupyter-full-rebuild-v1.0,1.0,20,"Generated from U000269 using goal, level, schedule, available_equipment, priority/avoidance and safety constraints.",Medical clearance required before activation; keep exercise selection conservative and pain-free.,2026-08-10T08:30,2026-08-10T08:30
PLAN000270,U000270,huy270,Mobility and Flexibility,Athletic Performance,Intermediate,8-Week Mobility and Flexibility - Auto,Personalized,2026-08-10,2026-10-04,8,4,Chest Back Legs,90,Double Progression,8,2,Auto-Regulated,Draft,Hybrid,jupyter-full-rebuild-v1.0,1.0,4,"Generated from U000270 using goal, level, schedule, available_equipment, priority/avoidance and safety constraints.","Respect avoided exercises/muscles, recovery capacity, and pain signals.",2026-08-10T08:30,2026-08-10T08:30
PLAN000271,U000271,quang271,General Fitness,Muscular Endurance,Advanced,8-Week General Fitness - Auto,Personalized,2026-08-10,2026-10-04,8,6,Push Pull Legs,90,RPE-Based,12,2,Auto-Regulated,Draft,Coach,jupyter-full-rebuild-v1.0,1.0,6,"Generated from U000271 using goal, level, schedule, available_equipment, priority/avoidance and safety constraints.","Respect avoided exercises/muscles, recovery capacity, and pain signals.",2026-08-10T08:30,2026-08-10T08:30
PLAN000272,U000272,viet272,Strength,General Fitness,Advanced,8-Week Strength - Push Pull Legs,Personalized,2026-08-10,2026-10-04,8,6,Push Pull Legs,60,Auto,73,12.17,Auto-Regulated,Draft,User,jupyter-full-rebuild-v1.0,1.0,26,"Generated from U000272 using goal, level, schedule, available_equipment, priority/avoidance and safety constraints.","Respect avoided exercises/muscles, recovery capacity, and pain signals.",2026-08-10T08:30,2026-08-10T08:30
PLAN000273,U000273,huy273,Rehabilitation and Joint Health,Muscular Endurance,Advanced,8-Week Rehabilitation and Joint Health - Auto,Personalized,2026-08-10,2026-10-04,8,6,Auto,45,RPE-Based,36,6,Auto-Regulated,Draft,AI,jupyter-full-rebuild-v1.0,1.0,18,"Generated from U000273 using goal, level, schedule, available_equipment, priority/avoidance and safety constraints.","Respect avoided exercises/muscles, recovery capacity, and pain signals.",2026-08-10T08:30,2026-08-10T08:30
PLAN000274,U000274,minh274,Rehabilitation and Joint Health,Strength,Intermediate,8-Week Rehabilitation and Joint Health - Chest Back Legs,Personalized,2026-08-10,2026-10-04,8,3,Chest Back Legs,75,Auto,12,4,Auto-Regulated,Draft,Hybrid,jupyter-full-rebuild-v1.0,1.0,6,"Generated from U000274 using goal, level, schedule, available_equipment, priority/avoidance and safety constraints.","Respect avoided exercises/muscles, recovery capacity, and pain signals.",2026-08-10T08:30,2026-08-10T08:30
PLAN000275,U000275,bao275,General Fitness,Muscular Endurance,Intermediate,8-Week General Fitness - Body Part Split,Personalized,2026-08-10,2026-10-04,8,4,Body Part Split,45,RPE-Based,28,7,Auto-Regulated,Draft,Coach,jupyter-full-rebuild-v1.0,1.0,14,"Generated from U000275 using goal, level, schedule, available_equipment, priority/avoidance and safety constraints.","Respect avoided exercises/muscles, recovery capacity, and pain signals.",2026-08-10T08:30,2026-08-10T08:30
PLAN000276,U000276,bao276,Muscular Endurance,Fat Loss,Intermediate,8-Week Muscular Endurance - Auto,Personalized,2026-08-10,2026-10-04,8,4,Auto,75,RPE-Based,24,6,Auto-Regulated,Draft,User,jupyter-full-rebuild-v1.0,1.0,12,"Generated from U000276 using goal, level, schedule, available_equipment, priority/avoidance and safety constraints.","Respect avoided exercises/muscles, recovery capacity, and pain signals.",2026-08-10T08:30,2026-08-10T08:30
PLAN000277,U000277,phong277,Athletic Performance,Muscle Gain,Intermediate,8-Week Athletic Performance - Body Part Split,Personalized,2026-08-10,2026-10-04,8,4,Body Part Split,75,Linear Progression,54,13.5,Auto-Regulated,Draft,AI,jupyter-full-rebuild-v1.0,1.0,21,"Generated from U000277 using goal, level, schedule, available_equipment, priority/avoidance and safety constraints.","Respect avoided exercises/muscles, recovery capacity, and pain signals.",2026-08-10T08:30,2026-08-10T08:30
PLAN000278,U000278,son278,Athletic Performance,Muscle Gain,Intermediate,8-Week Athletic Performance - Auto,Personalized,2026-08-10,2026-10-04,8,5,Auto,75,Auto,78,15.6,Auto-Regulated,Draft,Hybrid,jupyter-full-rebuild-v1.0,1.0,35,"Generated from U000278 using goal, level, schedule, available_equipment, priority/avoidance and safety constraints.","Respect avoided exercises/muscles, recovery capacity, and pain signals.",2026-08-10T08:30,2026-08-10T08:30
PLAN000279,U000279,huong279,Fat Loss,Strength,Advanced,8-Week Fat Loss - Auto,Personalized,2026-08-10,2026-10-04,8,3,Chest Back Legs,75,Auto,42,14,Auto-Regulated,Draft,Coach,jupyter-full-rebuild-v1.0,1.0,21,"Generated from U000279 using goal, level, schedule, available_equipment, priority/avoidance and safety constraints.","Respect avoided exercises/muscles, recovery capacity, and pain signals.",2026-08-10T08:30,2026-08-10T08:30
PLAN000280,U000280,khoa280,General Fitness,Muscle Gain,Beginner,8-Week General Fitness - Auto,Personalized,2026-08-10,2026-10-04,8,4,Auto,60,Auto,48,12,Auto-Regulated,Draft,User,jupyter-full-rebuild-v1.0,1.0,24,"Generated from U000280 using goal, level, schedule, available_equipment, priority/avoidance and safety constraints.","Respect avoided exercises/muscles, recovery capacity, and pain signals.",2026-08-10T08:30,2026-08-10T08:30
PLAN000281,U000281,anh281,Muscle Gain,Fat Loss,Beginner,8-Week Muscle Gain - Auto,Personalized,2026-08-10,2026-10-04,8,6,Upper Lower,60,Linear Progression,30,5,Auto-Regulated,Draft,AI,jupyter-full-rebuild-v1.0,1.0,12,"Generated from U000281 using goal, level, schedule, available_equipment, priority/avoidance and safety constraints.","Respect avoided exercises/muscles, recovery capacity, and pain signals.",2026-08-10T08:30,2026-08-10T08:30
PLAN000282,U000282,minh282,Mobility and Flexibility,Fat Loss,Beginner,8-Week Mobility and Flexibility - Upper Lower,Personalized,2026-08-10,2026-10-04,8,2,Upper Lower,60,Double Progression,24,12,Auto-Regulated,Draft,Hybrid,jupyter-full-rebuild-v1.0,1.0,12,"Generated from U000282 using goal, level, schedule, available_equipment, priority/avoidance and safety constraints.","Respect avoided exercises/muscles, recovery capacity, and pain signals.",2026-08-10T08:30,2026-08-10T08:30
PLAN000283,U000283,dat283,Rehabilitation and Joint Health,Fat Loss,Advanced,8-Week Rehabilitation and Joint Health - Auto,Personalized,2026-08-10,2026-10-04,8,5,Auto,60,Linear Progression,40,8,Auto-Regulated,Draft,Coach,jupyter-full-rebuild-v1.0,1.0,20,"Generated from U000283 using goal, level, schedule, available_equipment, priority/avoidance and safety constraints.","Respect avoided exercises/muscles, recovery capacity, and pain signals.",2026-08-10T08:30,2026-08-10T08:30
PLAN000284,U000284,anh284,Muscle Gain,Strength,Intermediate,8-Week Muscle Gain - Auto,Personalized,2026-08-10,2026-10-04,8,2,Upper Lower,60,Double Progression,6,3,Auto-Regulated,Draft,User,jupyter-full-rebuild-v1.0,1.0,2,"Generated from U000284 using goal, level, schedule, available_equipment, priority/avoidance and safety constraints.","Respect avoided exercises/muscles, recovery capacity, and pain signals.",2026-08-10T08:30,2026-08-10T08:30
PLAN000285,U000285,dat285,Muscular Endurance,Athletic Performance,Advanced,8-Week Muscular Endurance - Auto,Personalized,2026-08-10,2026-10-04,8,4,Upper Lower,75,Linear Progression,56,14,Auto-Regulated,Draft,AI,jupyter-full-rebuild-v1.0,1.0,28,"Generated from U000285 using goal, level, schedule, available_equipment, priority/avoidance and safety constraints.","Respect avoided exercises/muscles, recovery capacity, and pain signals.",2026-08-10T08:30,2026-08-10T08:30
PLAN000286,U000286,phong286,Muscle Gain,Muscular Endurance,Intermediate,8-Week Muscle Gain - Auto,Personalized,2026-08-10,2026-10-04,8,2,Chest Back Legs,90,RPE-Based,48,24,Auto-Regulated,Draft,Hybrid,jupyter-full-rebuild-v1.0,1.0,16,"Generated from U000286 using goal, level, schedule, available_equipment, priority/avoidance and safety constraints.","Respect avoided exercises/muscles, recovery capacity, and pain signals.",2026-08-10T08:30,2026-08-10T08:30
PLAN000287,U000287,mai287,General Fitness,Muscular Endurance,Intermediate,8-Week General Fitness - Auto,Personalized,2026-08-10,2026-10-04,8,2,Chest Back Legs,60,Double Progression,4,2,Auto-Regulated,Draft,Coach,jupyter-full-rebuild-v1.0,1.0,2,"Generated from U000287 using goal, level, schedule, available_equipment, priority/avoidance and safety constraints.","Respect avoided exercises/muscles, recovery capacity, and pain signals.",2026-08-10T08:30,2026-08-10T08:30
PLAN000288,U000288,ha288,Mobility and Flexibility,Muscular Endurance,Beginner,8-Week Mobility and Flexibility - Body Part Split,Personalized,2026-08-10,2026-10-04,8,2,Body Part Split,75,Linear Progression,14,7,Auto-Regulated,Draft,User,jupyter-full-rebuild-v1.0,1.0,7,"Generated from U000288 using goal, level, schedule, available_equipment, priority/avoidance and safety constraints.","Respect avoided exercises/muscles, recovery capacity, and pain signals.",2026-08-10T08:30,2026-08-10T08:30
PLAN000289,U000289,ngoc289,Rehabilitation and Joint Health,Muscle Gain,Beginner,8-Week Rehabilitation and Joint Health - Push Pull Legs,Personalized,2026-08-10,2026-10-04,8,5,Push Pull Legs,60,Double Progression,40,8,Auto-Regulated,Draft,AI,jupyter-full-rebuild-v1.0,1.0,20,"Generated from U000289 using goal, level, schedule, available_equipment, priority/avoidance and safety constraints.",Medical clearance required before activation; keep exercise selection conservative and pain-free.,2026-08-10T08:30,2026-08-10T08:30
PLAN000290,U000290,phuong290,Athletic Performance,Strength,Intermediate,8-Week Athletic Performance - Auto,Personalized,2026-08-10,2026-10-04,8,3,Auto,75,Linear Progression,55,18.33,Auto-Regulated,Draft,Hybrid,jupyter-full-rebuild-v1.0,1.0,21,"Generated from U000290 using goal, level, schedule, available_equipment, priority/avoidance and safety constraints.","Respect avoided exercises/muscles, recovery capacity, and pain signals.",2026-08-10T08:30,2026-08-10T08:30
PLAN000291,U000291,long291,Strength,Rehabilitation and Joint Health,Advanced,8-Week Strength - Auto,Personalized,2026-08-10,2026-10-04,8,3,Chest Back Legs,45,Double Progression,38,12.67,Auto-Regulated,Draft,Coach,jupyter-full-rebuild-v1.0,1.0,15,"Generated from U000291 using goal, level, schedule, available_equipment, priority/avoidance and safety constraints.","Respect avoided exercises/muscles, recovery capacity, and pain signals.",2026-08-10T08:30,2026-08-10T08:30
PLAN000292,U000292,lan292,General Fitness,Muscular Endurance,Beginner,8-Week General Fitness - Auto,Personalized,2026-08-10,2026-10-04,8,5,Auto,75,Linear Progression,36,7.2,Auto-Regulated,Draft,User,jupyter-full-rebuild-v1.0,1.0,25,"Generated from U000292 using goal, level, schedule, available_equipment, priority/avoidance and safety constraints.","Respect avoided exercises/muscles, recovery capacity, and pain signals.",2026-08-10T08:30,2026-08-10T08:30
PLAN000293,U000293,tuan293,Muscle Gain,General Fitness,Beginner,8-Week Muscle Gain - Auto,Personalized,2026-08-10,2026-10-04,8,4,Push Pull Legs,75,Double Progression,62,15.5,Auto-Regulated,Draft,AI,jupyter-full-rebuild-v1.0,1.0,28,"Generated from U000293 using goal, level, schedule, available_equipment, priority/avoidance and safety constraints.","Respect avoided exercises/muscles, recovery capacity, and pain signals.",2026-08-10T08:30,2026-08-10T08:30
PLAN000294,U000294,ha294,Mobility and Flexibility,General Fitness,Advanced,8-Week Mobility and Flexibility - Body Part Split,Personalized,2026-08-10,2026-10-04,8,4,Body Part Split,45,RPE-Based,28,7,Auto-Regulated,Draft,Hybrid,jupyter-full-rebuild-v1.0,1.0,14,"Generated from U000294 using goal, level, schedule, available_equipment, priority/avoidance and safety constraints.","Respect avoided exercises/muscles, recovery capacity, and pain signals.",2026-08-10T08:30,2026-08-10T08:30
PLAN000295,U000295,son295,Mobility and Flexibility,Strength,Intermediate,8-Week Mobility and Flexibility - Auto,Personalized,2026-08-10,2026-10-04,8,4,Upper Lower,60,Linear Progression,48,12,Auto-Regulated,Draft,Coach,jupyter-full-rebuild-v1.0,1.0,24,"Generated from U000295 using goal, level, schedule, available_equipment, priority/avoidance and safety constraints.","Respect avoided exercises/muscles, recovery capacity, and pain signals.",2026-08-10T08:30,2026-08-10T08:30
PLAN000296,U000296,mai296,Muscular Endurance,General Fitness,Beginner,8-Week Muscular Endurance - Auto,Personalized,2026-08-10,2026-10-04,8,3,Upper Lower,75,Auto,42,14,Auto-Regulated,Draft,User,jupyter-full-rebuild-v1.0,1.0,21,"Generated from U000296 using goal, level, schedule, available_equipment, priority/avoidance and safety constraints.","Respect avoided exercises/muscles, recovery capacity, and pain signals.",2026-08-10T08:30,2026-08-10T08:30
PLAN000297,U000297,long297,Mobility and Flexibility,Strength,Advanced,8-Week Mobility and Flexibility - Auto,Personalized,2026-08-10,2026-10-04,8,6,Auto,45,Auto,60,10,Auto-Regulated,Draft,AI,jupyter-full-rebuild-v1.0,1.0,30,"Generated from U000297 using goal, level, schedule, available_equipment, priority/avoidance and safety constraints.","Respect avoided exercises/muscles, recovery capacity, and pain signals.",2026-08-10T08:30,2026-08-10T08:30
PLAN000298,U000298,lan298,Rehabilitation and Joint Health,Fat Loss,Intermediate,8-Week Rehabilitation and Joint Health - Body Part Split,Personalized,2026-08-10,2026-10-04,8,5,Body Part Split,60,Linear Progression,38,7.6,Auto-Regulated,Draft,Hybrid,jupyter-full-rebuild-v1.0,1.0,19,"Generated from U000298 using goal, level, schedule, available_equipment, priority/avoidance and safety constraints.","Respect avoided exercises/muscles, recovery capacity, and pain signals.",2026-08-10T08:30,2026-08-10T08:30
PLAN000299,U000299,dung299,Muscle Gain,Mobility and Flexibility,Advanced,8-Week Muscle Gain - Auto,Personalized,2026-08-10,2026-10-04,8,5,Push Pull Legs,90,RPE-Based,120,24,Auto-Regulated,Draft,Coach,jupyter-full-rebuild-v1.0,1.0,40,"Generated from U000299 using goal, level, schedule, available_equipment, priority/avoidance and safety constraints.","Respect avoided exercises/muscles, recovery capacity, and pain signals.",2026-08-10T08:30,2026-08-10T08:30
PLAN000300,U000300,thanh300,Fat Loss,Muscular Endurance,Advanced,8-Week Fat Loss - Auto,Personalized,2026-08-10,2026-10-04,8,6,Push Pull Legs,45,Double Progression,60,10,Auto-Regulated,Draft,User,jupyter-full-rebuild-v1.0,1.0,30,"Generated from U000300 using goal, level, schedule, available_equipment, priority/avoidance and safety constraints.","Respect avoided exercises/muscles, recovery capacity, and pain signals.",2026-08-10T08:30,2026-08-10T08:30
PLAN000301,U000301,son301,Muscle Gain,General Fitness,Intermediate,8-Week Muscle Gain - Full Body,Personalized,2026-08-10,2026-10-04,8,3,Full Body,60,RPE-Based,63,21,Auto-Regulated,Draft,AI,jupyter-full-rebuild-v1.0,1.0,21,"Generated from U000301 using goal, level, schedule, available_equipment, priority/avoidance and safety constraints.","Respect avoided exercises/muscles, recovery capacity, and pain signals.",2026-08-10T08:30,2026-08-10T08:30
PLAN000302,U000302,phuong302,Rehabilitation and Joint Health,Muscle Gain,Intermediate,8-Week Rehabilitation and Joint Health - Chest Back Legs,Personalized,2026-08-10,2026-10-04,8,3,Chest Back Legs,90,Auto,8,2.67,Auto-Regulated,Draft,Hybrid,jupyter-full-rebuild-v1.0,1.0,4,"Generated from U000302 using goal, level, schedule, available_equipment, priority/avoidance and safety constraints.","Respect avoided exercises/muscles, recovery capacity, and pain signals.",2026-08-10T08:30,2026-08-10T08:30
PLAN000303,U000303,tuan303,Muscle Gain,Fat Loss,Advanced,8-Week Muscle Gain - Auto,Personalized,2026-08-10,2026-10-04,8,2,Chest Back Legs,75,Linear Progression,24,12,Auto-Regulated,Draft,Coach,jupyter-full-rebuild-v1.0,1.0,8,"Generated from U000303 using goal, level, schedule, available_equipment, priority/avoidance and safety constraints.","Respect avoided exercises/muscles, recovery capacity, and pain signals.",2026-08-10T08:30,2026-08-10T08:30
PLAN000304,U000304,khoa304,Athletic Performance,General Fitness,Advanced,8-Week Athletic Performance - Auto,Personalized,2026-08-10,2026-10-04,8,6,Auto,45,Auto,78,13,Auto-Regulated,Draft,User,jupyter-full-rebuild-v1.0,1.0,30,"Generated from U000304 using goal, level, schedule, available_equipment, priority/avoidance and safety constraints.","Respect avoided exercises/muscles, recovery capacity, and pain signals.",2026-08-10T08:30,2026-08-10T08:30
PLAN000305,U000305,khoa305,General Fitness,Rehabilitation and Joint Health,Beginner,8-Week General Fitness - Auto,Personalized,2026-08-10,2026-10-04,8,6,Push Pull Legs,45,Linear Progression,54,9,Auto-Regulated,Draft,AI,jupyter-full-rebuild-v1.0,1.0,30,"Generated from U000305 using goal, level, schedule, available_equipment, priority/avoidance and safety constraints.","Respect avoided exercises/muscles, recovery capacity, and pain signals.",2026-08-10T08:30,2026-08-10T08:30
PLAN000306,U000306,phuong306,Muscular Endurance,Athletic Performance,Advanced,8-Week Muscular Endurance - Auto,Personalized,2026-08-10,2026-10-04,8,2,Auto,90,Auto,8,4,Auto-Regulated,Draft,Hybrid,jupyter-full-rebuild-v1.0,1.0,4,"Generated from U000306 using goal, level, schedule, available_equipment, priority/avoidance and safety constraints.","Respect avoided exercises/muscles, recovery capacity, and pain signals.",2026-08-10T08:30,2026-08-10T08:30
PLAN000307,U000307,linh307,Muscular Endurance,Strength,Intermediate,8-Week Muscular Endurance - Auto,Personalized,2026-08-10,2026-10-04,8,4,Auto,60,Auto,48,12,Auto-Regulated,Draft,Coach,jupyter-full-rebuild-v1.0,1.0,24,"Generated from U000307 using goal, level, schedule, available_equipment, priority/avoidance and safety constraints.","Respect avoided exercises/muscles, recovery capacity, and pain signals.",2026-08-10T08:30,2026-08-10T08:30
PLAN000308,U000308,trang308,General Fitness,Rehabilitation and Joint Health,Advanced,8-Week General Fitness - Upper Lower,Personalized,2026-08-10,2026-10-04,8,3,Upper Lower,90,RPE-Based,48,16,Auto-Regulated,Draft,User,jupyter-full-rebuild-v1.0,1.0,24,"Generated from U000308 using goal, level, schedule, available_equipment, priority/avoidance and safety constraints.","Respect avoided exercises/muscles, recovery capacity, and pain signals.",2026-08-10T08:30,2026-08-10T08:30
PLAN000309,U000309,trang309,General Fitness,Mobility and Flexibility,Intermediate,8-Week General Fitness - Auto,Personalized,2026-08-10,2026-10-04,8,6,Upper Lower,90,Double Progression,88,14.67,Auto-Regulated,Draft,AI,jupyter-full-rebuild-v1.0,1.0,48,"Generated from U000309 using goal, level, schedule, available_equipment, priority/avoidance and safety constraints.","Respect avoided exercises/muscles, recovery capacity, and pain signals.",2026-08-10T08:30,2026-08-10T08:30
PLAN000310,U000310,linh310,Athletic Performance,Strength,Intermediate,8-Week Athletic Performance - Auto,Personalized,2026-08-10,2026-10-04,8,2,Upper Lower,60,Double Progression,10,5,Auto-Regulated,Draft,Hybrid,jupyter-full-rebuild-v1.0,1.0,4,"Generated from U000310 using goal, level, schedule, available_equipment, priority/avoidance and safety constraints.","Respect avoided exercises/muscles, recovery capacity, and pain signals.",2026-08-10T08:30,2026-08-10T08:30
PLAN000311,U000311,lan311,Athletic Performance,Mobility and Flexibility,Beginner,8-Week Athletic Performance - Body Part Split,Personalized,2026-08-10,2026-10-04,8,2,Body Part Split,45,Auto,16,8,Auto-Regulated,Draft,Coach,jupyter-full-rebuild-v1.0,1.0,6,"Generated from U000311 using goal, level, schedule, available_equipment, priority/avoidance and safety constraints.","Respect avoided exercises/muscles, recovery capacity, and pain signals.",2026-08-10T08:30,2026-08-10T08:30
PLAN000312,U000312,hoang312,Athletic Performance,Muscular Endurance,Beginner,8-Week Athletic Performance - Auto,Personalized,2026-08-10,2026-10-04,8,4,Auto,90,Linear Progression,36,9,Auto-Regulated,Draft,User,jupyter-full-rebuild-v1.0,1.0,16,"Generated from U000312 using goal, level, schedule, available_equipment, priority/avoidance and safety constraints.","Respect avoided exercises/muscles, recovery capacity, and pain signals.",2026-08-10T08:30,2026-08-10T08:30
PLAN000313,U000313,dat313,Mobility and Flexibility,General Fitness,Intermediate,8-Week Mobility and Flexibility - Auto,Personalized,2026-08-10,2026-10-04,8,3,Chest Back Legs,60,Auto,10,3.33,Auto-Regulated,Draft,AI,jupyter-full-rebuild-v1.0,1.0,6,"Generated from U000313 using goal, level, schedule, available_equipment, priority/avoidance and safety constraints.","Respect avoided exercises/muscles, recovery capacity, and pain signals.",2026-08-10T08:30,2026-08-10T08:30
PLAN000314,U000314,dat314,Muscle Gain,General Fitness,Advanced,8-Week Muscle Gain - Push Pull Legs,Personalized,2026-08-10,2026-10-04,8,3,Push Pull Legs,90,Linear Progression,45,15,Auto-Regulated,Draft,Hybrid,jupyter-full-rebuild-v1.0,1.0,15,"Generated from U000314 using goal, level, schedule, available_equipment, priority/avoidance and safety constraints.","Respect avoided exercises/muscles, recovery capacity, and pain signals.",2026-08-10T08:30,2026-08-10T08:30
PLAN000315,U000315,huong315,Athletic Performance,Mobility and Flexibility,Advanced,8-Week Athletic Performance - Full Body,Personalized,2026-08-10,2026-10-04,8,2,Full Body,90,Linear Progression,43,21.5,Auto-Regulated,Draft,Coach,jupyter-full-rebuild-v1.0,1.0,16,"Generated from U000315 using goal, level, schedule, available_equipment, priority/avoidance and safety constraints.","Respect avoided exercises/muscles, recovery capacity, and pain signals.",2026-08-10T08:30,2026-08-10T08:30
PLAN000316,U000316,minh316,Muscular Endurance,Fat Loss,Advanced,8-Week Muscular Endurance - Auto,Personalized,2026-08-10,2026-10-04,8,5,Auto,60,Linear Progression,60,12,Auto-Regulated,Draft,User,jupyter-full-rebuild-v1.0,1.0,30,"Generated from U000316 using goal, level, schedule, available_equipment, priority/avoidance and safety constraints.","Respect avoided exercises/muscles, recovery capacity, and pain signals.",2026-08-10T08:30,2026-08-10T08:30
PLAN000317,U000317,trang317,Rehabilitation and Joint Health,Muscle Gain,Beginner,8-Week Rehabilitation and Joint Health - Auto,Personalized,2026-08-10,2026-10-04,8,4,Chest Back Legs,75,Auto,8,2,Auto-Regulated,Draft,AI,jupyter-full-rebuild-v1.0,1.0,4,"Generated from U000317 using goal, level, schedule, available_equipment, priority/avoidance and safety constraints.","Respect avoided exercises/muscles, recovery capacity, and pain signals.",2026-08-10T08:30,2026-08-10T08:30
PLAN000318,U000318,trang318,Fat Loss,Strength,Intermediate,8-Week Fat Loss - Auto,Personalized,2026-08-10,2026-10-04,8,6,Auto,75,Double Progression,78,13,Auto-Regulated,Draft,Hybrid,jupyter-full-rebuild-v1.0,1.0,42,"Generated from U000318 using goal, level, schedule, available_equipment, priority/avoidance and safety constraints.","Respect avoided exercises/muscles, recovery capacity, and pain signals.",2026-08-10T08:30,2026-08-10T08:30
PLAN000319,U000319,lan319,Strength,Rehabilitation and Joint Health,Beginner,8-Week Strength - Auto,Personalized,2026-08-10,2026-10-04,8,5,Auto,60,RPE-Based,58,11.6,Auto-Regulated,Draft,Coach,jupyter-full-rebuild-v1.0,1.0,25,"Generated from U000319 using goal, level, schedule, available_equipment, priority/avoidance and safety constraints.","Respect avoided exercises/muscles, recovery capacity, and pain signals.",2026-08-10T08:30,2026-08-10T08:30
PLAN000320,U000320,long320,Mobility and Flexibility,Rehabilitation and Joint Health,Advanced,8-Week Mobility and Flexibility - Auto,Personalized,2026-08-10,2026-10-04,8,3,Upper Lower,45,Auto,18,6,Auto-Regulated,Draft,User,jupyter-full-rebuild-v1.0,1.0,9,"Generated from U000320 using goal, level, schedule, available_equipment, priority/avoidance and safety constraints.","Respect avoided exercises/muscles, recovery capacity, and pain signals.",2026-08-10T08:30,2026-08-10T08:30
PLAN000321,U000321,viet321,Strength,Muscle Gain,Advanced,8-Week Strength - Push Pull Legs,Personalized,2026-08-10,2026-10-04,8,3,Push Pull Legs,75,Auto,34,11.33,Auto-Regulated,Draft,AI,jupyter-full-rebuild-v1.0,1.0,14,"Generated from U000321 using goal, level, schedule, available_equipment, priority/avoidance and safety constraints.","Respect avoided exercises/muscles, recovery capacity, and pain signals.",2026-08-10T08:30,2026-08-10T08:30
PLAN000322,U000322,dung322,Muscle Gain,Muscular Endurance,Advanced,8-Week Muscle Gain - Chest Back Legs,Personalized,2026-08-10,2026-10-04,8,3,Chest Back Legs,75,Linear Progression,18,6,Auto-Regulated,Draft,Hybrid,jupyter-full-rebuild-v1.0,1.0,6,"Generated from U000322 using goal, level, schedule, available_equipment, priority/avoidance and safety constraints.","Respect avoided exercises/muscles, recovery capacity, and pain signals.",2026-08-10T08:30,2026-08-10T08:30
PLAN000323,U000323,duc323,Mobility and Flexibility,Muscle Gain,Beginner,8-Week Mobility and Flexibility - Auto,Personalized,2026-08-10,2026-10-04,8,3,Chest Back Legs,45,Double Progression,30,10,Auto-Regulated,Draft,Coach,jupyter-full-rebuild-v1.0,1.0,15,"Generated from U000323 using goal, level, schedule, available_equipment, priority/avoidance and safety constraints.","Respect avoided exercises/muscles, recovery capacity, and pain signals.",2026-08-10T08:30,2026-08-10T08:30
PLAN000324,U000324,ngoc324,Athletic Performance,Muscle Gain,Advanced,8-Week Athletic Performance - Auto,Personalized,2026-08-10,2026-10-04,8,2,Chest Back Legs,90,Linear Progression,30,15,Auto-Regulated,Draft,User,jupyter-full-rebuild-v1.0,1.0,10,"Generated from U000324 using goal, level, schedule, available_equipment, priority/avoidance and safety constraints.","Respect avoided exercises/muscles, recovery capacity, and pain signals.",2026-08-10T08:30,2026-08-10T08:30
PLAN000325,U000325,tuan325,Rehabilitation and Joint Health,Strength,Advanced,8-Week Rehabilitation and Joint Health - Auto,Personalized,2026-08-10,2026-10-04,8,6,Auto,90,Auto,96,16,Auto-Regulated,Draft,AI,jupyter-full-rebuild-v1.0,1.0,48,"Generated from U000325 using goal, level, schedule, available_equipment, priority/avoidance and safety constraints.","Respect avoided exercises/muscles, recovery capacity, and pain signals.",2026-08-10T08:30,2026-08-10T08:30
PLAN000326,U000326,long326,Fat Loss,Muscle Gain,Intermediate,8-Week Fat Loss - Body Part Split,Personalized,2026-08-10,2026-10-04,8,6,Body Part Split,60,Double Progression,24,4,Auto-Regulated,Draft,Hybrid,jupyter-full-rebuild-v1.0,1.0,12,"Generated from U000326 using goal, level, schedule, available_equipment, priority/avoidance and safety constraints.","Respect avoided exercises/muscles, recovery capacity, and pain signals.",2026-08-10T08:30,2026-08-10T08:30
PLAN000327,U000327,ha327,Fat Loss,Athletic Performance,Intermediate,8-Week Fat Loss - Upper Lower,Personalized,2026-08-10,2026-10-04,8,2,Upper Lower,75,Auto,22,11,Auto-Regulated,Draft,Coach,jupyter-full-rebuild-v1.0,1.0,11,"Generated from U000327 using goal, level, schedule, available_equipment, priority/avoidance and safety constraints.","Respect avoided exercises/muscles, recovery capacity, and pain signals.",2026-08-10T08:30,2026-08-10T08:30
PLAN000328,U000328,trang328,Rehabilitation and Joint Health,Muscular Endurance,Beginner,8-Week Rehabilitation and Joint Health - Auto,Personalized,2026-08-10,2026-10-04,8,6,Push Pull Legs,90,Double Progression,48,8,Auto-Regulated,Draft,User,jupyter-full-rebuild-v1.0,1.0,24,"Generated from U000328 using goal, level, schedule, available_equipment, priority/avoidance and safety constraints.","Respect avoided exercises/muscles, recovery capacity, and pain signals.",2026-08-10T08:30,2026-08-10T08:30
PLAN000329,U000329,viet329,Mobility and Flexibility,Muscular Endurance,Intermediate,8-Week Mobility and Flexibility - Auto,Personalized,2026-08-10,2026-10-04,8,6,Auto,75,Double Progression,75,12.5,Auto-Regulated,Draft,AI,jupyter-full-rebuild-v1.0,1.0,42,"Generated from U000329 using goal, level, schedule, available_equipment, priority/avoidance and safety constraints.","Respect avoided exercises/muscles, recovery capacity, and pain signals.",2026-08-10T08:30,2026-08-10T08:30
PLAN000330,U000330,quang330,General Fitness,Athletic Performance,Advanced,8-Week General Fitness - Auto,Personalized,2026-08-10,2026-10-04,8,2,Auto,75,Auto,28,14,Auto-Regulated,Draft,Hybrid,jupyter-full-rebuild-v1.0,1.0,14,"Generated from U000330 using goal, level, schedule, available_equipment, priority/avoidance and safety constraints.","Respect avoided exercises/muscles, recovery capacity, and pain signals.",2026-08-10T08:30,2026-08-10T08:30
PLAN000331,U000331,bao331,Strength,Muscle Gain,Beginner,8-Week Strength - Auto,Personalized,2026-08-10,2026-10-04,8,4,Auto,75,Auto,58,14.5,Auto-Regulated,Draft,Coach,jupyter-full-rebuild-v1.0,1.0,28,"Generated from U000331 using goal, level, schedule, available_equipment, priority/avoidance and safety constraints.","Respect avoided exercises/muscles, recovery capacity, and pain signals.",2026-08-10T08:30,2026-08-10T08:30
PLAN000332,U000332,ngoc332,Strength,General Fitness,Intermediate,8-Week Strength - Auto,Personalized,2026-08-10,2026-10-04,8,4,Auto,45,Linear Progression,44,11,Auto-Regulated,Draft,User,jupyter-full-rebuild-v1.0,1.0,20,"Generated from U000332 using goal, level, schedule, available_equipment, priority/avoidance and safety constraints.","Respect avoided exercises/muscles, recovery capacity, and pain signals.",2026-08-10T08:30,2026-08-10T08:30
PLAN000333,U000333,anh333,Muscular Endurance,Muscle Gain,Intermediate,8-Week Muscular Endurance - Chest Back Legs,Personalized,2026-08-10,2026-10-04,8,6,Chest Back Legs,45,Linear Progression,50,8.33,Auto-Regulated,Draft,AI,jupyter-full-rebuild-v1.0,1.0,26,"Generated from U000333 using goal, level, schedule, available_equipment, priority/avoidance and safety constraints.","Respect avoided exercises/muscles, recovery capacity, and pain signals.",2026-08-10T08:30,2026-08-10T08:30
PLAN000334,U000334,nam334,Rehabilitation and Joint Health,Muscular Endurance,Intermediate,8-Week Rehabilitation and Joint Health - Push Pull Legs,Personalized,2026-08-10,2026-10-04,8,6,Push Pull Legs,45,Auto,56,9.33,Auto-Regulated,Draft,Hybrid,jupyter-full-rebuild-v1.0,1.0,28,"Generated from U000334 using goal, level, schedule, available_equipment, priority/avoidance and safety constraints.","Respect avoided exercises/muscles, recovery capacity, and pain signals.",2026-08-10T08:30,2026-08-10T08:30
PLAN000335,U000335,phuong335,Muscular Endurance,Fat Loss,Beginner,8-Week Muscular Endurance - Upper Lower,Personalized,2026-08-10,2026-10-04,8,2,Upper Lower,60,Auto,20,10,Auto-Regulated,Draft,Coach,jupyter-full-rebuild-v1.0,1.0,10,"Generated from U000335 using goal, level, schedule, available_equipment, priority/avoidance and safety constraints.","Respect avoided exercises/muscles, recovery capacity, and pain signals.",2026-08-10T08:30,2026-08-10T08:30
PLAN000336,U000336,trang336,Strength,Athletic Performance,Beginner,8-Week Strength - Full Body,Personalized,2026-08-10,2026-10-04,8,2,Auto,60,RPE-Based,35,17.5,Auto-Regulated,Draft,User,jupyter-full-rebuild-v1.0,1.0,14,"Generated from U000336 using goal, level, schedule, available_equipment, priority/avoidance and safety constraints.","Respect avoided exercises/muscles, recovery capacity, and pain signals.",2026-08-10T08:30,2026-08-10T08:30
PLAN000337,U000337,phong337,Mobility and Flexibility,Rehabilitation and Joint Health,Intermediate,8-Week Mobility and Flexibility - Auto,Personalized,2026-08-10,2026-10-04,8,4,Auto,60,RPE-Based,48,12,Auto-Regulated,Draft,AI,jupyter-full-rebuild-v1.0,1.0,24,"Generated from U000337 using goal, level, schedule, available_equipment, priority/avoidance and safety constraints.","Respect avoided exercises/muscles, recovery capacity, and pain signals.",2026-08-10T08:30,2026-08-10T08:30
PLAN000338,U000338,minh338,Muscular Endurance,Strength,Intermediate,8-Week Muscular Endurance - Push Pull Legs,Personalized,2026-08-10,2026-10-04,8,6,Push Pull Legs,75,Linear Progression,36,6,Auto-Regulated,Draft,Hybrid,jupyter-full-rebuild-v1.0,1.0,18,"Generated from U000338 using goal, level, schedule, available_equipment, priority/avoidance and safety constraints.","Respect avoided exercises/muscles, recovery capacity, and pain signals.",2026-08-10T08:30,2026-08-10T08:30
PLAN000339,U000339,thanh339,General Fitness,Muscular Endurance,Advanced,8-Week General Fitness - Auto,Personalized,2026-08-10,2026-10-04,8,5,Chest Back Legs,90,Double Progression,80,16,Auto-Regulated,Draft,Coach,jupyter-full-rebuild-v1.0,1.0,40,"Generated from U000339 using goal, level, schedule, available_equipment, priority/avoidance and safety constraints.","Respect avoided exercises/muscles, recovery capacity, and pain signals.",2026-08-10T08:30,2026-08-10T08:30
PLAN000340,U000340,tuan340,Athletic Performance,General Fitness,Advanced,8-Week Athletic Performance - Auto,Personalized,2026-08-10,2026-10-04,8,3,Auto,90,Linear Progression,9,3,Auto-Regulated,Draft,User,jupyter-full-rebuild-v1.0,1.0,3,"Generated from U000340 using goal, level, schedule, available_equipment, priority/avoidance and safety constraints.","Respect avoided exercises/muscles, recovery capacity, and pain signals.",2026-08-10T08:30,2026-08-10T08:30
PLAN000341,U000341,phong341,Fat Loss,Muscular Endurance,Advanced,8-Week Fat Loss - Auto,Personalized,2026-08-10,2026-10-04,8,2,Upper Lower,60,Linear Progression,4,2,Auto-Regulated,Draft,AI,jupyter-full-rebuild-v1.0,1.0,2,"Generated from U000341 using goal, level, schedule, available_equipment, priority/avoidance and safety constraints.","Respect avoided exercises/muscles, recovery capacity, and pain signals.",2026-08-10T08:30,2026-08-10T08:30
PLAN000342,U000342,ha342,Strength,Muscular Endurance,Intermediate,8-Week Strength - Auto,Personalized,2026-08-10,2026-10-04,8,2,Auto,90,Linear Progression,6,3,Auto-Regulated,Draft,Hybrid,jupyter-full-rebuild-v1.0,1.0,2,"Generated from U000342 using goal, level, schedule, available_equipment, priority/avoidance and safety constraints.","Respect avoided exercises/muscles, recovery capacity, and pain signals.",2026-08-10T08:30,2026-08-10T08:30
PLAN000343,U000343,ha343,Mobility and Flexibility,Muscle Gain,Intermediate,8-Week Mobility and Flexibility - Auto,Personalized,2026-08-10,2026-10-04,8,2,Chest Back Legs,45,Double Progression,8,4,Auto-Regulated,Draft,Coach,jupyter-full-rebuild-v1.0,1.0,4,"Generated from U000343 using goal, level, schedule, available_equipment, priority/avoidance and safety constraints.","Respect avoided exercises/muscles, recovery capacity, and pain signals.",2026-08-10T08:30,2026-08-10T08:30
PLAN000344,U000344,tuan344,General Fitness,Fat Loss,Intermediate,8-Week General Fitness - Auto,Personalized,2026-08-10,2026-10-04,8,3,Upper Lower,60,Auto,6,2,Auto-Regulated,Draft,User,jupyter-full-rebuild-v1.0,1.0,3,"Generated from U000344 using goal, level, schedule, available_equipment, priority/avoidance and safety constraints.","Respect avoided exercises/muscles, recovery capacity, and pain signals.",2026-08-10T08:30,2026-08-10T08:30
PLAN000345,U000345,trang345,Fat Loss,Mobility and Flexibility,Intermediate,8-Week Fat Loss - Auto,Personalized,2026-08-10,2026-10-04,8,4,Auto,60,Auto,8,2,Auto-Regulated,Draft,AI,jupyter-full-rebuild-v1.0,1.0,4,"Generated from U000345 using goal, level, schedule, available_equipment, priority/avoidance and safety constraints.","Respect avoided exercises/muscles, recovery capacity, and pain signals.",2026-08-10T08:30,2026-08-10T08:30
PLAN000346,U000346,long346,Muscular Endurance,Muscle Gain,Intermediate,8-Week Muscular Endurance - Push Pull Legs,Personalized,2026-08-10,2026-10-04,8,4,Push Pull Legs,75,Auto,22,5.5,Auto-Regulated,Draft,Hybrid,jupyter-full-rebuild-v1.0,1.0,11,"Generated from U000346 using goal, level, schedule, available_equipment, priority/avoidance and safety constraints.","Respect avoided exercises/muscles, recovery capacity, and pain signals.",2026-08-10T08:30,2026-08-10T08:30
PLAN000347,U000347,long347,Muscular Endurance,Fat Loss,Intermediate,8-Week Muscular Endurance - Body Part Split,Personalized,2026-08-10,2026-10-04,8,2,Body Part Split,75,Linear Progression,10,5,Auto-Regulated,Draft,Coach,jupyter-full-rebuild-v1.0,1.0,5,"Generated from U000347 using goal, level, schedule, available_equipment, priority/avoidance and safety constraints.","Respect avoided exercises/muscles, recovery capacity, and pain signals.",2026-08-10T08:30,2026-08-10T08:30
PLAN000348,U000348,ha348,Muscular Endurance,Mobility and Flexibility,Intermediate,8-Week Muscular Endurance - Auto,Personalized,2026-08-10,2026-10-04,8,5,Push Pull Legs,90,Linear Progression,10,2,Auto-Regulated,Draft,User,jupyter-full-rebuild-v1.0,1.0,5,"Generated from U000348 using goal, level, schedule, available_equipment, priority/avoidance and safety constraints.",Medical clearance required before activation; keep exercise selection conservative and pain-free.,2026-08-10T08:30,2026-08-10T08:30
PLAN000349,U000349,linh349,Fat Loss,Rehabilitation and Joint Health,Beginner,8-Week Fat Loss - Auto,Personalized,2026-08-10,2026-10-04,8,5,Auto,90,RPE-Based,64,12.8,Auto-Regulated,Draft,AI,jupyter-full-rebuild-v1.0,1.0,40,"Generated from U000349 using goal, level, schedule, available_equipment, priority/avoidance and safety constraints.","Respect avoided exercises/muscles, recovery capacity, and pain signals.",2026-08-10T08:30,2026-08-10T08:30
PLAN000350,U000350,trang350,General Fitness,Muscular Endurance,Intermediate,8-Week General Fitness - Chest Back Legs,Personalized,2026-08-10,2026-10-04,8,5,Chest Back Legs,45,Auto,14,2.8,Auto-Regulated,Draft,Hybrid,jupyter-full-rebuild-v1.0,1.0,7,"Generated from U000350 using goal, level, schedule, available_equipment, priority/avoidance and safety constraints.","Respect avoided exercises/muscles, recovery capacity, and pain signals.",2026-08-10T08:30,2026-08-10T08:30
PLAN000351,U000351,thanh351,Mobility and Flexibility,Athletic Performance,Beginner,8-Week Mobility and Flexibility - Auto,Personalized,2026-08-10,2026-10-04,8,6,Auto,75,Double Progression,12,2,Auto-Regulated,Draft,Coach,jupyter-full-rebuild-v1.0,1.0,6,"Generated from U000351 using goal, level, schedule, available_equipment, priority/avoidance and safety constraints.","Respect avoided exercises/muscles, recovery capacity, and pain signals.",2026-08-10T08:30,2026-08-10T08:30
PLAN000352,U000352,viet352,Athletic Performance,Fat Loss,Advanced,8-Week Athletic Performance - Body Part Split,Personalized,2026-08-10,2026-10-04,8,4,Body Part Split,90,RPE-Based,53,13.25,Auto-Regulated,Draft,User,jupyter-full-rebuild-v1.0,1.0,20,"Generated from U000352 using goal, level, schedule, available_equipment, priority/avoidance and safety constraints.","Respect avoided exercises/muscles, recovery capacity, and pain signals.",2026-08-10T08:30,2026-08-10T08:30
PLAN000353,U000353,lan353,Mobility and Flexibility,Rehabilitation and Joint Health,Beginner,8-Week Mobility and Flexibility - Auto,Personalized,2026-08-10,2026-10-04,8,2,Auto,45,RPE-Based,20,10,Auto-Regulated,Draft,AI,jupyter-full-rebuild-v1.0,1.0,10,"Generated from U000353 using goal, level, schedule, available_equipment, priority/avoidance and safety constraints.","Respect avoided exercises/muscles, recovery capacity, and pain signals.",2026-08-10T08:30,2026-08-10T08:30
PLAN000354,U000354,huong354,Athletic Performance,Muscular Endurance,Beginner,8-Week Athletic Performance - Auto,Personalized,2026-08-10,2026-10-04,8,6,Auto,90,Auto,48,8,Auto-Regulated,Draft,Hybrid,jupyter-full-rebuild-v1.0,1.0,24,"Generated from U000354 using goal, level, schedule, available_equipment, priority/avoidance and safety constraints.","Respect avoided exercises/muscles, recovery capacity, and pain signals.",2026-08-10T08:30,2026-08-10T08:30
PLAN000355,U000355,huong355,Athletic Performance,Rehabilitation and Joint Health,Beginner,8-Week Athletic Performance - Auto,Personalized,2026-08-10,2026-10-04,8,2,Auto,90,Linear Progression,40,20,Auto-Regulated,Draft,Coach,jupyter-full-rebuild-v1.0,1.0,16,"Generated from U000355 using goal, level, schedule, available_equipment, priority/avoidance and safety constraints.","Respect avoided exercises/muscles, recovery capacity, and pain signals.",2026-08-10T08:30,2026-08-10T08:30
PLAN000356,U000356,minh356,General Fitness,Fat Loss,Beginner,8-Week General Fitness - Auto,Personalized,2026-08-10,2026-10-04,8,2,Chest Back Legs,75,RPE-Based,28,14,Auto-Regulated,Draft,User,jupyter-full-rebuild-v1.0,1.0,14,"Generated from U000356 using goal, level, schedule, available_equipment, priority/avoidance and safety constraints.","Respect avoided exercises/muscles, recovery capacity, and pain signals.",2026-08-10T08:30,2026-08-10T08:30
PLAN000357,U000357,thanh357,Athletic Performance,Strength,Advanced,8-Week Athletic Performance - Auto,Personalized,2026-08-10,2026-10-04,8,2,Upper Lower,60,Linear Progression,29,14.5,Auto-Regulated,Draft,AI,jupyter-full-rebuild-v1.0,1.0,12,"Generated from U000357 using goal, level, schedule, available_equipment, priority/avoidance and safety constraints.","Respect avoided exercises/muscles, recovery capacity, and pain signals.",2026-08-10T08:30,2026-08-10T08:30
PLAN000358,U000358,quang358,Strength,Athletic Performance,Beginner,8-Week Strength - Auto,Personalized,2026-08-10,2026-10-04,8,4,Push Pull Legs,60,Double Progression,12,3,Auto-Regulated,Draft,Hybrid,jupyter-full-rebuild-v1.0,1.0,4,"Generated from U000358 using goal, level, schedule, available_equipment, priority/avoidance and safety constraints.","Respect avoided exercises/muscles, recovery capacity, and pain signals.",2026-08-10T08:30,2026-08-10T08:30
PLAN000359,U000359,huong359,General Fitness,Rehabilitation and Joint Health,Intermediate,8-Week General Fitness - Push Pull Legs,Personalized,2026-08-10,2026-10-04,8,6,Push Pull Legs,90,RPE-Based,40,6.67,Auto-Regulated,Draft,Coach,jupyter-full-rebuild-v1.0,1.0,20,"Generated from U000359 using goal, level, schedule, available_equipment, priority/avoidance and safety constraints.","Respect avoided exercises/muscles, recovery capacity, and pain signals.",2026-08-10T08:30,2026-08-10T08:30
PLAN000360,U000360,anh360,Muscular Endurance,Strength,Advanced,8-Week Muscular Endurance - Push Pull Legs,Personalized,2026-08-10,2026-10-04,8,4,Push Pull Legs,75,Auto,46,11.5,Auto-Regulated,Draft,User,jupyter-full-rebuild-v1.0,1.0,23,"Generated from U000360 using goal, level, schedule, available_equipment, priority/avoidance and safety constraints.","Respect avoided exercises/muscles, recovery capacity, and pain signals.",2026-08-10T08:30,2026-08-10T08:30
PLAN000361,U000361,huy361,Fat Loss,Rehabilitation and Joint Health,Advanced,8-Week Fat Loss - Body Part Split,Personalized,2026-08-10,2026-10-04,8,4,Body Part Split,90,Linear Progression,26,6.5,Auto-Regulated,Draft,AI,jupyter-full-rebuild-v1.0,1.0,14,"Generated from U000361 using goal, level, schedule, available_equipment, priority/avoidance and safety constraints.","Respect avoided exercises/muscles, recovery capacity, and pain signals.",2026-08-10T08:30,2026-08-10T08:30
PLAN000362,U000362,phong362,Muscle Gain,Muscular Endurance,Beginner,8-Week Muscle Gain - Chest Back Legs,Personalized,2026-08-10,2026-10-04,8,4,Chest Back Legs,45,RPE-Based,36,9,Auto-Regulated,Draft,Hybrid,jupyter-full-rebuild-v1.0,1.0,12,"Generated from U000362 using goal, level, schedule, available_equipment, priority/avoidance and safety constraints.","Respect avoided exercises/muscles, recovery capacity, and pain signals.",2026-08-10T08:30,2026-08-10T08:30
PLAN000363,U000363,trang363,General Fitness,Athletic Performance,Beginner,8-Week General Fitness - Auto,Personalized,2026-08-10,2026-10-04,8,5,Auto,90,Linear Progression,64,12.8,Auto-Regulated,Draft,Coach,jupyter-full-rebuild-v1.0,1.0,40,"Generated from U000363 using goal, level, schedule, available_equipment, priority/avoidance and safety constraints.","Respect avoided exercises/muscles, recovery capacity, and pain signals.",2026-08-10T08:30,2026-08-10T08:30
PLAN000364,U000364,son364,General Fitness,Rehabilitation and Joint Health,Beginner,8-Week General Fitness - Auto,Personalized,2026-08-10,2026-10-04,8,2,Auto,90,RPE-Based,4,2,Auto-Regulated,Draft,User,jupyter-full-rebuild-v1.0,1.0,2,"Generated from U000364 using goal, level, schedule, available_equipment, priority/avoidance and safety constraints.","Respect avoided exercises/muscles, recovery capacity, and pain signals.",2026-08-10T08:30,2026-08-10T08:30
PLAN000365,U000365,dat365,Strength,Mobility and Flexibility,Advanced,8-Week Strength - Auto,Personalized,2026-08-10,2026-10-04,8,4,Chest Back Legs,60,Linear Progression,60,15,Auto-Regulated,Draft,AI,jupyter-full-rebuild-v1.0,1.0,24,"Generated from U000365 using goal, level, schedule, available_equipment, priority/avoidance and safety constraints.",Medical clearance required before activation; keep exercise selection conservative and pain-free.,2026-08-10T08:30,2026-08-10T08:30
PLAN000366,U000366,hoang366,Muscular Endurance,Mobility and Flexibility,Intermediate,8-Week Muscular Endurance - Auto,Personalized,2026-08-10,2026-10-04,8,3,Chest Back Legs,90,RPE-Based,6,2,Auto-Regulated,Draft,Hybrid,jupyter-full-rebuild-v1.0,1.0,3,"Generated from U000366 using goal, level, schedule, available_equipment, priority/avoidance and safety constraints.","Respect avoided exercises/muscles, recovery capacity, and pain signals.",2026-08-10T08:30,2026-08-10T08:30
PLAN000367,U000367,linh367,Athletic Performance,Fat Loss,Beginner,8-Week Athletic Performance - Auto,Personalized,2026-08-10,2026-10-04,8,3,Body Part Split,75,Auto,9,3,Auto-Regulated,Draft,Coach,jupyter-full-rebuild-v1.0,1.0,3,"Generated from U000367 using goal, level, schedule, available_equipment, priority/avoidance and safety constraints.","Respect avoided exercises/muscles, recovery capacity, and pain signals.",2026-08-10T08:30,2026-08-10T08:30
PLAN000368,U000368,phuong368,Muscular Endurance,Fat Loss,Intermediate,8-Week Muscular Endurance - Push Pull Legs,Personalized,2026-08-10,2026-10-04,8,4,Push Pull Legs,75,Linear Progression,22,5.5,Auto-Regulated,Draft,User,jupyter-full-rebuild-v1.0,1.0,11,"Generated from U000368 using goal, level, schedule, available_equipment, priority/avoidance and safety constraints.","Respect avoided exercises/muscles, recovery capacity, and pain signals.",2026-08-10T08:30,2026-08-10T08:30
PLAN000369,U000369,ngoc369,Fat Loss,Athletic Performance,Intermediate,8-Week Fat Loss - Auto,Personalized,2026-08-10,2026-10-04,8,3,Auto,60,Linear Progression,36,12,Auto-Regulated,Draft,AI,jupyter-full-rebuild-v1.0,1.0,18,"Generated from U000369 using goal, level, schedule, available_equipment, priority/avoidance and safety constraints.","Respect avoided exercises/muscles, recovery capacity, and pain signals.",2026-08-10T08:30,2026-08-10T08:30
PLAN000370,U000370,huong370,Muscular Endurance,General Fitness,Intermediate,8-Week Muscular Endurance - Auto,Personalized,2026-08-10,2026-10-04,8,3,Auto,90,Auto,24,8,Auto-Regulated,Draft,Hybrid,jupyter-full-rebuild-v1.0,1.0,12,"Generated from U000370 using goal, level, schedule, available_equipment, priority/avoidance and safety constraints.","Respect avoided exercises/muscles, recovery capacity, and pain signals.",2026-08-10T08:30,2026-08-10T08:30
PLAN000371,U000371,viet371,Athletic Performance,Muscular Endurance,Beginner,8-Week Athletic Performance - Push Pull Legs,Personalized,2026-08-10,2026-10-04,8,3,Push Pull Legs,60,Linear Progression,30,10,Auto-Regulated,Draft,Coach,jupyter-full-rebuild-v1.0,1.0,12,"Generated from U000371 using goal, level, schedule, available_equipment, priority/avoidance and safety constraints.","Respect avoided exercises/muscles, recovery capacity, and pain signals.",2026-08-10T08:30,2026-08-10T08:30
PLAN000372,U000372,huy372,Muscle Gain,Rehabilitation and Joint Health,Beginner,8-Week Muscle Gain - Auto,Personalized,2026-08-10,2026-10-04,8,5,Body Part Split,45,Linear Progression,30,6,Auto-Regulated,Draft,User,jupyter-full-rebuild-v1.0,1.0,10,"Generated from U000372 using goal, level, schedule, available_equipment, priority/avoidance and safety constraints.","Respect avoided exercises/muscles, recovery capacity, and pain signals.",2026-08-10T08:30,2026-08-10T08:30
PLAN000373,U000373,hoang373,Strength,General Fitness,Intermediate,8-Week Strength - Body Part Split,Personalized,2026-08-10,2026-10-04,8,3,Body Part Split,60,RPE-Based,33,11,Auto-Regulated,Draft,AI,jupyter-full-rebuild-v1.0,1.0,12,"Generated from U000373 using goal, level, schedule, available_equipment, priority/avoidance and safety constraints.",Medical clearance required before activation; keep exercise selection conservative and pain-free.,2026-08-10T08:30,2026-08-10T08:30
PLAN000374,U000374,thanh374,Fat Loss,Athletic Performance,Beginner,8-Week Fat Loss - Auto,Personalized,2026-08-10,2026-10-04,8,2,Chest Back Legs,60,Double Progression,24,12,Auto-Regulated,Draft,Hybrid,jupyter-full-rebuild-v1.0,1.0,12,"Generated from U000374 using goal, level, schedule, available_equipment, priority/avoidance and safety constraints.","Respect avoided exercises/muscles, recovery capacity, and pain signals.",2026-08-10T08:30,2026-08-10T08:30
PLAN000375,U000375,mai375,Athletic Performance,General Fitness,Advanced,8-Week Athletic Performance - Auto,Personalized,2026-08-10,2026-10-04,8,4,Auto,75,Double Progression,69,17.25,Auto-Regulated,Draft,Coach,jupyter-full-rebuild-v1.0,1.0,28,"Generated from U000375 using goal, level, schedule, available_equipment, priority/avoidance and safety constraints.","Respect avoided exercises/muscles, recovery capacity, and pain signals.",2026-08-10T08:30,2026-08-10T08:30
PLAN000376,U000376,long376,General Fitness,Muscle Gain,Intermediate,8-Week General Fitness - Body Part Split,Personalized,2026-08-10,2026-10-04,8,3,Body Part Split,75,RPE-Based,36,12,Auto-Regulated,Draft,User,jupyter-full-rebuild-v1.0,1.0,18,"Generated from U000376 using goal, level, schedule, available_equipment, priority/avoidance and safety constraints.","Respect avoided exercises/muscles, recovery capacity, and pain signals.",2026-08-10T08:30,2026-08-10T08:30
PLAN000377,U000377,minh377,General Fitness,Mobility and Flexibility,Advanced,8-Week General Fitness - Auto,Personalized,2026-08-10,2026-10-04,8,2,Auto,90,Linear Progression,30,15,Auto-Regulated,Draft,AI,jupyter-full-rebuild-v1.0,1.0,16,"Generated from U000377 using goal, level, schedule, available_equipment, priority/avoidance and safety constraints.","Respect avoided exercises/muscles, recovery capacity, and pain signals.",2026-08-10T08:30,2026-08-10T08:30
PLAN000378,U000378,dung378,Mobility and Flexibility,General Fitness,Advanced,8-Week Mobility and Flexibility - Upper Lower,Personalized,2026-08-10,2026-10-04,8,2,Upper Lower,45,Double Progression,20,10,Auto-Regulated,Draft,Hybrid,jupyter-full-rebuild-v1.0,1.0,10,"Generated from U000378 using goal, level, schedule, available_equipment, priority/avoidance and safety constraints.","Respect avoided exercises/muscles, recovery capacity, and pain signals.",2026-08-10T08:30,2026-08-10T08:30
PLAN000379,U000379,huy379,Strength,Mobility and Flexibility,Beginner,8-Week Strength - Auto,Personalized,2026-08-10,2026-10-04,8,4,Push Pull Legs,60,Auto,58,14.5,Auto-Regulated,Draft,Coach,jupyter-full-rebuild-v1.0,1.0,24,"Generated from U000379 using goal, level, schedule, available_equipment, priority/avoidance and safety constraints.","Respect avoided exercises/muscles, recovery capacity, and pain signals.",2026-08-10T08:30,2026-08-10T08:30
PLAN000380,U000380,huong380,Mobility and Flexibility,Muscular Endurance,Beginner,8-Week Mobility and Flexibility - Auto,Personalized,2026-08-10,2026-10-04,8,4,Auto,60,Linear Progression,8,2,Auto-Regulated,Draft,User,jupyter-full-rebuild-v1.0,1.0,4,"Generated from U000380 using goal, level, schedule, available_equipment, priority/avoidance and safety constraints.","Respect avoided exercises/muscles, recovery capacity, and pain signals.",2026-08-10T08:30,2026-08-10T08:30
PLAN000381,U000381,ngoc381,Muscle Gain,Strength,Beginner,8-Week Muscle Gain - Auto,Personalized,2026-08-10,2026-10-04,8,2,Chest Back Legs,45,RPE-Based,30,15,Auto-Regulated,Draft,AI,jupyter-full-rebuild-v1.0,1.0,10,"Generated from U000381 using goal, level, schedule, available_equipment, priority/avoidance and safety constraints.","Respect avoided exercises/muscles, recovery capacity, and pain signals.",2026-08-10T08:30,2026-08-10T08:30
PLAN000382,U000382,thanh382,Muscular Endurance,Rehabilitation and Joint Health,Advanced,8-Week Muscular Endurance - Auto,Personalized,2026-08-10,2026-10-04,8,2,Chest Back Legs,60,Linear Progression,24,12,Auto-Regulated,Draft,Hybrid,jupyter-full-rebuild-v1.0,1.0,12,"Generated from U000382 using goal, level, schedule, available_equipment, priority/avoidance and safety constraints.","Respect avoided exercises/muscles, recovery capacity, and pain signals.",2026-08-10T08:30,2026-08-10T08:30
PLAN000383,U000383,anh383,Athletic Performance,Mobility and Flexibility,Advanced,8-Week Athletic Performance - Auto,Personalized,2026-08-10,2026-10-04,8,4,Chest Back Legs,75,Auto,12,3,Auto-Regulated,Draft,Coach,jupyter-full-rebuild-v1.0,1.0,4,"Generated from U000383 using goal, level, schedule, available_equipment, priority/avoidance and safety constraints.","Respect avoided exercises/muscles, recovery capacity, and pain signals.",2026-08-10T08:30,2026-08-10T08:30
PLAN000384,U000384,khoa384,Strength,General Fitness,Intermediate,8-Week Strength - Full Body,Personalized,2026-08-10,2026-10-04,8,6,Full Body,60,Linear Progression,90,15,Auto-Regulated,Draft,User,jupyter-full-rebuild-v1.0,1.0,42,"Generated from U000384 using goal, level, schedule, available_equipment, priority/avoidance and safety constraints.","Respect avoided exercises/muscles, recovery capacity, and pain signals.",2026-08-10T08:30,2026-08-10T08:30
PLAN000385,U000385,bao385,Rehabilitation and Joint Health,Fat Loss,Beginner,8-Week Rehabilitation and Joint Health - Auto,Personalized,2026-08-10,2026-10-04,8,3,Auto,45,Double Progression,18,6,Auto-Regulated,Draft,AI,jupyter-full-rebuild-v1.0,1.0,9,"Generated from U000385 using goal, level, schedule, available_equipment, priority/avoidance and safety constraints.","Respect avoided exercises/muscles, recovery capacity, and pain signals.",2026-08-10T08:30,2026-08-10T08:30
PLAN000386,U000386,huy386,Fat Loss,Rehabilitation and Joint Health,Intermediate,8-Week Fat Loss - Auto,Personalized,2026-08-10,2026-10-04,8,2,Auto,60,Linear Progression,16,8,Auto-Regulated,Draft,Hybrid,jupyter-full-rebuild-v1.0,1.0,8,"Generated from U000386 using goal, level, schedule, available_equipment, priority/avoidance and safety constraints.","Respect avoided exercises/muscles, recovery capacity, and pain signals.",2026-08-10T08:30,2026-08-10T08:30
PLAN000387,U000387,minh387,General Fitness,Mobility and Flexibility,Beginner,8-Week General Fitness - Auto,Personalized,2026-08-10,2026-10-04,8,3,Push Pull Legs,45,RPE-Based,30,10,Auto-Regulated,Draft,Coach,jupyter-full-rebuild-v1.0,1.0,15,"Generated from U000387 using goal, level, schedule, available_equipment, priority/avoidance and safety constraints.","Respect avoided exercises/muscles, recovery capacity, and pain signals.",2026-08-10T08:30,2026-08-10T08:30
PLAN000388,U000388,phuong388,Muscle Gain,Rehabilitation and Joint Health,Advanced,8-Week Muscle Gain - Auto,Personalized,2026-08-10,2026-10-04,8,4,Push Pull Legs,90,Linear Progression,24,6,Auto-Regulated,Draft,User,jupyter-full-rebuild-v1.0,1.0,8,"Generated from U000388 using goal, level, schedule, available_equipment, priority/avoidance and safety constraints.","Respect avoided exercises/muscles, recovery capacity, and pain signals.",2026-08-10T08:30,2026-08-10T08:30
PLAN000389,U000389,minh389,Strength,Rehabilitation and Joint Health,Beginner,8-Week Strength - Auto,Personalized,2026-08-10,2026-10-04,8,5,Push Pull Legs,45,Linear Progression,15,3,Auto-Regulated,Draft,AI,jupyter-full-rebuild-v1.0,1.0,5,"Generated from U000389 using goal, level, schedule, available_equipment, priority/avoidance and safety constraints.","Respect avoided exercises/muscles, recovery capacity, and pain signals.",2026-08-10T08:30,2026-08-10T08:30
PLAN000390,U000390,hoang390,Fat Loss,Muscular Endurance,Beginner,8-Week Fat Loss - Auto,Personalized,2026-08-10,2026-10-04,8,3,Chest Back Legs,75,Double Progression,6,2,Auto-Regulated,Draft,Hybrid,jupyter-full-rebuild-v1.0,1.0,3,"Generated from U000390 using goal, level, schedule, available_equipment, priority/avoidance and safety constraints.","Respect avoided exercises/muscles, recovery capacity, and pain signals.",2026-08-10T08:30,2026-08-10T08:30
PLAN000391,U000391,quang391,Strength,Rehabilitation and Joint Health,Advanced,8-Week Strength - Auto,Personalized,2026-08-10,2026-10-04,8,5,Auto,45,Linear Progression,63,12.6,Auto-Regulated,Draft,Coach,jupyter-full-rebuild-v1.0,1.0,25,"Generated from U000391 using goal, level, schedule, available_equipment, priority/avoidance and safety constraints.","Respect avoided exercises/muscles, recovery capacity, and pain signals.",2026-08-10T08:30,2026-08-10T08:30
PLAN000392,U000392,dung392,Athletic Performance,General Fitness,Intermediate,8-Week Athletic Performance - Push Pull Legs,Personalized,2026-08-10,2026-10-04,8,4,Push Pull Legs,75,RPE-Based,46,11.5,Auto-Regulated,Draft,User,jupyter-full-rebuild-v1.0,1.0,17,"Generated from U000392 using goal, level, schedule, available_equipment, priority/avoidance and safety constraints.","Respect avoided exercises/muscles, recovery capacity, and pain signals.",2026-08-10T08:30,2026-08-10T08:30
PLAN000393,U000393,quang393,Athletic Performance,Rehabilitation and Joint Health,Beginner,8-Week Athletic Performance - Push Pull Legs,Personalized,2026-08-10,2026-10-04,8,5,Push Pull Legs,45,Double Progression,20,4,Auto-Regulated,Draft,AI,jupyter-full-rebuild-v1.0,1.0,8,"Generated from U000393 using goal, level, schedule, available_equipment, priority/avoidance and safety constraints.","Respect avoided exercises/muscles, recovery capacity, and pain signals.",2026-08-10T08:30,2026-08-10T08:30
PLAN000394,U000394,huong394,General Fitness,Athletic Performance,Advanced,8-Week General Fitness - Auto,Personalized,2026-08-10,2026-10-04,8,4,Chest Back Legs,75,Linear Progression,24,6,Auto-Regulated,Draft,Hybrid,jupyter-full-rebuild-v1.0,1.0,12,"Generated from U000394 using goal, level, schedule, available_equipment, priority/avoidance and safety constraints.","Respect avoided exercises/muscles, recovery capacity, and pain signals.",2026-08-10T08:30,2026-08-10T08:30
PLAN000395,U000395,duc395,Strength,General Fitness,Advanced,8-Week Strength - Body Part Split,Personalized,2026-08-10,2026-10-04,8,5,Body Part Split,45,RPE-Based,39,7.8,Auto-Regulated,Draft,Coach,jupyter-full-rebuild-v1.0,1.0,15,"Generated from U000395 using goal, level, schedule, available_equipment, priority/avoidance and safety constraints.","Respect avoided exercises/muscles, recovery capacity, and pain signals.",2026-08-10T08:30,2026-08-10T08:30
PLAN000396,U000396,duc396,Muscle Gain,Mobility and Flexibility,Intermediate,8-Week Muscle Gain - Auto,Personalized,2026-08-10,2026-10-04,8,3,Auto,75,RPE-Based,54,18,Auto-Regulated,Draft,User,jupyter-full-rebuild-v1.0,1.0,18,"Generated from U000396 using goal, level, schedule, available_equipment, priority/avoidance and safety constraints.","Respect avoided exercises/muscles, recovery capacity, and pain signals.",2026-08-10T08:30,2026-08-10T08:30
PLAN000397,U000397,tuan397,Athletic Performance,Rehabilitation and Joint Health,Beginner,8-Week Athletic Performance - Push Pull Legs,Personalized,2026-08-10,2026-10-04,8,6,Push Pull Legs,60,Double Progression,72,12,Auto-Regulated,Draft,AI,jupyter-full-rebuild-v1.0,1.0,30,"Generated from U000397 using goal, level, schedule, available_equipment, priority/avoidance and safety constraints.","Respect avoided exercises/muscles, recovery capacity, and pain signals.",2026-08-10T08:30,2026-08-10T08:30
PLAN000398,U000398,duc398,Strength,Athletic Performance,Intermediate,8-Week Strength - Auto,Personalized,2026-08-10,2026-10-04,8,2,Auto,75,Linear Progression,39,19.5,Auto-Regulated,Draft,Hybrid,jupyter-full-rebuild-v1.0,1.0,14,"Generated from U000398 using goal, level, schedule, available_equipment, priority/avoidance and safety constraints.","Respect avoided exercises/muscles, recovery capacity, and pain signals.",2026-08-10T08:30,2026-08-10T08:30
PLAN000399,U000399,phong399,Fat Loss,Mobility and Flexibility,Beginner,8-Week Fat Loss - Chest Back Legs,Personalized,2026-08-10,2026-10-04,8,6,Chest Back Legs,45,Double Progression,28,4.67,Auto-Regulated,Draft,Coach,jupyter-full-rebuild-v1.0,1.0,14,"Generated from U000399 using goal, level, schedule, available_equipment, priority/avoidance and safety constraints.","Respect avoided exercises/muscles, recovery capacity, and pain signals.",2026-08-10T08:30,2026-08-10T08:30
PLAN000400,U000400,nam400,Muscular Endurance,Athletic Performance,Beginner,8-Week Muscular Endurance - Auto,Personalized,2026-08-10,2026-10-04,8,5,Push Pull Legs,90,RPE-Based,20,4,Auto-Regulated,Draft,User,jupyter-full-rebuild-v1.0,1.0,10,"Generated from U000400 using goal, level, schedule, available_equipment, priority/avoidance and safety constraints.","Respect avoided exercises/muscles, recovery capacity, and pain signals.",2026-08-10T08:30,2026-08-10T08:30
PLAN000401,U000401,nam401,Muscular Endurance,Fat Loss,Advanced,8-Week Muscular Endurance - Auto,Personalized,2026-08-10,2026-10-04,8,2,Chest Back Legs,75,Auto,28,14,Auto-Regulated,Draft,AI,jupyter-full-rebuild-v1.0,1.0,14,"Generated from U000401 using goal, level, schedule, available_equipment, priority/avoidance and safety constraints.","Respect avoided exercises/muscles, recovery capacity, and pain signals.",2026-08-10T08:30,2026-08-10T08:30
PLAN000402,U000402,khoa402,General Fitness,Rehabilitation and Joint Health,Beginner,8-Week General Fitness - Auto,Personalized,2026-08-10,2026-10-04,8,6,Upper Lower,60,Linear Progression,24,4,Auto-Regulated,Draft,Hybrid,jupyter-full-rebuild-v1.0,1.0,12,"Generated from U000402 using goal, level, schedule, available_equipment, priority/avoidance and safety constraints.","Respect avoided exercises/muscles, recovery capacity, and pain signals.",2026-08-10T08:30,2026-08-10T08:30
PLAN000403,U000403,quang403,Mobility and Flexibility,Muscular Endurance,Beginner,8-Week Mobility and Flexibility - Auto,Personalized,2026-08-10,2026-10-04,8,2,Chest Back Legs,90,Linear Progression,26,13,Auto-Regulated,Draft,Coach,jupyter-full-rebuild-v1.0,1.0,16,"Generated from U000403 using goal, level, schedule, available_equipment, priority/avoidance and safety constraints.","Respect avoided exercises/muscles, recovery capacity, and pain signals.",2026-08-10T08:30,2026-08-10T08:30
PLAN000404,U000404,ngoc404,Fat Loss,Rehabilitation and Joint Health,Intermediate,8-Week Fat Loss - Auto,Personalized,2026-08-10,2026-10-04,8,3,Push Pull Legs,90,Auto,36,12,Auto-Regulated,Draft,User,jupyter-full-rebuild-v1.0,1.0,18,"Generated from U000404 using goal, level, schedule, available_equipment, priority/avoidance and safety constraints.","Respect avoided exercises/muscles, recovery capacity, and pain signals.",2026-08-10T08:30,2026-08-10T08:30
PLAN000405,U000405,viet405,General Fitness,Strength,Advanced,8-Week General Fitness - Chest Back Legs,Personalized,2026-08-10,2026-10-04,8,4,Chest Back Legs,75,Double Progression,10,2.5,Auto-Regulated,Draft,AI,jupyter-full-rebuild-v1.0,1.0,5,"Generated from U000405 using goal, level, schedule, available_equipment, priority/avoidance and safety constraints.","Respect avoided exercises/muscles, recovery capacity, and pain signals.",2026-08-10T08:30,2026-08-10T08:30
PLAN000406,U000406,viet406,Muscular Endurance,Rehabilitation and Joint Health,Intermediate,8-Week Muscular Endurance - Push Pull Legs,Personalized,2026-08-10,2026-10-04,8,6,Push Pull Legs,60,Auto,16,2.67,Auto-Regulated,Draft,Hybrid,jupyter-full-rebuild-v1.0,1.0,8,"Generated from U000406 using goal, level, schedule, available_equipment, priority/avoidance and safety constraints.","Respect avoided exercises/muscles, recovery capacity, and pain signals.",2026-08-10T08:30,2026-08-10T08:30
PLAN000407,U000407,dung407,Mobility and Flexibility,Athletic Performance,Advanced,8-Week Mobility and Flexibility - Chest Back Legs,Personalized,2026-08-10,2026-10-04,8,5,Chest Back Legs,45,Auto,30,6,Auto-Regulated,Draft,Coach,jupyter-full-rebuild-v1.0,1.0,15,"Generated from U000407 using goal, level, schedule, available_equipment, priority/avoidance and safety constraints.","Respect avoided exercises/muscles, recovery capacity, and pain signals.",2026-08-10T08:30,2026-08-10T08:30
PLAN000408,U000408,anh408,General Fitness,Rehabilitation and Joint Health,Beginner,8-Week General Fitness - Auto,Personalized,2026-08-10,2026-10-04,8,3,Upper Lower,75,Double Progression,12,4,Auto-Regulated,Draft,User,jupyter-full-rebuild-v1.0,1.0,6,"Generated from U000408 using goal, level, schedule, available_equipment, priority/avoidance and safety constraints.","Respect avoided exercises/muscles, recovery capacity, and pain signals.",2026-08-10T08:30,2026-08-10T08:30
PLAN000409,U000409,viet409,Athletic Performance,Muscle Gain,Advanced,8-Week Athletic Performance - Auto,Personalized,2026-08-10,2026-10-04,8,3,Chest Back Legs,45,Auto,18,6,Auto-Regulated,Draft,AI,jupyter-full-rebuild-v1.0,1.0,6,"Generated from U000409 using goal, level, schedule, available_equipment, priority/avoidance and safety constraints.","Respect avoided exercises/muscles, recovery capacity, and pain signals.",2026-08-10T08:30,2026-08-10T08:30
PLAN000410,U000410,anh410,General Fitness,Athletic Performance,Advanced,8-Week General Fitness - Auto,Personalized,2026-08-10,2026-10-04,8,3,Upper Lower,90,Auto,30,10,Auto-Regulated,Draft,Hybrid,jupyter-full-rebuild-v1.0,1.0,18,"Generated from U000410 using goal, level, schedule, available_equipment, priority/avoidance and safety constraints.","Respect avoided exercises/muscles, recovery capacity, and pain signals.",2026-08-10T08:30,2026-08-10T08:30
PLAN000411,U000411,son411,General Fitness,Rehabilitation and Joint Health,Intermediate,8-Week General Fitness - Auto,Personalized,2026-08-10,2026-10-04,8,2,Push Pull Legs,75,Linear Progression,28,14,Auto-Regulated,Draft,Coach,jupyter-full-rebuild-v1.0,1.0,14,"Generated from U000411 using goal, level, schedule, available_equipment, priority/avoidance and safety constraints.","Respect avoided exercises/muscles, recovery capacity, and pain signals.",2026-08-10T08:30,2026-08-10T08:30
PLAN000412,U000412,viet412,Strength,Athletic Performance,Intermediate,8-Week Strength - Body Part Split,Personalized,2026-08-10,2026-10-04,8,5,Body Part Split,75,Linear Progression,18,3.6,Auto-Regulated,Draft,User,jupyter-full-rebuild-v1.0,1.0,7,"Generated from U000412 using goal, level, schedule, available_equipment, priority/avoidance and safety constraints.","Respect avoided exercises/muscles, recovery capacity, and pain signals.",2026-08-10T08:30,2026-08-10T08:30
PLAN000413,U000413,huy413,Athletic Performance,General Fitness,Intermediate,8-Week Athletic Performance - Body Part Split,Personalized,2026-08-10,2026-10-04,8,2,Body Part Split,90,RPE-Based,29,14.5,Auto-Regulated,Draft,AI,jupyter-full-rebuild-v1.0,1.0,10,"Generated from U000413 using goal, level, schedule, available_equipment, priority/avoidance and safety constraints.","Respect avoided exercises/muscles, recovery capacity, and pain signals.",2026-08-10T08:30,2026-08-10T08:30
PLAN000414,U000414,bao414,Athletic Performance,Muscle Gain,Beginner,8-Week Athletic Performance - Body Part Split,Personalized,2026-08-10,2026-10-04,8,5,Body Part Split,90,Auto,63,12.6,Auto-Regulated,Draft,Hybrid,jupyter-full-rebuild-v1.0,1.0,33,"Generated from U000414 using goal, level, schedule, available_equipment, priority/avoidance and safety constraints.","Respect avoided exercises/muscles, recovery capacity, and pain signals.",2026-08-10T08:30,2026-08-10T08:30
PLAN000415,U000415,viet415,Muscular Endurance,Fat Loss,Beginner,8-Week Muscular Endurance - Auto,Personalized,2026-08-10,2026-10-04,8,4,Auto,75,Double Progression,56,14,Auto-Regulated,Draft,Coach,jupyter-full-rebuild-v1.0,1.0,28,"Generated from U000415 using goal, level, schedule, available_equipment, priority/avoidance and safety constraints.","Respect avoided exercises/muscles, recovery capacity, and pain signals.",2026-08-10T08:30,2026-08-10T08:30
PLAN000416,U000416,khoa416,General Fitness,Strength,Beginner,8-Week General Fitness - Auto,Personalized,2026-08-10,2026-10-04,8,3,Upper Lower,90,RPE-Based,6,2,Auto-Regulated,Draft,User,jupyter-full-rebuild-v1.0,1.0,3,"Generated from U000416 using goal, level, schedule, available_equipment, priority/avoidance and safety constraints.","Respect avoided exercises/muscles, recovery capacity, and pain signals.",2026-08-10T08:30,2026-08-10T08:30
PLAN000417,U000417,huong417,Athletic Performance,Mobility and Flexibility,Beginner,8-Week Athletic Performance - Auto,Personalized,2026-08-10,2026-10-04,8,2,Auto,75,Double Progression,36,18,Auto-Regulated,Draft,AI,jupyter-full-rebuild-v1.0,1.0,14,"Generated from U000417 using goal, level, schedule, available_equipment, priority/avoidance and safety constraints.","Respect avoided exercises/muscles, recovery capacity, and pain signals.",2026-08-10T08:30,2026-08-10T08:30
PLAN000418,U000418,nam418,Athletic Performance,Muscular Endurance,Intermediate,8-Week Athletic Performance - Push Pull Legs,Personalized,2026-08-10,2026-10-04,8,4,Push Pull Legs,75,Auto,36,9,Auto-Regulated,Draft,Hybrid,jupyter-full-rebuild-v1.0,1.0,13,"Generated from U000418 using goal, level, schedule, available_equipment, priority/avoidance and safety constraints.","Respect avoided exercises/muscles, recovery capacity, and pain signals.",2026-08-10T08:30,2026-08-10T08:30
PLAN000419,U000419,dung419,General Fitness,Strength,Beginner,8-Week General Fitness - Auto,Personalized,2026-08-10,2026-10-04,8,6,Upper Lower,60,Double Progression,18,3,Auto-Regulated,Draft,Coach,jupyter-full-rebuild-v1.0,1.0,18,"Generated from U000419 using goal, level, schedule, available_equipment, priority/avoidance and safety constraints.","Respect avoided exercises/muscles, recovery capacity, and pain signals.",2026-08-10T08:30,2026-08-10T08:30
PLAN000420,U000420,phong420,Muscular Endurance,Fat Loss,Advanced,8-Week Muscular Endurance - Auto,Personalized,2026-08-10,2026-10-04,8,6,Upper Lower,90,Linear Progression,96,16,Auto-Regulated,Draft,User,jupyter-full-rebuild-v1.0,1.0,48,"Generated from U000420 using goal, level, schedule, available_equipment, priority/avoidance and safety constraints.","Respect avoided exercises/muscles, recovery capacity, and pain signals.",2026-08-10T08:30,2026-08-10T08:30
PLAN000421,U000421,phong421,Muscle Gain,Mobility and Flexibility,Intermediate,8-Week Muscle Gain - Auto,Personalized,2026-08-10,2026-10-04,8,3,Push Pull Legs,45,Linear Progression,18,6,Auto-Regulated,Draft,AI,jupyter-full-rebuild-v1.0,1.0,6,"Generated from U000421 using goal, level, schedule, available_equipment, priority/avoidance and safety constraints.","Respect avoided exercises/muscles, recovery capacity, and pain signals.",2026-08-10T08:30,2026-08-10T08:30
PLAN000422,U000422,hoang422,General Fitness,Muscular Endurance,Advanced,8-Week General Fitness - Auto,Personalized,2026-08-10,2026-10-04,8,6,Auto,90,Linear Progression,24,4,Auto-Regulated,Draft,Hybrid,jupyter-full-rebuild-v1.0,1.0,12,"Generated from U000422 using goal, level, schedule, available_equipment, priority/avoidance and safety constraints.","Respect avoided exercises/muscles, recovery capacity, and pain signals.",2026-08-10T08:30,2026-08-10T08:30
PLAN000423,U000423,son423,Muscle Gain,Rehabilitation and Joint Health,Intermediate,8-Week Muscle Gain - Auto,Personalized,2026-08-10,2026-10-04,8,3,Auto,45,Linear Progression,45,15,Auto-Regulated,Draft,Coach,jupyter-full-rebuild-v1.0,1.0,15,"Generated from U000423 using goal, level, schedule, available_equipment, priority/avoidance and safety constraints.","Respect avoided exercises/muscles, recovery capacity, and pain signals.",2026-08-10T08:30,2026-08-10T08:30
PLAN000424,U000424,thanh424,Muscle Gain,Mobility and Flexibility,Beginner,8-Week Muscle Gain - Auto,Personalized,2026-08-10,2026-10-04,8,4,Auto,75,Double Progression,65,16.25,Auto-Regulated,Draft,User,jupyter-full-rebuild-v1.0,1.0,28,"Generated from U000424 using goal, level, schedule, available_equipment, priority/avoidance and safety constraints.","Respect avoided exercises/muscles, recovery capacity, and pain signals.",2026-08-10T08:30,2026-08-10T08:30
PLAN000425,U000425,tuan425,General Fitness,Muscular Endurance,Intermediate,8-Week General Fitness - Chest Back Legs,Personalized,2026-08-10,2026-10-04,8,4,Chest Back Legs,75,RPE-Based,32,8,Auto-Regulated,Draft,AI,jupyter-full-rebuild-v1.0,1.0,16,"Generated from U000425 using goal, level, schedule, available_equipment, priority/avoidance and safety constraints.","Respect avoided exercises/muscles, recovery capacity, and pain signals.",2026-08-10T08:30,2026-08-10T08:30
PLAN000426,U000426,khoa426,Mobility and Flexibility,Muscle Gain,Advanced,8-Week Mobility and Flexibility - Push Pull Legs,Personalized,2026-08-10,2026-10-04,8,4,Push Pull Legs,90,Linear Progression,58,14.5,Auto-Regulated,Draft,Hybrid,jupyter-full-rebuild-v1.0,1.0,29,"Generated from U000426 using goal, level, schedule, available_equipment, priority/avoidance and safety constraints.","Respect avoided exercises/muscles, recovery capacity, and pain signals.",2026-08-10T08:30,2026-08-10T08:30
PLAN000427,U000427,tuan427,Muscle Gain,Mobility and Flexibility,Intermediate,8-Week Muscle Gain - Auto,Personalized,2026-08-10,2026-10-04,8,5,Auto,75,Auto,54,10.8,Auto-Regulated,Draft,Coach,jupyter-full-rebuild-v1.0,1.0,20,"Generated from U000427 using goal, level, schedule, available_equipment, priority/avoidance and safety constraints.","Respect avoided exercises/muscles, recovery capacity, and pain signals.",2026-08-10T08:30,2026-08-10T08:30
PLAN000428,U000428,long428,Athletic Performance,Muscle Gain,Intermediate,8-Week Athletic Performance - Body Part Split,Personalized,2026-08-10,2026-10-04,8,5,Body Part Split,60,Auto,48,9.6,Auto-Regulated,Draft,User,jupyter-full-rebuild-v1.0,1.0,17,"Generated from U000428 using goal, level, schedule, available_equipment, priority/avoidance and safety constraints.","Respect avoided exercises/muscles, recovery capacity, and pain signals.",2026-08-10T08:30,2026-08-10T08:30
PLAN000429,U000429,huy429,Strength,Muscle Gain,Advanced,8-Week Strength - Auto,Personalized,2026-08-10,2026-10-04,8,2,Body Part Split,90,Linear Progression,6,3,Auto-Regulated,Draft,AI,jupyter-full-rebuild-v1.0,1.0,2,"Generated from U000429 using goal, level, schedule, available_equipment, priority/avoidance and safety constraints.","Respect avoided exercises/muscles, recovery capacity, and pain signals.",2026-08-10T08:30,2026-08-10T08:30
PLAN000430,U000430,anh430,Strength,Athletic Performance,Beginner,8-Week Strength - Auto,Personalized,2026-08-10,2026-10-04,8,5,Upper Lower,45,RPE-Based,15,3,Auto-Regulated,Draft,Hybrid,jupyter-full-rebuild-v1.0,1.0,5,"Generated from U000430 using goal, level, schedule, available_equipment, priority/avoidance and safety constraints.",Medical clearance required before activation; keep exercise selection conservative and pain-free.,2026-08-10T08:30,2026-08-10T08:30
PLAN000431,U000431,huy431,Strength,General Fitness,Beginner,8-Week Strength - Auto,Personalized,2026-08-10,2026-10-04,8,5,Chest Back Legs,45,RPE-Based,15,3,Auto-Regulated,Draft,Coach,jupyter-full-rebuild-v1.0,1.0,5,"Generated from U000431 using goal, level, schedule, available_equipment, priority/avoidance and safety constraints.","Respect avoided exercises/muscles, recovery capacity, and pain signals.",2026-08-10T08:30,2026-08-10T08:30
PLAN000432,U000432,huong432,General Fitness,Strength,Beginner,8-Week General Fitness - Auto,Personalized,2026-08-10,2026-10-04,8,6,Upper Lower,75,Double Progression,36,6,Auto-Regulated,Draft,User,jupyter-full-rebuild-v1.0,1.0,24,"Generated from U000432 using goal, level, schedule, available_equipment, priority/avoidance and safety constraints.","Respect avoided exercises/muscles, recovery capacity, and pain signals.",2026-08-10T08:30,2026-08-10T08:30
PLAN000433,U000433,lan433,General Fitness,Athletic Performance,Advanced,8-Week General Fitness - Body Part Split,Personalized,2026-08-10,2026-10-04,8,6,Body Part Split,60,Auto,28,4.67,Auto-Regulated,Draft,AI,jupyter-full-rebuild-v1.0,1.0,14,"Generated from U000433 using goal, level, schedule, available_equipment, priority/avoidance and safety constraints.","Respect avoided exercises/muscles, recovery capacity, and pain signals.",2026-08-10T08:30,2026-08-10T08:30
PLAN000434,U000434,anh434,Mobility and Flexibility,General Fitness,Advanced,8-Week Mobility and Flexibility - Push Pull Legs,Personalized,2026-08-10,2026-10-04,8,4,Push Pull Legs,60,Double Progression,46,11.5,Auto-Regulated,Draft,Hybrid,jupyter-full-rebuild-v1.0,1.0,23,"Generated from U000434 using goal, level, schedule, available_equipment, priority/avoidance and safety constraints.","Respect avoided exercises/muscles, recovery capacity, and pain signals.",2026-08-10T08:30,2026-08-10T08:30
PLAN000435,U000435,tuan435,Strength,Athletic Performance,Advanced,8-Week Strength - Auto,Personalized,2026-08-10,2026-10-04,8,5,Push Pull Legs,90,RPE-Based,89,17.8,Auto-Regulated,Draft,Coach,jupyter-full-rebuild-v1.0,1.0,40,"Generated from U000435 using goal, level, schedule, available_equipment, priority/avoidance and safety constraints.","Respect avoided exercises/muscles, recovery capacity, and pain signals.",2026-08-10T08:30,2026-08-10T08:30
PLAN000436,U000436,minh436,Mobility and Flexibility,Athletic Performance,Advanced,8-Week Mobility and Flexibility - Auto,Personalized,2026-08-10,2026-10-04,8,3,Body Part Split,60,Double Progression,12,4,Auto-Regulated,Draft,User,jupyter-full-rebuild-v1.0,1.0,6,"Generated from U000436 using goal, level, schedule, available_equipment, priority/avoidance and safety constraints.","Respect avoided exercises/muscles, recovery capacity, and pain signals.",2026-08-10T08:30,2026-08-10T08:30
PLAN000437,U000437,khoa437,Fat Loss,Muscle Gain,Advanced,8-Week Fat Loss - Auto,Personalized,2026-08-10,2026-10-04,8,2,Push Pull Legs,45,RPE-Based,20,10,Auto-Regulated,Draft,AI,jupyter-full-rebuild-v1.0,1.0,10,"Generated from U000437 using goal, level, schedule, available_equipment, priority/avoidance and safety constraints.","Respect avoided exercises/muscles, recovery capacity, and pain signals.",2026-08-10T08:30,2026-08-10T08:30
PLAN000438,U000438,lan438,Muscular Endurance,Muscle Gain,Beginner,8-Week Muscular Endurance - Auto,Personalized,2026-08-10,2026-10-04,8,5,Auto,90,Auto,60,12,Auto-Regulated,Draft,Hybrid,jupyter-full-rebuild-v1.0,1.0,40,"Generated from U000438 using goal, level, schedule, available_equipment, priority/avoidance and safety constraints.",Medical clearance required before activation; keep exercise selection conservative and pain-free.,2026-08-10T08:30,2026-08-10T08:30
PLAN000439,U000439,anh439,Strength,Muscular Endurance,Intermediate,8-Week Strength - Push Pull Legs,Personalized,2026-08-10,2026-10-04,8,5,Push Pull Legs,60,Double Progression,50,10,Auto-Regulated,Draft,Coach,jupyter-full-rebuild-v1.0,1.0,19,"Generated from U000439 using goal, level, schedule, available_equipment, priority/avoidance and safety constraints.","Respect avoided exercises/muscles, recovery capacity, and pain signals.",2026-08-10T08:30,2026-08-10T08:30
PLAN000440,U000440,nam440,Athletic Performance,Rehabilitation and Joint Health,Advanced,8-Week Athletic Performance - Auto,Personalized,2026-08-10,2026-10-04,8,6,Auto,45,Double Progression,78,13,Auto-Regulated,Draft,User,jupyter-full-rebuild-v1.0,1.0,30,"Generated from U000440 using goal, level, schedule, available_equipment, priority/avoidance and safety constraints.","Respect avoided exercises/muscles, recovery capacity, and pain signals.",2026-08-10T08:30,2026-08-10T08:30
PLAN000441,U000441,duc441,Muscle Gain,Strength,Advanced,8-Week Muscle Gain - Chest Back Legs,Personalized,2026-08-10,2026-10-04,8,5,Chest Back Legs,75,Double Progression,69,13.8,Auto-Regulated,Draft,AI,jupyter-full-rebuild-v1.0,1.0,23,"Generated from U000441 using goal, level, schedule, available_equipment, priority/avoidance and safety constraints.","Respect avoided exercises/muscles, recovery capacity, and pain signals.",2026-08-10T08:30,2026-08-10T08:30
PLAN000442,U000442,hoang442,Muscular Endurance,General Fitness,Beginner,8-Week Muscular Endurance - Auto,Personalized,2026-08-10,2026-10-04,8,3,Auto,90,Auto,12,4,Auto-Regulated,Draft,Hybrid,jupyter-full-rebuild-v1.0,1.0,6,"Generated from U000442 using goal, level, schedule, available_equipment, priority/avoidance and safety constraints.","Respect avoided exercises/muscles, recovery capacity, and pain signals.",2026-08-10T08:30,2026-08-10T08:30
PLAN000443,U000443,tuan443,Athletic Performance,General Fitness,Advanced,8-Week Athletic Performance - Auto,Personalized,2026-08-10,2026-10-04,8,6,Auto,75,Auto,98,16.33,Auto-Regulated,Draft,Coach,jupyter-full-rebuild-v1.0,1.0,42,"Generated from U000443 using goal, level, schedule, available_equipment, priority/avoidance and safety constraints.","Respect avoided exercises/muscles, recovery capacity, and pain signals.",2026-08-10T08:30,2026-08-10T08:30
PLAN000444,U000444,dat444,Fat Loss,Muscle Gain,Beginner,8-Week Fat Loss - Auto,Personalized,2026-08-10,2026-10-04,8,4,Chest Back Legs,75,Auto,16,4,Auto-Regulated,Draft,User,jupyter-full-rebuild-v1.0,1.0,8,"Generated from U000444 using goal, level, schedule, available_equipment, priority/avoidance and safety constraints.","Respect avoided exercises/muscles, recovery capacity, and pain signals.",2026-08-10T08:30,2026-08-10T08:30
PLAN000445,U000445,tuan445,Muscular Endurance,Rehabilitation and Joint Health,Beginner,8-Week Muscular Endurance - Auto,Personalized,2026-08-10,2026-10-04,8,2,Upper Lower,60,RPE-Based,4,2,Auto-Regulated,Draft,AI,jupyter-full-rebuild-v1.0,1.0,2,"Generated from U000445 using goal, level, schedule, available_equipment, priority/avoidance and safety constraints.","Respect avoided exercises/muscles, recovery capacity, and pain signals.",2026-08-10T08:30,2026-08-10T08:30
PLAN000446,U000446,nam446,General Fitness,Strength,Intermediate,8-Week General Fitness - Body Part Split,Personalized,2026-08-10,2026-10-04,8,2,Body Part Split,60,Double Progression,16,8,Auto-Regulated,Draft,Hybrid,jupyter-full-rebuild-v1.0,1.0,8,"Generated from U000446 using goal, level, schedule, available_equipment, priority/avoidance and safety constraints.","Respect avoided exercises/muscles, recovery capacity, and pain signals.",2026-08-10T08:30,2026-08-10T08:30
PLAN000447,U000447,linh447,Fat Loss,Rehabilitation and Joint Health,Intermediate,8-Week Fat Loss - Chest Back Legs,Personalized,2026-08-10,2026-10-04,8,3,Chest Back Legs,60,Double Progression,22,7.33,Auto-Regulated,Draft,Coach,jupyter-full-rebuild-v1.0,1.0,12,"Generated from U000447 using goal, level, schedule, available_equipment, priority/avoidance and safety constraints.","Respect avoided exercises/muscles, recovery capacity, and pain signals.",2026-08-10T08:30,2026-08-10T08:30
PLAN000448,U000448,mai448,Athletic Performance,Strength,Beginner,8-Week Athletic Performance - Auto,Personalized,2026-08-10,2026-10-04,8,3,Push Pull Legs,75,Auto,27,9,Auto-Regulated,Draft,User,jupyter-full-rebuild-v1.0,1.0,9,"Generated from U000448 using goal, level, schedule, available_equipment, priority/avoidance and safety constraints.","Respect avoided exercises/muscles, recovery capacity, and pain signals.",2026-08-10T08:30,2026-08-10T08:30
PLAN000449,U000449,huy449,Athletic Performance,Muscular Endurance,Advanced,8-Week Athletic Performance - Body Part Split,Personalized,2026-08-10,2026-10-04,8,3,Body Part Split,90,Double Progression,24,8,Auto-Regulated,Draft,AI,jupyter-full-rebuild-v1.0,1.0,9,"Generated from U000449 using goal, level, schedule, available_equipment, priority/avoidance and safety constraints.","Respect avoided exercises/muscles, recovery capacity, and pain signals.",2026-08-10T08:30,2026-08-10T08:30
PLAN000450,U000450,thanh450,Fat Loss,Muscle Gain,Advanced,8-Week Fat Loss - Auto,Personalized,2026-08-10,2026-10-04,8,4,Upper Lower,60,Auto,48,12,Auto-Regulated,Draft,Hybrid,jupyter-full-rebuild-v1.0,1.0,24,"Generated from U000450 using goal, level, schedule, available_equipment, priority/avoidance and safety constraints.","Respect avoided exercises/muscles, recovery capacity, and pain signals.",2026-08-10T08:30,2026-08-10T08:30
PLAN000451,U000451,son451,Strength,Rehabilitation and Joint Health,Intermediate,8-Week Strength - Chest Back Legs,Personalized,2026-08-10,2026-10-04,8,6,Chest Back Legs,75,Linear Progression,48,8,Auto-Regulated,Draft,Coach,jupyter-full-rebuild-v1.0,1.0,18,"Generated from U000451 using goal, level, schedule, available_equipment, priority/avoidance and safety constraints.","Respect avoided exercises/muscles, recovery capacity, and pain signals.",2026-08-10T08:30,2026-08-10T08:30
PLAN000452,U000452,bao452,Rehabilitation and Joint Health,Muscle Gain,Intermediate,8-Week Rehabilitation and Joint Health - Auto,Personalized,2026-08-10,2026-10-04,8,3,Auto,90,Linear Progression,48,16,Auto-Regulated,Draft,User,jupyter-full-rebuild-v1.0,1.0,24,"Generated from U000452 using goal, level, schedule, available_equipment, priority/avoidance and safety constraints.","Respect avoided exercises/muscles, recovery capacity, and pain signals.",2026-08-10T08:30,2026-08-10T08:30
PLAN000453,U000453,trang453,Athletic Performance,Rehabilitation and Joint Health,Advanced,8-Week Athletic Performance - Auto,Personalized,2026-08-10,2026-10-04,8,2,Push Pull Legs,60,Double Progression,27,13.5,Auto-Regulated,Draft,AI,jupyter-full-rebuild-v1.0,1.0,12,"Generated from U000453 using goal, level, schedule, available_equipment, priority/avoidance and safety constraints.","Respect avoided exercises/muscles, recovery capacity, and pain signals.",2026-08-10T08:30,2026-08-10T08:30
PLAN000454,U000454,phuong454,Athletic Performance,Mobility and Flexibility,Beginner,8-Week Athletic Performance - Auto,Personalized,2026-08-10,2026-10-04,8,3,Upper Lower,75,Double Progression,54,18,Auto-Regulated,Draft,Hybrid,jupyter-full-rebuild-v1.0,1.0,21,"Generated from U000454 using goal, level, schedule, available_equipment, priority/avoidance and safety constraints.",Medical clearance required before activation; keep exercise selection conservative and pain-free.,2026-08-10T08:30,2026-08-10T08:30
PLAN000455,U000455,ngoc455,Fat Loss,General Fitness,Beginner,8-Week Fat Loss - Body Part Split,Personalized,2026-08-10,2026-10-04,8,5,Body Part Split,75,Double Progression,58,11.6,Auto-Regulated,Draft,Coach,jupyter-full-rebuild-v1.0,1.0,29,"Generated from U000455 using goal, level, schedule, available_equipment, priority/avoidance and safety constraints.","Respect avoided exercises/muscles, recovery capacity, and pain signals.",2026-08-10T08:30,2026-08-10T08:30
PLAN000456,U000456,khoa456,Fat Loss,Athletic Performance,Advanced,8-Week Fat Loss - Body Part Split,Personalized,2026-08-10,2026-10-04,8,5,Body Part Split,60,Linear Progression,48,9.6,Auto-Regulated,Draft,User,jupyter-full-rebuild-v1.0,1.0,25,"Generated from U000456 using goal, level, schedule, available_equipment, priority/avoidance and safety constraints.","Respect avoided exercises/muscles, recovery capacity, and pain signals.",2026-08-10T08:30,2026-08-10T08:30
PLAN000457,U000457,trang457,Fat Loss,Mobility and Flexibility,Advanced,8-Week Fat Loss - Auto,Personalized,2026-08-10,2026-10-04,8,5,Push Pull Legs,45,Auto,50,10,Auto-Regulated,Draft,AI,jupyter-full-rebuild-v1.0,1.0,25,"Generated from U000457 using goal, level, schedule, available_equipment, priority/avoidance and safety constraints.","Respect avoided exercises/muscles, recovery capacity, and pain signals.",2026-08-10T08:30,2026-08-10T08:30
PLAN000458,U000458,phuong458,Strength,Athletic Performance,Beginner,8-Week Strength - Auto,Personalized,2026-08-10,2026-10-04,8,3,Auto,60,Double Progression,24,8,Auto-Regulated,Draft,Hybrid,jupyter-full-rebuild-v1.0,1.0,9,"Generated from U000458 using goal, level, schedule, available_equipment, priority/avoidance and safety constraints.","Respect avoided exercises/muscles, recovery capacity, and pain signals.",2026-08-10T08:30,2026-08-10T08:30
PLAN000459,U000459,duc459,Mobility and Flexibility,General Fitness,Advanced,8-Week Mobility and Flexibility - Chest Back Legs,Personalized,2026-08-10,2026-10-04,8,6,Chest Back Legs,60,Double Progression,60,10,Auto-Regulated,Draft,Coach,jupyter-full-rebuild-v1.0,1.0,30,"Generated from U000459 using goal, level, schedule, available_equipment, priority/avoidance and safety constraints.","Respect avoided exercises/muscles, recovery capacity, and pain signals.",2026-08-10T08:30,2026-08-10T08:30
PLAN000460,U000460,anh460,General Fitness,Athletic Performance,Beginner,8-Week General Fitness - Auto,Personalized,2026-08-10,2026-10-04,8,3,Chest Back Legs,90,RPE-Based,48,16,Auto-Regulated,Draft,User,jupyter-full-rebuild-v1.0,1.0,24,"Generated from U000460 using goal, level, schedule, available_equipment, priority/avoidance and safety constraints.","Respect avoided exercises/muscles, recovery capacity, and pain signals.",2026-08-10T08:30,2026-08-10T08:30
PLAN000461,U000461,viet461,Fat Loss,Muscular Endurance,Intermediate,8-Week Fat Loss - Auto,Personalized,2026-08-10,2026-10-04,8,5,Auto,90,RPE-Based,78,15.6,Auto-Regulated,Draft,AI,jupyter-full-rebuild-v1.0,1.0,40,"Generated from U000461 using goal, level, schedule, available_equipment, priority/avoidance and safety constraints.","Respect avoided exercises/muscles, recovery capacity, and pain signals.",2026-08-10T08:30,2026-08-10T08:30
PLAN000462,U000462,mai462,Muscle Gain,Muscular Endurance,Advanced,8-Week Muscle Gain - Auto,Personalized,2026-08-10,2026-10-04,8,6,Auto,60,RPE-Based,108,18,Auto-Regulated,Draft,Hybrid,jupyter-full-rebuild-v1.0,1.0,36,"Generated from U000462 using goal, level, schedule, available_equipment, priority/avoidance and safety constraints.","Respect avoided exercises/muscles, recovery capacity, and pain signals.",2026-08-10T08:30,2026-08-10T08:30
PLAN000463,U000463,quang463,Fat Loss,Rehabilitation and Joint Health,Advanced,8-Week Fat Loss - Auto,Personalized,2026-08-10,2026-10-04,8,6,Upper Lower,90,Double Progression,12,2,Auto-Regulated,Draft,Coach,jupyter-full-rebuild-v1.0,1.0,6,"Generated from U000463 using goal, level, schedule, available_equipment, priority/avoidance and safety constraints.","Respect avoided exercises/muscles, recovery capacity, and pain signals.",2026-08-10T08:30,2026-08-10T08:30
PLAN000464,U000464,dung464,Fat Loss,General Fitness,Beginner,8-Week Fat Loss - Auto,Personalized,2026-08-10,2026-10-04,8,6,Auto,45,RPE-Based,12,2,Auto-Regulated,Draft,User,jupyter-full-rebuild-v1.0,1.0,6,"Generated from U000464 using goal, level, schedule, available_equipment, priority/avoidance and safety constraints.","Respect avoided exercises/muscles, recovery capacity, and pain signals.",2026-08-10T08:30,2026-08-10T08:30
PLAN000465,U000465,dung465,Athletic Performance,Mobility and Flexibility,Intermediate,8-Week Athletic Performance - Body Part Split,Personalized,2026-08-10,2026-10-04,8,4,Body Part Split,60,Auto,46,11.5,Auto-Regulated,Draft,AI,jupyter-full-rebuild-v1.0,1.0,17,"Generated from U000465 using goal, level, schedule, available_equipment, priority/avoidance and safety constraints.","Respect avoided exercises/muscles, recovery capacity, and pain signals.",2026-08-10T08:30,2026-08-10T08:30
PLAN000466,U000466,dat466,Muscle Gain,Strength,Intermediate,8-Week Muscle Gain - Auto,Personalized,2026-08-10,2026-10-04,8,3,Upper Lower,75,Auto,63,21,Auto-Regulated,Draft,Hybrid,jupyter-full-rebuild-v1.0,1.0,21,"Generated from U000466 using goal, level, schedule, available_equipment, priority/avoidance and safety constraints.",Medical clearance required before activation; keep exercise selection conservative and pain-free.,2026-08-10T08:30,2026-08-10T08:30
PLAN000467,U000467,duc467,Fat Loss,Muscle Gain,Intermediate,8-Week Fat Loss - Auto,Personalized,2026-08-10,2026-10-04,8,4,Upper Lower,75,RPE-Based,56,14,Auto-Regulated,Draft,Coach,jupyter-full-rebuild-v1.0,1.0,28,"Generated from U000467 using goal, level, schedule, available_equipment, priority/avoidance and safety constraints.","Respect avoided exercises/muscles, recovery capacity, and pain signals.",2026-08-10T08:30,2026-08-10T08:30
PLAN000468,U000468,phuong468,Rehabilitation and Joint Health,General Fitness,Intermediate,8-Week Rehabilitation and Joint Health - Body Part Split,Personalized,2026-08-10,2026-10-04,8,2,Body Part Split,90,Linear Progression,32,16,Auto-Regulated,Draft,User,jupyter-full-rebuild-v1.0,1.0,16,"Generated from U000468 using goal, level, schedule, available_equipment, priority/avoidance and safety constraints.","Respect avoided exercises/muscles, recovery capacity, and pain signals.",2026-08-10T08:30,2026-08-10T08:30
PLAN000469,U000469,viet469,Strength,Mobility and Flexibility,Advanced,8-Week Strength - Upper Lower,Personalized,2026-08-10,2026-10-04,8,3,Upper Lower,45,Double Progression,35,11.67,Auto-Regulated,Draft,AI,jupyter-full-rebuild-v1.0,1.0,15,"Generated from U000469 using goal, level, schedule, available_equipment, priority/avoidance and safety constraints.",Medical clearance required before activation; keep exercise selection conservative and pain-free.,2026-08-10T08:30,2026-08-10T08:30
PLAN000470,U000470,bao470,Athletic Performance,Muscular Endurance,Intermediate,8-Week Athletic Performance - Auto,Personalized,2026-08-10,2026-10-04,8,3,Auto,75,Linear Progression,55,18.33,Auto-Regulated,Draft,Hybrid,jupyter-full-rebuild-v1.0,1.0,21,"Generated from U000470 using goal, level, schedule, available_equipment, priority/avoidance and safety constraints.","Respect avoided exercises/muscles, recovery capacity, and pain signals.",2026-08-10T08:30,2026-08-10T08:30
PLAN000471,U000471,son471,Muscle Gain,Athletic Performance,Advanced,8-Week Muscle Gain - Auto,Personalized,2026-08-10,2026-10-04,8,5,Auto,90,Auto,111,22.2,Auto-Regulated,Draft,Coach,jupyter-full-rebuild-v1.0,1.0,40,"Generated from U000471 using goal, level, schedule, available_equipment, priority/avoidance and safety constraints.","Respect avoided exercises/muscles, recovery capacity, and pain signals.",2026-08-10T08:30,2026-08-10T08:30
PLAN000472,U000472,minh472,Strength,Fat Loss,Beginner,8-Week Strength - Auto,Personalized,2026-08-10,2026-10-04,8,3,Auto,45,RPE-Based,35,11.67,Auto-Regulated,Draft,User,jupyter-full-rebuild-v1.0,1.0,15,"Generated from U000472 using goal, level, schedule, available_equipment, priority/avoidance and safety constraints.","Respect avoided exercises/muscles, recovery capacity, and pain signals.",2026-08-10T08:30,2026-08-10T08:30
PLAN000473,U000473,anh473,General Fitness,Mobility and Flexibility,Advanced,8-Week General Fitness - Auto,Personalized,2026-08-10,2026-10-04,8,4,Full Body,75,Linear Progression,40,10,Auto-Regulated,Draft,AI,jupyter-full-rebuild-v1.0,1.0,20,"Generated from U000473 using goal, level, schedule, available_equipment, priority/avoidance and safety constraints.","Respect avoided exercises/muscles, recovery capacity, and pain signals.",2026-08-10T08:30,2026-08-10T08:30
PLAN000474,U000474,hoang474,Mobility and Flexibility,Muscle Gain,Advanced,8-Week Mobility and Flexibility - Chest Back Legs,Personalized,2026-08-10,2026-10-04,8,5,Chest Back Legs,60,RPE-Based,34,6.8,Auto-Regulated,Draft,Hybrid,jupyter-full-rebuild-v1.0,1.0,17,"Generated from U000474 using goal, level, schedule, available_equipment, priority/avoidance and safety constraints.",Medical clearance required before activation; keep exercise selection conservative and pain-free.,2026-08-10T08:30,2026-08-10T08:30
PLAN000475,U000475,trang475,General Fitness,Mobility and Flexibility,Advanced,8-Week General Fitness - Auto,Personalized,2026-08-10,2026-10-04,8,3,Auto,45,RPE-Based,30,10,Auto-Regulated,Draft,Coach,jupyter-full-rebuild-v1.0,1.0,15,"Generated from U000475 using goal, level, schedule, available_equipment, priority/avoidance and safety constraints.","Respect avoided exercises/muscles, recovery capacity, and pain signals.",2026-08-10T08:30,2026-08-10T08:30
PLAN000476,U000476,minh476,Athletic Performance,Strength,Advanced,8-Week Athletic Performance - Push Pull Legs,Personalized,2026-08-10,2026-10-04,8,6,Push Pull Legs,75,Linear Progression,102,17,Auto-Regulated,Draft,User,jupyter-full-rebuild-v1.0,1.0,36,"Generated from U000476 using goal, level, schedule, available_equipment, priority/avoidance and safety constraints.","Respect avoided exercises/muscles, recovery capacity, and pain signals.",2026-08-10T08:30,2026-08-10T08:30
PLAN000477,U000477,dung477,Mobility and Flexibility,Rehabilitation and Joint Health,Advanced,8-Week Mobility and Flexibility - Auto,Personalized,2026-08-10,2026-10-04,8,6,Auto,90,Double Progression,60,10,Auto-Regulated,Draft,AI,jupyter-full-rebuild-v1.0,1.0,30,"Generated from U000477 using goal, level, schedule, available_equipment, priority/avoidance and safety constraints.","Respect avoided exercises/muscles, recovery capacity, and pain signals.",2026-08-10T08:30,2026-08-10T08:30
PLAN000478,U000478,viet478,Muscular Endurance,Athletic Performance,Intermediate,8-Week Muscular Endurance - Auto,Personalized,2026-08-10,2026-10-04,8,4,Auto,60,Double Progression,8,2,Auto-Regulated,Draft,Hybrid,jupyter-full-rebuild-v1.0,1.0,4,"Generated from U000478 using goal, level, schedule, available_equipment, priority/avoidance and safety constraints.","Respect avoided exercises/muscles, recovery capacity, and pain signals.",2026-08-10T08:30,2026-08-10T08:30
PLAN000479,U000479,lan479,Muscle Gain,Muscular Endurance,Intermediate,8-Week Muscle Gain - Auto,Personalized,2026-08-10,2026-10-04,8,4,Auto,60,Linear Progression,72,18,Auto-Regulated,Draft,Coach,jupyter-full-rebuild-v1.0,1.0,24,"Generated from U000479 using goal, level, schedule, available_equipment, priority/avoidance and safety constraints.","Respect avoided exercises/muscles, recovery capacity, and pain signals.",2026-08-10T08:30,2026-08-10T08:30
PLAN000480,U000480,long480,Muscle Gain,Athletic Performance,Intermediate,8-Week Muscle Gain - Auto,Personalized,2026-08-10,2026-10-04,8,3,Auto,45,Linear Progression,45,15,Auto-Regulated,Draft,User,jupyter-full-rebuild-v1.0,1.0,15,"Generated from U000480 using goal, level, schedule, available_equipment, priority/avoidance and safety constraints.","Respect avoided exercises/muscles, recovery capacity, and pain signals.",2026-08-10T08:30,2026-08-10T08:30
PLAN000481,U000481,viet481,Rehabilitation and Joint Health,General Fitness,Intermediate,8-Week Rehabilitation and Joint Health - Body Part Split,Personalized,2026-08-10,2026-10-04,8,2,Body Part Split,75,RPE-Based,8,4,Auto-Regulated,Draft,AI,jupyter-full-rebuild-v1.0,1.0,4,"Generated from U000481 using goal, level, schedule, available_equipment, priority/avoidance and safety constraints.","Respect avoided exercises/muscles, recovery capacity, and pain signals.",2026-08-10T08:30,2026-08-10T08:30
PLAN000482,U000482,quang482,Muscle Gain,Muscular Endurance,Advanced,8-Week Muscle Gain - Auto,Personalized,2026-08-10,2026-10-04,8,5,Upper Lower,60,Auto,90,18,Auto-Regulated,Draft,Hybrid,jupyter-full-rebuild-v1.0,1.0,30,"Generated from U000482 using goal, level, schedule, available_equipment, priority/avoidance and safety constraints.","Respect avoided exercises/muscles, recovery capacity, and pain signals.",2026-08-10T08:30,2026-08-10T08:30
PLAN000483,U000483,quang483,Athletic Performance,Muscular Endurance,Advanced,8-Week Athletic Performance - Auto,Personalized,2026-08-10,2026-10-04,8,4,Chest Back Legs,60,Double Progression,20,5,Auto-Regulated,Draft,Coach,jupyter-full-rebuild-v1.0,1.0,8,"Generated from U000483 using goal, level, schedule, available_equipment, priority/avoidance and safety constraints.","Respect avoided exercises/muscles, recovery capacity, and pain signals.",2026-08-10T08:30,2026-08-10T08:30
PLAN000484,U000484,son484,Muscle Gain,Fat Loss,Beginner,8-Week Muscle Gain - Auto,Personalized,2026-08-10,2026-10-04,8,5,Auto,90,RPE-Based,70,14,Auto-Regulated,Draft,User,jupyter-full-rebuild-v1.0,1.0,40,"Generated from U000484 using goal, level, schedule, available_equipment, priority/avoidance and safety constraints.","Respect avoided exercises/muscles, recovery capacity, and pain signals.",2026-08-10T08:30,2026-08-10T08:30
PLAN000485,U000485,huy485,Muscular Endurance,Mobility and Flexibility,Advanced,8-Week Muscular Endurance - Upper Lower,Personalized,2026-08-10,2026-10-04,8,2,Upper Lower,75,Double Progression,28,14,Auto-Regulated,Draft,AI,jupyter-full-rebuild-v1.0,1.0,14,"Generated from U000485 using goal, level, schedule, available_equipment, priority/avoidance and safety constraints.","Respect avoided exercises/muscles, recovery capacity, and pain signals.",2026-08-10T08:30,2026-08-10T08:30
PLAN000486,U000486,son486,Strength,Rehabilitation and Joint Health,Advanced,8-Week Strength - Auto,Personalized,2026-08-10,2026-10-04,8,6,Upper Lower,75,RPE-Based,36,6,Auto-Regulated,Draft,Hybrid,jupyter-full-rebuild-v1.0,1.0,12,"Generated from U000486 using goal, level, schedule, available_equipment, priority/avoidance and safety constraints.","Respect avoided exercises/muscles, recovery capacity, and pain signals.",2026-08-10T08:30,2026-08-10T08:30
PLAN000487,U000487,ha487,Muscle Gain,Muscular Endurance,Intermediate,8-Week Muscle Gain - Auto,Personalized,2026-08-10,2026-10-04,8,5,Push Pull Legs,60,Double Progression,75,15,Auto-Regulated,Draft,Coach,jupyter-full-rebuild-v1.0,1.0,30,"Generated from U000487 using goal, level, schedule, available_equipment, priority/avoidance and safety constraints.","Respect avoided exercises/muscles, recovery capacity, and pain signals.",2026-08-10T08:30,2026-08-10T08:30
PLAN000488,U000488,nam488,Athletic Performance,Strength,Intermediate,8-Week Athletic Performance - Body Part Split,Personalized,2026-08-10,2026-10-04,8,5,Body Part Split,90,RPE-Based,56,11.2,Auto-Regulated,Draft,User,jupyter-full-rebuild-v1.0,1.0,21,"Generated from U000488 using goal, level, schedule, available_equipment, priority/avoidance and safety constraints.","Respect avoided exercises/muscles, recovery capacity, and pain signals.",2026-08-10T08:30,2026-08-10T08:30
PLAN000489,U000489,thanh489,Mobility and Flexibility,Fat Loss,Intermediate,8-Week Mobility and Flexibility - Auto,Personalized,2026-08-10,2026-10-04,8,2,Auto,45,Auto,4,2,Auto-Regulated,Draft,AI,jupyter-full-rebuild-v1.0,1.0,2,"Generated from U000489 using goal, level, schedule, available_equipment, priority/avoidance and safety constraints.",Medical clearance required before activation; keep exercise selection conservative and pain-free.,2026-08-10T08:30,2026-08-10T08:30
PLAN000490,U000490,son490,Fat Loss,Muscular Endurance,Intermediate,8-Week Fat Loss - Auto,Personalized,2026-08-10,2026-10-04,8,4,Auto,90,RPE-Based,16,4,Auto-Regulated,Draft,Hybrid,jupyter-full-rebuild-v1.0,1.0,8,"Generated from U000490 using goal, level, schedule, available_equipment, priority/avoidance and safety constraints.","Respect avoided exercises/muscles, recovery capacity, and pain signals.",2026-08-10T08:30,2026-08-10T08:30
PLAN000491,U000491,quang491,Athletic Performance,Muscular Endurance,Advanced,8-Week Athletic Performance - Auto,Personalized,2026-08-10,2026-10-04,8,2,Push Pull Legs,75,Auto,40,20,Auto-Regulated,Draft,Coach,jupyter-full-rebuild-v1.0,1.0,14,"Generated from U000491 using goal, level, schedule, available_equipment, priority/avoidance and safety constraints.","Respect avoided exercises/muscles, recovery capacity, and pain signals.",2026-08-10T08:30,2026-08-10T08:30
PLAN000492,U000492,bao492,General Fitness,Rehabilitation and Joint Health,Advanced,8-Week General Fitness - Auto,Personalized,2026-08-10,2026-10-04,8,4,Auto,60,RPE-Based,40,10,Auto-Regulated,Draft,User,jupyter-full-rebuild-v1.0,1.0,20,"Generated from U000492 using goal, level, schedule, available_equipment, priority/avoidance and safety constraints.","Respect avoided exercises/muscles, recovery capacity, and pain signals.",2026-08-10T08:30,2026-08-10T08:30
PLAN000493,U000493,thanh493,Rehabilitation and Joint Health,Mobility and Flexibility,Beginner,8-Week Rehabilitation and Joint Health - Push Pull Legs,Personalized,2026-08-10,2026-10-04,8,5,Push Pull Legs,90,Linear Progression,32,6.4,Auto-Regulated,Draft,AI,jupyter-full-rebuild-v1.0,1.0,16,"Generated from U000493 using goal, level, schedule, available_equipment, priority/avoidance and safety constraints.","Respect avoided exercises/muscles, recovery capacity, and pain signals.",2026-08-10T08:30,2026-08-10T08:30
PLAN000494,U000494,dung494,Strength,Athletic Performance,Beginner,8-Week Strength - Auto,Personalized,2026-08-10,2026-10-04,8,2,Auto,45,RPE-Based,22,11,Auto-Regulated,Draft,Hybrid,jupyter-full-rebuild-v1.0,1.0,10,"Generated from U000494 using goal, level, schedule, available_equipment, priority/avoidance and safety constraints.","Respect avoided exercises/muscles, recovery capacity, and pain signals.",2026-08-10T08:30,2026-08-10T08:30
PLAN000495,U000495,huong495,Mobility and Flexibility,Athletic Performance,Beginner,8-Week Mobility and Flexibility - Upper Lower,Personalized,2026-08-10,2026-10-04,8,4,Upper Lower,75,Auto,56,14,Auto-Regulated,Draft,Coach,jupyter-full-rebuild-v1.0,1.0,28,"Generated from U000495 using goal, level, schedule, available_equipment, priority/avoidance and safety constraints.",Medical clearance required before activation; keep exercise selection conservative and pain-free.,2026-08-10T08:30,2026-08-10T08:30
PLAN000496,U000496,son496,Strength,Fat Loss,Advanced,8-Week Strength - Auto,Personalized,2026-08-10,2026-10-04,8,2,Push Pull Legs,75,Double Progression,39,19.5,Auto-Regulated,Draft,User,jupyter-full-rebuild-v1.0,1.0,14,"Generated from U000496 using goal, level, schedule, available_equipment, priority/avoidance and safety constraints.","Respect avoided exercises/muscles, recovery capacity, and pain signals.",2026-08-10T08:30,2026-08-10T08:30
PLAN000497,U000497,dat497,Athletic Performance,Mobility and Flexibility,Beginner,8-Week Athletic Performance - Auto,Personalized,2026-08-10,2026-10-04,8,5,Chest Back Legs,60,Linear Progression,70,14,Auto-Regulated,Draft,AI,jupyter-full-rebuild-v1.0,1.0,30,"Generated from U000497 using goal, level, schedule, available_equipment, priority/avoidance and safety constraints.","Respect avoided exercises/muscles, recovery capacity, and pain signals.",2026-08-10T08:30,2026-08-10T08:30
PLAN000498,U000498,long498,Muscular Endurance,Mobility and Flexibility,Beginner,8-Week Muscular Endurance - Auto,Personalized,2026-08-10,2026-10-04,8,4,Auto,60,RPE-Based,48,12,Auto-Regulated,Draft,Hybrid,jupyter-full-rebuild-v1.0,1.0,24,"Generated from U000498 using goal, level, schedule, available_equipment, priority/avoidance and safety constraints.",Medical clearance required before activation; keep exercise selection conservative and pain-free.,2026-08-10T08:30,2026-08-10T08:30
PLAN000499,U000499,thanh499,General Fitness,Muscular Endurance,Advanced,8-Week General Fitness - Full Body,Personalized,2026-08-10,2026-10-04,8,3,Full Body,75,Double Progression,48,16,Auto-Regulated,Draft,Coach,jupyter-full-rebuild-v1.0,1.0,24,"Generated from U000499 using goal, level, schedule, available_equipment, priority/avoidance and safety constraints.",Medical clearance required before activation; keep exercise selection conservative and pain-free.,2026-08-10T08:30,2026-08-10T08:30
PLAN000500,U000500,hoang500,Muscular Endurance,Rehabilitation and Joint Health,Beginner,8-Week Muscular Endurance - Auto,Personalized,2026-08-10,2026-10-04,8,6,Push Pull Legs,60,Double Progression,12,2,Auto-Regulated,Draft,User,jupyter-full-rebuild-v1.0,1.0,6,"Generated from U000500 using goal, level, schedule, available_equipment, priority/avoidance and safety constraints.","Respect avoided exercises/muscles, recovery capacity, and pain signals.",2026-08-10T08:30,2026-08-10T08:30
PLAN000501,U000001,quang001,Muscle Gain,General Fitness,Intermediate,8-Week Muscle Gain - Full Body - Variation 2,Personalized,2026-08-10,2026-10-04,8,3,Full Body,70,RPE-Based,66,22,Auto-Regulated,Draft,AI,codex-plan-expansion-v2.0,2.0,24,"Alternative sequencing for U000001, derived from the validated base plan while preserving goal, level, schedule, equipment, safety constraints, and exercise volume.","Respect avoided exercises/muscles, recovery capacity, and pain signals.",2026-08-10T12:00,2026-08-10T12:00
PLAN000502,U000002,mai002,Strength,Muscle Gain,Intermediate,8-Week Strength - Auto - Variation 2,Personalized,2026-08-10,2026-10-04,8,2,Push Pull Legs,75,Linear Progression,18,9,Auto-Regulated,Draft,Hybrid,codex-plan-expansion-v2.0,2.0,6,"Alternative sequencing for U000002, derived from the validated base plan while preserving goal, level, schedule, equipment, safety constraints, and exercise volume.","Respect avoided exercises/muscles, recovery capacity, and pain signals.",2026-08-10T12:00,2026-08-10T12:00
PLAN000503,U000003,kai003,Fat Loss,Strength,Advanced,8-Week Fat Loss - Body Part Split - Variation 2,Personalized,2026-08-10,2026-10-04,8,3,Body Part Split,50,Linear Progression,26,8.67,Auto-Regulated,Draft,Coach,codex-plan-expansion-v2.0,2.0,14,"Alternative sequencing for U000003, derived from the validated base plan while preserving goal, level, schedule, equipment, safety constraints, and exercise volume.","Respect avoided exercises/muscles, recovery capacity, and pain signals.",2026-08-10T12:00,2026-08-10T12:00
PLAN000504,U000004,alex004,Strength,Athletic Performance,Advanced,8-Week Strength - Chest Back Legs - Variation 2,Personalized,2026-08-10,2026-10-04,8,6,Chest Back Legs,50,Double Progression,76,12.67,Auto-Regulated,Draft,User,codex-plan-expansion-v2.0,2.0,32,"Alternative sequencing for U000004, derived from the validated base plan while preserving goal, level, schedule, equipment, safety constraints, and exercise volume.","Respect avoided exercises/muscles, recovery capacity, and pain signals.",2026-08-10T12:00,2026-08-10T12:00
PLAN000505,U000005,son005,General Fitness,Muscular Endurance,Beginner,8-Week General Fitness - Auto - Variation 2,Personalized,2026-08-10,2026-10-04,8,2,Auto,60,Linear Progression,16,8,Auto-Regulated,Draft,AI,codex-plan-expansion-v2.0,2.0,8,"Alternative sequencing for U000005, derived from the validated base plan while preserving goal, level, schedule, equipment, safety constraints, and exercise volume.","Respect avoided exercises/muscles, recovery capacity, and pain signals.",2026-08-10T12:00,2026-08-10T12:00
PLAN000506,U000006,vy006,General Fitness,Muscular Endurance,Beginner,8-Week General Fitness - Auto - Variation 2,Personalized,2026-08-10,2026-10-04,8,6,Upper Lower,75,Auto,68,11.33,Auto-Regulated,Draft,Hybrid,codex-plan-expansion-v2.0,2.0,42,"Alternative sequencing for U000006, derived from the validated base plan while preserving goal, level, schedule, equipment, safety constraints, and exercise volume.","Respect avoided exercises/muscles, recovery capacity, and pain signals.",2026-08-10T12:00,2026-08-10T12:00
PLAN000507,U000007,taylor007,Fat Loss,Muscle Gain,Intermediate,8-Week Fat Loss - Auto - Variation 2,Personalized,2026-08-10,2026-10-04,8,3,Upper Lower,40,RPE-Based,18,6,Auto-Regulated,Draft,Coach,codex-plan-expansion-v2.0,2.0,9,"Alternative sequencing for U000007, derived from the validated base plan while preserving goal, level, schedule, equipment, safety constraints, and exercise volume.","Respect avoided exercises/muscles, recovery capacity, and pain signals.",2026-08-10T12:00,2026-08-10T12:00
PLAN000508,U000008,river008,Fat Loss,General Fitness,Intermediate,8-Week Fat Loss - Full Body - Variation 2,Personalized,2026-08-10,2026-10-04,8,6,Full Body,30,Double Progression,54,9,Auto-Regulated,Draft,User,codex-plan-expansion-v2.0,2.0,30,"Alternative sequencing for U000008, derived from the validated base plan while preserving goal, level, schedule, equipment, safety constraints, and exercise volume.","Respect avoided exercises/muscles, recovery capacity, and pain signals.",2026-08-10T12:00,2026-08-10T12:00
PLAN000509,U000009,khoa009,Fat Loss,Rehabilitation and Joint Health,Advanced,8-Week Fat Loss - Auto - Variation 2,Personalized,2026-08-10,2026-10-04,8,5,Push Pull Legs,50,RPE-Based,60,12,Auto-Regulated,Draft,AI,codex-plan-expansion-v2.0,2.0,30,"Alternative sequencing for U000009, derived from the validated base plan while preserving goal, level, schedule, equipment, safety constraints, and exercise volume.","Respect avoided exercises/muscles, recovery capacity, and pain signals.",2026-08-10T12:00,2026-08-10T12:00
PLAN000510,U000010,vinh010,Rehabilitation and Joint Health,Mobility and Flexibility,Intermediate,8-Week Rehabilitation and Joint Health - Auto - Variation 2,Personalized,2026-08-10,2026-10-04,8,4,Auto,75,RPE-Based,56,14,Auto-Regulated,Draft,Hybrid,codex-plan-expansion-v2.0,2.0,28,"Alternative sequencing for U000010, derived from the validated base plan while preserving goal, level, schedule, equipment, safety constraints, and exercise volume.",Medical clearance required before activation; keep exercise selection conservative and pain-free.,2026-08-10T12:00,2026-08-10T12:00
PLAN000511,U000011,tram011,Strength,Muscle Gain,Advanced,8-Week Strength - Body Part Split - Variation 2,Personalized,2026-08-10,2026-10-04,8,6,Body Part Split,60,Linear Progression,39,6.5,Auto-Regulated,Draft,Coach,codex-plan-expansion-v2.0,2.0,14,"Alternative sequencing for U000011, derived from the validated base plan while preserving goal, level, schedule, equipment, safety constraints, and exercise volume.","Respect avoided exercises/muscles, recovery capacity, and pain signals.",2026-08-10T12:00,2026-08-10T12:00
PLAN000512,U000012,bao012,Fat Loss,General Fitness,Intermediate,8-Week Fat Loss - Push Pull Legs - Variation 2,Personalized,2026-08-10,2026-10-04,8,3,Push Pull Legs,75,Linear Progression,20,6.67,Auto-Regulated,Draft,User,codex-plan-expansion-v2.0,2.0,10,"Alternative sequencing for U000012, derived from the validated base plan while preserving goal, level, schedule, equipment, safety constraints, and exercise volume.",Medical clearance required before activation; keep exercise selection conservative and pain-free.,2026-08-10T12:00,2026-08-10T12:00
PLAN000513,U000013,han013,Muscular Endurance,Mobility and Flexibility,Advanced,8-Week Muscular Endurance - Auto - Variation 2,Personalized,2026-08-10,2026-10-04,8,6,Upper Lower,90,RPE-Based,54,9,Auto-Regulated,Draft,AI,codex-plan-expansion-v2.0,2.0,30,"Alternative sequencing for U000013, derived from the validated base plan while preserving goal, level, schedule, equipment, safety constraints, and exercise volume.","Respect avoided exercises/muscles, recovery capacity, and pain signals.",2026-08-10T12:00,2026-08-10T12:00
PLAN000514,U000014,tuan014,Muscular Endurance,Rehabilitation and Joint Health,Advanced,8-Week Muscular Endurance - Chest Back Legs - Variation 2,Personalized,2026-08-10,2026-10-04,8,3,Chest Back Legs,90,Linear Progression,20,6.67,Auto-Regulated,Draft,Hybrid,codex-plan-expansion-v2.0,2.0,10,"Alternative sequencing for U000014, derived from the validated base plan while preserving goal, level, schedule, equipment, safety constraints, and exercise volume.","Respect avoided exercises/muscles, recovery capacity, and pain signals.",2026-08-10T12:00,2026-08-10T12:00
PLAN000515,U000015,alex015,Fat Loss,General Fitness,Intermediate,8-Week Fat Loss - Auto - Variation 2,Personalized,2026-08-10,2026-10-04,8,6,Chest Back Legs,50,Double Progression,34,5.67,Auto-Regulated,Draft,Coach,codex-plan-expansion-v2.0,2.0,18,"Alternative sequencing for U000015, derived from the validated base plan while preserving goal, level, schedule, equipment, safety constraints, and exercise volume.","Respect avoided exercises/muscles, recovery capacity, and pain signals.",2026-08-10T12:00,2026-08-10T12:00
PLAN000516,U000016,khoa016,Muscle Gain,Strength,Beginner,8-Week Muscle Gain - Auto - Variation 2,Personalized,2026-08-10,2026-10-04,8,5,Upper Lower,90,Linear Progression,30,6,Auto-Regulated,Draft,User,codex-plan-expansion-v2.0,2.0,10,"Alternative sequencing for U000016, derived from the validated base plan while preserving goal, level, schedule, equipment, safety constraints, and exercise volume.","Respect avoided exercises/muscles, recovery capacity, and pain signals.",2026-08-10T12:00,2026-08-10T12:00
PLAN000517,U000017,long017,Strength,Athletic Performance,Beginner,8-Week Strength - Auto - Variation 2,Personalized,2026-08-10,2026-10-04,8,4,Auto,70,Double Progression,36,9,Auto-Regulated,Draft,AI,codex-plan-expansion-v2.0,2.0,16,"Alternative sequencing for U000017, derived from the validated base plan while preserving goal, level, schedule, equipment, safety constraints, and exercise volume.","Respect avoided exercises/muscles, recovery capacity, and pain signals.",2026-08-10T12:00,2026-08-10T12:00
PLAN000518,U000018,vy018,General Fitness,Mobility and Flexibility,Advanced,8-Week General Fitness - Auto - Variation 2,Personalized,2026-08-10,2026-10-04,8,2,Chest Back Legs,75,RPE-Based,28,14,Auto-Regulated,Draft,Hybrid,codex-plan-expansion-v2.0,2.0,14,"Alternative sequencing for U000018, derived from the validated base plan while preserving goal, level, schedule, equipment, safety constraints, and exercise volume.","Respect avoided exercises/muscles, recovery capacity, and pain signals.",2026-08-10T12:00,2026-08-10T12:00
PLAN000519,U000019,phuc019,Muscle Gain,Mobility and Flexibility,Beginner,8-Week Muscle Gain - Auto - Variation 2,Personalized,2026-08-10,2026-10-04,8,6,Auto,30,Double Progression,72,12,Auto-Regulated,Draft,Coach,codex-plan-expansion-v2.0,2.0,24,"Alternative sequencing for U000019, derived from the validated base plan while preserving goal, level, schedule, equipment, safety constraints, and exercise volume.","Respect avoided exercises/muscles, recovery capacity, and pain signals.",2026-08-10T12:00,2026-08-10T12:00
PLAN000520,U000020,khoa020,Fat Loss,Muscular Endurance,Beginner,8-Week Fat Loss - Auto - Variation 2,Personalized,2026-08-10,2026-10-04,8,5,Upper Lower,70,Auto,40,8,Auto-Regulated,Draft,User,codex-plan-expansion-v2.0,2.0,20,"Alternative sequencing for U000020, derived from the validated base plan while preserving goal, level, schedule, equipment, safety constraints, and exercise volume.","Respect avoided exercises/muscles, recovery capacity, and pain signals.",2026-08-10T12:00,2026-08-10T12:00
PLAN000521,U000021,tram021,Athletic Performance,Mobility and Flexibility,Advanced,8-Week Athletic Performance - Auto - Variation 2,Personalized,2026-08-10,2026-10-04,8,5,Upper Lower,90,Linear Progression,25,5,Auto-Regulated,Draft,AI,codex-plan-expansion-v2.0,2.0,10,"Alternative sequencing for U000021, derived from the validated base plan while preserving goal, level, schedule, equipment, safety constraints, and exercise volume.","Respect avoided exercises/muscles, recovery capacity, and pain signals.",2026-08-10T12:00,2026-08-10T12:00
PLAN000522,U000022,trang022,Muscle Gain,Athletic Performance,Advanced,8-Week Muscle Gain - Chest Back Legs - Variation 2,Personalized,2026-08-10,2026-10-04,8,6,Chest Back Legs,45,Double Progression,72,12,Auto-Regulated,Draft,Hybrid,codex-plan-expansion-v2.0,2.0,24,"Alternative sequencing for U000022, derived from the validated base plan while preserving goal, level, schedule, equipment, safety constraints, and exercise volume.","Respect avoided exercises/muscles, recovery capacity, and pain signals.",2026-08-10T12:00,2026-08-10T12:00
PLAN000523,U000023,kai023,Athletic Performance,General Fitness,Beginner,8-Week Athletic Performance - Auto - Variation 2,Personalized,2026-08-10,2026-10-04,8,3,Upper Lower,50,Double Progression,45,15,Auto-Regulated,Draft,Coach,codex-plan-expansion-v2.0,2.0,18,"Alternative sequencing for U000023, derived from the validated base plan while preserving goal, level, schedule, equipment, safety constraints, and exercise volume.","Respect avoided exercises/muscles, recovery capacity, and pain signals.",2026-08-10T12:00,2026-08-10T12:00
PLAN000524,U000024,mai024,Muscular Endurance,Fat Loss,Intermediate,8-Week Muscular Endurance - Chest Back Legs - Variation 2,Personalized,2026-08-10,2026-10-04,8,4,Chest Back Legs,60,RPE-Based,36,9,Auto-Regulated,Draft,User,codex-plan-expansion-v2.0,2.0,18,"Alternative sequencing for U000024, derived from the validated base plan while preserving goal, level, schedule, equipment, safety constraints, and exercise volume.",Medical clearance required before activation; keep exercise selection conservative and pain-free.,2026-08-10T12:00,2026-08-10T12:00
PLAN000525,U000025,khoa025,Strength,Athletic Performance,Advanced,8-Week Strength - Auto - Variation 2,Personalized,2026-08-10,2026-10-04,8,2,Push Pull Legs,75,Double Progression,34,17,Auto-Regulated,Draft,AI,codex-plan-expansion-v2.0,2.0,14,"Alternative sequencing for U000025, derived from the validated base plan while preserving goal, level, schedule, equipment, safety constraints, and exercise volume.","Respect avoided exercises/muscles, recovery capacity, and pain signals.",2026-08-10T12:00,2026-08-10T12:00
PLAN000526,U000026,phuc026,General Fitness,Fat Loss,Advanced,8-Week General Fitness - Chest Back Legs - Variation 2,Personalized,2026-08-10,2026-10-04,8,5,Chest Back Legs,50,Double Progression,24,4.8,Auto-Regulated,Draft,Hybrid,codex-plan-expansion-v2.0,2.0,12,"Alternative sequencing for U000026, derived from the validated base plan while preserving goal, level, schedule, equipment, safety constraints, and exercise volume.","Respect avoided exercises/muscles, recovery capacity, and pain signals.",2026-08-10T12:00,2026-08-10T12:00
PLAN000527,U000027,mai027,Muscle Gain,Rehabilitation and Joint Health,Intermediate,8-Week Muscle Gain - Chest Back Legs - Variation 2,Personalized,2026-08-10,2026-10-04,8,4,Chest Back Legs,40,Double Progression,27,6.75,Auto-Regulated,Draft,Coach,codex-plan-expansion-v2.0,2.0,9,"Alternative sequencing for U000027, derived from the validated base plan while preserving goal, level, schedule, equipment, safety constraints, and exercise volume.","Respect avoided exercises/muscles, recovery capacity, and pain signals.",2026-08-10T12:00,2026-08-10T12:00
PLAN000528,U000028,alex028,Mobility and Flexibility,Rehabilitation and Joint Health,Beginner,8-Week Mobility and Flexibility - Auto - Variation 2,Personalized,2026-08-10,2026-10-04,8,4,Auto,60,Linear Progression,48,12,Auto-Regulated,Draft,User,codex-plan-expansion-v2.0,2.0,24,"Alternative sequencing for U000028, derived from the validated base plan while preserving goal, level, schedule, equipment, safety constraints, and exercise volume.","Respect avoided exercises/muscles, recovery capacity, and pain signals.",2026-08-10T12:00,2026-08-10T12:00
PLAN000529,U000029,trang029,Mobility and Flexibility,Strength,Intermediate,8-Week Mobility and Flexibility - Auto - Variation 2,Personalized,2026-08-10,2026-10-04,8,4,Chest Back Legs,30,Double Progression,24,6,Auto-Regulated,Draft,AI,codex-plan-expansion-v2.0,2.0,12,"Alternative sequencing for U000029, derived from the validated base plan while preserving goal, level, schedule, equipment, safety constraints, and exercise volume.","Respect avoided exercises/muscles, recovery capacity, and pain signals.",2026-08-10T12:00,2026-08-10T12:00
PLAN000530,U000030,ngoc030,Muscle Gain,General Fitness,Beginner,8-Week Muscle Gain - Auto - Variation 2,Personalized,2026-08-10,2026-10-04,8,2,Auto,90,Auto,40,20,Auto-Regulated,Draft,Hybrid,codex-plan-expansion-v2.0,2.0,16,"Alternative sequencing for U000030, derived from the validated base plan while preserving goal, level, schedule, equipment, safety constraints, and exercise volume.","Respect avoided exercises/muscles, recovery capacity, and pain signals.",2026-08-10T12:00,2026-08-10T12:00
PLAN000531,U000031,quang031,General Fitness,Rehabilitation and Joint Health,Intermediate,8-Week General Fitness - Chest Back Legs - Variation 2,Personalized,2026-08-10,2026-10-04,8,3,Chest Back Legs,45,Linear Progression,22,7.33,Auto-Regulated,Draft,Coach,codex-plan-expansion-v2.0,2.0,11,"Alternative sequencing for U000031, derived from the validated base plan while preserving goal, level, schedule, equipment, safety constraints, and exercise volume.","Respect avoided exercises/muscles, recovery capacity, and pain signals.",2026-08-10T12:00,2026-08-10T12:00
PLAN000532,U000032,vinh032,Fat Loss,Muscle Gain,Advanced,8-Week Fat Loss - Upper Lower - Variation 2,Personalized,2026-08-10,2026-10-04,8,3,Upper Lower,75,RPE-Based,42,14,Auto-Regulated,Draft,User,codex-plan-expansion-v2.0,2.0,21,"Alternative sequencing for U000032, derived from the validated base plan while preserving goal, level, schedule, equipment, safety constraints, and exercise volume.","Respect avoided exercises/muscles, recovery capacity, and pain signals.",2026-08-10T12:00,2026-08-10T12:00
PLAN000533,U000033,my033,Fat Loss,Muscular Endurance,Intermediate,8-Week Fat Loss - Auto - Variation 2,Personalized,2026-08-10,2026-10-04,8,3,Upper Lower,75,RPE-Based,6,2,Auto-Regulated,Draft,AI,codex-plan-expansion-v2.0,2.0,3,"Alternative sequencing for U000033, derived from the validated base plan while preserving goal, level, schedule, equipment, safety constraints, and exercise volume.","Respect avoided exercises/muscles, recovery capacity, and pain signals.",2026-08-10T12:00,2026-08-10T12:00
PLAN000534,U000034,river034,Mobility and Flexibility,Rehabilitation and Joint Health,Advanced,8-Week Mobility and Flexibility - Push Pull Legs - Variation 2,Personalized,2026-08-10,2026-10-04,8,6,Push Pull Legs,70,RPE-Based,76,12.67,Auto-Regulated,Draft,Hybrid,codex-plan-expansion-v2.0,2.0,38,"Alternative sequencing for U000034, derived from the validated base plan while preserving goal, level, schedule, equipment, safety constraints, and exercise volume.","Respect avoided exercises/muscles, recovery capacity, and pain signals.",2026-08-10T12:00,2026-08-10T12:00
PLAN000535,U000035,thao035,Muscle Gain,Muscular Endurance,Intermediate,8-Week Muscle Gain - Auto - Variation 2,Personalized,2026-08-10,2026-10-04,8,2,Upper Lower,45,RPE-Based,12,6,Auto-Regulated,Draft,Coach,codex-plan-expansion-v2.0,2.0,4,"Alternative sequencing for U000035, derived from the validated base plan while preserving goal, level, schedule, equipment, safety constraints, and exercise volume.","Respect avoided exercises/muscles, recovery capacity, and pain signals.",2026-08-10T12:00,2026-08-10T12:00
PLAN000536,U000036,duc036,Strength,Muscle Gain,Beginner,8-Week Strength - Auto - Variation 2,Personalized,2026-08-10,2026-10-04,8,4,Upper Lower,90,Auto,58,14.5,Auto-Regulated,Draft,User,codex-plan-expansion-v2.0,2.0,28,"Alternative sequencing for U000036, derived from the validated base plan while preserving goal, level, schedule, equipment, safety constraints, and exercise volume.","Respect avoided exercises/muscles, recovery capacity, and pain signals.",2026-08-10T12:00,2026-08-10T12:00
PLAN000537,U000037,mai037,Muscle Gain,Mobility and Flexibility,Intermediate,8-Week Muscle Gain - Full Body - Variation 2,Personalized,2026-08-10,2026-10-04,8,2,Full Body,60,Double Progression,42,21,Auto-Regulated,Draft,AI,codex-plan-expansion-v2.0,2.0,14,"Alternative sequencing for U000037, derived from the validated base plan while preserving goal, level, schedule, equipment, safety constraints, and exercise volume.","Respect avoided exercises/muscles, recovery capacity, and pain signals.",2026-08-10T12:00,2026-08-10T12:00
PLAN000538,U000038,minh038,Strength,Rehabilitation and Joint Health,Advanced,8-Week Strength - Body Part Split - Variation 2,Personalized,2026-08-10,2026-10-04,8,6,Body Part Split,60,Double Progression,59,9.83,Auto-Regulated,Draft,Hybrid,codex-plan-expansion-v2.0,2.0,23,"Alternative sequencing for U000038, derived from the validated base plan while preserving goal, level, schedule, equipment, safety constraints, and exercise volume.",Medical clearance required before activation; keep exercise selection conservative and pain-free.,2026-08-10T12:00,2026-08-10T12:00
PLAN000539,U000039,thao039,Mobility and Flexibility,Rehabilitation and Joint Health,Advanced,8-Week Mobility and Flexibility - Auto - Variation 2,Personalized,2026-08-10,2026-10-04,8,4,Chest Back Legs,30,Double Progression,32,8,Auto-Regulated,Draft,Coach,codex-plan-expansion-v2.0,2.0,16,"Alternative sequencing for U000039, derived from the validated base plan while preserving goal, level, schedule, equipment, safety constraints, and exercise volume.","Respect avoided exercises/muscles, recovery capacity, and pain signals.",2026-08-10T12:00,2026-08-10T12:00
PLAN000540,U000040,vinh040,Rehabilitation and Joint Health,Muscle Gain,Intermediate,8-Week Rehabilitation and Joint Health - Chest Back Legs - Variation 2,Personalized,2026-08-10,2026-10-04,8,4,Chest Back Legs,70,Double Progression,44,11,Auto-Regulated,Draft,User,codex-plan-expansion-v2.0,2.0,22,"Alternative sequencing for U000040, derived from the validated base plan while preserving goal, level, schedule, equipment, safety constraints, and exercise volume.",Medical clearance required before activation; keep exercise selection conservative and pain-free.,2026-08-10T12:00,2026-08-10T12:00
PLAN000541,U000041,kai041,Muscular Endurance,Fat Loss,Advanced,8-Week Muscular Endurance - Auto - Variation 2,Personalized,2026-08-10,2026-10-04,8,2,Body Part Split,75,Linear Progression,8,4,Auto-Regulated,Draft,AI,codex-plan-expansion-v2.0,2.0,4,"Alternative sequencing for U000041, derived from the validated base plan while preserving goal, level, schedule, equipment, safety constraints, and exercise volume.","Respect avoided exercises/muscles, recovery capacity, and pain signals.",2026-08-10T12:00,2026-08-10T12:00
PLAN000542,U000042,phuc042,General Fitness,Fat Loss,Intermediate,8-Week General Fitness - Upper Lower - Variation 2,Personalized,2026-08-10,2026-10-04,8,4,Upper Lower,40,Double Progression,40,10,Auto-Regulated,Draft,Hybrid,codex-plan-expansion-v2.0,2.0,20,"Alternative sequencing for U000042, derived from the validated base plan while preserving goal, level, schedule, equipment, safety constraints, and exercise volume.","Respect avoided exercises/muscles, recovery capacity, and pain signals.",2026-08-10T12:00,2026-08-10T12:00
PLAN000543,U000043,son043,Athletic Performance,Strength,Advanced,8-Week Athletic Performance - Body Part Split - Variation 2,Personalized,2026-08-10,2026-10-04,8,3,Body Part Split,50,Double Progression,37,12.33,Auto-Regulated,Draft,Coach,codex-plan-expansion-v2.0,2.0,14,"Alternative sequencing for U000043, derived from the validated base plan while preserving goal, level, schedule, equipment, safety constraints, and exercise volume.","Respect avoided exercises/muscles, recovery capacity, and pain signals.",2026-08-10T12:00,2026-08-10T12:00
PLAN000544,U000044,quang044,Muscular Endurance,Fat Loss,Advanced,8-Week Muscular Endurance - Chest Back Legs - Variation 2,Personalized,2026-08-10,2026-10-04,8,3,Chest Back Legs,70,RPE-Based,28,9.33,Auto-Regulated,Draft,User,codex-plan-expansion-v2.0,2.0,15,"Alternative sequencing for U000044, derived from the validated base plan while preserving goal, level, schedule, equipment, safety constraints, and exercise volume.","Respect avoided exercises/muscles, recovery capacity, and pain signals.",2026-08-10T12:00,2026-08-10T12:00
PLAN000545,U000045,phuong045,Rehabilitation and Joint Health,Mobility and Flexibility,Intermediate,8-Week Rehabilitation and Joint Health - Auto - Variation 2,Personalized,2026-08-10,2026-10-04,8,2,Push Pull Legs,30,Double Progression,16,8,Auto-Regulated,Draft,AI,codex-plan-expansion-v2.0,2.0,8,"Alternative sequencing for U000045, derived from the validated base plan while preserving goal, level, schedule, equipment, safety constraints, and exercise volume.",Medical clearance required before activation; keep exercise selection conservative and pain-free.,2026-08-10T12:00,2026-08-10T12:00
PLAN000546,U000046,son046,Athletic Performance,Strength,Advanced,8-Week Athletic Performance - Push Pull Legs - Variation 2,Personalized,2026-08-10,2026-10-04,8,4,Push Pull Legs,45,Linear Progression,52,13,Auto-Regulated,Draft,Hybrid,codex-plan-expansion-v2.0,2.0,18,"Alternative sequencing for U000046, derived from the validated base plan while preserving goal, level, schedule, equipment, safety constraints, and exercise volume.","Respect avoided exercises/muscles, recovery capacity, and pain signals.",2026-08-10T12:00,2026-08-10T12:00
PLAN000547,U000047,kai047,Muscle Gain,General Fitness,Advanced,8-Week Muscle Gain - Auto - Variation 2,Personalized,2026-08-10,2026-10-04,8,4,Chest Back Legs,45,RPE-Based,48,12,Auto-Regulated,Draft,Coach,codex-plan-expansion-v2.0,2.0,16,"Alternative sequencing for U000047, derived from the validated base plan while preserving goal, level, schedule, equipment, safety constraints, and exercise volume.","Respect avoided exercises/muscles, recovery capacity, and pain signals.",2026-08-10T12:00,2026-08-10T12:00
PLAN000548,U000048,linh048,General Fitness,Muscle Gain,Beginner,8-Week General Fitness - Upper Lower - Variation 2,Personalized,2026-08-10,2026-10-04,8,6,Upper Lower,45,Auto,60,10,Auto-Regulated,Draft,User,codex-plan-expansion-v2.0,2.0,30,"Alternative sequencing for U000048, derived from the validated base plan while preserving goal, level, schedule, equipment, safety constraints, and exercise volume.","Respect avoided exercises/muscles, recovery capacity, and pain signals.",2026-08-10T12:00,2026-08-10T12:00
PLAN000549,U000049,sam049,General Fitness,Mobility and Flexibility,Advanced,8-Week General Fitness - Chest Back Legs - Variation 2,Personalized,2026-08-10,2026-10-04,8,5,Chest Back Legs,50,Linear Progression,16,3.2,Auto-Regulated,Draft,AI,codex-plan-expansion-v2.0,2.0,8,"Alternative sequencing for U000049, derived from the validated base plan while preserving goal, level, schedule, equipment, safety constraints, and exercise volume.","Respect avoided exercises/muscles, recovery capacity, and pain signals.",2026-08-10T12:00,2026-08-10T12:00
PLAN000550,U000050,phuc050,Muscle Gain,Strength,Advanced,8-Week Muscle Gain - Auto - Variation 2,Personalized,2026-08-10,2026-10-04,8,2,Chest Back Legs,75,Linear Progression,42,21,Auto-Regulated,Draft,Hybrid,codex-plan-expansion-v2.0,2.0,14,"Alternative sequencing for U000050, derived from the validated base plan while preserving goal, level, schedule, equipment, safety constraints, and exercise volume.","Respect avoided exercises/muscles, recovery capacity, and pain signals.",2026-08-10T12:00,2026-08-10T12:00
PLAN000551,U000051,user051,Fat Loss,Strength,Intermediate,8-Week Fat Loss - Chest Back Legs - Variation 2,Personalized,2026-08-10,2026-10-04,8,5,Chest Back Legs,45,Auto,22,4.4,Auto-Regulated,Draft,Coach,codex-plan-expansion-v2.0,2.0,11,"Alternative sequencing for U000051, derived from the validated base plan while preserving goal, level, schedule, equipment, safety constraints, and exercise volume.","Respect avoided exercises/muscles, recovery capacity, and pain signals.",2026-08-10T12:00,2026-08-10T12:00
PLAN000552,U000052,user052,Fat Loss,Muscle Gain,Advanced,8-Week Fat Loss - Body Part Split - Variation 2,Personalized,2026-08-10,2026-10-04,8,6,Body Part Split,60,Auto,34,5.67,Auto-Regulated,Draft,User,codex-plan-expansion-v2.0,2.0,17,"Alternative sequencing for U000052, derived from the validated base plan while preserving goal, level, schedule, equipment, safety constraints, and exercise volume.","Respect avoided exercises/muscles, recovery capacity, and pain signals.",2026-08-10T12:00,2026-08-10T12:00
PLAN000553,U000053,user053,Muscle Gain,Fat Loss,Intermediate,8-Week Muscle Gain - Chest Back Legs - Variation 2,Personalized,2026-08-10,2026-10-04,8,5,Chest Back Legs,75,Double Progression,75,15,Auto-Regulated,Draft,AI,codex-plan-expansion-v2.0,2.0,25,"Alternative sequencing for U000053, derived from the validated base plan while preserving goal, level, schedule, equipment, safety constraints, and exercise volume.","Respect avoided exercises/muscles, recovery capacity, and pain signals.",2026-08-10T12:00,2026-08-10T12:00
PLAN000554,U000054,user054,Athletic Performance,General Fitness,Advanced,8-Week Athletic Performance - Auto - Variation 2,Personalized,2026-08-10,2026-10-04,8,3,Push Pull Legs,75,Auto,55,18.33,Auto-Regulated,Draft,Hybrid,codex-plan-expansion-v2.0,2.0,21,"Alternative sequencing for U000054, derived from the validated base plan while preserving goal, level, schedule, equipment, safety constraints, and exercise volume.","Respect avoided exercises/muscles, recovery capacity, and pain signals.",2026-08-10T12:00,2026-08-10T12:00
PLAN000555,U000055,user055,Rehabilitation and Joint Health,Muscle Gain,Intermediate,8-Week Rehabilitation and Joint Health - Push Pull Legs - Variation 2,Personalized,2026-08-10,2026-10-04,8,4,Push Pull Legs,60,Auto,44,11,Auto-Regulated,Draft,Coach,codex-plan-expansion-v2.0,2.0,22,"Alternative sequencing for U000055, derived from the validated base plan while preserving goal, level, schedule, equipment, safety constraints, and exercise volume.",Medical clearance required before activation; keep exercise selection conservative and pain-free.,2026-08-10T12:00,2026-08-10T12:00
PLAN000556,U000056,user056,Mobility and Flexibility,Muscular Endurance,Advanced,8-Week Mobility and Flexibility - Full Body - Variation 2,Personalized,2026-08-10,2026-10-04,8,5,Full Body,60,RPE-Based,68,13.6,Auto-Regulated,Draft,User,codex-plan-expansion-v2.0,2.0,35,"Alternative sequencing for U000056, derived from the validated base plan while preserving goal, level, schedule, equipment, safety constraints, and exercise volume.","Respect avoided exercises/muscles, recovery capacity, and pain signals.",2026-08-10T12:00,2026-08-10T12:00
PLAN000557,U000057,user057,Mobility and Flexibility,Rehabilitation and Joint Health,Beginner,8-Week Mobility and Flexibility - Auto - Variation 2,Personalized,2026-08-10,2026-10-04,8,2,Push Pull Legs,60,Linear Progression,24,12,Auto-Regulated,Draft,AI,codex-plan-expansion-v2.0,2.0,12,"Alternative sequencing for U000057, derived from the validated base plan while preserving goal, level, schedule, equipment, safety constraints, and exercise volume.","Respect avoided exercises/muscles, recovery capacity, and pain signals.",2026-08-10T12:00,2026-08-10T12:00
PLAN000558,U000058,user058,Muscle Gain,Muscular Endurance,Advanced,8-Week Muscle Gain - Full Body - Variation 2,Personalized,2026-08-10,2026-10-04,8,4,Full Body,75,RPE-Based,93,23.25,Auto-Regulated,Draft,Hybrid,codex-plan-expansion-v2.0,2.0,32,"Alternative sequencing for U000058, derived from the validated base plan while preserving goal, level, schedule, equipment, safety constraints, and exercise volume.","Respect avoided exercises/muscles, recovery capacity, and pain signals.",2026-08-10T12:00,2026-08-10T12:00
PLAN000559,U000059,user059,Mobility and Flexibility,Athletic Performance,Intermediate,8-Week Mobility and Flexibility - Auto - Variation 2,Personalized,2026-08-10,2026-10-04,8,5,Body Part Split,90,Linear Progression,10,2,Auto-Regulated,Draft,Coach,codex-plan-expansion-v2.0,2.0,5,"Alternative sequencing for U000059, derived from the validated base plan while preserving goal, level, schedule, equipment, safety constraints, and exercise volume.",Medical clearance required before activation; keep exercise selection conservative and pain-free.,2026-08-10T12:00,2026-08-10T12:00
PLAN000560,U000060,user060,Athletic Performance,Fat Loss,Advanced,8-Week Athletic Performance - Auto - Variation 2,Personalized,2026-08-10,2026-10-04,8,3,Body Part Split,75,Double Progression,33,11,Auto-Regulated,Draft,User,codex-plan-expansion-v2.0,2.0,12,"Alternative sequencing for U000060, derived from the validated base plan while preserving goal, level, schedule, equipment, safety constraints, and exercise volume.","Respect avoided exercises/muscles, recovery capacity, and pain signals.",2026-08-10T12:00,2026-08-10T12:00
PLAN000561,U000061,user061,Strength,Rehabilitation and Joint Health,Intermediate,8-Week Strength - Full Body - Variation 2,Personalized,2026-08-10,2026-10-04,8,6,Full Body,45,Auto,71,11.83,Auto-Regulated,Draft,AI,codex-plan-expansion-v2.0,2.0,36,"Alternative sequencing for U000061, derived from the validated base plan while preserving goal, level, schedule, equipment, safety constraints, and exercise volume.","Respect avoided exercises/muscles, recovery capacity, and pain signals.",2026-08-10T12:00,2026-08-10T12:00
PLAN000562,U000062,user062,Rehabilitation and Joint Health,Fat Loss,Beginner,8-Week Rehabilitation and Joint Health - Auto - Variation 2,Personalized,2026-08-10,2026-10-04,8,3,Auto,60,Linear Progression,24,8,Auto-Regulated,Draft,Hybrid,codex-plan-expansion-v2.0,2.0,12,"Alternative sequencing for U000062, derived from the validated base plan while preserving goal, level, schedule, equipment, safety constraints, and exercise volume.",Medical clearance required before activation; keep exercise selection conservative and pain-free.,2026-08-10T12:00,2026-08-10T12:00
PLAN000563,U000063,user063,Athletic Performance,Mobility and Flexibility,Advanced,8-Week Athletic Performance - Full Body - Variation 2,Personalized,2026-08-10,2026-10-04,8,4,Full Body,45,Double Progression,60,15,Auto-Regulated,Draft,Coach,codex-plan-expansion-v2.0,2.0,24,"Alternative sequencing for U000063, derived from the validated base plan while preserving goal, level, schedule, equipment, safety constraints, and exercise volume.","Respect avoided exercises/muscles, recovery capacity, and pain signals.",2026-08-10T12:00,2026-08-10T12:00
PLAN000564,U000064,user064,Muscle Gain,Mobility and Flexibility,Intermediate,8-Week Muscle Gain - Push Pull Legs - Variation 2,Personalized,2026-08-10,2026-10-04,8,3,Push Pull Legs,60,Double Progression,45,15,Auto-Regulated,Draft,User,codex-plan-expansion-v2.0,2.0,15,"Alternative sequencing for U000064, derived from the validated base plan while preserving goal, level, schedule, equipment, safety constraints, and exercise volume.",Medical clearance required before activation; keep exercise selection conservative and pain-free.,2026-08-10T12:00,2026-08-10T12:00
PLAN000565,U000065,user065,General Fitness,Mobility and Flexibility,Advanced,8-Week General Fitness - Body Part Split - Variation 2,Personalized,2026-08-10,2026-10-04,8,3,Body Part Split,45,Auto,22,7.33,Auto-Regulated,Draft,AI,codex-plan-expansion-v2.0,2.0,11,"Alternative sequencing for U000065, derived from the validated base plan while preserving goal, level, schedule, equipment, safety constraints, and exercise volume.","Respect avoided exercises/muscles, recovery capacity, and pain signals.",2026-08-10T12:00,2026-08-10T12:00
PLAN000566,U000066,user066,Fat Loss,General Fitness,Intermediate,8-Week Fat Loss - Upper Lower - Variation 2,Personalized,2026-08-10,2026-10-04,8,4,Upper Lower,75,Linear Progression,56,14,Auto-Regulated,Draft,Hybrid,codex-plan-expansion-v2.0,2.0,28,"Alternative sequencing for U000066, derived from the validated base plan while preserving goal, level, schedule, equipment, safety constraints, and exercise volume.","Respect avoided exercises/muscles, recovery capacity, and pain signals.",2026-08-10T12:00,2026-08-10T12:00
PLAN000567,U000067,user067,Strength,Muscle Gain,Advanced,8-Week Strength - Push Pull Legs - Variation 2,Personalized,2026-08-10,2026-10-04,8,5,Push Pull Legs,60,RPE-Based,55,11,Auto-Regulated,Draft,Coach,codex-plan-expansion-v2.0,2.0,20,"Alternative sequencing for U000067, derived from the validated base plan while preserving goal, level, schedule, equipment, safety constraints, and exercise volume.","Respect avoided exercises/muscles, recovery capacity, and pain signals.",2026-08-10T12:00,2026-08-10T12:00
PLAN000568,U000068,user068,Athletic Performance,General Fitness,Intermediate,8-Week Athletic Performance - Body Part Split - Variation 2,Personalized,2026-08-10,2026-10-04,8,2,Body Part Split,45,Auto,14,7,Auto-Regulated,Draft,User,codex-plan-expansion-v2.0,2.0,6,"Alternative sequencing for U000068, derived from the validated base plan while preserving goal, level, schedule, equipment, safety constraints, and exercise volume.","Respect avoided exercises/muscles, recovery capacity, and pain signals.",2026-08-10T12:00,2026-08-10T12:00
PLAN000569,U000069,user069,Athletic Performance,Muscle Gain,Intermediate,8-Week Athletic Performance - Auto - Variation 2,Personalized,2026-08-10,2026-10-04,8,4,Push Pull Legs,75,RPE-Based,24,6,Auto-Regulated,Draft,AI,codex-plan-expansion-v2.0,2.0,12,"Alternative sequencing for U000069, derived from the validated base plan while preserving goal, level, schedule, equipment, safety constraints, and exercise volume.","Respect avoided exercises/muscles, recovery capacity, and pain signals.",2026-08-10T12:00,2026-08-10T12:00
PLAN000570,U000070,user070,General Fitness,Strength,Advanced,8-Week General Fitness - Auto - Variation 2,Personalized,2026-08-10,2026-10-04,8,2,Auto,75,Double Progression,28,14,Auto-Regulated,Draft,Hybrid,codex-plan-expansion-v2.0,2.0,14,"Alternative sequencing for U000070, derived from the validated base plan while preserving goal, level, schedule, equipment, safety constraints, and exercise volume.",Medical clearance required before activation; keep exercise selection conservative and pain-free.,2026-08-10T12:00,2026-08-10T12:00
PLAN000571,U000071,user071,Muscle Gain,General Fitness,Beginner,8-Week Muscle Gain - Auto - Variation 2,Personalized,2026-08-10,2026-10-04,8,2,Body Part Split,75,RPE-Based,6,3,Auto-Regulated,Draft,Coach,codex-plan-expansion-v2.0,2.0,2,"Alternative sequencing for U000071, derived from the validated base plan while preserving goal, level, schedule, equipment, safety constraints, and exercise volume.","Respect avoided exercises/muscles, recovery capacity, and pain signals.",2026-08-10T12:00,2026-08-10T12:00
PLAN000572,U000072,user072,Fat Loss,General Fitness,Intermediate,8-Week Fat Loss - Auto - Variation 2,Personalized,2026-08-10,2026-10-04,8,6,Auto,75,Linear Progression,12,2,Auto-Regulated,Draft,User,codex-plan-expansion-v2.0,2.0,6,"Alternative sequencing for U000072, derived from the validated base plan while preserving goal, level, schedule, equipment, safety constraints, and exercise volume.","Respect avoided exercises/muscles, recovery capacity, and pain signals.",2026-08-10T12:00,2026-08-10T12:00
PLAN000573,U000073,user073,Strength,General Fitness,Advanced,8-Week Strength - Body Part Split - Variation 2,Personalized,2026-08-10,2026-10-04,8,3,Body Part Split,75,Auto,35,11.67,Auto-Regulated,Draft,AI,codex-plan-expansion-v2.0,2.0,13,"Alternative sequencing for U000073, derived from the validated base plan while preserving goal, level, schedule, equipment, safety constraints, and exercise volume.","Respect avoided exercises/muscles, recovery capacity, and pain signals.",2026-08-10T12:00,2026-08-10T12:00
PLAN000574,U000074,user074,Fat Loss,Strength,Intermediate,8-Week Fat Loss - Auto - Variation 2,Personalized,2026-08-10,2026-10-04,8,4,Auto,60,Auto,8,2,Auto-Regulated,Draft,Hybrid,codex-plan-expansion-v2.0,2.0,4,"Alternative sequencing for U000074, derived from the validated base plan while preserving goal, level, schedule, equipment, safety constraints, and exercise volume.","Respect avoided exercises/muscles, recovery capacity, and pain signals.",2026-08-10T12:00,2026-08-10T12:00
PLAN000575,U000075,user075,Athletic Performance,Muscle Gain,Intermediate,8-Week Athletic Performance - Body Part Split - Variation 2,Personalized,2026-08-10,2026-10-04,8,2,Body Part Split,75,Linear Progression,21,10.5,Auto-Regulated,Draft,Coach,codex-plan-expansion-v2.0,2.0,7,"Alternative sequencing for U000075, derived from the validated base plan while preserving goal, level, schedule, equipment, safety constraints, and exercise volume.","Respect avoided exercises/muscles, recovery capacity, and pain signals.",2026-08-10T12:00,2026-08-10T12:00
PLAN000576,U000076,user076,Athletic Performance,Muscle Gain,Advanced,8-Week Athletic Performance - Body Part Split - Variation 2,Personalized,2026-08-10,2026-10-04,8,4,Body Part Split,75,RPE-Based,39,9.75,Auto-Regulated,Draft,User,codex-plan-expansion-v2.0,2.0,14,"Alternative sequencing for U000076, derived from the validated base plan while preserving goal, level, schedule, equipment, safety constraints, and exercise volume.",Medical clearance required before activation; keep exercise selection conservative and pain-free.,2026-08-10T12:00,2026-08-10T12:00
PLAN000577,U000077,user077,Athletic Performance,Muscle Gain,Intermediate,8-Week Athletic Performance - Auto - Variation 2,Personalized,2026-08-10,2026-10-04,8,2,Upper Lower,75,Double Progression,39,19.5,Auto-Regulated,Draft,AI,codex-plan-expansion-v2.0,2.0,14,"Alternative sequencing for U000077, derived from the validated base plan while preserving goal, level, schedule, equipment, safety constraints, and exercise volume.","Respect avoided exercises/muscles, recovery capacity, and pain signals.",2026-08-10T12:00,2026-08-10T12:00
PLAN000578,U000078,user078,Muscle Gain,Fat Loss,Advanced,8-Week Muscle Gain - Body Part Split - Variation 2,Personalized,2026-08-10,2026-10-04,8,6,Body Part Split,75,Double Progression,81,13.5,Auto-Regulated,Draft,Hybrid,codex-plan-expansion-v2.0,2.0,28,"Alternative sequencing for U000078, derived from the validated base plan while preserving goal, level, schedule, equipment, safety constraints, and exercise volume.","Respect avoided exercises/muscles, recovery capacity, and pain signals.",2026-08-10T12:00,2026-08-10T12:00
PLAN000579,U000079,user079,Athletic Performance,Strength,Advanced,8-Week Athletic Performance - Auto - Variation 2,Personalized,2026-08-10,2026-10-04,8,3,Push Pull Legs,75,RPE-Based,27,9,Auto-Regulated,Draft,Coach,codex-plan-expansion-v2.0,2.0,12,"Alternative sequencing for U000079, derived from the validated base plan while preserving goal, level, schedule, equipment, safety constraints, and exercise volume.","Respect avoided exercises/muscles, recovery capacity, and pain signals.",2026-08-10T12:00,2026-08-10T12:00
PLAN000580,U000080,user080,Strength,Mobility and Flexibility,Advanced,8-Week Strength - Auto - Variation 2,Personalized,2026-08-10,2026-10-04,8,3,Auto,60,RPE-Based,51,17,Auto-Regulated,Draft,User,codex-plan-expansion-v2.0,2.0,18,"Alternative sequencing for U000080, derived from the validated base plan while preserving goal, level, schedule, equipment, safety constraints, and exercise volume.",Medical clearance required before activation; keep exercise selection conservative and pain-free.,2026-08-10T12:00,2026-08-10T12:00
PLAN000581,U000081,user081,Muscle Gain,Athletic Performance,Advanced,8-Week Muscle Gain - Upper Lower - Variation 2,Personalized,2026-08-10,2026-10-04,8,6,Upper Lower,75,Auto,126,21,Auto-Regulated,Draft,AI,codex-plan-expansion-v2.0,2.0,42,"Alternative sequencing for U000081, derived from the validated base plan while preserving goal, level, schedule, equipment, safety constraints, and exercise volume.","Respect avoided exercises/muscles, recovery capacity, and pain signals.",2026-08-10T12:00,2026-08-10T12:00
PLAN000582,U000082,user082,Muscle Gain,Athletic Performance,Intermediate,8-Week Muscle Gain - Auto - Variation 2,Personalized,2026-08-10,2026-10-04,8,6,Upper Lower,60,Double Progression,78,13,Auto-Regulated,Draft,Hybrid,codex-plan-expansion-v2.0,2.0,30,"Alternative sequencing for U000082, derived from the validated base plan while preserving goal, level, schedule, equipment, safety constraints, and exercise volume.","Respect avoided exercises/muscles, recovery capacity, and pain signals.",2026-08-10T12:00,2026-08-10T12:00
PLAN000583,U000083,user083,Strength,Fat Loss,Advanced,8-Week Strength - Auto - Variation 2,Personalized,2026-08-10,2026-10-04,8,3,Body Part Split,45,Double Progression,21,7,Auto-Regulated,Draft,Coach,codex-plan-expansion-v2.0,2.0,9,"Alternative sequencing for U000083, derived from the validated base plan while preserving goal, level, schedule, equipment, safety constraints, and exercise volume.",Medical clearance required before activation; keep exercise selection conservative and pain-free.,2026-08-10T12:00,2026-08-10T12:00
PLAN000584,U000084,user084,Fat Loss,Athletic Performance,Advanced,8-Week Fat Loss - Auto - Variation 2,Personalized,2026-08-10,2026-10-04,8,5,Upper Lower,60,Double Progression,60,12,Auto-Regulated,Draft,User,codex-plan-expansion-v2.0,2.0,30,"Alternative sequencing for U000084, derived from the validated base plan while preserving goal, level, schedule, equipment, safety constraints, and exercise volume.","Respect avoided exercises/muscles, recovery capacity, and pain signals.",2026-08-10T12:00,2026-08-10T12:00
PLAN000585,U000085,user085,Rehabilitation and Joint Health,Muscle Gain,Advanced,8-Week Rehabilitation and Joint Health - Body Part Split - Variation 2,Personalized,2026-08-10,2026-10-04,8,3,Body Part Split,90,RPE-Based,10,3.33,Auto-Regulated,Draft,AI,codex-plan-expansion-v2.0,2.0,5,"Alternative sequencing for U000085, derived from the validated base plan while preserving goal, level, schedule, equipment, safety constraints, and exercise volume.",Medical clearance required before activation; keep exercise selection conservative and pain-free.,2026-08-10T12:00,2026-08-10T12:00
PLAN000586,U000086,user086,Strength,Muscle Gain,Intermediate,8-Week Strength - Auto - Variation 2,Personalized,2026-08-10,2026-10-04,8,6,Auto,90,Double Progression,66,11,Auto-Regulated,Draft,Hybrid,codex-plan-expansion-v2.0,2.0,30,"Alternative sequencing for U000086, derived from the validated base plan while preserving goal, level, schedule, equipment, safety constraints, and exercise volume.","Respect avoided exercises/muscles, recovery capacity, and pain signals.",2026-08-10T12:00,2026-08-10T12:00
PLAN000587,U000087,user087,Athletic Performance,Mobility and Flexibility,Advanced,8-Week Athletic Performance - Upper Lower - Variation 2,Personalized,2026-08-10,2026-10-04,8,4,Upper Lower,60,RPE-Based,66,16.5,Auto-Regulated,Draft,Coach,codex-plan-expansion-v2.0,2.0,24,"Alternative sequencing for U000087, derived from the validated base plan while preserving goal, level, schedule, equipment, safety constraints, and exercise volume.","Respect avoided exercises/muscles, recovery capacity, and pain signals.",2026-08-10T12:00,2026-08-10T12:00
PLAN000588,U000088,user088,Muscle Gain,Muscular Endurance,Advanced,8-Week Muscle Gain - Auto - Variation 2,Personalized,2026-08-10,2026-10-04,8,2,Upper Lower,75,Linear Progression,42,21,Auto-Regulated,Draft,User,codex-plan-expansion-v2.0,2.0,14,"Alternative sequencing for U000088, derived from the validated base plan while preserving goal, level, schedule, equipment, safety constraints, and exercise volume.","Respect avoided exercises/muscles, recovery capacity, and pain signals.",2026-08-10T12:00,2026-08-10T12:00
PLAN000589,U000089,user089,Muscular Endurance,Fat Loss,Advanced,8-Week Muscular Endurance - Auto - Variation 2,Personalized,2026-08-10,2026-10-04,8,3,Auto,60,Double Progression,36,12,Auto-Regulated,Draft,AI,codex-plan-expansion-v2.0,2.0,18,"Alternative sequencing for U000089, derived from the validated base plan while preserving goal, level, schedule, equipment, safety constraints, and exercise volume.","Respect avoided exercises/muscles, recovery capacity, and pain signals.",2026-08-10T12:00,2026-08-10T12:00
PLAN000590,U000090,user090,Mobility and Flexibility,Athletic Performance,Intermediate,8-Week Mobility and Flexibility - Auto - Variation 2,Personalized,2026-08-10,2026-10-04,8,2,Body Part Split,75,Auto,12,6,Auto-Regulated,Draft,Hybrid,codex-plan-expansion-v2.0,2.0,6,"Alternative sequencing for U000090, derived from the validated base plan while preserving goal, level, schedule, equipment, safety constraints, and exercise volume.","Respect avoided exercises/muscles, recovery capacity, and pain signals.",2026-08-10T12:00,2026-08-10T12:00
PLAN000591,U000091,user091,Muscular Endurance,Athletic Performance,Intermediate,8-Week Muscular Endurance - Auto - Variation 2,Personalized,2026-08-10,2026-10-04,8,4,Upper Lower,60,Double Progression,48,12,Auto-Regulated,Draft,Coach,codex-plan-expansion-v2.0,2.0,24,"Alternative sequencing for U000091, derived from the validated base plan while preserving goal, level, schedule, equipment, safety constraints, and exercise volume.","Respect avoided exercises/muscles, recovery capacity, and pain signals.",2026-08-10T12:00,2026-08-10T12:00
PLAN000592,U000092,user092,General Fitness,Fat Loss,Advanced,8-Week General Fitness - Full Body - Variation 2,Personalized,2026-08-10,2026-10-04,8,3,Full Body,75,RPE-Based,48,16,Auto-Regulated,Draft,User,codex-plan-expansion-v2.0,2.0,24,"Alternative sequencing for U000092, derived from the validated base plan while preserving goal, level, schedule, equipment, safety constraints, and exercise volume.","Respect avoided exercises/muscles, recovery capacity, and pain signals.",2026-08-10T12:00,2026-08-10T12:00
PLAN000593,U000093,user093,Fat Loss,Athletic Performance,Beginner,8-Week Fat Loss - Auto - Variation 2,Personalized,2026-08-10,2026-10-04,8,4,Upper Lower,75,Linear Progression,24,6,Auto-Regulated,Draft,AI,codex-plan-expansion-v2.0,2.0,12,"Alternative sequencing for U000093, derived from the validated base plan while preserving goal, level, schedule, equipment, safety constraints, and exercise volume.","Respect avoided exercises/muscles, recovery capacity, and pain signals.",2026-08-10T12:00,2026-08-10T12:00
PLAN000594,U000094,user094,General Fitness,Rehabilitation and Joint Health,Beginner,8-Week General Fitness - Auto - Variation 2,Personalized,2026-08-10,2026-10-04,8,6,Auto,75,RPE-Based,36,6,Auto-Regulated,Draft,Hybrid,codex-plan-expansion-v2.0,2.0,18,"Alternative sequencing for U000094, derived from the validated base plan while preserving goal, level, schedule, equipment, safety constraints, and exercise volume.",Medical clearance required before activation; keep exercise selection conservative and pain-free.,2026-08-10T12:00,2026-08-10T12:00
PLAN000595,U000095,user095,Muscle Gain,Strength,Advanced,8-Week Muscle Gain - Auto - Variation 2,Personalized,2026-08-10,2026-10-04,8,6,Chest Back Legs,90,Auto,111,18.5,Auto-Regulated,Draft,Coach,codex-plan-expansion-v2.0,2.0,48,"Alternative sequencing for U000095, derived from the validated base plan while preserving goal, level, schedule, equipment, safety constraints, and exercise volume.","Respect avoided exercises/muscles, recovery capacity, and pain signals.",2026-08-10T12:00,2026-08-10T12:00
PLAN000596,U000096,user096,Strength,Muscular Endurance,Advanced,8-Week Strength - Body Part Split - Variation 2,Personalized,2026-08-10,2026-10-04,8,6,Body Part Split,90,RPE-Based,98,16.33,Auto-Regulated,Draft,User,codex-plan-expansion-v2.0,2.0,38,"Alternative sequencing for U000096, derived from the validated base plan while preserving goal, level, schedule, equipment, safety constraints, and exercise volume.","Respect avoided exercises/muscles, recovery capacity, and pain signals.",2026-08-10T12:00,2026-08-10T12:00
PLAN000597,U000097,user097,General Fitness,Rehabilitation and Joint Health,Intermediate,8-Week General Fitness - Auto - Variation 2,Personalized,2026-08-10,2026-10-04,8,4,Auto,60,RPE-Based,24,6,Auto-Regulated,Draft,AI,codex-plan-expansion-v2.0,2.0,12,"Alternative sequencing for U000097, derived from the validated base plan while preserving goal, level, schedule, equipment, safety constraints, and exercise volume.","Respect avoided exercises/muscles, recovery capacity, and pain signals.",2026-08-10T12:00,2026-08-10T12:00
PLAN000598,U000098,user098,Strength,Athletic Performance,Advanced,8-Week Strength - Upper Lower - Variation 2,Personalized,2026-08-10,2026-10-04,8,4,Upper Lower,45,RPE-Based,49,12.25,Auto-Regulated,Draft,Hybrid,codex-plan-expansion-v2.0,2.0,20,"Alternative sequencing for U000098, derived from the validated base plan while preserving goal, level, schedule, equipment, safety constraints, and exercise volume.",Medical clearance required before activation; keep exercise selection conservative and pain-free.,2026-08-10T12:00,2026-08-10T12:00
PLAN000599,U000099,user099,Athletic Performance,General Fitness,Intermediate,8-Week Athletic Performance - Auto - Variation 2,Personalized,2026-08-10,2026-10-04,8,4,Upper Lower,75,RPE-Based,52,13,Auto-Regulated,Draft,Coach,codex-plan-expansion-v2.0,2.0,20,"Alternative sequencing for U000099, derived from the validated base plan while preserving goal, level, schedule, equipment, safety constraints, and exercise volume.","Respect avoided exercises/muscles, recovery capacity, and pain signals.",2026-08-10T12:00,2026-08-10T12:00
PLAN000600,U000100,son,Strength,Athletic Performance,Advanced,8-Week Strength - Upper Lower - Variation 2,Personalized,2026-08-10,2026-10-04,8,6,Upper Lower,30,RPE-Based,45,7.5,Auto-Regulated,Draft,User,codex-plan-expansion-v2.0,2.0,24,"Alternative sequencing for U000100, derived from the validated base plan while preserving goal, level, schedule, equipment, safety constraints, and exercise volume.","Respect avoided exercises/muscles, recovery capacity, and pain signals.",2026-08-10T12:00,2026-08-10T12:00
PLAN000601,U000101,vy,Strength,Athletic Performance,Beginner,8-Week Strength - Body Part Split - Variation 2,Personalized,2026-08-10,2026-10-04,8,5,Body Part Split,60,Linear Progression,60,12,Auto-Regulated,Draft,AI,codex-plan-expansion-v2.0,2.0,25,"Alternative sequencing for U000101, derived from the validated base plan while preserving goal, level, schedule, equipment, safety constraints, and exercise volume.","Respect avoided exercises/muscles, recovery capacity, and pain signals.",2026-08-10T12:00,2026-08-10T12:00
PLAN000602,U000102,tram,Muscle Gain,Rehabilitation and Joint Health,Intermediate,8-Week Muscle Gain - Auto - Variation 2,Personalized,2026-08-10,2026-10-04,8,3,Upper Lower,30,Double Progression,18,6,Auto-Regulated,Draft,Hybrid,codex-plan-expansion-v2.0,2.0,6,"Alternative sequencing for U000102, derived from the validated base plan while preserving goal, level, schedule, equipment, safety constraints, and exercise volume.","Respect avoided exercises/muscles, recovery capacity, and pain signals.",2026-08-10T12:00,2026-08-10T12:00
PLAN000603,U000103,vinh,Athletic Performance,Muscular Endurance,Beginner,8-Week Athletic Performance - Auto - Variation 2,Personalized,2026-08-10,2026-10-04,8,3,Upper Lower,70,Auto,54,18,Auto-Regulated,Draft,Coach,codex-plan-expansion-v2.0,2.0,21,"Alternative sequencing for U000103, derived from the validated base plan while preserving goal, level, schedule, equipment, safety constraints, and exercise volume.","Respect avoided exercises/muscles, recovery capacity, and pain signals.",2026-08-10T12:00,2026-08-10T12:00
PLAN000604,U000104,nam,General Fitness,Strength,Intermediate,8-Week General Fitness - Auto - Variation 2,Personalized,2026-08-10,2026-10-04,8,6,Auto,60,RPE-Based,12,2,Auto-Regulated,Draft,User,codex-plan-expansion-v2.0,2.0,6,"Alternative sequencing for U000104, derived from the validated base plan while preserving goal, level, schedule, equipment, safety constraints, and exercise volume.","Respect avoided exercises/muscles, recovery capacity, and pain signals.",2026-08-10T12:00,2026-08-10T12:00
PLAN000605,U000105,minh,Fat Loss,Strength,Beginner,8-Week Fat Loss - Push Pull Legs - Variation 2,Personalized,2026-08-10,2026-10-04,8,5,Push Pull Legs,40,Auto,48,9.6,Auto-Regulated,Draft,AI,codex-plan-expansion-v2.0,2.0,24,"Alternative sequencing for U000105, derived from the validated base plan while preserving goal, level, schedule, equipment, safety constraints, and exercise volume.","Respect avoided exercises/muscles, recovery capacity, and pain signals.",2026-08-10T12:00,2026-08-10T12:00
PLAN000606,U000106,huy,Athletic Performance,General Fitness,Intermediate,8-Week Athletic Performance - Push Pull Legs - Variation 2,Personalized,2026-08-10,2026-10-04,8,4,Push Pull Legs,60,Auto,63,15.75,Auto-Regulated,Draft,Hybrid,codex-plan-expansion-v2.0,2.0,24,"Alternative sequencing for U000106, derived from the validated base plan while preserving goal, level, schedule, equipment, safety constraints, and exercise volume.","Respect avoided exercises/muscles, recovery capacity, and pain signals.",2026-08-10T12:00,2026-08-10T12:00
PLAN000607,U000107,khang,Muscular Endurance,Mobility and Flexibility,Advanced,8-Week Muscular Endurance - Body Part Split - Variation 2,Personalized,2026-08-10,2026-10-04,8,2,Body Part Split,50,RPE-Based,8,4,Auto-Regulated,Draft,Coach,codex-plan-expansion-v2.0,2.0,4,"Alternative sequencing for U000107, derived from the validated base plan while preserving goal, level, schedule, equipment, safety constraints, and exercise volume.","Respect avoided exercises/muscles, recovery capacity, and pain signals.",2026-08-10T12:00,2026-08-10T12:00
PLAN000608,U000108,long,Rehabilitation and Joint Health,Fat Loss,Intermediate,8-Week Rehabilitation and Joint Health - Push Pull Legs - Variation 2,Personalized,2026-08-10,2026-10-04,8,6,Push Pull Legs,40,Linear Progression,56,9.33,Auto-Regulated,Draft,User,codex-plan-expansion-v2.0,2.0,28,"Alternative sequencing for U000108, derived from the validated base plan while preserving goal, level, schedule, equipment, safety constraints, and exercise volume.","Respect avoided exercises/muscles, recovery capacity, and pain signals.",2026-08-10T12:00,2026-08-10T12:00
PLAN000609,U000109,phuc,Muscular Endurance,Strength,Beginner,8-Week Muscular Endurance - Auto - Variation 2,Personalized,2026-08-10,2026-10-04,8,3,Auto,70,Double Progression,24,8,Auto-Regulated,Draft,AI,codex-plan-expansion-v2.0,2.0,12,"Alternative sequencing for U000109, derived from the validated base plan while preserving goal, level, schedule, equipment, safety constraints, and exercise volume.","Respect avoided exercises/muscles, recovery capacity, and pain signals.",2026-08-10T12:00,2026-08-10T12:00
PLAN000610,U000110,tung,Mobility and Flexibility,Athletic Performance,Intermediate,8-Week Mobility and Flexibility - Upper Lower - Variation 2,Personalized,2026-08-10,2026-10-04,8,5,Upper Lower,75,Linear Progression,68,13.6,Auto-Regulated,Draft,Hybrid,codex-plan-expansion-v2.0,2.0,35,"Alternative sequencing for U000110, derived from the validated base plan while preserving goal, level, schedule, equipment, safety constraints, and exercise volume.","Respect avoided exercises/muscles, recovery capacity, and pain signals.",2026-08-10T12:00,2026-08-10T12:00
PLAN000611,U000111,hai,Rehabilitation and Joint Health,Muscular Endurance,Intermediate,8-Week Rehabilitation and Joint Health - Push Pull Legs - Variation 2,Personalized,2026-08-10,2026-10-04,8,3,Push Pull Legs,60,Linear Progression,10,3.33,Auto-Regulated,Draft,Coach,codex-plan-expansion-v2.0,2.0,5,"Alternative sequencing for U000111, derived from the validated base plan while preserving goal, level, schedule, equipment, safety constraints, and exercise volume.","Respect avoided exercises/muscles, recovery capacity, and pain signals.",2026-08-10T12:00,2026-08-10T12:00
PLAN000612,U000112,bao,Muscle Gain,Athletic Performance,Advanced,8-Week Muscle Gain - Body Part Split - Variation 2,Personalized,2026-08-10,2026-10-04,8,6,Body Part Split,40,Linear Progression,60,10,Auto-Regulated,Draft,User,codex-plan-expansion-v2.0,2.0,20,"Alternative sequencing for U000112, derived from the validated base plan while preserving goal, level, schedule, equipment, safety constraints, and exercise volume.","Respect avoided exercises/muscles, recovery capacity, and pain signals.",2026-08-10T12:00,2026-08-10T12:00
PLAN000613,U000113,duy,Rehabilitation and Joint Health,Muscle Gain,Intermediate,8-Week Rehabilitation and Joint Health - Auto - Variation 2,Personalized,2026-08-10,2026-10-04,8,4,Upper Lower,30,Double Progression,8,2,Auto-Regulated,Draft,AI,codex-plan-expansion-v2.0,2.0,4,"Alternative sequencing for U000113, derived from the validated base plan while preserving goal, level, schedule, equipment, safety constraints, and exercise volume.","Respect avoided exercises/muscles, recovery capacity, and pain signals.",2026-08-10T12:00,2026-08-10T12:00
PLAN000614,U000114,quan,Strength,Mobility and Flexibility,Intermediate,8-Week Strength - Auto - Variation 2,Personalized,2026-08-10,2026-10-04,8,6,Chest Back Legs,50,Auto,33,5.5,Auto-Regulated,Draft,Hybrid,codex-plan-expansion-v2.0,2.0,12,"Alternative sequencing for U000114, derived from the validated base plan while preserving goal, level, schedule, equipment, safety constraints, and exercise volume.","Respect avoided exercises/muscles, recovery capacity, and pain signals.",2026-08-10T12:00,2026-08-10T12:00
PLAN000615,U000115,dat,Athletic Performance,Mobility and Flexibility,Advanced,8-Week Athletic Performance - Push Pull Legs - Variation 2,Personalized,2026-08-10,2026-10-04,8,5,Push Pull Legs,45,Double Progression,65,13,Auto-Regulated,Draft,Coach,codex-plan-expansion-v2.0,2.0,25,"Alternative sequencing for U000115, derived from the validated base plan while preserving goal, level, schedule, equipment, safety constraints, and exercise volume.","Respect avoided exercises/muscles, recovery capacity, and pain signals.",2026-08-10T12:00,2026-08-10T12:00
PLAN000616,U000116,duc,Athletic Performance,Muscular Endurance,Beginner,8-Week Athletic Performance - Upper Lower - Variation 2,Personalized,2026-08-10,2026-10-04,8,3,Upper Lower,30,RPE-Based,28,9.33,Auto-Regulated,Draft,User,codex-plan-expansion-v2.0,2.0,12,"Alternative sequencing for U000116, derived from the validated base plan while preserving goal, level, schedule, equipment, safety constraints, and exercise volume.","Respect avoided exercises/muscles, recovery capacity, and pain signals.",2026-08-10T12:00,2026-08-10T12:00
PLAN000617,U000117,khoi,Strength,General Fitness,Beginner,8-Week Strength - Auto - Variation 2,Personalized,2026-08-10,2026-10-04,8,2,Auto,50,Linear Progression,25,12.5,Auto-Regulated,Draft,AI,codex-plan-expansion-v2.0,2.0,12,"Alternative sequencing for U000117, derived from the validated base plan while preserving goal, level, schedule, equipment, safety constraints, and exercise volume.","Respect avoided exercises/muscles, recovery capacity, and pain signals.",2026-08-10T12:00,2026-08-10T12:00
PLAN000618,U000118,phong,Muscle Gain,Mobility and Flexibility,Beginner,8-Week Muscle Gain - Upper Lower - Variation 2,Personalized,2026-08-10,2026-10-04,8,5,Upper Lower,70,Double Progression,89,17.8,Auto-Regulated,Draft,Hybrid,codex-plan-expansion-v2.0,2.0,35,"Alternative sequencing for U000118, derived from the validated base plan while preserving goal, level, schedule, equipment, safety constraints, and exercise volume.","Respect avoided exercises/muscles, recovery capacity, and pain signals.",2026-08-10T12:00,2026-08-10T12:00
PLAN000619,U000119,an,Rehabilitation and Joint Health,General Fitness,Advanced,8-Week Rehabilitation and Joint Health - Auto - Variation 2,Personalized,2026-08-10,2026-10-04,8,2,Chest Back Legs,40,RPE-Based,20,10,Auto-Regulated,Draft,Coach,codex-plan-expansion-v2.0,2.0,10,"Alternative sequencing for U000119, derived from the validated base plan while preserving goal, level, schedule, equipment, safety constraints, and exercise volume.","Respect avoided exercises/muscles, recovery capacity, and pain signals.",2026-08-10T12:00,2026-08-10T12:00
PLAN000620,U000120,loc,Athletic Performance,Mobility and Flexibility,Beginner,8-Week Athletic Performance - Auto - Variation 2,Personalized,2026-08-10,2026-10-04,8,6,Auto,30,Auto,52,8.67,Auto-Regulated,Draft,User,codex-plan-expansion-v2.0,2.0,24,"Alternative sequencing for U000120, derived from the validated base plan while preserving goal, level, schedule, equipment, safety constraints, and exercise volume.","Respect avoided exercises/muscles, recovery capacity, and pain signals.",2026-08-10T12:00,2026-08-10T12:00
PLAN000621,U000121,kien,Muscular Endurance,Muscle Gain,Intermediate,8-Week Muscular Endurance - Body Part Split - Variation 2,Personalized,2026-08-10,2026-10-04,8,6,Body Part Split,50,Linear Progression,60,10,Auto-Regulated,Draft,AI,codex-plan-expansion-v2.0,2.0,31,"Alternative sequencing for U000121, derived from the validated base plan while preserving goal, level, schedule, equipment, safety constraints, and exercise volume.","Respect avoided exercises/muscles, recovery capacity, and pain signals.",2026-08-10T12:00,2026-08-10T12:00
PLAN000622,U000122,thinh,Rehabilitation and Joint Health,Muscular Endurance,Beginner,8-Week Rehabilitation and Joint Health - Push Pull Legs - Variation 2,Personalized,2026-08-10,2026-10-04,8,5,Push Pull Legs,90,Linear Progression,32,6.4,Auto-Regulated,Draft,Hybrid,codex-plan-expansion-v2.0,2.0,16,"Alternative sequencing for U000122, derived from the validated base plan while preserving goal, level, schedule, equipment, safety constraints, and exercise volume.",Medical clearance required before activation; keep exercise selection conservative and pain-free.,2026-08-10T12:00,2026-08-10T12:00
PLAN000623,U000123,nhat,General Fitness,Mobility and Flexibility,Intermediate,8-Week General Fitness - Push Pull Legs - Variation 2,Personalized,2026-08-10,2026-10-04,8,3,Push Pull Legs,60,Double Progression,22,7.33,Auto-Regulated,Draft,Coach,codex-plan-expansion-v2.0,2.0,11,"Alternative sequencing for U000123, derived from the validated base plan while preserving goal, level, schedule, equipment, safety constraints, and exercise volume.","Respect avoided exercises/muscles, recovery capacity, and pain signals.",2026-08-10T12:00,2026-08-10T12:00
PLAN000624,U000124,hoang,Muscular Endurance,Rehabilitation and Joint Health,Beginner,8-Week Muscular Endurance - Push Pull Legs - Variation 2,Personalized,2026-08-10,2026-10-04,8,5,Push Pull Legs,70,RPE-Based,12,2.4,Auto-Regulated,Draft,User,codex-plan-expansion-v2.0,2.0,6,"Alternative sequencing for U000124, derived from the validated base plan while preserving goal, level, schedule, equipment, safety constraints, and exercise volume.","Respect avoided exercises/muscles, recovery capacity, and pain signals.",2026-08-10T12:00,2026-08-10T12:00
PLAN000625,U000125,tuan,Mobility and Flexibility,Rehabilitation and Joint Health,Beginner,8-Week Mobility and Flexibility - Auto - Variation 2,Personalized,2026-08-10,2026-10-04,8,4,Body Part Split,70,Double Progression,8,2,Auto-Regulated,Draft,AI,codex-plan-expansion-v2.0,2.0,4,"Alternative sequencing for U000125, derived from the validated base plan while preserving goal, level, schedule, equipment, safety constraints, and exercise volume.","Respect avoided exercises/muscles, recovery capacity, and pain signals.",2026-08-10T12:00,2026-08-10T12:00
PLAN000626,U000126,linh,Fat Loss,Mobility and Flexibility,Beginner,8-Week Fat Loss - Auto - Variation 2,Personalized,2026-08-10,2026-10-04,8,4,Upper Lower,60,Auto,40,10,Auto-Regulated,Draft,Hybrid,codex-plan-expansion-v2.0,2.0,20,"Alternative sequencing for U000126, derived from the validated base plan while preserving goal, level, schedule, equipment, safety constraints, and exercise volume.","Respect avoided exercises/muscles, recovery capacity, and pain signals.",2026-08-10T12:00,2026-08-10T12:00
PLAN000627,U000127,han,Strength,Athletic Performance,Beginner,8-Week Strength - Auto - Variation 2,Personalized,2026-08-10,2026-10-04,8,2,Auto,40,Linear Progression,6,3,Auto-Regulated,Draft,Coach,codex-plan-expansion-v2.0,2.0,2,"Alternative sequencing for U000127, derived from the validated base plan while preserving goal, level, schedule, equipment, safety constraints, and exercise volume.","Respect avoided exercises/muscles, recovery capacity, and pain signals.",2026-08-10T12:00,2026-08-10T12:00
PLAN000628,U000128,anh,Muscle Gain,Muscular Endurance,Intermediate,8-Week Muscle Gain - Auto - Variation 2,Personalized,2026-08-10,2026-10-04,8,6,Chest Back Legs,40,RPE-Based,42,7,Auto-Regulated,Draft,User,codex-plan-expansion-v2.0,2.0,18,"Alternative sequencing for U000128, derived from the validated base plan while preserving goal, level, schedule, equipment, safety constraints, and exercise volume.","Respect avoided exercises/muscles, recovery capacity, and pain signals.",2026-08-10T12:00,2026-08-10T12:00
PLAN000629,U000129,nhi,Muscle Gain,Fat Loss,Beginner,8-Week Muscle Gain - Auto - Variation 2,Personalized,2026-08-10,2026-10-04,8,4,Chest Back Legs,40,Auto,12,3,Auto-Regulated,Draft,AI,codex-plan-expansion-v2.0,2.0,4,"Alternative sequencing for U000129, derived from the validated base plan while preserving goal, level, schedule, equipment, safety constraints, and exercise volume.","Respect avoided exercises/muscles, recovery capacity, and pain signals.",2026-08-10T12:00,2026-08-10T12:00
PLAN000630,U000130,ngoc,Fat Loss,Rehabilitation and Joint Health,Beginner,8-Week Fat Loss - Auto - Variation 2,Personalized,2026-08-10,2026-10-04,8,2,Auto,60,Double Progression,24,12,Auto-Regulated,Draft,Hybrid,codex-plan-expansion-v2.0,2.0,12,"Alternative sequencing for U000130, derived from the validated base plan while preserving goal, level, schedule, equipment, safety constraints, and exercise volume.","Respect avoided exercises/muscles, recovery capacity, and pain signals.",2026-08-10T12:00,2026-08-10T12:00
PLAN000631,U000131,thao,General Fitness,Athletic Performance,Beginner,8-Week General Fitness - Auto - Variation 2,Personalized,2026-08-10,2026-10-04,8,4,Push Pull Legs,50,RPE-Based,44,11,Auto-Regulated,Draft,Coach,codex-plan-expansion-v2.0,2.0,24,"Alternative sequencing for U000131, derived from the validated base plan while preserving goal, level, schedule, equipment, safety constraints, and exercise volume.","Respect avoided exercises/muscles, recovery capacity, and pain signals.",2026-08-10T12:00,2026-08-10T12:00
PLAN000632,U000132,my,Fat Loss,Mobility and Flexibility,Advanced,8-Week Fat Loss - Auto - Variation 2,Personalized,2026-08-10,2026-10-04,8,6,Push Pull Legs,90,Linear Progression,94,15.67,Auto-Regulated,Draft,User,codex-plan-expansion-v2.0,2.0,48,"Alternative sequencing for U000132, derived from the validated base plan while preserving goal, level, schedule, equipment, safety constraints, and exercise volume.","Respect avoided exercises/muscles, recovery capacity, and pain signals.",2026-08-10T12:00,2026-08-10T12:00
PLAN000633,U000133,yen,Mobility and Flexibility,Fat Loss,Beginner,8-Week Mobility and Flexibility - Auto - Variation 2,Personalized,2026-08-10,2026-10-04,8,6,Upper Lower,60,Double Progression,48,8,Auto-Regulated,Draft,AI,codex-plan-expansion-v2.0,2.0,24,"Alternative sequencing for U000133, derived from the validated base plan while preserving goal, level, schedule, equipment, safety constraints, and exercise volume.","Respect avoided exercises/muscles, recovery capacity, and pain signals.",2026-08-10T12:00,2026-08-10T12:00
PLAN000634,U000134,chi,Muscle Gain,Mobility and Flexibility,Beginner,8-Week Muscle Gain - Auto - Variation 2,Personalized,2026-08-10,2026-10-04,8,2,Auto,90,RPE-Based,24,12,Auto-Regulated,Draft,Hybrid,codex-plan-expansion-v2.0,2.0,8,"Alternative sequencing for U000134, derived from the validated base plan while preserving goal, level, schedule, equipment, safety constraints, and exercise volume.",Medical clearance required before activation; keep exercise selection conservative and pain-free.,2026-08-10T12:00,2026-08-10T12:00
PLAN000635,U000135,lan,Strength,Muscular Endurance,Beginner,8-Week Strength - Auto - Variation 2,Personalized,2026-08-10,2026-10-04,8,6,Auto,50,RPE-Based,60,10,Auto-Regulated,Draft,Coach,codex-plan-expansion-v2.0,2.0,36,"Alternative sequencing for U000135, derived from the validated base plan while preserving goal, level, schedule, equipment, safety constraints, and exercise volume.","Respect avoided exercises/muscles, recovery capacity, and pain signals.",2026-08-10T12:00,2026-08-10T12:00
PLAN000636,U000136,phuong,Rehabilitation and Joint Health,Athletic Performance,Intermediate,8-Week Rehabilitation and Joint Health - Body Part Split - Variation 2,Personalized,2026-08-10,2026-10-04,8,4,Body Part Split,90,Auto,36,9,Auto-Regulated,Draft,User,codex-plan-expansion-v2.0,2.0,18,"Alternative sequencing for U000136, derived from the validated base plan while preserving goal, level, schedule, equipment, safety constraints, and exercise volume.","Respect avoided exercises/muscles, recovery capacity, and pain signals.",2026-08-10T12:00,2026-08-10T12:00
PLAN000637,U000137,mai,Muscular Endurance,Muscle Gain,Intermediate,8-Week Muscular Endurance - Chest Back Legs - Variation 2,Personalized,2026-08-10,2026-10-04,8,5,Chest Back Legs,45,RPE-Based,46,9.2,Auto-Regulated,Draft,AI,codex-plan-expansion-v2.0,2.0,23,"Alternative sequencing for U000137, derived from the validated base plan while preserving goal, level, schedule, equipment, safety constraints, and exercise volume.","Respect avoided exercises/muscles, recovery capacity, and pain signals.",2026-08-10T12:00,2026-08-10T12:00
PLAN000638,U000138,quynh,General Fitness,Fat Loss,Beginner,8-Week General Fitness - Auto - Variation 2,Personalized,2026-08-10,2026-10-04,8,3,Upper Lower,40,Linear Progression,30,10,Auto-Regulated,Draft,Hybrid,codex-plan-expansion-v2.0,2.0,15,"Alternative sequencing for U000138, derived from the validated base plan while preserving goal, level, schedule, equipment, safety constraints, and exercise volume.","Respect avoided exercises/muscles, recovery capacity, and pain signals.",2026-08-10T12:00,2026-08-10T12:00
PLAN000639,U000139,huong,Muscle Gain,Muscular Endurance,Intermediate,8-Week Muscle Gain - Auto - Variation 2,Personalized,2026-08-10,2026-10-04,8,4,Push Pull Legs,40,RPE-Based,36,9,Auto-Regulated,Draft,Coach,codex-plan-expansion-v2.0,2.0,12,"Alternative sequencing for U000139, derived from the validated base plan while preserving goal, level, schedule, equipment, safety constraints, and exercise volume.","Respect avoided exercises/muscles, recovery capacity, and pain signals.",2026-08-10T12:00,2026-08-10T12:00
PLAN000640,U000140,trang,Mobility and Flexibility,General Fitness,Intermediate,8-Week Mobility and Flexibility - Auto - Variation 2,Personalized,2026-08-10,2026-10-04,8,5,Chest Back Legs,60,Linear Progression,28,5.6,Auto-Regulated,Draft,User,codex-plan-expansion-v2.0,2.0,15,"Alternative sequencing for U000140, derived from the validated base plan while preserving goal, level, schedule, equipment, safety constraints, and exercise volume.",Medical clearance required before activation; keep exercise selection conservative and pain-free.,2026-08-10T12:00,2026-08-10T12:00
PLAN000641,U000141,diem,Muscle Gain,Muscular Endurance,Beginner,8-Week Muscle Gain - Auto - Variation 2,Personalized,2026-08-10,2026-10-04,8,4,Auto,45,Auto,60,15,Auto-Regulated,Draft,AI,codex-plan-expansion-v2.0,2.0,20,"Alternative sequencing for U000141, derived from the validated base plan while preserving goal, level, schedule, equipment, safety constraints, and exercise volume.","Respect avoided exercises/muscles, recovery capacity, and pain signals.",2026-08-10T12:00,2026-08-10T12:00
PLAN000642,U000142,ha,Muscular Endurance,Mobility and Flexibility,Beginner,8-Week Muscular Endurance - Auto - Variation 2,Personalized,2026-08-10,2026-10-04,8,6,Chest Back Legs,75,Linear Progression,12,2,Auto-Regulated,Draft,Hybrid,codex-plan-expansion-v2.0,2.0,6,"Alternative sequencing for U000142, derived from the validated base plan while preserving goal, level, schedule, equipment, safety constraints, and exercise volume.","Respect avoided exercises/muscles, recovery capacity, and pain signals.",2026-08-10T12:00,2026-08-10T12:00
PLAN000643,U000143,thanh,Muscular Endurance,Mobility and Flexibility,Advanced,8-Week Muscular Endurance - Upper Lower - Variation 2,Personalized,2026-08-10,2026-10-04,8,4,Upper Lower,75,Double Progression,54,13.5,Auto-Regulated,Draft,Coach,codex-plan-expansion-v2.0,2.0,28,"Alternative sequencing for U000143, derived from the validated base plan while preserving goal, level, schedule, equipment, safety constraints, and exercise volume.","Respect avoided exercises/muscles, recovery capacity, and pain signals.",2026-08-10T12:00,2026-08-10T12:00
PLAN000644,U000144,nhung,Athletic Performance,Mobility and Flexibility,Intermediate,8-Week Athletic Performance - Auto - Variation 2,Personalized,2026-08-10,2026-10-04,8,3,Upper Lower,90,RPE-Based,33,11,Auto-Regulated,Draft,User,codex-plan-expansion-v2.0,2.0,12,"Alternative sequencing for U000144, derived from the validated base plan while preserving goal, level, schedule, equipment, safety constraints, and exercise volume.","Respect avoided exercises/muscles, recovery capacity, and pain signals.",2026-08-10T12:00,2026-08-10T12:00
PLAN000645,U000145,tien,Muscular Endurance,Rehabilitation and Joint Health,Advanced,8-Week Muscular Endurance - Auto - Variation 2,Personalized,2026-08-10,2026-10-04,8,4,Auto,70,Double Progression,40,10,Auto-Regulated,Draft,AI,codex-plan-expansion-v2.0,2.0,20,"Alternative sequencing for U000145, derived from the validated base plan while preserving goal, level, schedule, equipment, safety constraints, and exercise volume.","Respect avoided exercises/muscles, recovery capacity, and pain signals.",2026-08-10T12:00,2026-08-10T12:00
PLAN000646,U000146,anhthu,Athletic Performance,Strength,Advanced,8-Week Athletic Performance - Full Body - Variation 2,Personalized,2026-08-10,2026-10-04,8,4,Full Body,40,Auto,56,14,Auto-Regulated,Draft,Hybrid,codex-plan-expansion-v2.0,2.0,24,"Alternative sequencing for U000146, derived from the validated base plan while preserving goal, level, schedule, equipment, safety constraints, and exercise volume.","Respect avoided exercises/muscles, recovery capacity, and pain signals.",2026-08-10T12:00,2026-08-10T12:00
PLAN000647,U000147,bich,Muscle Gain,Fat Loss,Beginner,8-Week Muscle Gain - Upper Lower - Variation 2,Personalized,2026-08-10,2026-10-04,8,2,Upper Lower,70,Auto,38,19,Auto-Regulated,Draft,Coach,codex-plan-expansion-v2.0,2.0,13,"Alternative sequencing for U000147, derived from the validated base plan while preserving goal, level, schedule, equipment, safety constraints, and exercise volume.",Medical clearance required before activation; keep exercise selection conservative and pain-free.,2026-08-10T12:00,2026-08-10T12:00
PLAN000648,U000148,uyen,Muscular Endurance,Mobility and Flexibility,Intermediate,8-Week Muscular Endurance - Auto - Variation 2,Personalized,2026-08-10,2026-10-04,8,2,Auto,75,Linear Progression,28,14,Auto-Regulated,Draft,User,codex-plan-expansion-v2.0,2.0,14,"Alternative sequencing for U000148, derived from the validated base plan while preserving goal, level, schedule, equipment, safety constraints, and exercise volume.","Respect avoided exercises/muscles, recovery capacity, and pain signals.",2026-08-10T12:00,2026-08-10T12:00
PLAN000649,U000149,giang,Strength,General Fitness,Beginner,8-Week Strength - Full Body - Variation 2,Personalized,2026-08-10,2026-10-04,8,3,Full Body,70,Auto,53,17.67,Auto-Regulated,Draft,AI,codex-plan-expansion-v2.0,2.0,24,"Alternative sequencing for U000149, derived from the validated base plan while preserving goal, level, schedule, equipment, safety constraints, and exercise volume.","Respect avoided exercises/muscles, recovery capacity, and pain signals.",2026-08-10T12:00,2026-08-10T12:00
PLAN000650,U000150,chau,Muscle Gain,Muscular Endurance,Intermediate,8-Week Muscle Gain - Chest Back Legs - Variation 2,Personalized,2026-08-10,2026-10-04,8,3,Chest Back Legs,75,Double Progression,39,13,Auto-Regulated,Draft,Hybrid,codex-plan-expansion-v2.0,2.0,13,"Alternative sequencing for U000150, derived from the validated base plan while preserving goal, level, schedule, equipment, safety constraints, and exercise volume.","Respect avoided exercises/muscles, recovery capacity, and pain signals.",2026-08-10T12:00,2026-08-10T12:00
PLAN000651,U000151,khanh,Muscle Gain,Athletic Performance,Advanced,8-Week Muscle Gain - Upper Lower - Variation 2,Personalized,2026-08-10,2026-10-04,8,5,Upper Lower,70,Auto,105,21,Auto-Regulated,Draft,Coach,codex-plan-expansion-v2.0,2.0,35,"Alternative sequencing for U000151, derived from the validated base plan while preserving goal, level, schedule, equipment, safety constraints, and exercise volume.","Respect avoided exercises/muscles, recovery capacity, and pain signals.",2026-08-10T12:00,2026-08-10T12:00
PLAN000652,U000152,thu,Strength,Muscle Gain,Intermediate,8-Week Strength - Upper Lower - Variation 2,Personalized,2026-08-10,2026-10-04,8,4,Upper Lower,40,Auto,41,10.25,Auto-Regulated,Draft,User,codex-plan-expansion-v2.0,2.0,20,"Alternative sequencing for U000152, derived from the validated base plan while preserving goal, level, schedule, equipment, safety constraints, and exercise volume.","Respect avoided exercises/muscles, recovery capacity, and pain signals.",2026-08-10T12:00,2026-08-10T12:00
PLAN000653,U000153,loan,Muscular Endurance,Fat Loss,Beginner,8-Week Muscular Endurance - Full Body - Variation 2,Personalized,2026-08-10,2026-10-04,8,2,Full Body,75,Auto,32,16,Auto-Regulated,Draft,AI,codex-plan-expansion-v2.0,2.0,16,"Alternative sequencing for U000153, derived from the validated base plan while preserving goal, level, schedule, equipment, safety constraints, and exercise volume.","Respect avoided exercises/muscles, recovery capacity, and pain signals.",2026-08-10T12:00,2026-08-10T12:00
PLAN000654,U000154,nga,Rehabilitation and Joint Health,General Fitness,Beginner,8-Week Rehabilitation and Joint Health - Auto - Variation 2,Personalized,2026-08-10,2026-10-04,8,3,Auto,40,RPE-Based,6,2,Auto-Regulated,Draft,Hybrid,codex-plan-expansion-v2.0,2.0,3,"Alternative sequencing for U000154, derived from the validated base plan while preserving goal, level, schedule, equipment, safety constraints, and exercise volume.","Respect avoided exercises/muscles, recovery capacity, and pain signals.",2026-08-10T12:00,2026-08-10T12:00
PLAN000655,U000155,oanh,Mobility and Flexibility,Fat Loss,Beginner,8-Week Mobility and Flexibility - Full Body - Variation 2,Personalized,2026-08-10,2026-10-04,8,3,Auto,90,RPE-Based,48,16,Auto-Regulated,Draft,Coach,codex-plan-expansion-v2.0,2.0,24,"Alternative sequencing for U000155, derived from the validated base plan while preserving goal, level, schedule, equipment, safety constraints, and exercise volume.","Respect avoided exercises/muscles, recovery capacity, and pain signals.",2026-08-10T12:00,2026-08-10T12:00
PLAN000656,U000156,ly,Mobility and Flexibility,Athletic Performance,Beginner,8-Week Mobility and Flexibility - Auto - Variation 2,Personalized,2026-08-10,2026-10-04,8,3,Chest Back Legs,90,RPE-Based,6,2,Auto-Regulated,Draft,User,codex-plan-expansion-v2.0,2.0,3,"Alternative sequencing for U000156, derived from the validated base plan while preserving goal, level, schedule, equipment, safety constraints, and exercise volume.","Respect avoided exercises/muscles, recovery capacity, and pain signals.",2026-08-10T12:00,2026-08-10T12:00
PLAN000657,U000157,hien,Rehabilitation and Joint Health,Strength,Intermediate,8-Week Rehabilitation and Joint Health - Auto - Variation 2,Personalized,2026-08-10,2026-10-04,8,3,Auto,60,RPE-Based,36,12,Auto-Regulated,Draft,AI,codex-plan-expansion-v2.0,2.0,18,"Alternative sequencing for U000157, derived from the validated base plan while preserving goal, level, schedule, equipment, safety constraints, and exercise volume.","Respect avoided exercises/muscles, recovery capacity, and pain signals.",2026-08-10T12:00,2026-08-10T12:00
PLAN000658,U000158,van,Muscle Gain,Strength,Beginner,8-Week Muscle Gain - Auto - Variation 2,Personalized,2026-08-10,2026-10-04,8,2,Auto,45,Auto,30,15,Auto-Regulated,Draft,Hybrid,codex-plan-expansion-v2.0,2.0,10,"Alternative sequencing for U000158, derived from the validated base plan while preserving goal, level, schedule, equipment, safety constraints, and exercise volume.","Respect avoided exercises/muscles, recovery capacity, and pain signals.",2026-08-10T12:00,2026-08-10T12:00
PLAN000659,U000159,nhu,Strength,Fat Loss,Advanced,8-Week Strength - Auto - Variation 2,Personalized,2026-08-10,2026-10-04,8,2,Chest Back Legs,40,Linear Progression,23,11.5,Auto-Regulated,Draft,Coach,codex-plan-expansion-v2.0,2.0,10,"Alternative sequencing for U000159, derived from the validated base plan while preserving goal, level, schedule, equipment, safety constraints, and exercise volume.","Respect avoided exercises/muscles, recovery capacity, and pain signals.",2026-08-10T12:00,2026-08-10T12:00
PLAN000660,U000160,trinh,Muscular Endurance,Strength,Intermediate,8-Week Muscular Endurance - Full Body - Variation 2,Personalized,2026-08-10,2026-10-04,8,4,Full Body,70,Auto,62,15.5,Auto-Regulated,Draft,User,codex-plan-expansion-v2.0,2.0,32,"Alternative sequencing for U000160, derived from the validated base plan while preserving goal, level, schedule, equipment, safety constraints, and exercise volume.","Respect avoided exercises/muscles, recovery capacity, and pain signals.",2026-08-10T12:00,2026-08-10T12:00
PLAN000661,U000161,duyen,Rehabilitation and Joint Health,Muscle Gain,Beginner,8-Week Rehabilitation and Joint Health - Auto - Variation 2,Personalized,2026-08-10,2026-10-04,8,4,Auto,90,RPE-Based,64,16,Auto-Regulated,Draft,AI,codex-plan-expansion-v2.0,2.0,32,"Alternative sequencing for U000161, derived from the validated base plan while preserving goal, level, schedule, equipment, safety constraints, and exercise volume.","Respect avoided exercises/muscles, recovery capacity, and pain signals.",2026-08-10T12:00,2026-08-10T12:00
PLAN000662,U000162,kim,Rehabilitation and Joint Health,Muscular Endurance,Advanced,8-Week Rehabilitation and Joint Health - Body Part Split - Variation 2,Personalized,2026-08-10,2026-10-04,8,6,Body Part Split,70,Linear Progression,74,12.33,Auto-Regulated,Draft,Hybrid,codex-plan-expansion-v2.0,2.0,38,"Alternative sequencing for U000162, derived from the validated base plan while preserving goal, level, schedule, equipment, safety constraints, and exercise volume.","Respect avoided exercises/muscles, recovery capacity, and pain signals.",2026-08-10T12:00,2026-08-10T12:00
PLAN000663,U000163,hanh,Muscular Endurance,Rehabilitation and Joint Health,Intermediate,8-Week Muscular Endurance - Body Part Split - Variation 2,Personalized,2026-08-10,2026-10-04,8,2,Body Part Split,30,Double Progression,12,6,Auto-Regulated,Draft,Coach,codex-plan-expansion-v2.0,2.0,6,"Alternative sequencing for U000163, derived from the validated base plan while preserving goal, level, schedule, equipment, safety constraints, and exercise volume.","Respect avoided exercises/muscles, recovery capacity, and pain signals.",2026-08-10T12:00,2026-08-10T12:00
PLAN000664,U000164,le,Fat Loss,Rehabilitation and Joint Health,Beginner,8-Week Fat Loss - Body Part Split - Variation 2,Personalized,2026-08-10,2026-10-04,8,5,Body Part Split,75,RPE-Based,12,2.4,Auto-Regulated,Draft,User,codex-plan-expansion-v2.0,2.0,6,"Alternative sequencing for U000164, derived from the validated base plan while preserving goal, level, schedule, equipment, safety constraints, and exercise volume.","Respect avoided exercises/muscles, recovery capacity, and pain signals.",2026-08-10T12:00,2026-08-10T12:00
PLAN000665,U000165,thuy,Muscular Endurance,Athletic Performance,Advanced,8-Week Muscular Endurance - Upper Lower - Variation 2,Personalized,2026-08-10,2026-10-04,8,2,Upper Lower,90,Auto,30,15,Auto-Regulated,Draft,AI,codex-plan-expansion-v2.0,2.0,16,"Alternative sequencing for U000165, derived from the validated base plan while preserving goal, level, schedule, equipment, safety constraints, and exercise volume.","Respect avoided exercises/muscles, recovery capacity, and pain signals.",2026-08-10T12:00,2026-08-10T12:00
PLAN000666,U000166,tu,Mobility and Flexibility,Muscular Endurance,Beginner,8-Week Mobility and Flexibility - Upper Lower - Variation 2,Personalized,2026-08-10,2026-10-04,8,5,Upper Lower,60,Double Progression,52,10.4,Auto-Regulated,Draft,Hybrid,codex-plan-expansion-v2.0,2.0,26,"Alternative sequencing for U000166, derived from the validated base plan while preserving goal, level, schedule, equipment, safety constraints, and exercise volume.","Respect avoided exercises/muscles, recovery capacity, and pain signals.",2026-08-10T12:00,2026-08-10T12:00
PLAN000667,U000167,ngan,Muscle Gain,Fat Loss,Intermediate,8-Week Muscle Gain - Body Part Split - Variation 2,Personalized,2026-08-10,2026-10-04,8,2,Body Part Split,90,Double Progression,12,6,Auto-Regulated,Draft,Coach,codex-plan-expansion-v2.0,2.0,4,"Alternative sequencing for U000167, derived from the validated base plan while preserving goal, level, schedule, equipment, safety constraints, and exercise volume.","Respect avoided exercises/muscles, recovery capacity, and pain signals.",2026-08-10T12:00,2026-08-10T12:00
PLAN000668,U000168,tam,General Fitness,Mobility and Flexibility,Beginner,8-Week General Fitness - Auto - Variation 2,Personalized,2026-08-10,2026-10-04,8,2,Body Part Split,30,Auto,16,8,Auto-Regulated,Draft,User,codex-plan-expansion-v2.0,2.0,8,"Alternative sequencing for U000168, derived from the validated base plan while preserving goal, level, schedule, equipment, safety constraints, and exercise volume.","Respect avoided exercises/muscles, recovery capacity, and pain signals.",2026-08-10T12:00,2026-08-10T12:00
PLAN000669,U000169,dao,Fat Loss,Muscle Gain,Advanced,8-Week Fat Loss - Push Pull Legs - Variation 2,Personalized,2026-08-10,2026-10-04,8,6,Push Pull Legs,50,RPE-Based,36,6,Auto-Regulated,Draft,AI,codex-plan-expansion-v2.0,2.0,18,"Alternative sequencing for U000169, derived from the validated base plan while preserving goal, level, schedule, equipment, safety constraints, and exercise volume.","Respect avoided exercises/muscles, recovery capacity, and pain signals.",2026-08-10T12:00,2026-08-10T12:00
PLAN000670,U000170,manh,Muscular Endurance,Mobility and Flexibility,Advanced,8-Week Muscular Endurance - Auto - Variation 2,Personalized,2026-08-10,2026-10-04,8,2,Upper Lower,45,Linear Progression,20,10,Auto-Regulated,Draft,Hybrid,codex-plan-expansion-v2.0,2.0,10,"Alternative sequencing for U000170, derived from the validated base plan while preserving goal, level, schedule, equipment, safety constraints, and exercise volume.","Respect avoided exercises/muscles, recovery capacity, and pain signals.",2026-08-10T12:00,2026-08-10T12:00
PLAN000671,U000171,trung,Athletic Performance,General Fitness,Beginner,8-Week Athletic Performance - Body Part Split - Variation 2,Personalized,2026-08-10,2026-10-04,8,6,Body Part Split,40,Double Progression,35,5.83,Auto-Regulated,Draft,Coach,codex-plan-expansion-v2.0,2.0,13,"Alternative sequencing for U000171, derived from the validated base plan while preserving goal, level, schedule, equipment, safety constraints, and exercise volume.","Respect avoided exercises/muscles, recovery capacity, and pain signals.",2026-08-10T12:00,2026-08-10T12:00
PLAN000672,U000172,lam,Muscle Gain,General Fitness,Beginner,8-Week Muscle Gain - Upper Lower - Variation 2,Personalized,2026-08-10,2026-10-04,8,4,Upper Lower,45,Double Progression,57,14.25,Auto-Regulated,Draft,User,codex-plan-expansion-v2.0,2.0,20,"Alternative sequencing for U000172, derived from the validated base plan while preserving goal, level, schedule, equipment, safety constraints, and exercise volume.","Respect avoided exercises/muscles, recovery capacity, and pain signals.",2026-08-10T12:00,2026-08-10T12:00
PLAN000673,U000173,cuong,Fat Loss,Muscle Gain,Intermediate,8-Week Fat Loss - Body Part Split - Variation 2,Personalized,2026-08-10,2026-10-04,8,2,Body Part Split,30,Auto,8,4,Auto-Regulated,Draft,AI,codex-plan-expansion-v2.0,2.0,4,"Alternative sequencing for U000173, derived from the validated base plan while preserving goal, level, schedule, equipment, safety constraints, and exercise volume.","Respect avoided exercises/muscles, recovery capacity, and pain signals.",2026-08-10T12:00,2026-08-10T12:00
PLAN000674,U000174,toan,Mobility and Flexibility,Athletic Performance,Advanced,8-Week Mobility and Flexibility - Push Pull Legs - Variation 2,Personalized,2026-08-10,2026-10-04,8,4,Push Pull Legs,70,RPE-Based,56,14,Auto-Regulated,Draft,Hybrid,codex-plan-expansion-v2.0,2.0,28,"Alternative sequencing for U000174, derived from the validated base plan while preserving goal, level, schedule, equipment, safety constraints, and exercise volume.","Respect avoided exercises/muscles, recovery capacity, and pain signals.",2026-08-10T12:00,2026-08-10T12:00
PLAN000675,U000175,viet,Athletic Performance,Mobility and Flexibility,Advanced,8-Week Athletic Performance - Push Pull Legs - Variation 2,Personalized,2026-08-10,2026-10-04,8,3,Push Pull Legs,75,Double Progression,55,18.33,Auto-Regulated,Draft,Coach,codex-plan-expansion-v2.0,2.0,21,"Alternative sequencing for U000175, derived from the validated base plan while preserving goal, level, schedule, equipment, safety constraints, and exercise volume.",Medical clearance required before activation; keep exercise selection conservative and pain-free.,2026-08-10T12:00,2026-08-10T12:00
PLAN000676,U000176,binh,Fat Loss,Strength,Intermediate,8-Week Fat Loss - Auto - Variation 2,Personalized,2026-08-10,2026-10-04,8,4,Auto,40,Double Progression,38,9.5,Auto-Regulated,Draft,User,codex-plan-expansion-v2.0,2.0,20,"Alternative sequencing for U000176, derived from the validated base plan while preserving goal, level, schedule, equipment, safety constraints, and exercise volume.","Respect avoided exercises/muscles, recovery capacity, and pain signals.",2026-08-10T12:00,2026-08-10T12:00
PLAN000677,U000177,tai,General Fitness,Muscle Gain,Beginner,8-Week General Fitness - Body Part Split - Variation 2,Personalized,2026-08-10,2026-10-04,8,5,Body Part Split,30,Auto,30,6,Auto-Regulated,Draft,AI,codex-plan-expansion-v2.0,2.0,15,"Alternative sequencing for U000177, derived from the validated base plan while preserving goal, level, schedule, equipment, safety constraints, and exercise volume.","Respect avoided exercises/muscles, recovery capacity, and pain signals.",2026-08-10T12:00,2026-08-10T12:00
PLAN000678,U000178,tri,Muscle Gain,Fat Loss,Intermediate,8-Week Muscle Gain - Auto - Variation 2,Personalized,2026-08-10,2026-10-04,8,6,Upper Lower,90,Auto,120,20,Auto-Regulated,Draft,Hybrid,codex-plan-expansion-v2.0,2.0,48,"Alternative sequencing for U000178, derived from the validated base plan while preserving goal, level, schedule, equipment, safety constraints, and exercise volume.","Respect avoided exercises/muscles, recovery capacity, and pain signals.",2026-08-10T12:00,2026-08-10T12:00
PLAN000679,U000179,tin,Mobility and Flexibility,Muscular Endurance,Beginner,8-Week Mobility and Flexibility - Auto - Variation 2,Personalized,2026-08-10,2026-10-04,8,3,Upper Lower,40,Linear Progression,30,10,Auto-Regulated,Draft,Coach,codex-plan-expansion-v2.0,2.0,15,"Alternative sequencing for U000179, derived from the validated base plan while preserving goal, level, schedule, equipment, safety constraints, and exercise volume.","Respect avoided exercises/muscles, recovery capacity, and pain signals.",2026-08-10T12:00,2026-08-10T12:00
PLAN000680,U000180,nghia,Muscle Gain,Fat Loss,Beginner,8-Week Muscle Gain - Auto - Variation 2,Personalized,2026-08-10,2026-10-04,8,4,Push Pull Legs,50,RPE-Based,24,6,Auto-Regulated,Draft,User,codex-plan-expansion-v2.0,2.0,10,"Alternative sequencing for U000180, derived from the validated base plan while preserving goal, level, schedule, equipment, safety constraints, and exercise volume.","Respect avoided exercises/muscles, recovery capacity, and pain signals.",2026-08-10T12:00,2026-08-10T12:00
PLAN000681,U000181,nhan,Athletic Performance,General Fitness,Beginner,8-Week Athletic Performance - Chest Back Legs - Variation 2,Personalized,2026-08-10,2026-10-04,8,5,Chest Back Legs,50,Auto,38,7.6,Auto-Regulated,Draft,AI,codex-plan-expansion-v2.0,2.0,16,"Alternative sequencing for U000181, derived from the validated base plan while preserving goal, level, schedule, equipment, safety constraints, and exercise volume.","Respect avoided exercises/muscles, recovery capacity, and pain signals.",2026-08-10T12:00,2026-08-10T12:00
PLAN000682,U000182,sonny,Mobility and Flexibility,Fat Loss,Intermediate,8-Week Mobility and Flexibility - Auto - Variation 2,Personalized,2026-08-10,2026-10-04,8,5,Upper Lower,60,Auto,60,12,Auto-Regulated,Draft,Hybrid,codex-plan-expansion-v2.0,2.0,30,"Alternative sequencing for U000182, derived from the validated base plan while preserving goal, level, schedule, equipment, safety constraints, and exercise volume.","Respect avoided exercises/muscles, recovery capacity, and pain signals.",2026-08-10T12:00,2026-08-10T12:00
PLAN000683,U000183,kiet,General Fitness,Athletic Performance,Intermediate,8-Week General Fitness - Auto - Variation 2,Personalized,2026-08-10,2026-10-04,8,2,Body Part Split,70,Double Progression,16,8,Auto-Regulated,Draft,Coach,codex-plan-expansion-v2.0,2.0,8,"Alternative sequencing for U000183, derived from the validated base plan while preserving goal, level, schedule, equipment, safety constraints, and exercise volume.","Respect avoided exercises/muscles, recovery capacity, and pain signals.",2026-08-10T12:00,2026-08-10T12:00
PLAN000684,U000184,vu,Muscular Endurance,General Fitness,Beginner,8-Week Muscular Endurance - Upper Lower - Variation 2,Personalized,2026-08-10,2026-10-04,8,4,Upper Lower,90,Double Progression,64,16,Auto-Regulated,Draft,User,codex-plan-expansion-v2.0,2.0,32,"Alternative sequencing for U000184, derived from the validated base plan while preserving goal, level, schedule, equipment, safety constraints, and exercise volume.","Respect avoided exercises/muscles, recovery capacity, and pain signals.",2026-08-10T12:00,2026-08-10T12:00
PLAN000685,U000185,nguyen,Athletic Performance,Muscle Gain,Beginner,8-Week Athletic Performance - Auto - Variation 2,Personalized,2026-08-10,2026-10-04,8,4,Push Pull Legs,90,Auto,20,5,Auto-Regulated,Draft,AI,codex-plan-expansion-v2.0,2.0,8,"Alternative sequencing for U000185, derived from the validated base plan while preserving goal, level, schedule, equipment, safety constraints, and exercise volume.","Respect avoided exercises/muscles, recovery capacity, and pain signals.",2026-08-10T12:00,2026-08-10T12:00
PLAN000686,U000186,khoa,Muscle Gain,Mobility and Flexibility,Intermediate,8-Week Muscle Gain - Auto - Variation 2,Personalized,2026-08-10,2026-10-04,8,4,Chest Back Legs,70,RPE-Based,33,8.25,Auto-Regulated,Draft,Hybrid,codex-plan-expansion-v2.0,2.0,12,"Alternative sequencing for U000186, derived from the validated base plan while preserving goal, level, schedule, equipment, safety constraints, and exercise volume.","Respect avoided exercises/muscles, recovery capacity, and pain signals.",2026-08-10T12:00,2026-08-10T12:00
PLAN000687,U000187,hieu,Rehabilitation and Joint Health,Mobility and Flexibility,Beginner,8-Week Rehabilitation and Joint Health - Upper Lower - Variation 2,Personalized,2026-08-10,2026-10-04,8,5,Upper Lower,40,Double Progression,50,10,Auto-Regulated,Draft,Coach,codex-plan-expansion-v2.0,2.0,25,"Alternative sequencing for U000187, derived from the validated base plan while preserving goal, level, schedule, equipment, safety constraints, and exercise volume.","Respect avoided exercises/muscles, recovery capacity, and pain signals.",2026-08-10T12:00,2026-08-10T12:00
PLAN000688,U000188,thang,Strength,General Fitness,Intermediate,8-Week Strength - Auto - Variation 2,Personalized,2026-08-10,2026-10-04,8,6,Auto,30,Linear Progression,51,8.5,Auto-Regulated,Draft,User,codex-plan-expansion-v2.0,2.0,24,"Alternative sequencing for U000188, derived from the validated base plan while preserving goal, level, schedule, equipment, safety constraints, and exercise volume.","Respect avoided exercises/muscles, recovery capacity, and pain signals.",2026-08-10T12:00,2026-08-10T12:00
PLAN000689,U000189,quoc,Muscular Endurance,Fat Loss,Beginner,8-Week Muscular Endurance - Auto - Variation 2,Personalized,2026-08-10,2026-10-04,8,4,Auto,90,Linear Progression,60,15,Auto-Regulated,Draft,AI,codex-plan-expansion-v2.0,2.0,32,"Alternative sequencing for U000189, derived from the validated base plan while preserving goal, level, schedule, equipment, safety constraints, and exercise volume.","Respect avoided exercises/muscles, recovery capacity, and pain signals.",2026-08-10T12:00,2026-08-10T12:00
PLAN000690,U000190,canh,Athletic Performance,Rehabilitation and Joint Health,Advanced,8-Week Athletic Performance - Body Part Split - Variation 2,Personalized,2026-08-10,2026-10-04,8,5,Body Part Split,60,Double Progression,61,12.2,Auto-Regulated,Draft,Hybrid,codex-plan-expansion-v2.0,2.0,26,"Alternative sequencing for U000190, derived from the validated base plan while preserving goal, level, schedule, equipment, safety constraints, and exercise volume.","Respect avoided exercises/muscles, recovery capacity, and pain signals.",2026-08-10T12:00,2026-08-10T12:00
PLAN000691,U000191,danh,General Fitness,Strength,Intermediate,8-Week General Fitness - Upper Lower - Variation 2,Personalized,2026-08-10,2026-10-04,8,4,Upper Lower,75,Auto,40,10,Auto-Regulated,Draft,Coach,codex-plan-expansion-v2.0,2.0,22,"Alternative sequencing for U000191, derived from the validated base plan while preserving goal, level, schedule, equipment, safety constraints, and exercise volume.","Respect avoided exercises/muscles, recovery capacity, and pain signals.",2026-08-10T12:00,2026-08-10T12:00
PLAN000692,U000192,duong,Muscle Gain,Muscular Endurance,Beginner,8-Week Muscle Gain - Chest Back Legs - Variation 2,Personalized,2026-08-10,2026-10-04,8,4,Chest Back Legs,40,Auto,36,9,Auto-Regulated,Draft,User,codex-plan-expansion-v2.0,2.0,12,"Alternative sequencing for U000192, derived from the validated base plan while preserving goal, level, schedule, equipment, safety constraints, and exercise volume.","Respect avoided exercises/muscles, recovery capacity, and pain signals.",2026-08-10T12:00,2026-08-10T12:00
PLAN000693,U000193,dinh,Strength,Fat Loss,Intermediate,8-Week Strength - Body Part Split - Variation 2,Personalized,2026-08-10,2026-10-04,8,2,Body Part Split,30,RPE-Based,14,7,Auto-Regulated,Draft,AI,codex-plan-expansion-v2.0,2.0,6,"Alternative sequencing for U000193, derived from the validated base plan while preserving goal, level, schedule, equipment, safety constraints, and exercise volume.","Respect avoided exercises/muscles, recovery capacity, and pain signals.",2026-08-10T12:00,2026-08-10T12:00
PLAN000694,U000194,nhatnam,Strength,Muscular Endurance,Intermediate,8-Week Strength - Auto - Variation 2,Personalized,2026-08-10,2026-10-04,8,4,Auto,50,Linear Progression,17,4.25,Auto-Regulated,Draft,Hybrid,codex-plan-expansion-v2.0,2.0,8,"Alternative sequencing for U000194, derived from the validated base plan while preserving goal, level, schedule, equipment, safety constraints, and exercise volume.",Medical clearance required before activation; keep exercise selection conservative and pain-free.,2026-08-10T12:00,2026-08-10T12:00
PLAN000695,U000195,giahan,Mobility and Flexibility,Muscle Gain,Advanced,8-Week Mobility and Flexibility - Auto - Variation 2,Personalized,2026-08-10,2026-10-04,8,5,Body Part Split,60,Auto,10,2,Auto-Regulated,Draft,Coach,codex-plan-expansion-v2.0,2.0,5,"Alternative sequencing for U000195, derived from the validated base plan while preserving goal, level, schedule, equipment, safety constraints, and exercise volume.","Respect avoided exercises/muscles, recovery capacity, and pain signals.",2026-08-10T12:00,2026-08-10T12:00
PLAN000696,U000196,minhthu,Mobility and Flexibility,Strength,Beginner,8-Week Mobility and Flexibility - Auto - Variation 2,Personalized,2026-08-10,2026-10-04,8,3,Auto,50,RPE-Based,30,10,Auto-Regulated,Draft,User,codex-plan-expansion-v2.0,2.0,15,"Alternative sequencing for U000196, derived from the validated base plan while preserving goal, level, schedule, equipment, safety constraints, and exercise volume.","Respect avoided exercises/muscles, recovery capacity, and pain signals.",2026-08-10T12:00,2026-08-10T12:00
PLAN000697,U000197,phuonganh,Strength,Fat Loss,Beginner,8-Week Strength - Auto - Variation 2,Personalized,2026-08-10,2026-10-04,8,4,Auto,30,Double Progression,12,3,Auto-Regulated,Draft,AI,codex-plan-expansion-v2.0,2.0,4,"Alternative sequencing for U000197, derived from the validated base plan while preserving goal, level, schedule, equipment, safety constraints, and exercise volume.","Respect avoided exercises/muscles, recovery capacity, and pain signals.",2026-08-10T12:00,2026-08-10T12:00
PLAN000698,U000198,baotram,Athletic Performance,Mobility and Flexibility,Beginner,8-Week Athletic Performance - Upper Lower - Variation 2,Personalized,2026-08-10,2026-10-04,8,4,Upper Lower,70,Double Progression,64,16,Auto-Regulated,Draft,Hybrid,codex-plan-expansion-v2.0,2.0,26,"Alternative sequencing for U000198, derived from the validated base plan while preserving goal, level, schedule, equipment, safety constraints, and exercise volume.","Respect avoided exercises/muscles, recovery capacity, and pain signals.",2026-08-10T12:00,2026-08-10T12:00
PLAN000699,U000199,quocvinh,Mobility and Flexibility,General Fitness,Advanced,8-Week Mobility and Flexibility - Auto - Variation 2,Personalized,2026-08-10,2026-10-04,8,2,Auto,50,Linear Progression,18,9,Auto-Regulated,Draft,Coach,codex-plan-expansion-v2.0,2.0,10,"Alternative sequencing for U000199, derived from the validated base plan while preserving goal, level, schedule, equipment, safety constraints, and exercise volume.","Respect avoided exercises/muscles, recovery capacity, and pain signals.",2026-08-10T12:00,2026-08-10T12:00
PLAN000700,U000200,minhson,General Fitness,Muscular Endurance,Intermediate,8-Week General Fitness - Body Part Split - Variation 2,Personalized,2026-08-10,2026-10-04,8,6,Body Part Split,60,Double Progression,36,6,Auto-Regulated,Draft,User,codex-plan-expansion-v2.0,2.0,18,"Alternative sequencing for U000200, derived from the validated base plan while preserving goal, level, schedule, equipment, safety constraints, and exercise volume.",Medical clearance required before activation; keep exercise selection conservative and pain-free.,2026-08-10T12:00,2026-08-10T12:00
PLAN000701,U000201,hoang201,Strength,Athletic Performance,Intermediate,8-Week Strength - Auto - Variation 2,Personalized,2026-08-10,2026-10-04,8,2,Auto,60,RPE-Based,33,16.5,Auto-Regulated,Draft,AI,codex-plan-expansion-v2.0,2.0,12,"Alternative sequencing for U000201, derived from the validated base plan while preserving goal, level, schedule, equipment, safety constraints, and exercise volume.","Respect avoided exercises/muscles, recovery capacity, and pain signals.",2026-08-10T12:00,2026-08-10T12:00
PLAN000702,U000202,ha202,Strength,Rehabilitation and Joint Health,Advanced,8-Week Strength - Body Part Split - Variation 2,Personalized,2026-08-10,2026-10-04,8,3,Body Part Split,90,Double Progression,30,10,Auto-Regulated,Draft,Hybrid,codex-plan-expansion-v2.0,2.0,12,"Alternative sequencing for U000202, derived from the validated base plan while preserving goal, level, schedule, equipment, safety constraints, and exercise volume.","Respect avoided exercises/muscles, recovery capacity, and pain signals.",2026-08-10T12:00,2026-08-10T12:00
PLAN000703,U000203,lan203,Athletic Performance,Rehabilitation and Joint Health,Beginner,8-Week Athletic Performance - Auto - Variation 2,Personalized,2026-08-10,2026-10-04,8,5,Auto,75,RPE-Based,74,14.8,Auto-Regulated,Draft,Coach,codex-plan-expansion-v2.0,2.0,35,"Alternative sequencing for U000203, derived from the validated base plan while preserving goal, level, schedule, equipment, safety constraints, and exercise volume.","Respect avoided exercises/muscles, recovery capacity, and pain signals.",2026-08-10T12:00,2026-08-10T12:00
PLAN000704,U000204,quang204,Rehabilitation and Joint Health,General Fitness,Intermediate,8-Week Rehabilitation and Joint Health - Auto - Variation 2,Personalized,2026-08-10,2026-10-04,8,4,Push Pull Legs,45,RPE-Based,38,9.5,Auto-Regulated,Draft,User,codex-plan-expansion-v2.0,2.0,20,"Alternative sequencing for U000204, derived from the validated base plan while preserving goal, level, schedule, equipment, safety constraints, and exercise volume.","Respect avoided exercises/muscles, recovery capacity, and pain signals.",2026-08-10T12:00,2026-08-10T12:00
PLAN000705,U000205,quang205,Muscle Gain,Fat Loss,Beginner,8-Week Muscle Gain - Body Part Split - Variation 2,Personalized,2026-08-10,2026-10-04,8,3,Body Part Split,60,Double Progression,39,13,Auto-Regulated,Draft,AI,codex-plan-expansion-v2.0,2.0,13,"Alternative sequencing for U000205, derived from the validated base plan while preserving goal, level, schedule, equipment, safety constraints, and exercise volume.","Respect avoided exercises/muscles, recovery capacity, and pain signals.",2026-08-10T12:00,2026-08-10T12:00
PLAN000706,U000206,phong206,General Fitness,Athletic Performance,Intermediate,8-Week General Fitness - Auto - Variation 2,Personalized,2026-08-10,2026-10-04,8,2,Auto,60,RPE-Based,24,12,Auto-Regulated,Draft,Hybrid,codex-plan-expansion-v2.0,2.0,12,"Alternative sequencing for U000206, derived from the validated base plan while preserving goal, level, schedule, equipment, safety constraints, and exercise volume.","Respect avoided exercises/muscles, recovery capacity, and pain signals.",2026-08-10T12:00,2026-08-10T12:00
PLAN000707,U000207,son207,General Fitness,Rehabilitation and Joint Health,Beginner,8-Week General Fitness - Auto - Variation 2,Personalized,2026-08-10,2026-10-04,8,2,Push Pull Legs,90,Linear Progression,32,16,Auto-Regulated,Draft,Coach,codex-plan-expansion-v2.0,2.0,16,"Alternative sequencing for U000207, derived from the validated base plan while preserving goal, level, schedule, equipment, safety constraints, and exercise volume.","Respect avoided exercises/muscles, recovery capacity, and pain signals.",2026-08-10T12:00,2026-08-10T12:00
PLAN000708,U000208,khoa208,Rehabilitation and Joint Health,Strength,Intermediate,8-Week Rehabilitation and Joint Health - Auto - Variation 2,Personalized,2026-08-10,2026-10-04,8,5,Chest Back Legs,90,Linear Progression,76,15.2,Auto-Regulated,Draft,User,codex-plan-expansion-v2.0,2.0,40,"Alternative sequencing for U000208, derived from the validated base plan while preserving goal, level, schedule, equipment, safety constraints, and exercise volume.","Respect avoided exercises/muscles, recovery capacity, and pain signals.",2026-08-10T12:00,2026-08-10T12:00
PLAN000709,U000209,tuan209,Fat Loss,Muscular Endurance,Advanced,8-Week Fat Loss - Auto - Variation 2,Personalized,2026-08-10,2026-10-04,8,4,Upper Lower,90,RPE-Based,8,2,Auto-Regulated,Draft,AI,codex-plan-expansion-v2.0,2.0,4,"Alternative sequencing for U000209, derived from the validated base plan while preserving goal, level, schedule, equipment, safety constraints, and exercise volume.","Respect avoided exercises/muscles, recovery capacity, and pain signals.",2026-08-10T12:00,2026-08-10T12:00
PLAN000710,U000210,quang210,General Fitness,Rehabilitation and Joint Health,Intermediate,8-Week General Fitness - Upper Lower - Variation 2,Personalized,2026-08-10,2026-10-04,8,5,Upper Lower,60,RPE-Based,60,12,Auto-Regulated,Draft,Hybrid,codex-plan-expansion-v2.0,2.0,30,"Alternative sequencing for U000210, derived from the validated base plan while preserving goal, level, schedule, equipment, safety constraints, and exercise volume.","Respect avoided exercises/muscles, recovery capacity, and pain signals.",2026-08-10T12:00,2026-08-10T12:00
PLAN000711,U000211,viet211,Mobility and Flexibility,Strength,Intermediate,8-Week Mobility and Flexibility - Push Pull Legs - Variation 2,Personalized,2026-08-10,2026-10-04,8,5,Push Pull Legs,90,RPE-Based,78,15.6,Auto-Regulated,Draft,Coach,codex-plan-expansion-v2.0,2.0,40,"Alternative sequencing for U000211, derived from the validated base plan while preserving goal, level, schedule, equipment, safety constraints, and exercise volume.","Respect avoided exercises/muscles, recovery capacity, and pain signals.",2026-08-10T12:00,2026-08-10T12:00
PLAN000712,U000212,hoang212,Muscular Endurance,Fat Loss,Intermediate,8-Week Muscular Endurance - Body Part Split - Variation 2,Personalized,2026-08-10,2026-10-04,8,4,Body Part Split,45,Double Progression,26,6.5,Auto-Regulated,Draft,User,codex-plan-expansion-v2.0,2.0,13,"Alternative sequencing for U000212, derived from the validated base plan while preserving goal, level, schedule, equipment, safety constraints, and exercise volume.","Respect avoided exercises/muscles, recovery capacity, and pain signals.",2026-08-10T12:00,2026-08-10T12:00
PLAN000713,U000213,dat213,Rehabilitation and Joint Health,Muscle Gain,Advanced,8-Week Rehabilitation and Joint Health - Auto - Variation 2,Personalized,2026-08-10,2026-10-04,8,5,Body Part Split,60,Linear Progression,20,4,Auto-Regulated,Draft,AI,codex-plan-expansion-v2.0,2.0,10,"Alternative sequencing for U000213, derived from the validated base plan while preserving goal, level, schedule, equipment, safety constraints, and exercise volume.","Respect avoided exercises/muscles, recovery capacity, and pain signals.",2026-08-10T12:00,2026-08-10T12:00
PLAN000714,U000214,phong214,Strength,Fat Loss,Advanced,8-Week Strength - Body Part Split - Variation 2,Personalized,2026-08-10,2026-10-04,8,5,Body Part Split,75,Auto,21,4.2,Auto-Regulated,Draft,Hybrid,codex-plan-expansion-v2.0,2.0,8,"Alternative sequencing for U000214, derived from the validated base plan while preserving goal, level, schedule, equipment, safety constraints, and exercise volume.","Respect avoided exercises/muscles, recovery capacity, and pain signals.",2026-08-10T12:00,2026-08-10T12:00
PLAN000715,U000215,ha215,Strength,General Fitness,Advanced,8-Week Strength - Auto - Variation 2,Personalized,2026-08-10,2026-10-04,8,6,Upper Lower,60,Linear Progression,84,14,Auto-Regulated,Draft,Coach,codex-plan-expansion-v2.0,2.0,36,"Alternative sequencing for U000215, derived from the validated base plan while preserving goal, level, schedule, equipment, safety constraints, and exercise volume.","Respect avoided exercises/muscles, recovery capacity, and pain signals.",2026-08-10T12:00,2026-08-10T12:00
PLAN000716,U000216,huy216,Strength,Athletic Performance,Beginner,8-Week Strength - Body Part Split - Variation 2,Personalized,2026-08-10,2026-10-04,8,3,Body Part Split,90,RPE-Based,15,5,Auto-Regulated,Draft,User,codex-plan-expansion-v2.0,2.0,6,"Alternative sequencing for U000216, derived from the validated base plan while preserving goal, level, schedule, equipment, safety constraints, and exercise volume.",Medical clearance required before activation; keep exercise selection conservative and pain-free.,2026-08-10T12:00,2026-08-10T12:00
PLAN000717,U000217,quang217,General Fitness,Muscle Gain,Advanced,8-Week General Fitness - Auto - Variation 2,Personalized,2026-08-10,2026-10-04,8,6,Push Pull Legs,75,RPE-Based,84,14,Auto-Regulated,Draft,AI,codex-plan-expansion-v2.0,2.0,42,"Alternative sequencing for U000217, derived from the validated base plan while preserving goal, level, schedule, equipment, safety constraints, and exercise volume.","Respect avoided exercises/muscles, recovery capacity, and pain signals.",2026-08-10T12:00,2026-08-10T12:00
PLAN000718,U000218,tuan218,Fat Loss,Rehabilitation and Joint Health,Intermediate,8-Week Fat Loss - Auto - Variation 2,Personalized,2026-08-10,2026-10-04,8,5,Chest Back Legs,75,RPE-Based,68,13.6,Auto-Regulated,Draft,Hybrid,codex-plan-expansion-v2.0,2.0,35,"Alternative sequencing for U000218, derived from the validated base plan while preserving goal, level, schedule, equipment, safety constraints, and exercise volume.","Respect avoided exercises/muscles, recovery capacity, and pain signals.",2026-08-10T12:00,2026-08-10T12:00
PLAN000719,U000219,dat219,Fat Loss,Muscular Endurance,Advanced,8-Week Fat Loss - Auto - Variation 2,Personalized,2026-08-10,2026-10-04,8,5,Upper Lower,90,Auto,50,10,Auto-Regulated,Draft,Coach,codex-plan-expansion-v2.0,2.0,25,"Alternative sequencing for U000219, derived from the validated base plan while preserving goal, level, schedule, equipment, safety constraints, and exercise volume.",Medical clearance required before activation; keep exercise selection conservative and pain-free.,2026-08-10T12:00,2026-08-10T12:00
PLAN000720,U000220,phong220,Rehabilitation and Joint Health,Strength,Advanced,8-Week Rehabilitation and Joint Health - Auto - Variation 2,Personalized,2026-08-10,2026-10-04,8,2,Push Pull Legs,45,Double Progression,12,6,Auto-Regulated,Draft,User,codex-plan-expansion-v2.0,2.0,6,"Alternative sequencing for U000220, derived from the validated base plan while preserving goal, level, schedule, equipment, safety constraints, and exercise volume.","Respect avoided exercises/muscles, recovery capacity, and pain signals.",2026-08-10T12:00,2026-08-10T12:00
PLAN000721,U000221,trang221,Mobility and Flexibility,Athletic Performance,Intermediate,8-Week Mobility and Flexibility - Upper Lower - Variation 2,Personalized,2026-08-10,2026-10-04,8,6,Upper Lower,90,Auto,84,14,Auto-Regulated,Draft,AI,codex-plan-expansion-v2.0,2.0,42,"Alternative sequencing for U000221, derived from the validated base plan while preserving goal, level, schedule, equipment, safety constraints, and exercise volume.","Respect avoided exercises/muscles, recovery capacity, and pain signals.",2026-08-10T12:00,2026-08-10T12:00
PLAN000722,U000222,dat222,Muscle Gain,Strength,Intermediate,8-Week Muscle Gain - Auto - Variation 2,Personalized,2026-08-10,2026-10-04,8,4,Auto,45,Auto,60,15,Auto-Regulated,Draft,Hybrid,codex-plan-expansion-v2.0,2.0,20,"Alternative sequencing for U000222, derived from the validated base plan while preserving goal, level, schedule, equipment, safety constraints, and exercise volume.","Respect avoided exercises/muscles, recovery capacity, and pain signals.",2026-08-10T12:00,2026-08-10T12:00
PLAN000723,U000223,trang223,General Fitness,Muscle Gain,Intermediate,8-Week General Fitness - Auto - Variation 2,Personalized,2026-08-10,2026-10-04,8,6,Auto,75,Linear Progression,74,12.33,Auto-Regulated,Draft,Coach,codex-plan-expansion-v2.0,2.0,42,"Alternative sequencing for U000223, derived from the validated base plan while preserving goal, level, schedule, equipment, safety constraints, and exercise volume.","Respect avoided exercises/muscles, recovery capacity, and pain signals.",2026-08-10T12:00,2026-08-10T12:00
PLAN000724,U000224,phuong224,Muscle Gain,Rehabilitation and Joint Health,Beginner,8-Week Muscle Gain - Auto - Variation 2,Personalized,2026-08-10,2026-10-04,8,3,Auto,90,Double Progression,58,19.33,Auto-Regulated,Draft,User,codex-plan-expansion-v2.0,2.0,24,"Alternative sequencing for U000224, derived from the validated base plan while preserving goal, level, schedule, equipment, safety constraints, and exercise volume.","Respect avoided exercises/muscles, recovery capacity, and pain signals.",2026-08-10T12:00,2026-08-10T12:00
PLAN000725,U000225,ha225,Rehabilitation and Joint Health,Muscle Gain,Beginner,8-Week Rehabilitation and Joint Health - Auto - Variation 2,Personalized,2026-08-10,2026-10-04,8,4,Upper Lower,75,Auto,56,14,Auto-Regulated,Draft,AI,codex-plan-expansion-v2.0,2.0,28,"Alternative sequencing for U000225, derived from the validated base plan while preserving goal, level, schedule, equipment, safety constraints, and exercise volume.","Respect avoided exercises/muscles, recovery capacity, and pain signals.",2026-08-10T12:00,2026-08-10T12:00
PLAN000726,U000226,mai226,General Fitness,Fat Loss,Advanced,8-Week General Fitness - Auto - Variation 2,Personalized,2026-08-10,2026-10-04,8,6,Chest Back Legs,90,Auto,36,6,Auto-Regulated,Draft,Hybrid,codex-plan-expansion-v2.0,2.0,18,"Alternative sequencing for U000226, derived from the validated base plan while preserving goal, level, schedule, equipment, safety constraints, and exercise volume.","Respect avoided exercises/muscles, recovery capacity, and pain signals.",2026-08-10T12:00,2026-08-10T12:00
PLAN000727,U000227,huy227,General Fitness,Strength,Intermediate,8-Week General Fitness - Full Body - Variation 2,Personalized,2026-08-10,2026-10-04,8,2,Full Body,90,Linear Progression,32,16,Auto-Regulated,Draft,Coach,codex-plan-expansion-v2.0,2.0,16,"Alternative sequencing for U000227, derived from the validated base plan while preserving goal, level, schedule, equipment, safety constraints, and exercise volume.","Respect avoided exercises/muscles, recovery capacity, and pain signals.",2026-08-10T12:00,2026-08-10T12:00
PLAN000728,U000228,huong228,Rehabilitation and Joint Health,Muscle Gain,Intermediate,8-Week Rehabilitation and Joint Health - Auto - Variation 2,Personalized,2026-08-10,2026-10-04,8,4,Auto,60,RPE-Based,48,12,Auto-Regulated,Draft,User,codex-plan-expansion-v2.0,2.0,24,"Alternative sequencing for U000228, derived from the validated base plan while preserving goal, level, schedule, equipment, safety constraints, and exercise volume.","Respect avoided exercises/muscles, recovery capacity, and pain signals.",2026-08-10T12:00,2026-08-10T12:00
PLAN000729,U000229,tuan229,Strength,General Fitness,Beginner,8-Week Strength - Auto - Variation 2,Personalized,2026-08-10,2026-10-04,8,2,Auto,45,Double Progression,24,12,Auto-Regulated,Draft,AI,codex-plan-expansion-v2.0,2.0,10,"Alternative sequencing for U000229, derived from the validated base plan while preserving goal, level, schedule, equipment, safety constraints, and exercise volume.","Respect avoided exercises/muscles, recovery capacity, and pain signals.",2026-08-10T12:00,2026-08-10T12:00
PLAN000730,U000230,tuan230,Muscular Endurance,Rehabilitation and Joint Health,Beginner,8-Week Muscular Endurance - Body Part Split - Variation 2,Personalized,2026-08-10,2026-10-04,8,3,Body Part Split,60,Linear Progression,16,5.33,Auto-Regulated,Draft,Hybrid,codex-plan-expansion-v2.0,2.0,8,"Alternative sequencing for U000230, derived from the validated base plan while preserving goal, level, schedule, equipment, safety constraints, and exercise volume.","Respect avoided exercises/muscles, recovery capacity, and pain signals.",2026-08-10T12:00,2026-08-10T12:00
PLAN000731,U000231,huy231,Athletic Performance,Muscular Endurance,Beginner,8-Week Athletic Performance - Auto - Variation 2,Personalized,2026-08-10,2026-10-04,8,6,Body Part Split,75,Double Progression,18,3,Auto-Regulated,Draft,Coach,codex-plan-expansion-v2.0,2.0,6,"Alternative sequencing for U000231, derived from the validated base plan while preserving goal, level, schedule, equipment, safety constraints, and exercise volume.","Respect avoided exercises/muscles, recovery capacity, and pain signals.",2026-08-10T12:00,2026-08-10T12:00
PLAN000732,U000232,duc232,Athletic Performance,Mobility and Flexibility,Intermediate,8-Week Athletic Performance - Auto - Variation 2,Personalized,2026-08-10,2026-10-04,8,6,Chest Back Legs,45,RPE-Based,73,12.17,Auto-Regulated,Draft,User,codex-plan-expansion-v2.0,2.0,30,"Alternative sequencing for U000232, derived from the validated base plan while preserving goal, level, schedule, equipment, safety constraints, and exercise volume.","Respect avoided exercises/muscles, recovery capacity, and pain signals.",2026-08-10T12:00,2026-08-10T12:00
PLAN000733,U000233,ha233,Rehabilitation and Joint Health,Muscular Endurance,Advanced,8-Week Rehabilitation and Joint Health - Auto - Variation 2,Personalized,2026-08-10,2026-10-04,8,5,Auto,60,Auto,20,4,Auto-Regulated,Draft,AI,codex-plan-expansion-v2.0,2.0,10,"Alternative sequencing for U000233, derived from the validated base plan while preserving goal, level, schedule, equipment, safety constraints, and exercise volume.","Respect avoided exercises/muscles, recovery capacity, and pain signals.",2026-08-10T12:00,2026-08-10T12:00
PLAN000734,U000234,phuong234,Fat Loss,Mobility and Flexibility,Advanced,8-Week Fat Loss - Push Pull Legs - Variation 2,Personalized,2026-08-10,2026-10-04,8,5,Push Pull Legs,60,Auto,58,11.6,Auto-Regulated,Draft,Hybrid,codex-plan-expansion-v2.0,2.0,30,"Alternative sequencing for U000234, derived from the validated base plan while preserving goal, level, schedule, equipment, safety constraints, and exercise volume.","Respect avoided exercises/muscles, recovery capacity, and pain signals.",2026-08-10T12:00,2026-08-10T12:00
PLAN000735,U000235,ngoc235,Mobility and Flexibility,Fat Loss,Advanced,8-Week Mobility and Flexibility - Auto - Variation 2,Personalized,2026-08-10,2026-10-04,8,2,Push Pull Legs,90,Double Progression,32,16,Auto-Regulated,Draft,Coach,codex-plan-expansion-v2.0,2.0,16,"Alternative sequencing for U000235, derived from the validated base plan while preserving goal, level, schedule, equipment, safety constraints, and exercise volume.","Respect avoided exercises/muscles, recovery capacity, and pain signals.",2026-08-10T12:00,2026-08-10T12:00
PLAN000736,U000236,trang236,Athletic Performance,General Fitness,Intermediate,8-Week Athletic Performance - Auto - Variation 2,Personalized,2026-08-10,2026-10-04,8,6,Push Pull Legs,75,Linear Progression,36,6,Auto-Regulated,Draft,User,codex-plan-expansion-v2.0,2.0,12,"Alternative sequencing for U000236, derived from the validated base plan while preserving goal, level, schedule, equipment, safety constraints, and exercise volume.","Respect avoided exercises/muscles, recovery capacity, and pain signals.",2026-08-10T12:00,2026-08-10T12:00
PLAN000737,U000237,quang237,Mobility and Flexibility,Muscle Gain,Advanced,8-Week Mobility and Flexibility - Auto - Variation 2,Personalized,2026-08-10,2026-10-04,8,6,Auto,60,Linear Progression,68,11.33,Auto-Regulated,Draft,AI,codex-plan-expansion-v2.0,2.0,36,"Alternative sequencing for U000237, derived from the validated base plan while preserving goal, level, schedule, equipment, safety constraints, and exercise volume.","Respect avoided exercises/muscles, recovery capacity, and pain signals.",2026-08-10T12:00,2026-08-10T12:00
PLAN000738,U000238,dat238,Strength,Fat Loss,Advanced,8-Week Strength - Push Pull Legs - Variation 2,Personalized,2026-08-10,2026-10-04,8,3,Push Pull Legs,75,Auto,18,6,Auto-Regulated,Draft,Hybrid,codex-plan-expansion-v2.0,2.0,6,"Alternative sequencing for U000238, derived from the validated base plan while preserving goal, level, schedule, equipment, safety constraints, and exercise volume.","Respect avoided exercises/muscles, recovery capacity, and pain signals.",2026-08-10T12:00,2026-08-10T12:00
PLAN000739,U000239,quang239,Athletic Performance,Rehabilitation and Joint Health,Intermediate,8-Week Athletic Performance - Auto - Variation 2,Personalized,2026-08-10,2026-10-04,8,6,Auto,90,Linear Progression,23,3.83,Auto-Regulated,Draft,Coach,codex-plan-expansion-v2.0,2.0,18,"Alternative sequencing for U000239, derived from the validated base plan while preserving goal, level, schedule, equipment, safety constraints, and exercise volume.","Respect avoided exercises/muscles, recovery capacity, and pain signals.",2026-08-10T12:00,2026-08-10T12:00
PLAN000740,U000240,huy240,Strength,Mobility and Flexibility,Advanced,8-Week Strength - Full Body - Variation 2,Personalized,2026-08-10,2026-10-04,8,3,Full Body,75,RPE-Based,62,20.67,Auto-Regulated,Draft,User,codex-plan-expansion-v2.0,2.0,24,"Alternative sequencing for U000240, derived from the validated base plan while preserving goal, level, schedule, equipment, safety constraints, and exercise volume.","Respect avoided exercises/muscles, recovery capacity, and pain signals.",2026-08-10T12:00,2026-08-10T12:00
PLAN000741,U000241,quang241,Mobility and Flexibility,Rehabilitation and Joint Health,Beginner,8-Week Mobility and Flexibility - Auto - Variation 2,Personalized,2026-08-10,2026-10-04,8,6,Body Part Split,90,Auto,24,4,Auto-Regulated,Draft,AI,codex-plan-expansion-v2.0,2.0,12,"Alternative sequencing for U000241, derived from the validated base plan while preserving goal, level, schedule, equipment, safety constraints, and exercise volume.","Respect avoided exercises/muscles, recovery capacity, and pain signals.",2026-08-10T12:00,2026-08-10T12:00
PLAN000742,U000242,dat242,Muscle Gain,General Fitness,Beginner,8-Week Muscle Gain - Full Body - Variation 2,Personalized,2026-08-10,2026-10-04,8,4,Full Body,75,RPE-Based,76,19,Auto-Regulated,Draft,Hybrid,codex-plan-expansion-v2.0,2.0,32,"Alternative sequencing for U000242, derived from the validated base plan while preserving goal, level, schedule, equipment, safety constraints, and exercise volume.","Respect avoided exercises/muscles, recovery capacity, and pain signals.",2026-08-10T12:00,2026-08-10T12:00
PLAN000743,U000243,hoang243,Rehabilitation and Joint Health,Strength,Advanced,8-Week Rehabilitation and Joint Health - Auto - Variation 2,Personalized,2026-08-10,2026-10-04,8,2,Upper Lower,75,Linear Progression,20,10,Auto-Regulated,Draft,Coach,codex-plan-expansion-v2.0,2.0,10,"Alternative sequencing for U000243, derived from the validated base plan while preserving goal, level, schedule, equipment, safety constraints, and exercise volume.","Respect avoided exercises/muscles, recovery capacity, and pain signals.",2026-08-10T12:00,2026-08-10T12:00
PLAN000744,U000244,long244,General Fitness,Fat Loss,Advanced,8-Week General Fitness - Auto - Variation 2,Personalized,2026-08-10,2026-10-04,8,5,Upper Lower,90,Auto,72,14.4,Auto-Regulated,Draft,User,codex-plan-expansion-v2.0,2.0,40,"Alternative sequencing for U000244, derived from the validated base plan while preserving goal, level, schedule, equipment, safety constraints, and exercise volume.","Respect avoided exercises/muscles, recovery capacity, and pain signals.",2026-08-10T12:00,2026-08-10T12:00
PLAN000745,U000245,trang245,Fat Loss,Athletic Performance,Advanced,8-Week Fat Loss - Upper Lower - Variation 2,Personalized,2026-08-10,2026-10-04,8,2,Upper Lower,45,Auto,20,10,Auto-Regulated,Draft,AI,codex-plan-expansion-v2.0,2.0,10,"Alternative sequencing for U000245, derived from the validated base plan while preserving goal, level, schedule, equipment, safety constraints, and exercise volume.","Respect avoided exercises/muscles, recovery capacity, and pain signals.",2026-08-10T12:00,2026-08-10T12:00
PLAN000746,U000246,minh246,Rehabilitation and Joint Health,Muscular Endurance,Intermediate,8-Week Rehabilitation and Joint Health - Auto - Variation 2,Personalized,2026-08-10,2026-10-04,8,3,Chest Back Legs,75,Double Progression,6,2,Auto-Regulated,Draft,Hybrid,codex-plan-expansion-v2.0,2.0,3,"Alternative sequencing for U000246, derived from the validated base plan while preserving goal, level, schedule, equipment, safety constraints, and exercise volume.","Respect avoided exercises/muscles, recovery capacity, and pain signals.",2026-08-10T12:00,2026-08-10T12:00
PLAN000747,U000247,mai247,Mobility and Flexibility,Strength,Beginner,8-Week Mobility and Flexibility - Auto - Variation 2,Personalized,2026-08-10,2026-10-04,8,2,Upper Lower,90,RPE-Based,26,13,Auto-Regulated,Draft,Coach,codex-plan-expansion-v2.0,2.0,16,"Alternative sequencing for U000247, derived from the validated base plan while preserving goal, level, schedule, equipment, safety constraints, and exercise volume.","Respect avoided exercises/muscles, recovery capacity, and pain signals.",2026-08-10T12:00,2026-08-10T12:00
PLAN000748,U000248,linh248,Fat Loss,General Fitness,Advanced,8-Week Fat Loss - Auto - Variation 2,Personalized,2026-08-10,2026-10-04,8,3,Upper Lower,75,Linear Progression,30,10,Auto-Regulated,Draft,User,codex-plan-expansion-v2.0,2.0,15,"Alternative sequencing for U000248, derived from the validated base plan while preserving goal, level, schedule, equipment, safety constraints, and exercise volume.","Respect avoided exercises/muscles, recovery capacity, and pain signals.",2026-08-10T12:00,2026-08-10T12:00
PLAN000749,U000249,dat249,Mobility and Flexibility,General Fitness,Advanced,8-Week Mobility and Flexibility - Chest Back Legs - Variation 2,Personalized,2026-08-10,2026-10-04,8,3,Chest Back Legs,75,Linear Progression,24,8,Auto-Regulated,Draft,AI,codex-plan-expansion-v2.0,2.0,12,"Alternative sequencing for U000249, derived from the validated base plan while preserving goal, level, schedule, equipment, safety constraints, and exercise volume.","Respect avoided exercises/muscles, recovery capacity, and pain signals.",2026-08-10T12:00,2026-08-10T12:00
PLAN000750,U000250,nam250,Muscular Endurance,Rehabilitation and Joint Health,Beginner,8-Week Muscular Endurance - Auto - Variation 2,Personalized,2026-08-10,2026-10-04,8,2,Push Pull Legs,45,Auto,20,10,Auto-Regulated,Draft,Hybrid,codex-plan-expansion-v2.0,2.0,10,"Alternative sequencing for U000250, derived from the validated base plan while preserving goal, level, schedule, equipment, safety constraints, and exercise volume.","Respect avoided exercises/muscles, recovery capacity, and pain signals.",2026-08-10T12:00,2026-08-10T12:00
PLAN000751,U000251,mai251,Muscle Gain,Muscular Endurance,Advanced,8-Week Muscle Gain - Auto - Variation 2,Personalized,2026-08-10,2026-10-04,8,3,Chest Back Legs,45,Linear Progression,45,15,Auto-Regulated,Draft,Coach,codex-plan-expansion-v2.0,2.0,15,"Alternative sequencing for U000251, derived from the validated base plan while preserving goal, level, schedule, equipment, safety constraints, and exercise volume.","Respect avoided exercises/muscles, recovery capacity, and pain signals.",2026-08-10T12:00,2026-08-10T12:00
PLAN000752,U000252,khoa252,Rehabilitation and Joint Health,Muscle Gain,Intermediate,8-Week Rehabilitation and Joint Health - Auto - Variation 2,Personalized,2026-08-10,2026-10-04,8,4,Auto,75,Linear Progression,14,3.5,Auto-Regulated,Draft,User,codex-plan-expansion-v2.0,2.0,8,"Alternative sequencing for U000252, derived from the validated base plan while preserving goal, level, schedule, equipment, safety constraints, and exercise volume.",Medical clearance required before activation; keep exercise selection conservative and pain-free.,2026-08-10T12:00,2026-08-10T12:00
PLAN000753,U000253,lan253,Fat Loss,Athletic Performance,Advanced,8-Week Fat Loss - Auto - Variation 2,Personalized,2026-08-10,2026-10-04,8,5,Push Pull Legs,75,Linear Progression,70,14,Auto-Regulated,Draft,AI,codex-plan-expansion-v2.0,2.0,35,"Alternative sequencing for U000253, derived from the validated base plan while preserving goal, level, schedule, equipment, safety constraints, and exercise volume.","Respect avoided exercises/muscles, recovery capacity, and pain signals.",2026-08-10T12:00,2026-08-10T12:00
PLAN000754,U000254,hoang254,General Fitness,Strength,Intermediate,8-Week General Fitness - Auto - Variation 2,Personalized,2026-08-10,2026-10-04,8,2,Push Pull Legs,60,Auto,24,12,Auto-Regulated,Draft,Hybrid,codex-plan-expansion-v2.0,2.0,12,"Alternative sequencing for U000254, derived from the validated base plan while preserving goal, level, schedule, equipment, safety constraints, and exercise volume.","Respect avoided exercises/muscles, recovery capacity, and pain signals.",2026-08-10T12:00,2026-08-10T12:00
PLAN000755,U000255,anh255,Muscular Endurance,General Fitness,Advanced,8-Week Muscular Endurance - Auto - Variation 2,Personalized,2026-08-10,2026-10-04,8,2,Upper Lower,90,RPE-Based,8,4,Auto-Regulated,Draft,Coach,codex-plan-expansion-v2.0,2.0,4,"Alternative sequencing for U000255, derived from the validated base plan while preserving goal, level, schedule, equipment, safety constraints, and exercise volume.",Medical clearance required before activation; keep exercise selection conservative and pain-free.,2026-08-10T12:00,2026-08-10T12:00
PLAN000756,U000256,tuan256,Rehabilitation and Joint Health,Muscular Endurance,Advanced,8-Week Rehabilitation and Joint Health - Auto - Variation 2,Personalized,2026-08-10,2026-10-04,8,6,Auto,75,Double Progression,84,14,Auto-Regulated,Draft,User,codex-plan-expansion-v2.0,2.0,42,"Alternative sequencing for U000256, derived from the validated base plan while preserving goal, level, schedule, equipment, safety constraints, and exercise volume.","Respect avoided exercises/muscles, recovery capacity, and pain signals.",2026-08-10T12:00,2026-08-10T12:00
PLAN000757,U000257,viet257,Strength,Mobility and Flexibility,Advanced,8-Week Strength - Auto - Variation 2,Personalized,2026-08-10,2026-10-04,8,3,Auto,60,Double Progression,46,15.33,Auto-Regulated,Draft,AI,codex-plan-expansion-v2.0,2.0,18,"Alternative sequencing for U000257, derived from the validated base plan while preserving goal, level, schedule, equipment, safety constraints, and exercise volume.","Respect avoided exercises/muscles, recovery capacity, and pain signals.",2026-08-10T12:00,2026-08-10T12:00
PLAN000758,U000258,viet258,Muscular Endurance,Rehabilitation and Joint Health,Intermediate,8-Week Muscular Endurance - Body Part Split - Variation 2,Personalized,2026-08-10,2026-10-04,8,5,Body Part Split,75,RPE-Based,38,7.6,Auto-Regulated,Draft,Hybrid,codex-plan-expansion-v2.0,2.0,19,"Alternative sequencing for U000258, derived from the validated base plan while preserving goal, level, schedule, equipment, safety constraints, and exercise volume.","Respect avoided exercises/muscles, recovery capacity, and pain signals.",2026-08-10T12:00,2026-08-10T12:00
PLAN000759,U000259,viet259,Rehabilitation and Joint Health,General Fitness,Beginner,8-Week Rehabilitation and Joint Health - Auto - Variation 2,Personalized,2026-08-10,2026-10-04,8,2,Push Pull Legs,90,Auto,12,6,Auto-Regulated,Draft,Coach,codex-plan-expansion-v2.0,2.0,6,"Alternative sequencing for U000259, derived from the validated base plan while preserving goal, level, schedule, equipment, safety constraints, and exercise volume.","Respect avoided exercises/muscles, recovery capacity, and pain signals.",2026-08-10T12:00,2026-08-10T12:00
PLAN000760,U000260,phong260,Fat Loss,Mobility and Flexibility,Intermediate,8-Week Fat Loss - Body Part Split - Variation 2,Personalized,2026-08-10,2026-10-04,8,3,Body Part Split,75,Double Progression,12,4,Auto-Regulated,Draft,User,codex-plan-expansion-v2.0,2.0,6,"Alternative sequencing for U000260, derived from the validated base plan while preserving goal, level, schedule, equipment, safety constraints, and exercise volume.","Respect avoided exercises/muscles, recovery capacity, and pain signals.",2026-08-10T12:00,2026-08-10T12:00
PLAN000761,U000261,thanh261,Rehabilitation and Joint Health,Athletic Performance,Advanced,8-Week Rehabilitation and Joint Health - Auto - Variation 2,Personalized,2026-08-10,2026-10-04,8,5,Upper Lower,90,Linear Progression,10,2,Auto-Regulated,Draft,AI,codex-plan-expansion-v2.0,2.0,5,"Alternative sequencing for U000261, derived from the validated base plan while preserving goal, level, schedule, equipment, safety constraints, and exercise volume.","Respect avoided exercises/muscles, recovery capacity, and pain signals.",2026-08-10T12:00,2026-08-10T12:00
PLAN000762,U000262,lan262,Athletic Performance,Muscle Gain,Intermediate,8-Week Athletic Performance - Auto - Variation 2,Personalized,2026-08-10,2026-10-04,8,5,Chest Back Legs,75,Double Progression,39,7.8,Auto-Regulated,Draft,Hybrid,codex-plan-expansion-v2.0,2.0,15,"Alternative sequencing for U000262, derived from the validated base plan while preserving goal, level, schedule, equipment, safety constraints, and exercise volume.","Respect avoided exercises/muscles, recovery capacity, and pain signals.",2026-08-10T12:00,2026-08-10T12:00
PLAN000763,U000263,mai263,Strength,Mobility and Flexibility,Advanced,8-Week Strength - Body Part Split - Variation 2,Personalized,2026-08-10,2026-10-04,8,6,Body Part Split,60,Double Progression,89,14.83,Auto-Regulated,Draft,Coach,codex-plan-expansion-v2.0,2.0,35,"Alternative sequencing for U000263, derived from the validated base plan while preserving goal, level, schedule, equipment, safety constraints, and exercise volume.","Respect avoided exercises/muscles, recovery capacity, and pain signals.",2026-08-10T12:00,2026-08-10T12:00
PLAN000764,U000264,dat264,Rehabilitation and Joint Health,Mobility and Flexibility,Advanced,8-Week Rehabilitation and Joint Health - Auto - Variation 2,Personalized,2026-08-10,2026-10-04,8,3,Upper Lower,60,RPE-Based,36,12,Auto-Regulated,Draft,User,codex-plan-expansion-v2.0,2.0,18,"Alternative sequencing for U000264, derived from the validated base plan while preserving goal, level, schedule, equipment, safety constraints, and exercise volume.","Respect avoided exercises/muscles, recovery capacity, and pain signals.",2026-08-10T12:00,2026-08-10T12:00
PLAN000765,U000265,thanh265,Muscle Gain,Athletic Performance,Intermediate,8-Week Muscle Gain - Body Part Split - Variation 2,Personalized,2026-08-10,2026-10-04,8,3,Body Part Split,45,Double Progression,36,12,Auto-Regulated,Draft,AI,codex-plan-expansion-v2.0,2.0,12,"Alternative sequencing for U000265, derived from the validated base plan while preserving goal, level, schedule, equipment, safety constraints, and exercise volume.","Respect avoided exercises/muscles, recovery capacity, and pain signals.",2026-08-10T12:00,2026-08-10T12:00
PLAN000766,U000266,huy266,Athletic Performance,Rehabilitation and Joint Health,Beginner,8-Week Athletic Performance - Auto - Variation 2,Personalized,2026-08-10,2026-10-04,8,4,Chest Back Legs,90,Auto,60,15,Auto-Regulated,Draft,Hybrid,codex-plan-expansion-v2.0,2.0,32,"Alternative sequencing for U000266, derived from the validated base plan while preserving goal, level, schedule, equipment, safety constraints, and exercise volume.",Medical clearance required before activation; keep exercise selection conservative and pain-free.,2026-08-10T12:00,2026-08-10T12:00
PLAN000767,U000267,huong267,General Fitness,Strength,Beginner,8-Week General Fitness - Auto - Variation 2,Personalized,2026-08-10,2026-10-04,8,4,Body Part Split,45,RPE-Based,8,2,Auto-Regulated,Draft,Coach,codex-plan-expansion-v2.0,2.0,4,"Alternative sequencing for U000267, derived from the validated base plan while preserving goal, level, schedule, equipment, safety constraints, and exercise volume.","Respect avoided exercises/muscles, recovery capacity, and pain signals.",2026-08-10T12:00,2026-08-10T12:00
PLAN000768,U000268,huong268,Muscular Endurance,Athletic Performance,Intermediate,8-Week Muscular Endurance - Push Pull Legs - Variation 2,Personalized,2026-08-10,2026-10-04,8,6,Push Pull Legs,75,Auto,56,9.33,Auto-Regulated,Draft,User,codex-plan-expansion-v2.0,2.0,28,"Alternative sequencing for U000268, derived from the validated base plan while preserving goal, level, schedule, equipment, safety constraints, and exercise volume.","Respect avoided exercises/muscles, recovery capacity, and pain signals.",2026-08-10T12:00,2026-08-10T12:00
PLAN000769,U000269,mai269,Fat Loss,Muscle Gain,Beginner,8-Week Fat Loss - Auto - Variation 2,Personalized,2026-08-10,2026-10-04,8,4,Auto,45,RPE-Based,40,10,Auto-Regulated,Draft,AI,codex-plan-expansion-v2.0,2.0,20,"Alternative sequencing for U000269, derived from the validated base plan while preserving goal, level, schedule, equipment, safety constraints, and exercise volume.",Medical clearance required before activation; keep exercise selection conservative and pain-free.,2026-08-10T12:00,2026-08-10T12:00
PLAN000770,U000270,huy270,Mobility and Flexibility,Athletic Performance,Intermediate,8-Week Mobility and Flexibility - Auto - Variation 2,Personalized,2026-08-10,2026-10-04,8,4,Chest Back Legs,90,Double Progression,8,2,Auto-Regulated,Draft,Hybrid,codex-plan-expansion-v2.0,2.0,4,"Alternative sequencing for U000270, derived from the validated base plan while preserving goal, level, schedule, equipment, safety constraints, and exercise volume.","Respect avoided exercises/muscles, recovery capacity, and pain signals.",2026-08-10T12:00,2026-08-10T12:00
PLAN000771,U000271,quang271,General Fitness,Muscular Endurance,Advanced,8-Week General Fitness - Auto - Variation 2,Personalized,2026-08-10,2026-10-04,8,6,Push Pull Legs,90,RPE-Based,12,2,Auto-Regulated,Draft,Coach,codex-plan-expansion-v2.0,2.0,6,"Alternative sequencing for U000271, derived from the validated base plan while preserving goal, level, schedule, equipment, safety constraints, and exercise volume.","Respect avoided exercises/muscles, recovery capacity, and pain signals.",2026-08-10T12:00,2026-08-10T12:00
PLAN000772,U000272,viet272,Strength,General Fitness,Advanced,8-Week Strength - Push Pull Legs - Variation 2,Personalized,2026-08-10,2026-10-04,8,6,Push Pull Legs,60,Auto,73,12.17,Auto-Regulated,Draft,User,codex-plan-expansion-v2.0,2.0,26,"Alternative sequencing for U000272, derived from the validated base plan while preserving goal, level, schedule, equipment, safety constraints, and exercise volume.","Respect avoided exercises/muscles, recovery capacity, and pain signals.",2026-08-10T12:00,2026-08-10T12:00
PLAN000773,U000273,huy273,Rehabilitation and Joint Health,Muscular Endurance,Advanced,8-Week Rehabilitation and Joint Health - Auto - Variation 2,Personalized,2026-08-10,2026-10-04,8,6,Auto,45,RPE-Based,36,6,Auto-Regulated,Draft,AI,codex-plan-expansion-v2.0,2.0,18,"Alternative sequencing for U000273, derived from the validated base plan while preserving goal, level, schedule, equipment, safety constraints, and exercise volume.","Respect avoided exercises/muscles, recovery capacity, and pain signals.",2026-08-10T12:00,2026-08-10T12:00
PLAN000774,U000274,minh274,Rehabilitation and Joint Health,Strength,Intermediate,8-Week Rehabilitation and Joint Health - Chest Back Legs - Variation 2,Personalized,2026-08-10,2026-10-04,8,3,Chest Back Legs,75,Auto,12,4,Auto-Regulated,Draft,Hybrid,codex-plan-expansion-v2.0,2.0,6,"Alternative sequencing for U000274, derived from the validated base plan while preserving goal, level, schedule, equipment, safety constraints, and exercise volume.","Respect avoided exercises/muscles, recovery capacity, and pain signals.",2026-08-10T12:00,2026-08-10T12:00
PLAN000775,U000275,bao275,General Fitness,Muscular Endurance,Intermediate,8-Week General Fitness - Body Part Split - Variation 2,Personalized,2026-08-10,2026-10-04,8,4,Body Part Split,45,RPE-Based,28,7,Auto-Regulated,Draft,Coach,codex-plan-expansion-v2.0,2.0,14,"Alternative sequencing for U000275, derived from the validated base plan while preserving goal, level, schedule, equipment, safety constraints, and exercise volume.","Respect avoided exercises/muscles, recovery capacity, and pain signals.",2026-08-10T12:00,2026-08-10T12:00
PLAN000776,U000276,bao276,Muscular Endurance,Fat Loss,Intermediate,8-Week Muscular Endurance - Auto - Variation 2,Personalized,2026-08-10,2026-10-04,8,4,Auto,75,RPE-Based,24,6,Auto-Regulated,Draft,User,codex-plan-expansion-v2.0,2.0,12,"Alternative sequencing for U000276, derived from the validated base plan while preserving goal, level, schedule, equipment, safety constraints, and exercise volume.","Respect avoided exercises/muscles, recovery capacity, and pain signals.",2026-08-10T12:00,2026-08-10T12:00
PLAN000777,U000277,phong277,Athletic Performance,Muscle Gain,Intermediate,8-Week Athletic Performance - Body Part Split - Variation 2,Personalized,2026-08-10,2026-10-04,8,4,Body Part Split,75,Linear Progression,54,13.5,Auto-Regulated,Draft,AI,codex-plan-expansion-v2.0,2.0,21,"Alternative sequencing for U000277, derived from the validated base plan while preserving goal, level, schedule, equipment, safety constraints, and exercise volume.","Respect avoided exercises/muscles, recovery capacity, and pain signals.",2026-08-10T12:00,2026-08-10T12:00
PLAN000778,U000278,son278,Athletic Performance,Muscle Gain,Intermediate,8-Week Athletic Performance - Auto - Variation 2,Personalized,2026-08-10,2026-10-04,8,5,Auto,75,Auto,78,15.6,Auto-Regulated,Draft,Hybrid,codex-plan-expansion-v2.0,2.0,35,"Alternative sequencing for U000278, derived from the validated base plan while preserving goal, level, schedule, equipment, safety constraints, and exercise volume.","Respect avoided exercises/muscles, recovery capacity, and pain signals.",2026-08-10T12:00,2026-08-10T12:00
PLAN000779,U000279,huong279,Fat Loss,Strength,Advanced,8-Week Fat Loss - Auto - Variation 2,Personalized,2026-08-10,2026-10-04,8,3,Chest Back Legs,75,Auto,42,14,Auto-Regulated,Draft,Coach,codex-plan-expansion-v2.0,2.0,21,"Alternative sequencing for U000279, derived from the validated base plan while preserving goal, level, schedule, equipment, safety constraints, and exercise volume.","Respect avoided exercises/muscles, recovery capacity, and pain signals.",2026-08-10T12:00,2026-08-10T12:00
PLAN000780,U000280,khoa280,General Fitness,Muscle Gain,Beginner,8-Week General Fitness - Auto - Variation 2,Personalized,2026-08-10,2026-10-04,8,4,Auto,60,Auto,48,12,Auto-Regulated,Draft,User,codex-plan-expansion-v2.0,2.0,24,"Alternative sequencing for U000280, derived from the validated base plan while preserving goal, level, schedule, equipment, safety constraints, and exercise volume.","Respect avoided exercises/muscles, recovery capacity, and pain signals.",2026-08-10T12:00,2026-08-10T12:00
PLAN000781,U000281,anh281,Muscle Gain,Fat Loss,Beginner,8-Week Muscle Gain - Auto - Variation 2,Personalized,2026-08-10,2026-10-04,8,6,Upper Lower,60,Linear Progression,30,5,Auto-Regulated,Draft,AI,codex-plan-expansion-v2.0,2.0,12,"Alternative sequencing for U000281, derived from the validated base plan while preserving goal, level, schedule, equipment, safety constraints, and exercise volume.","Respect avoided exercises/muscles, recovery capacity, and pain signals.",2026-08-10T12:00,2026-08-10T12:00
PLAN000782,U000282,minh282,Mobility and Flexibility,Fat Loss,Beginner,8-Week Mobility and Flexibility - Upper Lower - Variation 2,Personalized,2026-08-10,2026-10-04,8,2,Upper Lower,60,Double Progression,24,12,Auto-Regulated,Draft,Hybrid,codex-plan-expansion-v2.0,2.0,12,"Alternative sequencing for U000282, derived from the validated base plan while preserving goal, level, schedule, equipment, safety constraints, and exercise volume.","Respect avoided exercises/muscles, recovery capacity, and pain signals.",2026-08-10T12:00,2026-08-10T12:00
PLAN000783,U000283,dat283,Rehabilitation and Joint Health,Fat Loss,Advanced,8-Week Rehabilitation and Joint Health - Auto - Variation 2,Personalized,2026-08-10,2026-10-04,8,5,Auto,60,Linear Progression,40,8,Auto-Regulated,Draft,Coach,codex-plan-expansion-v2.0,2.0,20,"Alternative sequencing for U000283, derived from the validated base plan while preserving goal, level, schedule, equipment, safety constraints, and exercise volume.","Respect avoided exercises/muscles, recovery capacity, and pain signals.",2026-08-10T12:00,2026-08-10T12:00
PLAN000784,U000284,anh284,Muscle Gain,Strength,Intermediate,8-Week Muscle Gain - Auto - Variation 2,Personalized,2026-08-10,2026-10-04,8,2,Upper Lower,60,Double Progression,6,3,Auto-Regulated,Draft,User,codex-plan-expansion-v2.0,2.0,2,"Alternative sequencing for U000284, derived from the validated base plan while preserving goal, level, schedule, equipment, safety constraints, and exercise volume.","Respect avoided exercises/muscles, recovery capacity, and pain signals.",2026-08-10T12:00,2026-08-10T12:00
PLAN000785,U000285,dat285,Muscular Endurance,Athletic Performance,Advanced,8-Week Muscular Endurance - Auto - Variation 2,Personalized,2026-08-10,2026-10-04,8,4,Upper Lower,75,Linear Progression,56,14,Auto-Regulated,Draft,AI,codex-plan-expansion-v2.0,2.0,28,"Alternative sequencing for U000285, derived from the validated base plan while preserving goal, level, schedule, equipment, safety constraints, and exercise volume.","Respect avoided exercises/muscles, recovery capacity, and pain signals.",2026-08-10T12:00,2026-08-10T12:00
PLAN000786,U000286,phong286,Muscle Gain,Muscular Endurance,Intermediate,8-Week Muscle Gain - Auto - Variation 2,Personalized,2026-08-10,2026-10-04,8,2,Chest Back Legs,90,RPE-Based,48,24,Auto-Regulated,Draft,Hybrid,codex-plan-expansion-v2.0,2.0,16,"Alternative sequencing for U000286, derived from the validated base plan while preserving goal, level, schedule, equipment, safety constraints, and exercise volume.","Respect avoided exercises/muscles, recovery capacity, and pain signals.",2026-08-10T12:00,2026-08-10T12:00
PLAN000787,U000287,mai287,General Fitness,Muscular Endurance,Intermediate,8-Week General Fitness - Auto - Variation 2,Personalized,2026-08-10,2026-10-04,8,2,Chest Back Legs,60,Double Progression,4,2,Auto-Regulated,Draft,Coach,codex-plan-expansion-v2.0,2.0,2,"Alternative sequencing for U000287, derived from the validated base plan while preserving goal, level, schedule, equipment, safety constraints, and exercise volume.","Respect avoided exercises/muscles, recovery capacity, and pain signals.",2026-08-10T12:00,2026-08-10T12:00
PLAN000788,U000288,ha288,Mobility and Flexibility,Muscular Endurance,Beginner,8-Week Mobility and Flexibility - Body Part Split - Variation 2,Personalized,2026-08-10,2026-10-04,8,2,Body Part Split,75,Linear Progression,14,7,Auto-Regulated,Draft,User,codex-plan-expansion-v2.0,2.0,7,"Alternative sequencing for U000288, derived from the validated base plan while preserving goal, level, schedule, equipment, safety constraints, and exercise volume.","Respect avoided exercises/muscles, recovery capacity, and pain signals.",2026-08-10T12:00,2026-08-10T12:00
PLAN000789,U000289,ngoc289,Rehabilitation and Joint Health,Muscle Gain,Beginner,8-Week Rehabilitation and Joint Health - Push Pull Legs - Variation 2,Personalized,2026-08-10,2026-10-04,8,5,Push Pull Legs,60,Double Progression,40,8,Auto-Regulated,Draft,AI,codex-plan-expansion-v2.0,2.0,20,"Alternative sequencing for U000289, derived from the validated base plan while preserving goal, level, schedule, equipment, safety constraints, and exercise volume.",Medical clearance required before activation; keep exercise selection conservative and pain-free.,2026-08-10T12:00,2026-08-10T12:00
PLAN000790,U000290,phuong290,Athletic Performance,Strength,Intermediate,8-Week Athletic Performance - Auto - Variation 2,Personalized,2026-08-10,2026-10-04,8,3,Auto,75,Linear Progression,55,18.33,Auto-Regulated,Draft,Hybrid,codex-plan-expansion-v2.0,2.0,21,"Alternative sequencing for U000290, derived from the validated base plan while preserving goal, level, schedule, equipment, safety constraints, and exercise volume.","Respect avoided exercises/muscles, recovery capacity, and pain signals.",2026-08-10T12:00,2026-08-10T12:00
PLAN000791,U000291,long291,Strength,Rehabilitation and Joint Health,Advanced,8-Week Strength - Auto - Variation 2,Personalized,2026-08-10,2026-10-04,8,3,Chest Back Legs,45,Double Progression,38,12.67,Auto-Regulated,Draft,Coach,codex-plan-expansion-v2.0,2.0,15,"Alternative sequencing for U000291, derived from the validated base plan while preserving goal, level, schedule, equipment, safety constraints, and exercise volume.","Respect avoided exercises/muscles, recovery capacity, and pain signals.",2026-08-10T12:00,2026-08-10T12:00
PLAN000792,U000292,lan292,General Fitness,Muscular Endurance,Beginner,8-Week General Fitness - Auto - Variation 2,Personalized,2026-08-10,2026-10-04,8,5,Auto,75,Linear Progression,36,7.2,Auto-Regulated,Draft,User,codex-plan-expansion-v2.0,2.0,25,"Alternative sequencing for U000292, derived from the validated base plan while preserving goal, level, schedule, equipment, safety constraints, and exercise volume.","Respect avoided exercises/muscles, recovery capacity, and pain signals.",2026-08-10T12:00,2026-08-10T12:00
PLAN000793,U000293,tuan293,Muscle Gain,General Fitness,Beginner,8-Week Muscle Gain - Auto - Variation 2,Personalized,2026-08-10,2026-10-04,8,4,Push Pull Legs,75,Double Progression,62,15.5,Auto-Regulated,Draft,AI,codex-plan-expansion-v2.0,2.0,28,"Alternative sequencing for U000293, derived from the validated base plan while preserving goal, level, schedule, equipment, safety constraints, and exercise volume.","Respect avoided exercises/muscles, recovery capacity, and pain signals.",2026-08-10T12:00,2026-08-10T12:00
PLAN000794,U000294,ha294,Mobility and Flexibility,General Fitness,Advanced,8-Week Mobility and Flexibility - Body Part Split - Variation 2,Personalized,2026-08-10,2026-10-04,8,4,Body Part Split,45,RPE-Based,28,7,Auto-Regulated,Draft,Hybrid,codex-plan-expansion-v2.0,2.0,14,"Alternative sequencing for U000294, derived from the validated base plan while preserving goal, level, schedule, equipment, safety constraints, and exercise volume.","Respect avoided exercises/muscles, recovery capacity, and pain signals.",2026-08-10T12:00,2026-08-10T12:00
PLAN000795,U000295,son295,Mobility and Flexibility,Strength,Intermediate,8-Week Mobility and Flexibility - Auto - Variation 2,Personalized,2026-08-10,2026-10-04,8,4,Upper Lower,60,Linear Progression,48,12,Auto-Regulated,Draft,Coach,codex-plan-expansion-v2.0,2.0,24,"Alternative sequencing for U000295, derived from the validated base plan while preserving goal, level, schedule, equipment, safety constraints, and exercise volume.","Respect avoided exercises/muscles, recovery capacity, and pain signals.",2026-08-10T12:00,2026-08-10T12:00
PLAN000796,U000296,mai296,Muscular Endurance,General Fitness,Beginner,8-Week Muscular Endurance - Auto - Variation 2,Personalized,2026-08-10,2026-10-04,8,3,Upper Lower,75,Auto,42,14,Auto-Regulated,Draft,User,codex-plan-expansion-v2.0,2.0,21,"Alternative sequencing for U000296, derived from the validated base plan while preserving goal, level, schedule, equipment, safety constraints, and exercise volume.","Respect avoided exercises/muscles, recovery capacity, and pain signals.",2026-08-10T12:00,2026-08-10T12:00
PLAN000797,U000297,long297,Mobility and Flexibility,Strength,Advanced,8-Week Mobility and Flexibility - Auto - Variation 2,Personalized,2026-08-10,2026-10-04,8,6,Auto,45,Auto,60,10,Auto-Regulated,Draft,AI,codex-plan-expansion-v2.0,2.0,30,"Alternative sequencing for U000297, derived from the validated base plan while preserving goal, level, schedule, equipment, safety constraints, and exercise volume.","Respect avoided exercises/muscles, recovery capacity, and pain signals.",2026-08-10T12:00,2026-08-10T12:00
PLAN000798,U000298,lan298,Rehabilitation and Joint Health,Fat Loss,Intermediate,8-Week Rehabilitation and Joint Health - Body Part Split - Variation 2,Personalized,2026-08-10,2026-10-04,8,5,Body Part Split,60,Linear Progression,38,7.6,Auto-Regulated,Draft,Hybrid,codex-plan-expansion-v2.0,2.0,19,"Alternative sequencing for U000298, derived from the validated base plan while preserving goal, level, schedule, equipment, safety constraints, and exercise volume.","Respect avoided exercises/muscles, recovery capacity, and pain signals.",2026-08-10T12:00,2026-08-10T12:00
PLAN000799,U000299,dung299,Muscle Gain,Mobility and Flexibility,Advanced,8-Week Muscle Gain - Auto - Variation 2,Personalized,2026-08-10,2026-10-04,8,5,Push Pull Legs,90,RPE-Based,120,24,Auto-Regulated,Draft,Coach,codex-plan-expansion-v2.0,2.0,40,"Alternative sequencing for U000299, derived from the validated base plan while preserving goal, level, schedule, equipment, safety constraints, and exercise volume.","Respect avoided exercises/muscles, recovery capacity, and pain signals.",2026-08-10T12:00,2026-08-10T12:00
PLAN000800,U000300,thanh300,Fat Loss,Muscular Endurance,Advanced,8-Week Fat Loss - Auto - Variation 2,Personalized,2026-08-10,2026-10-04,8,6,Push Pull Legs,45,Double Progression,60,10,Auto-Regulated,Draft,User,codex-plan-expansion-v2.0,2.0,30,"Alternative sequencing for U000300, derived from the validated base plan while preserving goal, level, schedule, equipment, safety constraints, and exercise volume.","Respect avoided exercises/muscles, recovery capacity, and pain signals.",2026-08-10T12:00,2026-08-10T12:00
PLAN000801,U000301,son301,Muscle Gain,General Fitness,Intermediate,8-Week Muscle Gain - Full Body - Variation 2,Personalized,2026-08-10,2026-10-04,8,3,Full Body,60,RPE-Based,63,21,Auto-Regulated,Draft,AI,codex-plan-expansion-v2.0,2.0,21,"Alternative sequencing for U000301, derived from the validated base plan while preserving goal, level, schedule, equipment, safety constraints, and exercise volume.","Respect avoided exercises/muscles, recovery capacity, and pain signals.",2026-08-10T12:00,2026-08-10T12:00
PLAN000802,U000302,phuong302,Rehabilitation and Joint Health,Muscle Gain,Intermediate,8-Week Rehabilitation and Joint Health - Chest Back Legs - Variation 2,Personalized,2026-08-10,2026-10-04,8,3,Chest Back Legs,90,Auto,8,2.67,Auto-Regulated,Draft,Hybrid,codex-plan-expansion-v2.0,2.0,4,"Alternative sequencing for U000302, derived from the validated base plan while preserving goal, level, schedule, equipment, safety constraints, and exercise volume.","Respect avoided exercises/muscles, recovery capacity, and pain signals.",2026-08-10T12:00,2026-08-10T12:00
PLAN000803,U000303,tuan303,Muscle Gain,Fat Loss,Advanced,8-Week Muscle Gain - Auto - Variation 2,Personalized,2026-08-10,2026-10-04,8,2,Chest Back Legs,75,Linear Progression,24,12,Auto-Regulated,Draft,Coach,codex-plan-expansion-v2.0,2.0,8,"Alternative sequencing for U000303, derived from the validated base plan while preserving goal, level, schedule, equipment, safety constraints, and exercise volume.","Respect avoided exercises/muscles, recovery capacity, and pain signals.",2026-08-10T12:00,2026-08-10T12:00
PLAN000804,U000304,khoa304,Athletic Performance,General Fitness,Advanced,8-Week Athletic Performance - Auto - Variation 2,Personalized,2026-08-10,2026-10-04,8,6,Auto,45,Auto,78,13,Auto-Regulated,Draft,User,codex-plan-expansion-v2.0,2.0,30,"Alternative sequencing for U000304, derived from the validated base plan while preserving goal, level, schedule, equipment, safety constraints, and exercise volume.","Respect avoided exercises/muscles, recovery capacity, and pain signals.",2026-08-10T12:00,2026-08-10T12:00
PLAN000805,U000305,khoa305,General Fitness,Rehabilitation and Joint Health,Beginner,8-Week General Fitness - Auto - Variation 2,Personalized,2026-08-10,2026-10-04,8,6,Push Pull Legs,45,Linear Progression,54,9,Auto-Regulated,Draft,AI,codex-plan-expansion-v2.0,2.0,30,"Alternative sequencing for U000305, derived from the validated base plan while preserving goal, level, schedule, equipment, safety constraints, and exercise volume.","Respect avoided exercises/muscles, recovery capacity, and pain signals.",2026-08-10T12:00,2026-08-10T12:00
PLAN000806,U000306,phuong306,Muscular Endurance,Athletic Performance,Advanced,8-Week Muscular Endurance - Auto - Variation 2,Personalized,2026-08-10,2026-10-04,8,2,Auto,90,Auto,8,4,Auto-Regulated,Draft,Hybrid,codex-plan-expansion-v2.0,2.0,4,"Alternative sequencing for U000306, derived from the validated base plan while preserving goal, level, schedule, equipment, safety constraints, and exercise volume.","Respect avoided exercises/muscles, recovery capacity, and pain signals.",2026-08-10T12:00,2026-08-10T12:00
PLAN000807,U000307,linh307,Muscular Endurance,Strength,Intermediate,8-Week Muscular Endurance - Auto - Variation 2,Personalized,2026-08-10,2026-10-04,8,4,Auto,60,Auto,48,12,Auto-Regulated,Draft,Coach,codex-plan-expansion-v2.0,2.0,24,"Alternative sequencing for U000307, derived from the validated base plan while preserving goal, level, schedule, equipment, safety constraints, and exercise volume.","Respect avoided exercises/muscles, recovery capacity, and pain signals.",2026-08-10T12:00,2026-08-10T12:00
PLAN000808,U000308,trang308,General Fitness,Rehabilitation and Joint Health,Advanced,8-Week General Fitness - Upper Lower - Variation 2,Personalized,2026-08-10,2026-10-04,8,3,Upper Lower,90,RPE-Based,48,16,Auto-Regulated,Draft,User,codex-plan-expansion-v2.0,2.0,24,"Alternative sequencing for U000308, derived from the validated base plan while preserving goal, level, schedule, equipment, safety constraints, and exercise volume.","Respect avoided exercises/muscles, recovery capacity, and pain signals.",2026-08-10T12:00,2026-08-10T12:00
PLAN000809,U000309,trang309,General Fitness,Mobility and Flexibility,Intermediate,8-Week General Fitness - Auto - Variation 2,Personalized,2026-08-10,2026-10-04,8,6,Upper Lower,90,Double Progression,88,14.67,Auto-Regulated,Draft,AI,codex-plan-expansion-v2.0,2.0,48,"Alternative sequencing for U000309, derived from the validated base plan while preserving goal, level, schedule, equipment, safety constraints, and exercise volume.","Respect avoided exercises/muscles, recovery capacity, and pain signals.",2026-08-10T12:00,2026-08-10T12:00
PLAN000810,U000310,linh310,Athletic Performance,Strength,Intermediate,8-Week Athletic Performance - Auto - Variation 2,Personalized,2026-08-10,2026-10-04,8,2,Upper Lower,60,Double Progression,10,5,Auto-Regulated,Draft,Hybrid,codex-plan-expansion-v2.0,2.0,4,"Alternative sequencing for U000310, derived from the validated base plan while preserving goal, level, schedule, equipment, safety constraints, and exercise volume.","Respect avoided exercises/muscles, recovery capacity, and pain signals.",2026-08-10T12:00,2026-08-10T12:00
PLAN000811,U000311,lan311,Athletic Performance,Mobility and Flexibility,Beginner,8-Week Athletic Performance - Body Part Split - Variation 2,Personalized,2026-08-10,2026-10-04,8,2,Body Part Split,45,Auto,16,8,Auto-Regulated,Draft,Coach,codex-plan-expansion-v2.0,2.0,6,"Alternative sequencing for U000311, derived from the validated base plan while preserving goal, level, schedule, equipment, safety constraints, and exercise volume.","Respect avoided exercises/muscles, recovery capacity, and pain signals.",2026-08-10T12:00,2026-08-10T12:00
PLAN000812,U000312,hoang312,Athletic Performance,Muscular Endurance,Beginner,8-Week Athletic Performance - Auto - Variation 2,Personalized,2026-08-10,2026-10-04,8,4,Auto,90,Linear Progression,36,9,Auto-Regulated,Draft,User,codex-plan-expansion-v2.0,2.0,16,"Alternative sequencing for U000312, derived from the validated base plan while preserving goal, level, schedule, equipment, safety constraints, and exercise volume.","Respect avoided exercises/muscles, recovery capacity, and pain signals.",2026-08-10T12:00,2026-08-10T12:00
PLAN000813,U000313,dat313,Mobility and Flexibility,General Fitness,Intermediate,8-Week Mobility and Flexibility - Auto - Variation 2,Personalized,2026-08-10,2026-10-04,8,3,Chest Back Legs,60,Auto,10,3.33,Auto-Regulated,Draft,AI,codex-plan-expansion-v2.0,2.0,6,"Alternative sequencing for U000313, derived from the validated base plan while preserving goal, level, schedule, equipment, safety constraints, and exercise volume.","Respect avoided exercises/muscles, recovery capacity, and pain signals.",2026-08-10T12:00,2026-08-10T12:00
PLAN000814,U000314,dat314,Muscle Gain,General Fitness,Advanced,8-Week Muscle Gain - Push Pull Legs - Variation 2,Personalized,2026-08-10,2026-10-04,8,3,Push Pull Legs,90,Linear Progression,45,15,Auto-Regulated,Draft,Hybrid,codex-plan-expansion-v2.0,2.0,15,"Alternative sequencing for U000314, derived from the validated base plan while preserving goal, level, schedule, equipment, safety constraints, and exercise volume.","Respect avoided exercises/muscles, recovery capacity, and pain signals.",2026-08-10T12:00,2026-08-10T12:00
PLAN000815,U000315,huong315,Athletic Performance,Mobility and Flexibility,Advanced,8-Week Athletic Performance - Full Body - Variation 2,Personalized,2026-08-10,2026-10-04,8,2,Full Body,90,Linear Progression,43,21.5,Auto-Regulated,Draft,Coach,codex-plan-expansion-v2.0,2.0,16,"Alternative sequencing for U000315, derived from the validated base plan while preserving goal, level, schedule, equipment, safety constraints, and exercise volume.","Respect avoided exercises/muscles, recovery capacity, and pain signals.",2026-08-10T12:00,2026-08-10T12:00
PLAN000816,U000316,minh316,Muscular Endurance,Fat Loss,Advanced,8-Week Muscular Endurance - Auto - Variation 2,Personalized,2026-08-10,2026-10-04,8,5,Auto,60,Linear Progression,60,12,Auto-Regulated,Draft,User,codex-plan-expansion-v2.0,2.0,30,"Alternative sequencing for U000316, derived from the validated base plan while preserving goal, level, schedule, equipment, safety constraints, and exercise volume.","Respect avoided exercises/muscles, recovery capacity, and pain signals.",2026-08-10T12:00,2026-08-10T12:00
PLAN000817,U000317,trang317,Rehabilitation and Joint Health,Muscle Gain,Beginner,8-Week Rehabilitation and Joint Health - Auto - Variation 2,Personalized,2026-08-10,2026-10-04,8,4,Chest Back Legs,75,Auto,8,2,Auto-Regulated,Draft,AI,codex-plan-expansion-v2.0,2.0,4,"Alternative sequencing for U000317, derived from the validated base plan while preserving goal, level, schedule, equipment, safety constraints, and exercise volume.","Respect avoided exercises/muscles, recovery capacity, and pain signals.",2026-08-10T12:00,2026-08-10T12:00
PLAN000818,U000318,trang318,Fat Loss,Strength,Intermediate,8-Week Fat Loss - Auto - Variation 2,Personalized,2026-08-10,2026-10-04,8,6,Auto,75,Double Progression,78,13,Auto-Regulated,Draft,Hybrid,codex-plan-expansion-v2.0,2.0,42,"Alternative sequencing for U000318, derived from the validated base plan while preserving goal, level, schedule, equipment, safety constraints, and exercise volume.","Respect avoided exercises/muscles, recovery capacity, and pain signals.",2026-08-10T12:00,2026-08-10T12:00
PLAN000819,U000319,lan319,Strength,Rehabilitation and Joint Health,Beginner,8-Week Strength - Auto - Variation 2,Personalized,2026-08-10,2026-10-04,8,5,Auto,60,RPE-Based,58,11.6,Auto-Regulated,Draft,Coach,codex-plan-expansion-v2.0,2.0,25,"Alternative sequencing for U000319, derived from the validated base plan while preserving goal, level, schedule, equipment, safety constraints, and exercise volume.","Respect avoided exercises/muscles, recovery capacity, and pain signals.",2026-08-10T12:00,2026-08-10T12:00
PLAN000820,U000320,long320,Mobility and Flexibility,Rehabilitation and Joint Health,Advanced,8-Week Mobility and Flexibility - Auto - Variation 2,Personalized,2026-08-10,2026-10-04,8,3,Upper Lower,45,Auto,18,6,Auto-Regulated,Draft,User,codex-plan-expansion-v2.0,2.0,9,"Alternative sequencing for U000320, derived from the validated base plan while preserving goal, level, schedule, equipment, safety constraints, and exercise volume.","Respect avoided exercises/muscles, recovery capacity, and pain signals.",2026-08-10T12:00,2026-08-10T12:00
PLAN000821,U000321,viet321,Strength,Muscle Gain,Advanced,8-Week Strength - Push Pull Legs - Variation 2,Personalized,2026-08-10,2026-10-04,8,3,Push Pull Legs,75,Auto,34,11.33,Auto-Regulated,Draft,AI,codex-plan-expansion-v2.0,2.0,14,"Alternative sequencing for U000321, derived from the validated base plan while preserving goal, level, schedule, equipment, safety constraints, and exercise volume.","Respect avoided exercises/muscles, recovery capacity, and pain signals.",2026-08-10T12:00,2026-08-10T12:00
PLAN000822,U000322,dung322,Muscle Gain,Muscular Endurance,Advanced,8-Week Muscle Gain - Chest Back Legs - Variation 2,Personalized,2026-08-10,2026-10-04,8,3,Chest Back Legs,75,Linear Progression,18,6,Auto-Regulated,Draft,Hybrid,codex-plan-expansion-v2.0,2.0,6,"Alternative sequencing for U000322, derived from the validated base plan while preserving goal, level, schedule, equipment, safety constraints, and exercise volume.","Respect avoided exercises/muscles, recovery capacity, and pain signals.",2026-08-10T12:00,2026-08-10T12:00
PLAN000823,U000323,duc323,Mobility and Flexibility,Muscle Gain,Beginner,8-Week Mobility and Flexibility - Auto - Variation 2,Personalized,2026-08-10,2026-10-04,8,3,Chest Back Legs,45,Double Progression,30,10,Auto-Regulated,Draft,Coach,codex-plan-expansion-v2.0,2.0,15,"Alternative sequencing for U000323, derived from the validated base plan while preserving goal, level, schedule, equipment, safety constraints, and exercise volume.","Respect avoided exercises/muscles, recovery capacity, and pain signals.",2026-08-10T12:00,2026-08-10T12:00
PLAN000824,U000324,ngoc324,Athletic Performance,Muscle Gain,Advanced,8-Week Athletic Performance - Auto - Variation 2,Personalized,2026-08-10,2026-10-04,8,2,Chest Back Legs,90,Linear Progression,30,15,Auto-Regulated,Draft,User,codex-plan-expansion-v2.0,2.0,10,"Alternative sequencing for U000324, derived from the validated base plan while preserving goal, level, schedule, equipment, safety constraints, and exercise volume.","Respect avoided exercises/muscles, recovery capacity, and pain signals.",2026-08-10T12:00,2026-08-10T12:00
PLAN000825,U000325,tuan325,Rehabilitation and Joint Health,Strength,Advanced,8-Week Rehabilitation and Joint Health - Auto - Variation 2,Personalized,2026-08-10,2026-10-04,8,6,Auto,90,Auto,96,16,Auto-Regulated,Draft,AI,codex-plan-expansion-v2.0,2.0,48,"Alternative sequencing for U000325, derived from the validated base plan while preserving goal, level, schedule, equipment, safety constraints, and exercise volume.","Respect avoided exercises/muscles, recovery capacity, and pain signals.",2026-08-10T12:00,2026-08-10T12:00
PLAN000826,U000326,long326,Fat Loss,Muscle Gain,Intermediate,8-Week Fat Loss - Body Part Split - Variation 2,Personalized,2026-08-10,2026-10-04,8,6,Body Part Split,60,Double Progression,24,4,Auto-Regulated,Draft,Hybrid,codex-plan-expansion-v2.0,2.0,12,"Alternative sequencing for U000326, derived from the validated base plan while preserving goal, level, schedule, equipment, safety constraints, and exercise volume.","Respect avoided exercises/muscles, recovery capacity, and pain signals.",2026-08-10T12:00,2026-08-10T12:00
PLAN000827,U000327,ha327,Fat Loss,Athletic Performance,Intermediate,8-Week Fat Loss - Upper Lower - Variation 2,Personalized,2026-08-10,2026-10-04,8,2,Upper Lower,75,Auto,22,11,Auto-Regulated,Draft,Coach,codex-plan-expansion-v2.0,2.0,11,"Alternative sequencing for U000327, derived from the validated base plan while preserving goal, level, schedule, equipment, safety constraints, and exercise volume.","Respect avoided exercises/muscles, recovery capacity, and pain signals.",2026-08-10T12:00,2026-08-10T12:00
PLAN000828,U000328,trang328,Rehabilitation and Joint Health,Muscular Endurance,Beginner,8-Week Rehabilitation and Joint Health - Auto - Variation 2,Personalized,2026-08-10,2026-10-04,8,6,Push Pull Legs,90,Double Progression,48,8,Auto-Regulated,Draft,User,codex-plan-expansion-v2.0,2.0,24,"Alternative sequencing for U000328, derived from the validated base plan while preserving goal, level, schedule, equipment, safety constraints, and exercise volume.","Respect avoided exercises/muscles, recovery capacity, and pain signals.",2026-08-10T12:00,2026-08-10T12:00
PLAN000829,U000329,viet329,Mobility and Flexibility,Muscular Endurance,Intermediate,8-Week Mobility and Flexibility - Auto - Variation 2,Personalized,2026-08-10,2026-10-04,8,6,Auto,75,Double Progression,74,12.33,Auto-Regulated,Draft,AI,codex-plan-expansion-v2.0,2.0,42,"Alternative sequencing for U000329, derived from the validated base plan while preserving goal, level, schedule, equipment, safety constraints, and exercise volume.","Respect avoided exercises/muscles, recovery capacity, and pain signals.",2026-08-10T12:00,2026-08-10T12:00
PLAN000830,U000330,quang330,General Fitness,Athletic Performance,Advanced,8-Week General Fitness - Auto - Variation 2,Personalized,2026-08-10,2026-10-04,8,2,Auto,75,Auto,28,14,Auto-Regulated,Draft,Hybrid,codex-plan-expansion-v2.0,2.0,14,"Alternative sequencing for U000330, derived from the validated base plan while preserving goal, level, schedule, equipment, safety constraints, and exercise volume.","Respect avoided exercises/muscles, recovery capacity, and pain signals.",2026-08-10T12:00,2026-08-10T12:00
PLAN000831,U000331,bao331,Strength,Muscle Gain,Beginner,8-Week Strength - Auto - Variation 2,Personalized,2026-08-10,2026-10-04,8,4,Auto,75,Auto,58,14.5,Auto-Regulated,Draft,Coach,codex-plan-expansion-v2.0,2.0,28,"Alternative sequencing for U000331, derived from the validated base plan while preserving goal, level, schedule, equipment, safety constraints, and exercise volume.","Respect avoided exercises/muscles, recovery capacity, and pain signals.",2026-08-10T12:00,2026-08-10T12:00
PLAN000832,U000332,ngoc332,Strength,General Fitness,Intermediate,8-Week Strength - Auto - Variation 2,Personalized,2026-08-10,2026-10-04,8,4,Auto,45,Linear Progression,44,11,Auto-Regulated,Draft,User,codex-plan-expansion-v2.0,2.0,20,"Alternative sequencing for U000332, derived from the validated base plan while preserving goal, level, schedule, equipment, safety constraints, and exercise volume.","Respect avoided exercises/muscles, recovery capacity, and pain signals.",2026-08-10T12:00,2026-08-10T12:00
PLAN000833,U000333,anh333,Muscular Endurance,Muscle Gain,Intermediate,8-Week Muscular Endurance - Chest Back Legs - Variation 2,Personalized,2026-08-10,2026-10-04,8,6,Chest Back Legs,45,Linear Progression,50,8.33,Auto-Regulated,Draft,AI,codex-plan-expansion-v2.0,2.0,26,"Alternative sequencing for U000333, derived from the validated base plan while preserving goal, level, schedule, equipment, safety constraints, and exercise volume.","Respect avoided exercises/muscles, recovery capacity, and pain signals.",2026-08-10T12:00,2026-08-10T12:00
PLAN000834,U000334,nam334,Rehabilitation and Joint Health,Muscular Endurance,Intermediate,8-Week Rehabilitation and Joint Health - Push Pull Legs - Variation 2,Personalized,2026-08-10,2026-10-04,8,6,Push Pull Legs,45,Auto,56,9.33,Auto-Regulated,Draft,Hybrid,codex-plan-expansion-v2.0,2.0,28,"Alternative sequencing for U000334, derived from the validated base plan while preserving goal, level, schedule, equipment, safety constraints, and exercise volume.","Respect avoided exercises/muscles, recovery capacity, and pain signals.",2026-08-10T12:00,2026-08-10T12:00
PLAN000835,U000335,phuong335,Muscular Endurance,Fat Loss,Beginner,8-Week Muscular Endurance - Upper Lower - Variation 2,Personalized,2026-08-10,2026-10-04,8,2,Upper Lower,60,Auto,20,10,Auto-Regulated,Draft,Coach,codex-plan-expansion-v2.0,2.0,10,"Alternative sequencing for U000335, derived from the validated base plan while preserving goal, level, schedule, equipment, safety constraints, and exercise volume.","Respect avoided exercises/muscles, recovery capacity, and pain signals.",2026-08-10T12:00,2026-08-10T12:00
PLAN000836,U000336,trang336,Strength,Athletic Performance,Beginner,8-Week Strength - Full Body - Variation 2,Personalized,2026-08-10,2026-10-04,8,2,Auto,60,RPE-Based,35,17.5,Auto-Regulated,Draft,User,codex-plan-expansion-v2.0,2.0,14,"Alternative sequencing for U000336, derived from the validated base plan while preserving goal, level, schedule, equipment, safety constraints, and exercise volume.","Respect avoided exercises/muscles, recovery capacity, and pain signals.",2026-08-10T12:00,2026-08-10T12:00
PLAN000837,U000337,phong337,Mobility and Flexibility,Rehabilitation and Joint Health,Intermediate,8-Week Mobility and Flexibility - Auto - Variation 2,Personalized,2026-08-10,2026-10-04,8,4,Auto,60,RPE-Based,48,12,Auto-Regulated,Draft,AI,codex-plan-expansion-v2.0,2.0,24,"Alternative sequencing for U000337, derived from the validated base plan while preserving goal, level, schedule, equipment, safety constraints, and exercise volume.","Respect avoided exercises/muscles, recovery capacity, and pain signals.",2026-08-10T12:00,2026-08-10T12:00
PLAN000838,U000338,minh338,Muscular Endurance,Strength,Intermediate,8-Week Muscular Endurance - Push Pull Legs - Variation 2,Personalized,2026-08-10,2026-10-04,8,6,Push Pull Legs,75,Linear Progression,36,6,Auto-Regulated,Draft,Hybrid,codex-plan-expansion-v2.0,2.0,18,"Alternative sequencing for U000338, derived from the validated base plan while preserving goal, level, schedule, equipment, safety constraints, and exercise volume.","Respect avoided exercises/muscles, recovery capacity, and pain signals.",2026-08-10T12:00,2026-08-10T12:00
PLAN000839,U000339,thanh339,General Fitness,Muscular Endurance,Advanced,8-Week General Fitness - Auto - Variation 2,Personalized,2026-08-10,2026-10-04,8,5,Chest Back Legs,90,Double Progression,80,16,Auto-Regulated,Draft,Coach,codex-plan-expansion-v2.0,2.0,40,"Alternative sequencing for U000339, derived from the validated base plan while preserving goal, level, schedule, equipment, safety constraints, and exercise volume.","Respect avoided exercises/muscles, recovery capacity, and pain signals.",2026-08-10T12:00,2026-08-10T12:00
PLAN000840,U000340,tuan340,Athletic Performance,General Fitness,Advanced,8-Week Athletic Performance - Auto - Variation 2,Personalized,2026-08-10,2026-10-04,8,3,Auto,90,Linear Progression,9,3,Auto-Regulated,Draft,User,codex-plan-expansion-v2.0,2.0,3,"Alternative sequencing for U000340, derived from the validated base plan while preserving goal, level, schedule, equipment, safety constraints, and exercise volume.","Respect avoided exercises/muscles, recovery capacity, and pain signals.",2026-08-10T12:00,2026-08-10T12:00
PLAN000841,U000341,phong341,Fat Loss,Muscular Endurance,Advanced,8-Week Fat Loss - Auto - Variation 2,Personalized,2026-08-10,2026-10-04,8,2,Upper Lower,60,Linear Progression,4,2,Auto-Regulated,Draft,AI,codex-plan-expansion-v2.0,2.0,2,"Alternative sequencing for U000341, derived from the validated base plan while preserving goal, level, schedule, equipment, safety constraints, and exercise volume.","Respect avoided exercises/muscles, recovery capacity, and pain signals.",2026-08-10T12:00,2026-08-10T12:00
PLAN000842,U000342,ha342,Strength,Muscular Endurance,Intermediate,8-Week Strength - Auto - Variation 2,Personalized,2026-08-10,2026-10-04,8,2,Auto,90,Linear Progression,6,3,Auto-Regulated,Draft,Hybrid,codex-plan-expansion-v2.0,2.0,2,"Alternative sequencing for U000342, derived from the validated base plan while preserving goal, level, schedule, equipment, safety constraints, and exercise volume.","Respect avoided exercises/muscles, recovery capacity, and pain signals.",2026-08-10T12:00,2026-08-10T12:00
PLAN000843,U000343,ha343,Mobility and Flexibility,Muscle Gain,Intermediate,8-Week Mobility and Flexibility - Auto - Variation 2,Personalized,2026-08-10,2026-10-04,8,2,Chest Back Legs,45,Double Progression,8,4,Auto-Regulated,Draft,Coach,codex-plan-expansion-v2.0,2.0,4,"Alternative sequencing for U000343, derived from the validated base plan while preserving goal, level, schedule, equipment, safety constraints, and exercise volume.","Respect avoided exercises/muscles, recovery capacity, and pain signals.",2026-08-10T12:00,2026-08-10T12:00
PLAN000844,U000344,tuan344,General Fitness,Fat Loss,Intermediate,8-Week General Fitness - Auto - Variation 2,Personalized,2026-08-10,2026-10-04,8,3,Upper Lower,60,Auto,6,2,Auto-Regulated,Draft,User,codex-plan-expansion-v2.0,2.0,3,"Alternative sequencing for U000344, derived from the validated base plan while preserving goal, level, schedule, equipment, safety constraints, and exercise volume.","Respect avoided exercises/muscles, recovery capacity, and pain signals.",2026-08-10T12:00,2026-08-10T12:00
PLAN000845,U000345,trang345,Fat Loss,Mobility and Flexibility,Intermediate,8-Week Fat Loss - Auto - Variation 2,Personalized,2026-08-10,2026-10-04,8,4,Auto,60,Auto,8,2,Auto-Regulated,Draft,AI,codex-plan-expansion-v2.0,2.0,4,"Alternative sequencing for U000345, derived from the validated base plan while preserving goal, level, schedule, equipment, safety constraints, and exercise volume.","Respect avoided exercises/muscles, recovery capacity, and pain signals.",2026-08-10T12:00,2026-08-10T12:00
PLAN000846,U000346,long346,Muscular Endurance,Muscle Gain,Intermediate,8-Week Muscular Endurance - Push Pull Legs - Variation 2,Personalized,2026-08-10,2026-10-04,8,4,Push Pull Legs,75,Auto,22,5.5,Auto-Regulated,Draft,Hybrid,codex-plan-expansion-v2.0,2.0,11,"Alternative sequencing for U000346, derived from the validated base plan while preserving goal, level, schedule, equipment, safety constraints, and exercise volume.","Respect avoided exercises/muscles, recovery capacity, and pain signals.",2026-08-10T12:00,2026-08-10T12:00
PLAN000847,U000347,long347,Muscular Endurance,Fat Loss,Intermediate,8-Week Muscular Endurance - Body Part Split - Variation 2,Personalized,2026-08-10,2026-10-04,8,2,Body Part Split,75,Linear Progression,10,5,Auto-Regulated,Draft,Coach,codex-plan-expansion-v2.0,2.0,5,"Alternative sequencing for U000347, derived from the validated base plan while preserving goal, level, schedule, equipment, safety constraints, and exercise volume.","Respect avoided exercises/muscles, recovery capacity, and pain signals.",2026-08-10T12:00,2026-08-10T12:00
PLAN000848,U000348,ha348,Muscular Endurance,Mobility and Flexibility,Intermediate,8-Week Muscular Endurance - Auto - Variation 2,Personalized,2026-08-10,2026-10-04,8,5,Push Pull Legs,90,Linear Progression,10,2,Auto-Regulated,Draft,User,codex-plan-expansion-v2.0,2.0,5,"Alternative sequencing for U000348, derived from the validated base plan while preserving goal, level, schedule, equipment, safety constraints, and exercise volume.",Medical clearance required before activation; keep exercise selection conservative and pain-free.,2026-08-10T12:00,2026-08-10T12:00
PLAN000849,U000349,linh349,Fat Loss,Rehabilitation and Joint Health,Beginner,8-Week Fat Loss - Auto - Variation 2,Personalized,2026-08-10,2026-10-04,8,5,Auto,90,RPE-Based,64,12.8,Auto-Regulated,Draft,AI,codex-plan-expansion-v2.0,2.0,40,"Alternative sequencing for U000349, derived from the validated base plan while preserving goal, level, schedule, equipment, safety constraints, and exercise volume.","Respect avoided exercises/muscles, recovery capacity, and pain signals.",2026-08-10T12:00,2026-08-10T12:00
PLAN000850,U000350,trang350,General Fitness,Muscular Endurance,Intermediate,8-Week General Fitness - Chest Back Legs - Variation 2,Personalized,2026-08-10,2026-10-04,8,5,Chest Back Legs,45,Auto,14,2.8,Auto-Regulated,Draft,Hybrid,codex-plan-expansion-v2.0,2.0,7,"Alternative sequencing for U000350, derived from the validated base plan while preserving goal, level, schedule, equipment, safety constraints, and exercise volume.","Respect avoided exercises/muscles, recovery capacity, and pain signals.",2026-08-10T12:00,2026-08-10T12:00
PLAN000851,U000351,thanh351,Mobility and Flexibility,Athletic Performance,Beginner,8-Week Mobility and Flexibility - Auto - Variation 2,Personalized,2026-08-10,2026-10-04,8,6,Auto,75,Double Progression,12,2,Auto-Regulated,Draft,Coach,codex-plan-expansion-v2.0,2.0,6,"Alternative sequencing for U000351, derived from the validated base plan while preserving goal, level, schedule, equipment, safety constraints, and exercise volume.","Respect avoided exercises/muscles, recovery capacity, and pain signals.",2026-08-10T12:00,2026-08-10T12:00
PLAN000852,U000352,viet352,Athletic Performance,Fat Loss,Advanced,8-Week Athletic Performance - Body Part Split - Variation 2,Personalized,2026-08-10,2026-10-04,8,4,Body Part Split,90,RPE-Based,53,13.25,Auto-Regulated,Draft,User,codex-plan-expansion-v2.0,2.0,20,"Alternative sequencing for U000352, derived from the validated base plan while preserving goal, level, schedule, equipment, safety constraints, and exercise volume.","Respect avoided exercises/muscles, recovery capacity, and pain signals.",2026-08-10T12:00,2026-08-10T12:00
PLAN000853,U000353,lan353,Mobility and Flexibility,Rehabilitation and Joint Health,Beginner,8-Week Mobility and Flexibility - Auto - Variation 2,Personalized,2026-08-10,2026-10-04,8,2,Auto,45,RPE-Based,20,10,Auto-Regulated,Draft,AI,codex-plan-expansion-v2.0,2.0,10,"Alternative sequencing for U000353, derived from the validated base plan while preserving goal, level, schedule, equipment, safety constraints, and exercise volume.","Respect avoided exercises/muscles, recovery capacity, and pain signals.",2026-08-10T12:00,2026-08-10T12:00
PLAN000854,U000354,huong354,Athletic Performance,Muscular Endurance,Beginner,8-Week Athletic Performance - Auto - Variation 2,Personalized,2026-08-10,2026-10-04,8,6,Auto,90,Auto,48,8,Auto-Regulated,Draft,Hybrid,codex-plan-expansion-v2.0,2.0,24,"Alternative sequencing for U000354, derived from the validated base plan while preserving goal, level, schedule, equipment, safety constraints, and exercise volume.","Respect avoided exercises/muscles, recovery capacity, and pain signals.",2026-08-10T12:00,2026-08-10T12:00
PLAN000855,U000355,huong355,Athletic Performance,Rehabilitation and Joint Health,Beginner,8-Week Athletic Performance - Auto - Variation 2,Personalized,2026-08-10,2026-10-04,8,2,Auto,90,Linear Progression,40,20,Auto-Regulated,Draft,Coach,codex-plan-expansion-v2.0,2.0,16,"Alternative sequencing for U000355, derived from the validated base plan while preserving goal, level, schedule, equipment, safety constraints, and exercise volume.","Respect avoided exercises/muscles, recovery capacity, and pain signals.",2026-08-10T12:00,2026-08-10T12:00
PLAN000856,U000356,minh356,General Fitness,Fat Loss,Beginner,8-Week General Fitness - Auto - Variation 2,Personalized,2026-08-10,2026-10-04,8,2,Chest Back Legs,75,RPE-Based,28,14,Auto-Regulated,Draft,User,codex-plan-expansion-v2.0,2.0,14,"Alternative sequencing for U000356, derived from the validated base plan while preserving goal, level, schedule, equipment, safety constraints, and exercise volume.","Respect avoided exercises/muscles, recovery capacity, and pain signals.",2026-08-10T12:00,2026-08-10T12:00
PLAN000857,U000357,thanh357,Athletic Performance,Strength,Advanced,8-Week Athletic Performance - Auto - Variation 2,Personalized,2026-08-10,2026-10-04,8,2,Upper Lower,60,Linear Progression,29,14.5,Auto-Regulated,Draft,AI,codex-plan-expansion-v2.0,2.0,12,"Alternative sequencing for U000357, derived from the validated base plan while preserving goal, level, schedule, equipment, safety constraints, and exercise volume.","Respect avoided exercises/muscles, recovery capacity, and pain signals.",2026-08-10T12:00,2026-08-10T12:00
PLAN000858,U000358,quang358,Strength,Athletic Performance,Beginner,8-Week Strength - Auto - Variation 2,Personalized,2026-08-10,2026-10-04,8,4,Push Pull Legs,60,Double Progression,12,3,Auto-Regulated,Draft,Hybrid,codex-plan-expansion-v2.0,2.0,4,"Alternative sequencing for U000358, derived from the validated base plan while preserving goal, level, schedule, equipment, safety constraints, and exercise volume.","Respect avoided exercises/muscles, recovery capacity, and pain signals.",2026-08-10T12:00,2026-08-10T12:00
PLAN000859,U000359,huong359,General Fitness,Rehabilitation and Joint Health,Intermediate,8-Week General Fitness - Push Pull Legs - Variation 2,Personalized,2026-08-10,2026-10-04,8,6,Push Pull Legs,90,RPE-Based,40,6.67,Auto-Regulated,Draft,Coach,codex-plan-expansion-v2.0,2.0,20,"Alternative sequencing for U000359, derived from the validated base plan while preserving goal, level, schedule, equipment, safety constraints, and exercise volume.","Respect avoided exercises/muscles, recovery capacity, and pain signals.",2026-08-10T12:00,2026-08-10T12:00
PLAN000860,U000360,anh360,Muscular Endurance,Strength,Advanced,8-Week Muscular Endurance - Push Pull Legs - Variation 2,Personalized,2026-08-10,2026-10-04,8,4,Push Pull Legs,75,Auto,46,11.5,Auto-Regulated,Draft,User,codex-plan-expansion-v2.0,2.0,23,"Alternative sequencing for U000360, derived from the validated base plan while preserving goal, level, schedule, equipment, safety constraints, and exercise volume.","Respect avoided exercises/muscles, recovery capacity, and pain signals.",2026-08-10T12:00,2026-08-10T12:00
PLAN000861,U000361,huy361,Fat Loss,Rehabilitation and Joint Health,Advanced,8-Week Fat Loss - Body Part Split - Variation 2,Personalized,2026-08-10,2026-10-04,8,4,Body Part Split,90,Linear Progression,26,6.5,Auto-Regulated,Draft,AI,codex-plan-expansion-v2.0,2.0,14,"Alternative sequencing for U000361, derived from the validated base plan while preserving goal, level, schedule, equipment, safety constraints, and exercise volume.","Respect avoided exercises/muscles, recovery capacity, and pain signals.",2026-08-10T12:00,2026-08-10T12:00
PLAN000862,U000362,phong362,Muscle Gain,Muscular Endurance,Beginner,8-Week Muscle Gain - Chest Back Legs - Variation 2,Personalized,2026-08-10,2026-10-04,8,4,Chest Back Legs,45,RPE-Based,36,9,Auto-Regulated,Draft,Hybrid,codex-plan-expansion-v2.0,2.0,12,"Alternative sequencing for U000362, derived from the validated base plan while preserving goal, level, schedule, equipment, safety constraints, and exercise volume.","Respect avoided exercises/muscles, recovery capacity, and pain signals.",2026-08-10T12:00,2026-08-10T12:00
PLAN000863,U000363,trang363,General Fitness,Athletic Performance,Beginner,8-Week General Fitness - Auto - Variation 2,Personalized,2026-08-10,2026-10-04,8,5,Auto,90,Linear Progression,64,12.8,Auto-Regulated,Draft,Coach,codex-plan-expansion-v2.0,2.0,40,"Alternative sequencing for U000363, derived from the validated base plan while preserving goal, level, schedule, equipment, safety constraints, and exercise volume.","Respect avoided exercises/muscles, recovery capacity, and pain signals.",2026-08-10T12:00,2026-08-10T12:00
PLAN000864,U000364,son364,General Fitness,Rehabilitation and Joint Health,Beginner,8-Week General Fitness - Auto - Variation 2,Personalized,2026-08-10,2026-10-04,8,2,Auto,90,RPE-Based,4,2,Auto-Regulated,Draft,User,codex-plan-expansion-v2.0,2.0,2,"Alternative sequencing for U000364, derived from the validated base plan while preserving goal, level, schedule, equipment, safety constraints, and exercise volume.","Respect avoided exercises/muscles, recovery capacity, and pain signals.",2026-08-10T12:00,2026-08-10T12:00
PLAN000865,U000365,dat365,Strength,Mobility and Flexibility,Advanced,8-Week Strength - Auto - Variation 2,Personalized,2026-08-10,2026-10-04,8,4,Chest Back Legs,60,Linear Progression,60,15,Auto-Regulated,Draft,AI,codex-plan-expansion-v2.0,2.0,24,"Alternative sequencing for U000365, derived from the validated base plan while preserving goal, level, schedule, equipment, safety constraints, and exercise volume.",Medical clearance required before activation; keep exercise selection conservative and pain-free.,2026-08-10T12:00,2026-08-10T12:00
PLAN000866,U000366,hoang366,Muscular Endurance,Mobility and Flexibility,Intermediate,8-Week Muscular Endurance - Auto - Variation 2,Personalized,2026-08-10,2026-10-04,8,3,Chest Back Legs,90,RPE-Based,6,2,Auto-Regulated,Draft,Hybrid,codex-plan-expansion-v2.0,2.0,3,"Alternative sequencing for U000366, derived from the validated base plan while preserving goal, level, schedule, equipment, safety constraints, and exercise volume.","Respect avoided exercises/muscles, recovery capacity, and pain signals.",2026-08-10T12:00,2026-08-10T12:00
PLAN000867,U000367,linh367,Athletic Performance,Fat Loss,Beginner,8-Week Athletic Performance - Auto - Variation 2,Personalized,2026-08-10,2026-10-04,8,3,Body Part Split,75,Auto,9,3,Auto-Regulated,Draft,Coach,codex-plan-expansion-v2.0,2.0,3,"Alternative sequencing for U000367, derived from the validated base plan while preserving goal, level, schedule, equipment, safety constraints, and exercise volume.","Respect avoided exercises/muscles, recovery capacity, and pain signals.",2026-08-10T12:00,2026-08-10T12:00
PLAN000868,U000368,phuong368,Muscular Endurance,Fat Loss,Intermediate,8-Week Muscular Endurance - Push Pull Legs - Variation 2,Personalized,2026-08-10,2026-10-04,8,4,Push Pull Legs,75,Linear Progression,22,5.5,Auto-Regulated,Draft,User,codex-plan-expansion-v2.0,2.0,11,"Alternative sequencing for U000368, derived from the validated base plan while preserving goal, level, schedule, equipment, safety constraints, and exercise volume.","Respect avoided exercises/muscles, recovery capacity, and pain signals.",2026-08-10T12:00,2026-08-10T12:00
PLAN000869,U000369,ngoc369,Fat Loss,Athletic Performance,Intermediate,8-Week Fat Loss - Auto - Variation 2,Personalized,2026-08-10,2026-10-04,8,3,Auto,60,Linear Progression,36,12,Auto-Regulated,Draft,AI,codex-plan-expansion-v2.0,2.0,18,"Alternative sequencing for U000369, derived from the validated base plan while preserving goal, level, schedule, equipment, safety constraints, and exercise volume.","Respect avoided exercises/muscles, recovery capacity, and pain signals.",2026-08-10T12:00,2026-08-10T12:00
PLAN000870,U000370,huong370,Muscular Endurance,General Fitness,Intermediate,8-Week Muscular Endurance - Auto - Variation 2,Personalized,2026-08-10,2026-10-04,8,3,Auto,90,Auto,24,8,Auto-Regulated,Draft,Hybrid,codex-plan-expansion-v2.0,2.0,12,"Alternative sequencing for U000370, derived from the validated base plan while preserving goal, level, schedule, equipment, safety constraints, and exercise volume.","Respect avoided exercises/muscles, recovery capacity, and pain signals.",2026-08-10T12:00,2026-08-10T12:00
PLAN000871,U000371,viet371,Athletic Performance,Muscular Endurance,Beginner,8-Week Athletic Performance - Push Pull Legs - Variation 2,Personalized,2026-08-10,2026-10-04,8,3,Push Pull Legs,60,Linear Progression,30,10,Auto-Regulated,Draft,Coach,codex-plan-expansion-v2.0,2.0,12,"Alternative sequencing for U000371, derived from the validated base plan while preserving goal, level, schedule, equipment, safety constraints, and exercise volume.","Respect avoided exercises/muscles, recovery capacity, and pain signals.",2026-08-10T12:00,2026-08-10T12:00
PLAN000872,U000372,huy372,Muscle Gain,Rehabilitation and Joint Health,Beginner,8-Week Muscle Gain - Auto - Variation 2,Personalized,2026-08-10,2026-10-04,8,5,Body Part Split,45,Linear Progression,30,6,Auto-Regulated,Draft,User,codex-plan-expansion-v2.0,2.0,10,"Alternative sequencing for U000372, derived from the validated base plan while preserving goal, level, schedule, equipment, safety constraints, and exercise volume.","Respect avoided exercises/muscles, recovery capacity, and pain signals.",2026-08-10T12:00,2026-08-10T12:00
PLAN000873,U000373,hoang373,Strength,General Fitness,Intermediate,8-Week Strength - Body Part Split - Variation 2,Personalized,2026-08-10,2026-10-04,8,3,Body Part Split,60,RPE-Based,33,11,Auto-Regulated,Draft,AI,codex-plan-expansion-v2.0,2.0,12,"Alternative sequencing for U000373, derived from the validated base plan while preserving goal, level, schedule, equipment, safety constraints, and exercise volume.",Medical clearance required before activation; keep exercise selection conservative and pain-free.,2026-08-10T12:00,2026-08-10T12:00
PLAN000874,U000374,thanh374,Fat Loss,Athletic Performance,Beginner,8-Week Fat Loss - Auto - Variation 2,Personalized,2026-08-10,2026-10-04,8,2,Chest Back Legs,60,Double Progression,24,12,Auto-Regulated,Draft,Hybrid,codex-plan-expansion-v2.0,2.0,12,"Alternative sequencing for U000374, derived from the validated base plan while preserving goal, level, schedule, equipment, safety constraints, and exercise volume.","Respect avoided exercises/muscles, recovery capacity, and pain signals.",2026-08-10T12:00,2026-08-10T12:00
PLAN000875,U000375,mai375,Athletic Performance,General Fitness,Advanced,8-Week Athletic Performance - Auto - Variation 2,Personalized,2026-08-10,2026-10-04,8,4,Auto,75,Double Progression,69,17.25,Auto-Regulated,Draft,Coach,codex-plan-expansion-v2.0,2.0,28,"Alternative sequencing for U000375, derived from the validated base plan while preserving goal, level, schedule, equipment, safety constraints, and exercise volume.","Respect avoided exercises/muscles, recovery capacity, and pain signals.",2026-08-10T12:00,2026-08-10T12:00
PLAN000876,U000376,long376,General Fitness,Muscle Gain,Intermediate,8-Week General Fitness - Body Part Split - Variation 2,Personalized,2026-08-10,2026-10-04,8,3,Body Part Split,75,RPE-Based,36,12,Auto-Regulated,Draft,User,codex-plan-expansion-v2.0,2.0,18,"Alternative sequencing for U000376, derived from the validated base plan while preserving goal, level, schedule, equipment, safety constraints, and exercise volume.","Respect avoided exercises/muscles, recovery capacity, and pain signals.",2026-08-10T12:00,2026-08-10T12:00
PLAN000877,U000377,minh377,General Fitness,Mobility and Flexibility,Advanced,8-Week General Fitness - Auto - Variation 2,Personalized,2026-08-10,2026-10-04,8,2,Auto,90,Linear Progression,30,15,Auto-Regulated,Draft,AI,codex-plan-expansion-v2.0,2.0,16,"Alternative sequencing for U000377, derived from the validated base plan while preserving goal, level, schedule, equipment, safety constraints, and exercise volume.","Respect avoided exercises/muscles, recovery capacity, and pain signals.",2026-08-10T12:00,2026-08-10T12:00
PLAN000878,U000378,dung378,Mobility and Flexibility,General Fitness,Advanced,8-Week Mobility and Flexibility - Upper Lower - Variation 2,Personalized,2026-08-10,2026-10-04,8,2,Upper Lower,45,Double Progression,20,10,Auto-Regulated,Draft,Hybrid,codex-plan-expansion-v2.0,2.0,10,"Alternative sequencing for U000378, derived from the validated base plan while preserving goal, level, schedule, equipment, safety constraints, and exercise volume.","Respect avoided exercises/muscles, recovery capacity, and pain signals.",2026-08-10T12:00,2026-08-10T12:00
PLAN000879,U000379,huy379,Strength,Mobility and Flexibility,Beginner,8-Week Strength - Auto - Variation 2,Personalized,2026-08-10,2026-10-04,8,4,Push Pull Legs,60,Auto,58,14.5,Auto-Regulated,Draft,Coach,codex-plan-expansion-v2.0,2.0,24,"Alternative sequencing for U000379, derived from the validated base plan while preserving goal, level, schedule, equipment, safety constraints, and exercise volume.","Respect avoided exercises/muscles, recovery capacity, and pain signals.",2026-08-10T12:00,2026-08-10T12:00
PLAN000880,U000380,huong380,Mobility and Flexibility,Muscular Endurance,Beginner,8-Week Mobility and Flexibility - Auto - Variation 2,Personalized,2026-08-10,2026-10-04,8,4,Auto,60,Linear Progression,8,2,Auto-Regulated,Draft,User,codex-plan-expansion-v2.0,2.0,4,"Alternative sequencing for U000380, derived from the validated base plan while preserving goal, level, schedule, equipment, safety constraints, and exercise volume.","Respect avoided exercises/muscles, recovery capacity, and pain signals.",2026-08-10T12:00,2026-08-10T12:00
PLAN000881,U000381,ngoc381,Muscle Gain,Strength,Beginner,8-Week Muscle Gain - Auto - Variation 2,Personalized,2026-08-10,2026-10-04,8,2,Chest Back Legs,45,RPE-Based,30,15,Auto-Regulated,Draft,AI,codex-plan-expansion-v2.0,2.0,10,"Alternative sequencing for U000381, derived from the validated base plan while preserving goal, level, schedule, equipment, safety constraints, and exercise volume.","Respect avoided exercises/muscles, recovery capacity, and pain signals.",2026-08-10T12:00,2026-08-10T12:00
PLAN000882,U000382,thanh382,Muscular Endurance,Rehabilitation and Joint Health,Advanced,8-Week Muscular Endurance - Auto - Variation 2,Personalized,2026-08-10,2026-10-04,8,2,Chest Back Legs,60,Linear Progression,24,12,Auto-Regulated,Draft,Hybrid,codex-plan-expansion-v2.0,2.0,12,"Alternative sequencing for U000382, derived from the validated base plan while preserving goal, level, schedule, equipment, safety constraints, and exercise volume.","Respect avoided exercises/muscles, recovery capacity, and pain signals.",2026-08-10T12:00,2026-08-10T12:00
PLAN000883,U000383,anh383,Athletic Performance,Mobility and Flexibility,Advanced,8-Week Athletic Performance - Auto - Variation 2,Personalized,2026-08-10,2026-10-04,8,4,Chest Back Legs,75,Auto,12,3,Auto-Regulated,Draft,Coach,codex-plan-expansion-v2.0,2.0,4,"Alternative sequencing for U000383, derived from the validated base plan while preserving goal, level, schedule, equipment, safety constraints, and exercise volume.","Respect avoided exercises/muscles, recovery capacity, and pain signals.",2026-08-10T12:00,2026-08-10T12:00
PLAN000884,U000384,khoa384,Strength,General Fitness,Intermediate,8-Week Strength - Full Body - Variation 2,Personalized,2026-08-10,2026-10-04,8,6,Full Body,60,Linear Progression,90,15,Auto-Regulated,Draft,User,codex-plan-expansion-v2.0,2.0,42,"Alternative sequencing for U000384, derived from the validated base plan while preserving goal, level, schedule, equipment, safety constraints, and exercise volume.","Respect avoided exercises/muscles, recovery capacity, and pain signals.",2026-08-10T12:00,2026-08-10T12:00
PLAN000885,U000385,bao385,Rehabilitation and Joint Health,Fat Loss,Beginner,8-Week Rehabilitation and Joint Health - Auto - Variation 2,Personalized,2026-08-10,2026-10-04,8,3,Auto,45,Double Progression,18,6,Auto-Regulated,Draft,AI,codex-plan-expansion-v2.0,2.0,9,"Alternative sequencing for U000385, derived from the validated base plan while preserving goal, level, schedule, equipment, safety constraints, and exercise volume.","Respect avoided exercises/muscles, recovery capacity, and pain signals.",2026-08-10T12:00,2026-08-10T12:00
PLAN000886,U000386,huy386,Fat Loss,Rehabilitation and Joint Health,Intermediate,8-Week Fat Loss - Auto - Variation 2,Personalized,2026-08-10,2026-10-04,8,2,Auto,60,Linear Progression,16,8,Auto-Regulated,Draft,Hybrid,codex-plan-expansion-v2.0,2.0,8,"Alternative sequencing for U000386, derived from the validated base plan while preserving goal, level, schedule, equipment, safety constraints, and exercise volume.","Respect avoided exercises/muscles, recovery capacity, and pain signals.",2026-08-10T12:00,2026-08-10T12:00
PLAN000887,U000387,minh387,General Fitness,Mobility and Flexibility,Beginner,8-Week General Fitness - Auto - Variation 2,Personalized,2026-08-10,2026-10-04,8,3,Push Pull Legs,45,RPE-Based,30,10,Auto-Regulated,Draft,Coach,codex-plan-expansion-v2.0,2.0,15,"Alternative sequencing for U000387, derived from the validated base plan while preserving goal, level, schedule, equipment, safety constraints, and exercise volume.","Respect avoided exercises/muscles, recovery capacity, and pain signals.",2026-08-10T12:00,2026-08-10T12:00
PLAN000888,U000388,phuong388,Muscle Gain,Rehabilitation and Joint Health,Advanced,8-Week Muscle Gain - Auto - Variation 2,Personalized,2026-08-10,2026-10-04,8,4,Push Pull Legs,90,Linear Progression,24,6,Auto-Regulated,Draft,User,codex-plan-expansion-v2.0,2.0,8,"Alternative sequencing for U000388, derived from the validated base plan while preserving goal, level, schedule, equipment, safety constraints, and exercise volume.","Respect avoided exercises/muscles, recovery capacity, and pain signals.",2026-08-10T12:00,2026-08-10T12:00
PLAN000889,U000389,minh389,Strength,Rehabilitation and Joint Health,Beginner,8-Week Strength - Auto - Variation 2,Personalized,2026-08-10,2026-10-04,8,5,Push Pull Legs,45,Linear Progression,15,3,Auto-Regulated,Draft,AI,codex-plan-expansion-v2.0,2.0,5,"Alternative sequencing for U000389, derived from the validated base plan while preserving goal, level, schedule, equipment, safety constraints, and exercise volume.","Respect avoided exercises/muscles, recovery capacity, and pain signals.",2026-08-10T12:00,2026-08-10T12:00
PLAN000890,U000390,hoang390,Fat Loss,Muscular Endurance,Beginner,8-Week Fat Loss - Auto - Variation 2,Personalized,2026-08-10,2026-10-04,8,3,Chest Back Legs,75,Double Progression,6,2,Auto-Regulated,Draft,Hybrid,codex-plan-expansion-v2.0,2.0,3,"Alternative sequencing for U000390, derived from the validated base plan while preserving goal, level, schedule, equipment, safety constraints, and exercise volume.","Respect avoided exercises/muscles, recovery capacity, and pain signals.",2026-08-10T12:00,2026-08-10T12:00
PLAN000891,U000391,quang391,Strength,Rehabilitation and Joint Health,Advanced,8-Week Strength - Auto - Variation 2,Personalized,2026-08-10,2026-10-04,8,5,Auto,45,Linear Progression,63,12.6,Auto-Regulated,Draft,Coach,codex-plan-expansion-v2.0,2.0,25,"Alternative sequencing for U000391, derived from the validated base plan while preserving goal, level, schedule, equipment, safety constraints, and exercise volume.","Respect avoided exercises/muscles, recovery capacity, and pain signals.",2026-08-10T12:00,2026-08-10T12:00
PLAN000892,U000392,dung392,Athletic Performance,General Fitness,Intermediate,8-Week Athletic Performance - Push Pull Legs - Variation 2,Personalized,2026-08-10,2026-10-04,8,4,Push Pull Legs,75,RPE-Based,46,11.5,Auto-Regulated,Draft,User,codex-plan-expansion-v2.0,2.0,17,"Alternative sequencing for U000392, derived from the validated base plan while preserving goal, level, schedule, equipment, safety constraints, and exercise volume.","Respect avoided exercises/muscles, recovery capacity, and pain signals.",2026-08-10T12:00,2026-08-10T12:00
PLAN000893,U000393,quang393,Athletic Performance,Rehabilitation and Joint Health,Beginner,8-Week Athletic Performance - Push Pull Legs - Variation 2,Personalized,2026-08-10,2026-10-04,8,5,Push Pull Legs,45,Double Progression,20,4,Auto-Regulated,Draft,AI,codex-plan-expansion-v2.0,2.0,8,"Alternative sequencing for U000393, derived from the validated base plan while preserving goal, level, schedule, equipment, safety constraints, and exercise volume.","Respect avoided exercises/muscles, recovery capacity, and pain signals.",2026-08-10T12:00,2026-08-10T12:00
PLAN000894,U000394,huong394,General Fitness,Athletic Performance,Advanced,8-Week General Fitness - Auto - Variation 2,Personalized,2026-08-10,2026-10-04,8,4,Chest Back Legs,75,Linear Progression,24,6,Auto-Regulated,Draft,Hybrid,codex-plan-expansion-v2.0,2.0,12,"Alternative sequencing for U000394, derived from the validated base plan while preserving goal, level, schedule, equipment, safety constraints, and exercise volume.","Respect avoided exercises/muscles, recovery capacity, and pain signals.",2026-08-10T12:00,2026-08-10T12:00
PLAN000895,U000395,duc395,Strength,General Fitness,Advanced,8-Week Strength - Body Part Split - Variation 2,Personalized,2026-08-10,2026-10-04,8,5,Body Part Split,45,RPE-Based,39,7.8,Auto-Regulated,Draft,Coach,codex-plan-expansion-v2.0,2.0,15,"Alternative sequencing for U000395, derived from the validated base plan while preserving goal, level, schedule, equipment, safety constraints, and exercise volume.","Respect avoided exercises/muscles, recovery capacity, and pain signals.",2026-08-10T12:00,2026-08-10T12:00
PLAN000896,U000396,duc396,Muscle Gain,Mobility and Flexibility,Intermediate,8-Week Muscle Gain - Auto - Variation 2,Personalized,2026-08-10,2026-10-04,8,3,Auto,75,RPE-Based,54,18,Auto-Regulated,Draft,User,codex-plan-expansion-v2.0,2.0,18,"Alternative sequencing for U000396, derived from the validated base plan while preserving goal, level, schedule, equipment, safety constraints, and exercise volume.","Respect avoided exercises/muscles, recovery capacity, and pain signals.",2026-08-10T12:00,2026-08-10T12:00
PLAN000897,U000397,tuan397,Athletic Performance,Rehabilitation and Joint Health,Beginner,8-Week Athletic Performance - Push Pull Legs - Variation 2,Personalized,2026-08-10,2026-10-04,8,6,Push Pull Legs,60,Double Progression,72,12,Auto-Regulated,Draft,AI,codex-plan-expansion-v2.0,2.0,30,"Alternative sequencing for U000397, derived from the validated base plan while preserving goal, level, schedule, equipment, safety constraints, and exercise volume.","Respect avoided exercises/muscles, recovery capacity, and pain signals.",2026-08-10T12:00,2026-08-10T12:00
PLAN000898,U000398,duc398,Strength,Athletic Performance,Intermediate,8-Week Strength - Auto - Variation 2,Personalized,2026-08-10,2026-10-04,8,2,Auto,75,Linear Progression,39,19.5,Auto-Regulated,Draft,Hybrid,codex-plan-expansion-v2.0,2.0,14,"Alternative sequencing for U000398, derived from the validated base plan while preserving goal, level, schedule, equipment, safety constraints, and exercise volume.","Respect avoided exercises/muscles, recovery capacity, and pain signals.",2026-08-10T12:00,2026-08-10T12:00
PLAN000899,U000399,phong399,Fat Loss,Mobility and Flexibility,Beginner,8-Week Fat Loss - Chest Back Legs - Variation 2,Personalized,2026-08-10,2026-10-04,8,6,Chest Back Legs,45,Double Progression,28,4.67,Auto-Regulated,Draft,Coach,codex-plan-expansion-v2.0,2.0,14,"Alternative sequencing for U000399, derived from the validated base plan while preserving goal, level, schedule, equipment, safety constraints, and exercise volume.","Respect avoided exercises/muscles, recovery capacity, and pain signals.",2026-08-10T12:00,2026-08-10T12:00
PLAN000900,U000400,nam400,Muscular Endurance,Athletic Performance,Beginner,8-Week Muscular Endurance - Auto - Variation 2,Personalized,2026-08-10,2026-10-04,8,5,Push Pull Legs,90,RPE-Based,20,4,Auto-Regulated,Draft,User,codex-plan-expansion-v2.0,2.0,10,"Alternative sequencing for U000400, derived from the validated base plan while preserving goal, level, schedule, equipment, safety constraints, and exercise volume.","Respect avoided exercises/muscles, recovery capacity, and pain signals.",2026-08-10T12:00,2026-08-10T12:00
PLAN000901,U000401,nam401,Muscular Endurance,Fat Loss,Advanced,8-Week Muscular Endurance - Auto - Variation 2,Personalized,2026-08-10,2026-10-04,8,2,Chest Back Legs,75,Auto,28,14,Auto-Regulated,Draft,AI,codex-plan-expansion-v2.0,2.0,14,"Alternative sequencing for U000401, derived from the validated base plan while preserving goal, level, schedule, equipment, safety constraints, and exercise volume.","Respect avoided exercises/muscles, recovery capacity, and pain signals.",2026-08-10T12:00,2026-08-10T12:00
PLAN000902,U000402,khoa402,General Fitness,Rehabilitation and Joint Health,Beginner,8-Week General Fitness - Auto - Variation 2,Personalized,2026-08-10,2026-10-04,8,6,Upper Lower,60,Linear Progression,24,4,Auto-Regulated,Draft,Hybrid,codex-plan-expansion-v2.0,2.0,12,"Alternative sequencing for U000402, derived from the validated base plan while preserving goal, level, schedule, equipment, safety constraints, and exercise volume.","Respect avoided exercises/muscles, recovery capacity, and pain signals.",2026-08-10T12:00,2026-08-10T12:00
PLAN000903,U000403,quang403,Mobility and Flexibility,Muscular Endurance,Beginner,8-Week Mobility and Flexibility - Auto - Variation 2,Personalized,2026-08-10,2026-10-04,8,2,Chest Back Legs,90,Linear Progression,26,13,Auto-Regulated,Draft,Coach,codex-plan-expansion-v2.0,2.0,16,"Alternative sequencing for U000403, derived from the validated base plan while preserving goal, level, schedule, equipment, safety constraints, and exercise volume.","Respect avoided exercises/muscles, recovery capacity, and pain signals.",2026-08-10T12:00,2026-08-10T12:00
PLAN000904,U000404,ngoc404,Fat Loss,Rehabilitation and Joint Health,Intermediate,8-Week Fat Loss - Auto - Variation 2,Personalized,2026-08-10,2026-10-04,8,3,Push Pull Legs,90,Auto,36,12,Auto-Regulated,Draft,User,codex-plan-expansion-v2.0,2.0,18,"Alternative sequencing for U000404, derived from the validated base plan while preserving goal, level, schedule, equipment, safety constraints, and exercise volume.","Respect avoided exercises/muscles, recovery capacity, and pain signals.",2026-08-10T12:00,2026-08-10T12:00
PLAN000905,U000405,viet405,General Fitness,Strength,Advanced,8-Week General Fitness - Chest Back Legs - Variation 2,Personalized,2026-08-10,2026-10-04,8,4,Chest Back Legs,75,Double Progression,10,2.5,Auto-Regulated,Draft,AI,codex-plan-expansion-v2.0,2.0,5,"Alternative sequencing for U000405, derived from the validated base plan while preserving goal, level, schedule, equipment, safety constraints, and exercise volume.","Respect avoided exercises/muscles, recovery capacity, and pain signals.",2026-08-10T12:00,2026-08-10T12:00
PLAN000906,U000406,viet406,Muscular Endurance,Rehabilitation and Joint Health,Intermediate,8-Week Muscular Endurance - Push Pull Legs - Variation 2,Personalized,2026-08-10,2026-10-04,8,6,Push Pull Legs,60,Auto,16,2.67,Auto-Regulated,Draft,Hybrid,codex-plan-expansion-v2.0,2.0,8,"Alternative sequencing for U000406, derived from the validated base plan while preserving goal, level, schedule, equipment, safety constraints, and exercise volume.","Respect avoided exercises/muscles, recovery capacity, and pain signals.",2026-08-10T12:00,2026-08-10T12:00
PLAN000907,U000407,dung407,Mobility and Flexibility,Athletic Performance,Advanced,8-Week Mobility and Flexibility - Chest Back Legs - Variation 2,Personalized,2026-08-10,2026-10-04,8,5,Chest Back Legs,45,Auto,30,6,Auto-Regulated,Draft,Coach,codex-plan-expansion-v2.0,2.0,15,"Alternative sequencing for U000407, derived from the validated base plan while preserving goal, level, schedule, equipment, safety constraints, and exercise volume.","Respect avoided exercises/muscles, recovery capacity, and pain signals.",2026-08-10T12:00,2026-08-10T12:00
PLAN000908,U000408,anh408,General Fitness,Rehabilitation and Joint Health,Beginner,8-Week General Fitness - Auto - Variation 2,Personalized,2026-08-10,2026-10-04,8,3,Upper Lower,75,Double Progression,12,4,Auto-Regulated,Draft,User,codex-plan-expansion-v2.0,2.0,6,"Alternative sequencing for U000408, derived from the validated base plan while preserving goal, level, schedule, equipment, safety constraints, and exercise volume.","Respect avoided exercises/muscles, recovery capacity, and pain signals.",2026-08-10T12:00,2026-08-10T12:00
PLAN000909,U000409,viet409,Athletic Performance,Muscle Gain,Advanced,8-Week Athletic Performance - Auto - Variation 2,Personalized,2026-08-10,2026-10-04,8,3,Chest Back Legs,45,Auto,18,6,Auto-Regulated,Draft,AI,codex-plan-expansion-v2.0,2.0,6,"Alternative sequencing for U000409, derived from the validated base plan while preserving goal, level, schedule, equipment, safety constraints, and exercise volume.","Respect avoided exercises/muscles, recovery capacity, and pain signals.",2026-08-10T12:00,2026-08-10T12:00
PLAN000910,U000410,anh410,General Fitness,Athletic Performance,Advanced,8-Week General Fitness - Auto - Variation 2,Personalized,2026-08-10,2026-10-04,8,3,Upper Lower,90,Auto,30,10,Auto-Regulated,Draft,Hybrid,codex-plan-expansion-v2.0,2.0,18,"Alternative sequencing for U000410, derived from the validated base plan while preserving goal, level, schedule, equipment, safety constraints, and exercise volume.","Respect avoided exercises/muscles, recovery capacity, and pain signals.",2026-08-10T12:00,2026-08-10T12:00
PLAN000911,U000411,son411,General Fitness,Rehabilitation and Joint Health,Intermediate,8-Week General Fitness - Auto - Variation 2,Personalized,2026-08-10,2026-10-04,8,2,Push Pull Legs,75,Linear Progression,28,14,Auto-Regulated,Draft,Coach,codex-plan-expansion-v2.0,2.0,14,"Alternative sequencing for U000411, derived from the validated base plan while preserving goal, level, schedule, equipment, safety constraints, and exercise volume.","Respect avoided exercises/muscles, recovery capacity, and pain signals.",2026-08-10T12:00,2026-08-10T12:00
PLAN000912,U000412,viet412,Strength,Athletic Performance,Intermediate,8-Week Strength - Body Part Split - Variation 2,Personalized,2026-08-10,2026-10-04,8,5,Body Part Split,75,Linear Progression,18,3.6,Auto-Regulated,Draft,User,codex-plan-expansion-v2.0,2.0,7,"Alternative sequencing for U000412, derived from the validated base plan while preserving goal, level, schedule, equipment, safety constraints, and exercise volume.","Respect avoided exercises/muscles, recovery capacity, and pain signals.",2026-08-10T12:00,2026-08-10T12:00
PLAN000913,U000413,huy413,Athletic Performance,General Fitness,Intermediate,8-Week Athletic Performance - Body Part Split - Variation 2,Personalized,2026-08-10,2026-10-04,8,2,Body Part Split,90,RPE-Based,29,14.5,Auto-Regulated,Draft,AI,codex-plan-expansion-v2.0,2.0,10,"Alternative sequencing for U000413, derived from the validated base plan while preserving goal, level, schedule, equipment, safety constraints, and exercise volume.","Respect avoided exercises/muscles, recovery capacity, and pain signals.",2026-08-10T12:00,2026-08-10T12:00
PLAN000914,U000414,bao414,Athletic Performance,Muscle Gain,Beginner,8-Week Athletic Performance - Body Part Split - Variation 2,Personalized,2026-08-10,2026-10-04,8,5,Body Part Split,90,Auto,63,12.6,Auto-Regulated,Draft,Hybrid,codex-plan-expansion-v2.0,2.0,33,"Alternative sequencing for U000414, derived from the validated base plan while preserving goal, level, schedule, equipment, safety constraints, and exercise volume.","Respect avoided exercises/muscles, recovery capacity, and pain signals.",2026-08-10T12:00,2026-08-10T12:00
PLAN000915,U000415,viet415,Muscular Endurance,Fat Loss,Beginner,8-Week Muscular Endurance - Auto - Variation 2,Personalized,2026-08-10,2026-10-04,8,4,Auto,75,Double Progression,56,14,Auto-Regulated,Draft,Coach,codex-plan-expansion-v2.0,2.0,28,"Alternative sequencing for U000415, derived from the validated base plan while preserving goal, level, schedule, equipment, safety constraints, and exercise volume.","Respect avoided exercises/muscles, recovery capacity, and pain signals.",2026-08-10T12:00,2026-08-10T12:00
PLAN000916,U000416,khoa416,General Fitness,Strength,Beginner,8-Week General Fitness - Auto - Variation 2,Personalized,2026-08-10,2026-10-04,8,3,Upper Lower,90,RPE-Based,6,2,Auto-Regulated,Draft,User,codex-plan-expansion-v2.0,2.0,3,"Alternative sequencing for U000416, derived from the validated base plan while preserving goal, level, schedule, equipment, safety constraints, and exercise volume.","Respect avoided exercises/muscles, recovery capacity, and pain signals.",2026-08-10T12:00,2026-08-10T12:00
PLAN000917,U000417,huong417,Athletic Performance,Mobility and Flexibility,Beginner,8-Week Athletic Performance - Auto - Variation 2,Personalized,2026-08-10,2026-10-04,8,2,Auto,75,Double Progression,36,18,Auto-Regulated,Draft,AI,codex-plan-expansion-v2.0,2.0,14,"Alternative sequencing for U000417, derived from the validated base plan while preserving goal, level, schedule, equipment, safety constraints, and exercise volume.","Respect avoided exercises/muscles, recovery capacity, and pain signals.",2026-08-10T12:00,2026-08-10T12:00
PLAN000918,U000418,nam418,Athletic Performance,Muscular Endurance,Intermediate,8-Week Athletic Performance - Push Pull Legs - Variation 2,Personalized,2026-08-10,2026-10-04,8,4,Push Pull Legs,75,Auto,36,9,Auto-Regulated,Draft,Hybrid,codex-plan-expansion-v2.0,2.0,13,"Alternative sequencing for U000418, derived from the validated base plan while preserving goal, level, schedule, equipment, safety constraints, and exercise volume.","Respect avoided exercises/muscles, recovery capacity, and pain signals.",2026-08-10T12:00,2026-08-10T12:00
PLAN000919,U000419,dung419,General Fitness,Strength,Beginner,8-Week General Fitness - Auto - Variation 2,Personalized,2026-08-10,2026-10-04,8,6,Upper Lower,60,Double Progression,18,3,Auto-Regulated,Draft,Coach,codex-plan-expansion-v2.0,2.0,18,"Alternative sequencing for U000419, derived from the validated base plan while preserving goal, level, schedule, equipment, safety constraints, and exercise volume.","Respect avoided exercises/muscles, recovery capacity, and pain signals.",2026-08-10T12:00,2026-08-10T12:00
PLAN000920,U000420,phong420,Muscular Endurance,Fat Loss,Advanced,8-Week Muscular Endurance - Auto - Variation 2,Personalized,2026-08-10,2026-10-04,8,6,Upper Lower,90,Linear Progression,96,16,Auto-Regulated,Draft,User,codex-plan-expansion-v2.0,2.0,48,"Alternative sequencing for U000420, derived from the validated base plan while preserving goal, level, schedule, equipment, safety constraints, and exercise volume.","Respect avoided exercises/muscles, recovery capacity, and pain signals.",2026-08-10T12:00,2026-08-10T12:00
PLAN000921,U000421,phong421,Muscle Gain,Mobility and Flexibility,Intermediate,8-Week Muscle Gain - Auto - Variation 2,Personalized,2026-08-10,2026-10-04,8,3,Push Pull Legs,45,Linear Progression,18,6,Auto-Regulated,Draft,AI,codex-plan-expansion-v2.0,2.0,6,"Alternative sequencing for U000421, derived from the validated base plan while preserving goal, level, schedule, equipment, safety constraints, and exercise volume.","Respect avoided exercises/muscles, recovery capacity, and pain signals.",2026-08-10T12:00,2026-08-10T12:00
PLAN000922,U000422,hoang422,General Fitness,Muscular Endurance,Advanced,8-Week General Fitness - Auto - Variation 2,Personalized,2026-08-10,2026-10-04,8,6,Auto,90,Linear Progression,22,3.67,Auto-Regulated,Draft,Hybrid,codex-plan-expansion-v2.0,2.0,12,"Alternative sequencing for U000422, derived from the validated base plan while preserving goal, level, schedule, equipment, safety constraints, and exercise volume.","Respect avoided exercises/muscles, recovery capacity, and pain signals.",2026-08-10T12:00,2026-08-10T12:00
PLAN000923,U000423,son423,Muscle Gain,Rehabilitation and Joint Health,Intermediate,8-Week Muscle Gain - Auto - Variation 2,Personalized,2026-08-10,2026-10-04,8,3,Auto,45,Linear Progression,45,15,Auto-Regulated,Draft,Coach,codex-plan-expansion-v2.0,2.0,15,"Alternative sequencing for U000423, derived from the validated base plan while preserving goal, level, schedule, equipment, safety constraints, and exercise volume.","Respect avoided exercises/muscles, recovery capacity, and pain signals.",2026-08-10T12:00,2026-08-10T12:00
PLAN000924,U000424,thanh424,Muscle Gain,Mobility and Flexibility,Beginner,8-Week Muscle Gain - Auto - Variation 2,Personalized,2026-08-10,2026-10-04,8,4,Auto,75,Double Progression,65,16.25,Auto-Regulated,Draft,User,codex-plan-expansion-v2.0,2.0,28,"Alternative sequencing for U000424, derived from the validated base plan while preserving goal, level, schedule, equipment, safety constraints, and exercise volume.","Respect avoided exercises/muscles, recovery capacity, and pain signals.",2026-08-10T12:00,2026-08-10T12:00
PLAN000925,U000425,tuan425,General Fitness,Muscular Endurance,Intermediate,8-Week General Fitness - Chest Back Legs - Variation 2,Personalized,2026-08-10,2026-10-04,8,4,Chest Back Legs,75,RPE-Based,32,8,Auto-Regulated,Draft,AI,codex-plan-expansion-v2.0,2.0,16,"Alternative sequencing for U000425, derived from the validated base plan while preserving goal, level, schedule, equipment, safety constraints, and exercise volume.","Respect avoided exercises/muscles, recovery capacity, and pain signals.",2026-08-10T12:00,2026-08-10T12:00
PLAN000926,U000426,khoa426,Mobility and Flexibility,Muscle Gain,Advanced,8-Week Mobility and Flexibility - Push Pull Legs - Variation 2,Personalized,2026-08-10,2026-10-04,8,4,Push Pull Legs,90,Linear Progression,58,14.5,Auto-Regulated,Draft,Hybrid,codex-plan-expansion-v2.0,2.0,29,"Alternative sequencing for U000426, derived from the validated base plan while preserving goal, level, schedule, equipment, safety constraints, and exercise volume.","Respect avoided exercises/muscles, recovery capacity, and pain signals.",2026-08-10T12:00,2026-08-10T12:00
PLAN000927,U000427,tuan427,Muscle Gain,Mobility and Flexibility,Intermediate,8-Week Muscle Gain - Auto - Variation 2,Personalized,2026-08-10,2026-10-04,8,5,Auto,75,Auto,54,10.8,Auto-Regulated,Draft,Coach,codex-plan-expansion-v2.0,2.0,20,"Alternative sequencing for U000427, derived from the validated base plan while preserving goal, level, schedule, equipment, safety constraints, and exercise volume.","Respect avoided exercises/muscles, recovery capacity, and pain signals.",2026-08-10T12:00,2026-08-10T12:00
PLAN000928,U000428,long428,Athletic Performance,Muscle Gain,Intermediate,8-Week Athletic Performance - Body Part Split - Variation 2,Personalized,2026-08-10,2026-10-04,8,5,Body Part Split,60,Auto,48,9.6,Auto-Regulated,Draft,User,codex-plan-expansion-v2.0,2.0,17,"Alternative sequencing for U000428, derived from the validated base plan while preserving goal, level, schedule, equipment, safety constraints, and exercise volume.","Respect avoided exercises/muscles, recovery capacity, and pain signals.",2026-08-10T12:00,2026-08-10T12:00
PLAN000929,U000429,huy429,Strength,Muscle Gain,Advanced,8-Week Strength - Auto - Variation 2,Personalized,2026-08-10,2026-10-04,8,2,Body Part Split,90,Linear Progression,6,3,Auto-Regulated,Draft,AI,codex-plan-expansion-v2.0,2.0,2,"Alternative sequencing for U000429, derived from the validated base plan while preserving goal, level, schedule, equipment, safety constraints, and exercise volume.","Respect avoided exercises/muscles, recovery capacity, and pain signals.",2026-08-10T12:00,2026-08-10T12:00
PLAN000930,U000430,anh430,Strength,Athletic Performance,Beginner,8-Week Strength - Auto - Variation 2,Personalized,2026-08-10,2026-10-04,8,5,Upper Lower,45,RPE-Based,15,3,Auto-Regulated,Draft,Hybrid,codex-plan-expansion-v2.0,2.0,5,"Alternative sequencing for U000430, derived from the validated base plan while preserving goal, level, schedule, equipment, safety constraints, and exercise volume.",Medical clearance required before activation; keep exercise selection conservative and pain-free.,2026-08-10T12:00,2026-08-10T12:00
PLAN000931,U000431,huy431,Strength,General Fitness,Beginner,8-Week Strength - Auto - Variation 2,Personalized,2026-08-10,2026-10-04,8,5,Chest Back Legs,45,RPE-Based,15,3,Auto-Regulated,Draft,Coach,codex-plan-expansion-v2.0,2.0,5,"Alternative sequencing for U000431, derived from the validated base plan while preserving goal, level, schedule, equipment, safety constraints, and exercise volume.","Respect avoided exercises/muscles, recovery capacity, and pain signals.",2026-08-10T12:00,2026-08-10T12:00
PLAN000932,U000432,huong432,General Fitness,Strength,Beginner,8-Week General Fitness - Auto - Variation 2,Personalized,2026-08-10,2026-10-04,8,6,Upper Lower,75,Double Progression,36,6,Auto-Regulated,Draft,User,codex-plan-expansion-v2.0,2.0,24,"Alternative sequencing for U000432, derived from the validated base plan while preserving goal, level, schedule, equipment, safety constraints, and exercise volume.","Respect avoided exercises/muscles, recovery capacity, and pain signals.",2026-08-10T12:00,2026-08-10T12:00
PLAN000933,U000433,lan433,General Fitness,Athletic Performance,Advanced,8-Week General Fitness - Body Part Split - Variation 2,Personalized,2026-08-10,2026-10-04,8,6,Body Part Split,60,Auto,28,4.67,Auto-Regulated,Draft,AI,codex-plan-expansion-v2.0,2.0,14,"Alternative sequencing for U000433, derived from the validated base plan while preserving goal, level, schedule, equipment, safety constraints, and exercise volume.","Respect avoided exercises/muscles, recovery capacity, and pain signals.",2026-08-10T12:00,2026-08-10T12:00
PLAN000934,U000434,anh434,Mobility and Flexibility,General Fitness,Advanced,8-Week Mobility and Flexibility - Push Pull Legs - Variation 2,Personalized,2026-08-10,2026-10-04,8,4,Push Pull Legs,60,Double Progression,46,11.5,Auto-Regulated,Draft,Hybrid,codex-plan-expansion-v2.0,2.0,23,"Alternative sequencing for U000434, derived from the validated base plan while preserving goal, level, schedule, equipment, safety constraints, and exercise volume.","Respect avoided exercises/muscles, recovery capacity, and pain signals.",2026-08-10T12:00,2026-08-10T12:00
PLAN000935,U000435,tuan435,Strength,Athletic Performance,Advanced,8-Week Strength - Auto - Variation 2,Personalized,2026-08-10,2026-10-04,8,5,Push Pull Legs,90,RPE-Based,89,17.8,Auto-Regulated,Draft,Coach,codex-plan-expansion-v2.0,2.0,40,"Alternative sequencing for U000435, derived from the validated base plan while preserving goal, level, schedule, equipment, safety constraints, and exercise volume.","Respect avoided exercises/muscles, recovery capacity, and pain signals.",2026-08-10T12:00,2026-08-10T12:00
PLAN000936,U000436,minh436,Mobility and Flexibility,Athletic Performance,Advanced,8-Week Mobility and Flexibility - Auto - Variation 2,Personalized,2026-08-10,2026-10-04,8,3,Body Part Split,60,Double Progression,12,4,Auto-Regulated,Draft,User,codex-plan-expansion-v2.0,2.0,6,"Alternative sequencing for U000436, derived from the validated base plan while preserving goal, level, schedule, equipment, safety constraints, and exercise volume.","Respect avoided exercises/muscles, recovery capacity, and pain signals.",2026-08-10T12:00,2026-08-10T12:00
PLAN000937,U000437,khoa437,Fat Loss,Muscle Gain,Advanced,8-Week Fat Loss - Auto - Variation 2,Personalized,2026-08-10,2026-10-04,8,2,Push Pull Legs,45,RPE-Based,20,10,Auto-Regulated,Draft,AI,codex-plan-expansion-v2.0,2.0,10,"Alternative sequencing for U000437, derived from the validated base plan while preserving goal, level, schedule, equipment, safety constraints, and exercise volume.","Respect avoided exercises/muscles, recovery capacity, and pain signals.",2026-08-10T12:00,2026-08-10T12:00
PLAN000938,U000438,lan438,Muscular Endurance,Muscle Gain,Beginner,8-Week Muscular Endurance - Auto - Variation 2,Personalized,2026-08-10,2026-10-04,8,5,Auto,90,Auto,60,12,Auto-Regulated,Draft,Hybrid,codex-plan-expansion-v2.0,2.0,40,"Alternative sequencing for U000438, derived from the validated base plan while preserving goal, level, schedule, equipment, safety constraints, and exercise volume.",Medical clearance required before activation; keep exercise selection conservative and pain-free.,2026-08-10T12:00,2026-08-10T12:00
PLAN000939,U000439,anh439,Strength,Muscular Endurance,Intermediate,8-Week Strength - Push Pull Legs - Variation 2,Personalized,2026-08-10,2026-10-04,8,5,Push Pull Legs,60,Double Progression,50,10,Auto-Regulated,Draft,Coach,codex-plan-expansion-v2.0,2.0,19,"Alternative sequencing for U000439, derived from the validated base plan while preserving goal, level, schedule, equipment, safety constraints, and exercise volume.","Respect avoided exercises/muscles, recovery capacity, and pain signals.",2026-08-10T12:00,2026-08-10T12:00
PLAN000940,U000440,nam440,Athletic Performance,Rehabilitation and Joint Health,Advanced,8-Week Athletic Performance - Auto - Variation 2,Personalized,2026-08-10,2026-10-04,8,6,Auto,45,Double Progression,78,13,Auto-Regulated,Draft,User,codex-plan-expansion-v2.0,2.0,30,"Alternative sequencing for U000440, derived from the validated base plan while preserving goal, level, schedule, equipment, safety constraints, and exercise volume.","Respect avoided exercises/muscles, recovery capacity, and pain signals.",2026-08-10T12:00,2026-08-10T12:00
PLAN000941,U000441,duc441,Muscle Gain,Strength,Advanced,8-Week Muscle Gain - Chest Back Legs - Variation 2,Personalized,2026-08-10,2026-10-04,8,5,Chest Back Legs,75,Double Progression,69,13.8,Auto-Regulated,Draft,AI,codex-plan-expansion-v2.0,2.0,23,"Alternative sequencing for U000441, derived from the validated base plan while preserving goal, level, schedule, equipment, safety constraints, and exercise volume.","Respect avoided exercises/muscles, recovery capacity, and pain signals.",2026-08-10T12:00,2026-08-10T12:00
PLAN000942,U000442,hoang442,Muscular Endurance,General Fitness,Beginner,8-Week Muscular Endurance - Auto - Variation 2,Personalized,2026-08-10,2026-10-04,8,3,Auto,90,Auto,10,3.33,Auto-Regulated,Draft,Hybrid,codex-plan-expansion-v2.0,2.0,6,"Alternative sequencing for U000442, derived from the validated base plan while preserving goal, level, schedule, equipment, safety constraints, and exercise volume.","Respect avoided exercises/muscles, recovery capacity, and pain signals.",2026-08-10T12:00,2026-08-10T12:00
PLAN000943,U000443,tuan443,Athletic Performance,General Fitness,Advanced,8-Week Athletic Performance - Auto - Variation 2,Personalized,2026-08-10,2026-10-04,8,6,Auto,75,Auto,98,16.33,Auto-Regulated,Draft,Coach,codex-plan-expansion-v2.0,2.0,42,"Alternative sequencing for U000443, derived from the validated base plan while preserving goal, level, schedule, equipment, safety constraints, and exercise volume.","Respect avoided exercises/muscles, recovery capacity, and pain signals.",2026-08-10T12:00,2026-08-10T12:00
PLAN000944,U000444,dat444,Fat Loss,Muscle Gain,Beginner,8-Week Fat Loss - Auto - Variation 2,Personalized,2026-08-10,2026-10-04,8,4,Chest Back Legs,75,Auto,16,4,Auto-Regulated,Draft,User,codex-plan-expansion-v2.0,2.0,8,"Alternative sequencing for U000444, derived from the validated base plan while preserving goal, level, schedule, equipment, safety constraints, and exercise volume.","Respect avoided exercises/muscles, recovery capacity, and pain signals.",2026-08-10T12:00,2026-08-10T12:00
PLAN000945,U000445,tuan445,Muscular Endurance,Rehabilitation and Joint Health,Beginner,8-Week Muscular Endurance - Auto - Variation 2,Personalized,2026-08-10,2026-10-04,8,2,Upper Lower,60,RPE-Based,4,2,Auto-Regulated,Draft,AI,codex-plan-expansion-v2.0,2.0,2,"Alternative sequencing for U000445, derived from the validated base plan while preserving goal, level, schedule, equipment, safety constraints, and exercise volume.","Respect avoided exercises/muscles, recovery capacity, and pain signals.",2026-08-10T12:00,2026-08-10T12:00
PLAN000946,U000446,nam446,General Fitness,Strength,Intermediate,8-Week General Fitness - Body Part Split - Variation 2,Personalized,2026-08-10,2026-10-04,8,2,Body Part Split,60,Double Progression,16,8,Auto-Regulated,Draft,Hybrid,codex-plan-expansion-v2.0,2.0,8,"Alternative sequencing for U000446, derived from the validated base plan while preserving goal, level, schedule, equipment, safety constraints, and exercise volume.","Respect avoided exercises/muscles, recovery capacity, and pain signals.",2026-08-10T12:00,2026-08-10T12:00
PLAN000947,U000447,linh447,Fat Loss,Rehabilitation and Joint Health,Intermediate,8-Week Fat Loss - Chest Back Legs - Variation 2,Personalized,2026-08-10,2026-10-04,8,3,Chest Back Legs,60,Double Progression,22,7.33,Auto-Regulated,Draft,Coach,codex-plan-expansion-v2.0,2.0,12,"Alternative sequencing for U000447, derived from the validated base plan while preserving goal, level, schedule, equipment, safety constraints, and exercise volume.","Respect avoided exercises/muscles, recovery capacity, and pain signals.",2026-08-10T12:00,2026-08-10T12:00
PLAN000948,U000448,mai448,Athletic Performance,Strength,Beginner,8-Week Athletic Performance - Auto - Variation 2,Personalized,2026-08-10,2026-10-04,8,3,Push Pull Legs,75,Auto,27,9,Auto-Regulated,Draft,User,codex-plan-expansion-v2.0,2.0,9,"Alternative sequencing for U000448, derived from the validated base plan while preserving goal, level, schedule, equipment, safety constraints, and exercise volume.","Respect avoided exercises/muscles, recovery capacity, and pain signals.",2026-08-10T12:00,2026-08-10T12:00
PLAN000949,U000449,huy449,Athletic Performance,Muscular Endurance,Advanced,8-Week Athletic Performance - Body Part Split - Variation 2,Personalized,2026-08-10,2026-10-04,8,3,Body Part Split,90,Double Progression,24,8,Auto-Regulated,Draft,AI,codex-plan-expansion-v2.0,2.0,9,"Alternative sequencing for U000449, derived from the validated base plan while preserving goal, level, schedule, equipment, safety constraints, and exercise volume.","Respect avoided exercises/muscles, recovery capacity, and pain signals.",2026-08-10T12:00,2026-08-10T12:00
PLAN000950,U000450,thanh450,Fat Loss,Muscle Gain,Advanced,8-Week Fat Loss - Auto - Variation 2,Personalized,2026-08-10,2026-10-04,8,4,Upper Lower,60,Auto,48,12,Auto-Regulated,Draft,Hybrid,codex-plan-expansion-v2.0,2.0,24,"Alternative sequencing for U000450, derived from the validated base plan while preserving goal, level, schedule, equipment, safety constraints, and exercise volume.","Respect avoided exercises/muscles, recovery capacity, and pain signals.",2026-08-10T12:00,2026-08-10T12:00
PLAN000951,U000451,son451,Strength,Rehabilitation and Joint Health,Intermediate,8-Week Strength - Chest Back Legs - Variation 2,Personalized,2026-08-10,2026-10-04,8,6,Chest Back Legs,75,Linear Progression,48,8,Auto-Regulated,Draft,Coach,codex-plan-expansion-v2.0,2.0,18,"Alternative sequencing for U000451, derived from the validated base plan while preserving goal, level, schedule, equipment, safety constraints, and exercise volume.","Respect avoided exercises/muscles, recovery capacity, and pain signals.",2026-08-10T12:00,2026-08-10T12:00
PLAN000952,U000452,bao452,Rehabilitation and Joint Health,Muscle Gain,Intermediate,8-Week Rehabilitation and Joint Health - Auto - Variation 2,Personalized,2026-08-10,2026-10-04,8,3,Auto,90,Linear Progression,48,16,Auto-Regulated,Draft,User,codex-plan-expansion-v2.0,2.0,24,"Alternative sequencing for U000452, derived from the validated base plan while preserving goal, level, schedule, equipment, safety constraints, and exercise volume.","Respect avoided exercises/muscles, recovery capacity, and pain signals.",2026-08-10T12:00,2026-08-10T12:00
PLAN000953,U000453,trang453,Athletic Performance,Rehabilitation and Joint Health,Advanced,8-Week Athletic Performance - Auto - Variation 2,Personalized,2026-08-10,2026-10-04,8,2,Push Pull Legs,60,Double Progression,27,13.5,Auto-Regulated,Draft,AI,codex-plan-expansion-v2.0,2.0,12,"Alternative sequencing for U000453, derived from the validated base plan while preserving goal, level, schedule, equipment, safety constraints, and exercise volume.","Respect avoided exercises/muscles, recovery capacity, and pain signals.",2026-08-10T12:00,2026-08-10T12:00
PLAN000954,U000454,phuong454,Athletic Performance,Mobility and Flexibility,Beginner,8-Week Athletic Performance - Auto - Variation 2,Personalized,2026-08-10,2026-10-04,8,3,Upper Lower,75,Double Progression,54,18,Auto-Regulated,Draft,Hybrid,codex-plan-expansion-v2.0,2.0,21,"Alternative sequencing for U000454, derived from the validated base plan while preserving goal, level, schedule, equipment, safety constraints, and exercise volume.",Medical clearance required before activation; keep exercise selection conservative and pain-free.,2026-08-10T12:00,2026-08-10T12:00
PLAN000955,U000455,ngoc455,Fat Loss,General Fitness,Beginner,8-Week Fat Loss - Body Part Split - Variation 2,Personalized,2026-08-10,2026-10-04,8,5,Body Part Split,75,Double Progression,58,11.6,Auto-Regulated,Draft,Coach,codex-plan-expansion-v2.0,2.0,29,"Alternative sequencing for U000455, derived from the validated base plan while preserving goal, level, schedule, equipment, safety constraints, and exercise volume.","Respect avoided exercises/muscles, recovery capacity, and pain signals.",2026-08-10T12:00,2026-08-10T12:00
PLAN000956,U000456,khoa456,Fat Loss,Athletic Performance,Advanced,8-Week Fat Loss - Body Part Split - Variation 2,Personalized,2026-08-10,2026-10-04,8,5,Body Part Split,60,Linear Progression,48,9.6,Auto-Regulated,Draft,User,codex-plan-expansion-v2.0,2.0,25,"Alternative sequencing for U000456, derived from the validated base plan while preserving goal, level, schedule, equipment, safety constraints, and exercise volume.","Respect avoided exercises/muscles, recovery capacity, and pain signals.",2026-08-10T12:00,2026-08-10T12:00
PLAN000957,U000457,trang457,Fat Loss,Mobility and Flexibility,Advanced,8-Week Fat Loss - Auto - Variation 2,Personalized,2026-08-10,2026-10-04,8,5,Push Pull Legs,45,Auto,50,10,Auto-Regulated,Draft,AI,codex-plan-expansion-v2.0,2.0,25,"Alternative sequencing for U000457, derived from the validated base plan while preserving goal, level, schedule, equipment, safety constraints, and exercise volume.","Respect avoided exercises/muscles, recovery capacity, and pain signals.",2026-08-10T12:00,2026-08-10T12:00
PLAN000958,U000458,phuong458,Strength,Athletic Performance,Beginner,8-Week Strength - Auto - Variation 2,Personalized,2026-08-10,2026-10-04,8,3,Auto,60,Double Progression,24,8,Auto-Regulated,Draft,Hybrid,codex-plan-expansion-v2.0,2.0,9,"Alternative sequencing for U000458, derived from the validated base plan while preserving goal, level, schedule, equipment, safety constraints, and exercise volume.","Respect avoided exercises/muscles, recovery capacity, and pain signals.",2026-08-10T12:00,2026-08-10T12:00
PLAN000959,U000459,duc459,Mobility and Flexibility,General Fitness,Advanced,8-Week Mobility and Flexibility - Chest Back Legs - Variation 2,Personalized,2026-08-10,2026-10-04,8,6,Chest Back Legs,60,Double Progression,60,10,Auto-Regulated,Draft,Coach,codex-plan-expansion-v2.0,2.0,30,"Alternative sequencing for U000459, derived from the validated base plan while preserving goal, level, schedule, equipment, safety constraints, and exercise volume.","Respect avoided exercises/muscles, recovery capacity, and pain signals.",2026-08-10T12:00,2026-08-10T12:00
PLAN000960,U000460,anh460,General Fitness,Athletic Performance,Beginner,8-Week General Fitness - Auto - Variation 2,Personalized,2026-08-10,2026-10-04,8,3,Chest Back Legs,90,RPE-Based,48,16,Auto-Regulated,Draft,User,codex-plan-expansion-v2.0,2.0,24,"Alternative sequencing for U000460, derived from the validated base plan while preserving goal, level, schedule, equipment, safety constraints, and exercise volume.","Respect avoided exercises/muscles, recovery capacity, and pain signals.",2026-08-10T12:00,2026-08-10T12:00
PLAN000961,U000461,viet461,Fat Loss,Muscular Endurance,Intermediate,8-Week Fat Loss - Auto - Variation 2,Personalized,2026-08-10,2026-10-04,8,5,Auto,90,RPE-Based,78,15.6,Auto-Regulated,Draft,AI,codex-plan-expansion-v2.0,2.0,40,"Alternative sequencing for U000461, derived from the validated base plan while preserving goal, level, schedule, equipment, safety constraints, and exercise volume.","Respect avoided exercises/muscles, recovery capacity, and pain signals.",2026-08-10T12:00,2026-08-10T12:00
PLAN000962,U000462,mai462,Muscle Gain,Muscular Endurance,Advanced,8-Week Muscle Gain - Auto - Variation 2,Personalized,2026-08-10,2026-10-04,8,6,Auto,60,RPE-Based,108,18,Auto-Regulated,Draft,Hybrid,codex-plan-expansion-v2.0,2.0,36,"Alternative sequencing for U000462, derived from the validated base plan while preserving goal, level, schedule, equipment, safety constraints, and exercise volume.","Respect avoided exercises/muscles, recovery capacity, and pain signals.",2026-08-10T12:00,2026-08-10T12:00
PLAN000963,U000463,quang463,Fat Loss,Rehabilitation and Joint Health,Advanced,8-Week Fat Loss - Auto - Variation 2,Personalized,2026-08-10,2026-10-04,8,6,Upper Lower,90,Double Progression,12,2,Auto-Regulated,Draft,Coach,codex-plan-expansion-v2.0,2.0,6,"Alternative sequencing for U000463, derived from the validated base plan while preserving goal, level, schedule, equipment, safety constraints, and exercise volume.","Respect avoided exercises/muscles, recovery capacity, and pain signals.",2026-08-10T12:00,2026-08-10T12:00
PLAN000964,U000464,dung464,Fat Loss,General Fitness,Beginner,8-Week Fat Loss - Auto - Variation 2,Personalized,2026-08-10,2026-10-04,8,6,Auto,45,RPE-Based,12,2,Auto-Regulated,Draft,User,codex-plan-expansion-v2.0,2.0,6,"Alternative sequencing for U000464, derived from the validated base plan while preserving goal, level, schedule, equipment, safety constraints, and exercise volume.","Respect avoided exercises/muscles, recovery capacity, and pain signals.",2026-08-10T12:00,2026-08-10T12:00
PLAN000965,U000465,dung465,Athletic Performance,Mobility and Flexibility,Intermediate,8-Week Athletic Performance - Body Part Split - Variation 2,Personalized,2026-08-10,2026-10-04,8,4,Body Part Split,60,Auto,46,11.5,Auto-Regulated,Draft,AI,codex-plan-expansion-v2.0,2.0,17,"Alternative sequencing for U000465, derived from the validated base plan while preserving goal, level, schedule, equipment, safety constraints, and exercise volume.","Respect avoided exercises/muscles, recovery capacity, and pain signals.",2026-08-10T12:00,2026-08-10T12:00
PLAN000966,U000466,dat466,Muscle Gain,Strength,Intermediate,8-Week Muscle Gain - Auto - Variation 2,Personalized,2026-08-10,2026-10-04,8,3,Upper Lower,75,Auto,63,21,Auto-Regulated,Draft,Hybrid,codex-plan-expansion-v2.0,2.0,21,"Alternative sequencing for U000466, derived from the validated base plan while preserving goal, level, schedule, equipment, safety constraints, and exercise volume.",Medical clearance required before activation; keep exercise selection conservative and pain-free.,2026-08-10T12:00,2026-08-10T12:00
PLAN000967,U000467,duc467,Fat Loss,Muscle Gain,Intermediate,8-Week Fat Loss - Auto - Variation 2,Personalized,2026-08-10,2026-10-04,8,4,Upper Lower,75,RPE-Based,56,14,Auto-Regulated,Draft,Coach,codex-plan-expansion-v2.0,2.0,28,"Alternative sequencing for U000467, derived from the validated base plan while preserving goal, level, schedule, equipment, safety constraints, and exercise volume.","Respect avoided exercises/muscles, recovery capacity, and pain signals.",2026-08-10T12:00,2026-08-10T12:00
PLAN000968,U000468,phuong468,Rehabilitation and Joint Health,General Fitness,Intermediate,8-Week Rehabilitation and Joint Health - Body Part Split - Variation 2,Personalized,2026-08-10,2026-10-04,8,2,Body Part Split,90,Linear Progression,32,16,Auto-Regulated,Draft,User,codex-plan-expansion-v2.0,2.0,16,"Alternative sequencing for U000468, derived from the validated base plan while preserving goal, level, schedule, equipment, safety constraints, and exercise volume.","Respect avoided exercises/muscles, recovery capacity, and pain signals.",2026-08-10T12:00,2026-08-10T12:00
PLAN000969,U000469,viet469,Strength,Mobility and Flexibility,Advanced,8-Week Strength - Upper Lower - Variation 2,Personalized,2026-08-10,2026-10-04,8,3,Upper Lower,45,Double Progression,35,11.67,Auto-Regulated,Draft,AI,codex-plan-expansion-v2.0,2.0,15,"Alternative sequencing for U000469, derived from the validated base plan while preserving goal, level, schedule, equipment, safety constraints, and exercise volume.",Medical clearance required before activation; keep exercise selection conservative and pain-free.,2026-08-10T12:00,2026-08-10T12:00
PLAN000970,U000470,bao470,Athletic Performance,Muscular Endurance,Intermediate,8-Week Athletic Performance - Auto - Variation 2,Personalized,2026-08-10,2026-10-04,8,3,Auto,75,Linear Progression,55,18.33,Auto-Regulated,Draft,Hybrid,codex-plan-expansion-v2.0,2.0,21,"Alternative sequencing for U000470, derived from the validated base plan while preserving goal, level, schedule, equipment, safety constraints, and exercise volume.","Respect avoided exercises/muscles, recovery capacity, and pain signals.",2026-08-10T12:00,2026-08-10T12:00
PLAN000971,U000471,son471,Muscle Gain,Athletic Performance,Advanced,8-Week Muscle Gain - Auto - Variation 2,Personalized,2026-08-10,2026-10-04,8,5,Auto,90,Auto,111,22.2,Auto-Regulated,Draft,Coach,codex-plan-expansion-v2.0,2.0,40,"Alternative sequencing for U000471, derived from the validated base plan while preserving goal, level, schedule, equipment, safety constraints, and exercise volume.","Respect avoided exercises/muscles, recovery capacity, and pain signals.",2026-08-10T12:00,2026-08-10T12:00
PLAN000972,U000472,minh472,Strength,Fat Loss,Beginner,8-Week Strength - Auto - Variation 2,Personalized,2026-08-10,2026-10-04,8,3,Auto,45,RPE-Based,35,11.67,Auto-Regulated,Draft,User,codex-plan-expansion-v2.0,2.0,15,"Alternative sequencing for U000472, derived from the validated base plan while preserving goal, level, schedule, equipment, safety constraints, and exercise volume.","Respect avoided exercises/muscles, recovery capacity, and pain signals.",2026-08-10T12:00,2026-08-10T12:00
PLAN000973,U000473,anh473,General Fitness,Mobility and Flexibility,Advanced,8-Week General Fitness - Auto - Variation 2,Personalized,2026-08-10,2026-10-04,8,4,Full Body,75,Linear Progression,40,10,Auto-Regulated,Draft,AI,codex-plan-expansion-v2.0,2.0,20,"Alternative sequencing for U000473, derived from the validated base plan while preserving goal, level, schedule, equipment, safety constraints, and exercise volume.","Respect avoided exercises/muscles, recovery capacity, and pain signals.",2026-08-10T12:00,2026-08-10T12:00
PLAN000974,U000474,hoang474,Mobility and Flexibility,Muscle Gain,Advanced,8-Week Mobility and Flexibility - Chest Back Legs - Variation 2,Personalized,2026-08-10,2026-10-04,8,5,Chest Back Legs,60,RPE-Based,34,6.8,Auto-Regulated,Draft,Hybrid,codex-plan-expansion-v2.0,2.0,17,"Alternative sequencing for U000474, derived from the validated base plan while preserving goal, level, schedule, equipment, safety constraints, and exercise volume.",Medical clearance required before activation; keep exercise selection conservative and pain-free.,2026-08-10T12:00,2026-08-10T12:00
PLAN000975,U000475,trang475,General Fitness,Mobility and Flexibility,Advanced,8-Week General Fitness - Auto - Variation 2,Personalized,2026-08-10,2026-10-04,8,3,Auto,45,RPE-Based,30,10,Auto-Regulated,Draft,Coach,codex-plan-expansion-v2.0,2.0,15,"Alternative sequencing for U000475, derived from the validated base plan while preserving goal, level, schedule, equipment, safety constraints, and exercise volume.","Respect avoided exercises/muscles, recovery capacity, and pain signals.",2026-08-10T12:00,2026-08-10T12:00
PLAN000976,U000476,minh476,Athletic Performance,Strength,Advanced,8-Week Athletic Performance - Push Pull Legs - Variation 2,Personalized,2026-08-10,2026-10-04,8,6,Push Pull Legs,75,Linear Progression,102,17,Auto-Regulated,Draft,User,codex-plan-expansion-v2.0,2.0,36,"Alternative sequencing for U000476, derived from the validated base plan while preserving goal, level, schedule, equipment, safety constraints, and exercise volume.","Respect avoided exercises/muscles, recovery capacity, and pain signals.",2026-08-10T12:00,2026-08-10T12:00
PLAN000977,U000477,dung477,Mobility and Flexibility,Rehabilitation and Joint Health,Advanced,8-Week Mobility and Flexibility - Auto - Variation 2,Personalized,2026-08-10,2026-10-04,8,6,Auto,90,Double Progression,60,10,Auto-Regulated,Draft,AI,codex-plan-expansion-v2.0,2.0,30,"Alternative sequencing for U000477, derived from the validated base plan while preserving goal, level, schedule, equipment, safety constraints, and exercise volume.","Respect avoided exercises/muscles, recovery capacity, and pain signals.",2026-08-10T12:00,2026-08-10T12:00
PLAN000978,U000478,viet478,Muscular Endurance,Athletic Performance,Intermediate,8-Week Muscular Endurance - Auto - Variation 2,Personalized,2026-08-10,2026-10-04,8,4,Auto,60,Double Progression,8,2,Auto-Regulated,Draft,Hybrid,codex-plan-expansion-v2.0,2.0,4,"Alternative sequencing for U000478, derived from the validated base plan while preserving goal, level, schedule, equipment, safety constraints, and exercise volume.","Respect avoided exercises/muscles, recovery capacity, and pain signals.",2026-08-10T12:00,2026-08-10T12:00
PLAN000979,U000479,lan479,Muscle Gain,Muscular Endurance,Intermediate,8-Week Muscle Gain - Auto - Variation 2,Personalized,2026-08-10,2026-10-04,8,4,Auto,60,Linear Progression,72,18,Auto-Regulated,Draft,Coach,codex-plan-expansion-v2.0,2.0,24,"Alternative sequencing for U000479, derived from the validated base plan while preserving goal, level, schedule, equipment, safety constraints, and exercise volume.","Respect avoided exercises/muscles, recovery capacity, and pain signals.",2026-08-10T12:00,2026-08-10T12:00
PLAN000980,U000480,long480,Muscle Gain,Athletic Performance,Intermediate,8-Week Muscle Gain - Auto - Variation 2,Personalized,2026-08-10,2026-10-04,8,3,Auto,45,Linear Progression,45,15,Auto-Regulated,Draft,User,codex-plan-expansion-v2.0,2.0,15,"Alternative sequencing for U000480, derived from the validated base plan while preserving goal, level, schedule, equipment, safety constraints, and exercise volume.","Respect avoided exercises/muscles, recovery capacity, and pain signals.",2026-08-10T12:00,2026-08-10T12:00
PLAN000981,U000481,viet481,Rehabilitation and Joint Health,General Fitness,Intermediate,8-Week Rehabilitation and Joint Health - Body Part Split - Variation 2,Personalized,2026-08-10,2026-10-04,8,2,Body Part Split,75,RPE-Based,8,4,Auto-Regulated,Draft,AI,codex-plan-expansion-v2.0,2.0,4,"Alternative sequencing for U000481, derived from the validated base plan while preserving goal, level, schedule, equipment, safety constraints, and exercise volume.","Respect avoided exercises/muscles, recovery capacity, and pain signals.",2026-08-10T12:00,2026-08-10T12:00
PLAN000982,U000482,quang482,Muscle Gain,Muscular Endurance,Advanced,8-Week Muscle Gain - Auto - Variation 2,Personalized,2026-08-10,2026-10-04,8,5,Upper Lower,60,Auto,90,18,Auto-Regulated,Draft,Hybrid,codex-plan-expansion-v2.0,2.0,30,"Alternative sequencing for U000482, derived from the validated base plan while preserving goal, level, schedule, equipment, safety constraints, and exercise volume.","Respect avoided exercises/muscles, recovery capacity, and pain signals.",2026-08-10T12:00,2026-08-10T12:00
PLAN000983,U000483,quang483,Athletic Performance,Muscular Endurance,Advanced,8-Week Athletic Performance - Auto - Variation 2,Personalized,2026-08-10,2026-10-04,8,4,Chest Back Legs,60,Double Progression,20,5,Auto-Regulated,Draft,Coach,codex-plan-expansion-v2.0,2.0,8,"Alternative sequencing for U000483, derived from the validated base plan while preserving goal, level, schedule, equipment, safety constraints, and exercise volume.","Respect avoided exercises/muscles, recovery capacity, and pain signals.",2026-08-10T12:00,2026-08-10T12:00
PLAN000984,U000484,son484,Muscle Gain,Fat Loss,Beginner,8-Week Muscle Gain - Auto - Variation 2,Personalized,2026-08-10,2026-10-04,8,5,Auto,90,RPE-Based,70,14,Auto-Regulated,Draft,User,codex-plan-expansion-v2.0,2.0,40,"Alternative sequencing for U000484, derived from the validated base plan while preserving goal, level, schedule, equipment, safety constraints, and exercise volume.","Respect avoided exercises/muscles, recovery capacity, and pain signals.",2026-08-10T12:00,2026-08-10T12:00
PLAN000985,U000485,huy485,Muscular Endurance,Mobility and Flexibility,Advanced,8-Week Muscular Endurance - Upper Lower - Variation 2,Personalized,2026-08-10,2026-10-04,8,2,Upper Lower,75,Double Progression,28,14,Auto-Regulated,Draft,AI,codex-plan-expansion-v2.0,2.0,14,"Alternative sequencing for U000485, derived from the validated base plan while preserving goal, level, schedule, equipment, safety constraints, and exercise volume.","Respect avoided exercises/muscles, recovery capacity, and pain signals.",2026-08-10T12:00,2026-08-10T12:00
PLAN000986,U000486,son486,Strength,Rehabilitation and Joint Health,Advanced,8-Week Strength - Auto - Variation 2,Personalized,2026-08-10,2026-10-04,8,6,Upper Lower,75,RPE-Based,36,6,Auto-Regulated,Draft,Hybrid,codex-plan-expansion-v2.0,2.0,12,"Alternative sequencing for U000486, derived from the validated base plan while preserving goal, level, schedule, equipment, safety constraints, and exercise volume.","Respect avoided exercises/muscles, recovery capacity, and pain signals.",2026-08-10T12:00,2026-08-10T12:00
PLAN000987,U000487,ha487,Muscle Gain,Muscular Endurance,Intermediate,8-Week Muscle Gain - Auto - Variation 2,Personalized,2026-08-10,2026-10-04,8,5,Push Pull Legs,60,Double Progression,75,15,Auto-Regulated,Draft,Coach,codex-plan-expansion-v2.0,2.0,30,"Alternative sequencing for U000487, derived from the validated base plan while preserving goal, level, schedule, equipment, safety constraints, and exercise volume.","Respect avoided exercises/muscles, recovery capacity, and pain signals.",2026-08-10T12:00,2026-08-10T12:00
PLAN000988,U000488,nam488,Athletic Performance,Strength,Intermediate,8-Week Athletic Performance - Body Part Split - Variation 2,Personalized,2026-08-10,2026-10-04,8,5,Body Part Split,90,RPE-Based,56,11.2,Auto-Regulated,Draft,User,codex-plan-expansion-v2.0,2.0,21,"Alternative sequencing for U000488, derived from the validated base plan while preserving goal, level, schedule, equipment, safety constraints, and exercise volume.","Respect avoided exercises/muscles, recovery capacity, and pain signals.",2026-08-10T12:00,2026-08-10T12:00
PLAN000989,U000489,thanh489,Mobility and Flexibility,Fat Loss,Intermediate,8-Week Mobility and Flexibility - Auto - Variation 2,Personalized,2026-08-10,2026-10-04,8,2,Auto,45,Auto,4,2,Auto-Regulated,Draft,AI,codex-plan-expansion-v2.0,2.0,2,"Alternative sequencing for U000489, derived from the validated base plan while preserving goal, level, schedule, equipment, safety constraints, and exercise volume.",Medical clearance required before activation; keep exercise selection conservative and pain-free.,2026-08-10T12:00,2026-08-10T12:00
PLAN000990,U000490,son490,Fat Loss,Muscular Endurance,Intermediate,8-Week Fat Loss - Auto - Variation 2,Personalized,2026-08-10,2026-10-04,8,4,Auto,90,RPE-Based,16,4,Auto-Regulated,Draft,Hybrid,codex-plan-expansion-v2.0,2.0,8,"Alternative sequencing for U000490, derived from the validated base plan while preserving goal, level, schedule, equipment, safety constraints, and exercise volume.","Respect avoided exercises/muscles, recovery capacity, and pain signals.",2026-08-10T12:00,2026-08-10T12:00
PLAN000991,U000491,quang491,Athletic Performance,Muscular Endurance,Advanced,8-Week Athletic Performance - Auto - Variation 2,Personalized,2026-08-10,2026-10-04,8,2,Push Pull Legs,75,Auto,40,20,Auto-Regulated,Draft,Coach,codex-plan-expansion-v2.0,2.0,14,"Alternative sequencing for U000491, derived from the validated base plan while preserving goal, level, schedule, equipment, safety constraints, and exercise volume.","Respect avoided exercises/muscles, recovery capacity, and pain signals.",2026-08-10T12:00,2026-08-10T12:00
PLAN000992,U000492,bao492,General Fitness,Rehabilitation and Joint Health,Advanced,8-Week General Fitness - Auto - Variation 2,Personalized,2026-08-10,2026-10-04,8,4,Auto,60,RPE-Based,40,10,Auto-Regulated,Draft,User,codex-plan-expansion-v2.0,2.0,20,"Alternative sequencing for U000492, derived from the validated base plan while preserving goal, level, schedule, equipment, safety constraints, and exercise volume.","Respect avoided exercises/muscles, recovery capacity, and pain signals.",2026-08-10T12:00,2026-08-10T12:00
PLAN000993,U000493,thanh493,Rehabilitation and Joint Health,Mobility and Flexibility,Beginner,8-Week Rehabilitation and Joint Health - Push Pull Legs - Variation 2,Personalized,2026-08-10,2026-10-04,8,5,Push Pull Legs,90,Linear Progression,32,6.4,Auto-Regulated,Draft,AI,codex-plan-expansion-v2.0,2.0,16,"Alternative sequencing for U000493, derived from the validated base plan while preserving goal, level, schedule, equipment, safety constraints, and exercise volume.","Respect avoided exercises/muscles, recovery capacity, and pain signals.",2026-08-10T12:00,2026-08-10T12:00
PLAN000994,U000494,dung494,Strength,Athletic Performance,Beginner,8-Week Strength - Auto - Variation 2,Personalized,2026-08-10,2026-10-04,8,2,Auto,45,RPE-Based,22,11,Auto-Regulated,Draft,Hybrid,codex-plan-expansion-v2.0,2.0,10,"Alternative sequencing for U000494, derived from the validated base plan while preserving goal, level, schedule, equipment, safety constraints, and exercise volume.","Respect avoided exercises/muscles, recovery capacity, and pain signals.",2026-08-10T12:00,2026-08-10T12:00
PLAN000995,U000495,huong495,Mobility and Flexibility,Athletic Performance,Beginner,8-Week Mobility and Flexibility - Upper Lower - Variation 2,Personalized,2026-08-10,2026-10-04,8,4,Upper Lower,75,Auto,56,14,Auto-Regulated,Draft,Coach,codex-plan-expansion-v2.0,2.0,28,"Alternative sequencing for U000495, derived from the validated base plan while preserving goal, level, schedule, equipment, safety constraints, and exercise volume.",Medical clearance required before activation; keep exercise selection conservative and pain-free.,2026-08-10T12:00,2026-08-10T12:00
PLAN000996,U000496,son496,Strength,Fat Loss,Advanced,8-Week Strength - Auto - Variation 2,Personalized,2026-08-10,2026-10-04,8,2,Push Pull Legs,75,Double Progression,39,19.5,Auto-Regulated,Draft,User,codex-plan-expansion-v2.0,2.0,14,"Alternative sequencing for U000496, derived from the validated base plan while preserving goal, level, schedule, equipment, safety constraints, and exercise volume.","Respect avoided exercises/muscles, recovery capacity, and pain signals.",2026-08-10T12:00,2026-08-10T12:00
PLAN000997,U000497,dat497,Athletic Performance,Mobility and Flexibility,Beginner,8-Week Athletic Performance - Auto - Variation 2,Personalized,2026-08-10,2026-10-04,8,5,Chest Back Legs,60,Linear Progression,70,14,Auto-Regulated,Draft,AI,codex-plan-expansion-v2.0,2.0,30,"Alternative sequencing for U000497, derived from the validated base plan while preserving goal, level, schedule, equipment, safety constraints, and exercise volume.","Respect avoided exercises/muscles, recovery capacity, and pain signals.",2026-08-10T12:00,2026-08-10T12:00
PLAN000998,U000498,long498,Muscular Endurance,Mobility and Flexibility,Beginner,8-Week Muscular Endurance - Auto - Variation 2,Personalized,2026-08-10,2026-10-04,8,4,Auto,60,RPE-Based,48,12,Auto-Regulated,Draft,Hybrid,codex-plan-expansion-v2.0,2.0,24,"Alternative sequencing for U000498, derived from the validated base plan while preserving goal, level, schedule, equipment, safety constraints, and exercise volume.",Medical clearance required before activation; keep exercise selection conservative and pain-free.,2026-08-10T12:00,2026-08-10T12:00
PLAN000999,U000499,thanh499,General Fitness,Muscular Endurance,Advanced,8-Week General Fitness - Full Body - Variation 2,Personalized,2026-08-10,2026-10-04,8,3,Full Body,75,Double Progression,48,16,Auto-Regulated,Draft,Coach,codex-plan-expansion-v2.0,2.0,24,"Alternative sequencing for U000499, derived from the validated base plan while preserving goal, level, schedule, equipment, safety constraints, and exercise volume.",Medical clearance required before activation; keep exercise selection conservative and pain-free.,2026-08-10T12:00,2026-08-10T12:00
PLAN001000,U000500,hoang500,Muscular Endurance,Rehabilitation and Joint Health,Beginner,8-Week Muscular Endurance - Auto - Variation 2,Personalized,2026-08-10,2026-10-04,8,6,Push Pull Legs,60,Double Progression,12,2,Auto-Regulated,Draft,User,codex-plan-expansion-v2.0,2.0,6,"Alternative sequencing for U000500, derived from the validated base plan while preserving goal, level, schedule, equipment, safety constraints, and exercise volume.","Respect avoided exercises/muscles, recovery capacity, and pain signals.",2026-08-10T12:00,2026-08-10T12:00
