summary_id,user_id,plan_id,representative_week,representative_day,session_status,session_completion_pct,set_completion_pct,session_rpe,fatigue_after,pain_reported,avg_difficulty,avg_enjoyment,positive_items,neutral_items,negative_items,recovery_flag,progression_recommendation
WHSUM000001,U000001,PLAN000001,7,3,Completed,100,100,8.0,3,No,3.0,3.7,2,5,0,Ready,PROGRESS_IF_RECOVERED
WHSUM000002,U000002,PLAN000002,8,2,Completed,100,100,8.7,4,No,4.0,3.0,0,2,1,Monitor,HOLD_OR_REDUCE_DEMAND
WHSUM000003,U000003,PLAN000003,7,1,Completed,100,100,7.1,2,No,2.5,3.5,2,0,0,Ready,PROGRESS_IF_RECOVERED
WHSUM000004,U000004,PLAN000004,3,6,Partial,100,100,7.8,3,No,3.0,3.7,2,4,0,Ready,PROGRESS_IF_RECOVERED
WHSUM000005,U000005,PLAN000005,8,2,Completed,100,100,6.8,2,No,2.0,3.5,4,0,0,Ready,PROGRESS_IF_RECOVERED
WHSUM000006,U000006,PLAN000006,3,4,Completed,100,100,7.0,2,No,2.3,3.7,7,0,0,Ready,PROGRESS_IF_RECOVERED
WHSUM000007,U000007,PLAN000007,8,1,Completed,100,100,6.8,2,No,2.0,3.7,3,0,0,Ready,PROGRESS_IF_RECOVERED
WHSUM000008,U000008,PLAN000008,4,3,Completed,100,100,6.8,2,No,2.0,3.6,5,0,0,Ready,PROGRESS_IF_RECOVERED
WHSUM000009,U000009,PLAN000009,4,5,Completed,100,100,7.0,2,No,2.3,3.7,6,0,0,Ready,PROGRESS_IF_RECOVERED
WHSUM000010,U000010,PLAN000010,5,3,Completed,100,100,5.7,3,No,1.4,3.7,7,0,0,Ready,PROGRESS_IF_RECOVERED
WHSUM000011,U000011,PLAN000011,3,6,Completed,100,100,7.9,3,No,3.0,3.5,1,1,0,Ready,PROGRESS_IF_RECOVERED
WHSUM000012,U000012,PLAN000012,6,2,Completed,100,100,7.0,3,No,2.3,3.0,2,0,1,Ready,PROGRESS_IF_RECOVERED
WHSUM000013,U000013,PLAN000013,3,4,Skipped,0,0,,,No,,,0,0,5,Monitor,HOLD_AND_REVIEW_ADHERENCE
WHSUM000014,U000014,PLAN000014,8,1,Completed,100,100,7.2,3,No,3.0,3.0,1,0,0,Ready,PROGRESS_IF_RECOVERED
WHSUM000015,U000015,PLAN000015,4,3,Completed,100,100,6.8,2,No,2.0,3.7,3,0,0,Ready,PROGRESS_IF_RECOVERED
WHSUM000016,U000016,PLAN000016,4,5,Completed,100,100,8.8,4,No,4.0,3.0,0,1,1,Monitor,HOLD_OR_REDUCE_DEMAND
WHSUM000017,U000017,PLAN000017,5,3,Completed,100,100,8.0,3,No,3.0,3.5,1,3,0,Ready,PROGRESS_IF_RECOVERED
WHSUM000018,U000018,PLAN000018,8,2,Partial,100,100,7.7,4,No,3.0,3.7,3,4,0,Monitor,HOLD_OR_REDUCE_DEMAND
WHSUM000019,U000019,PLAN000019,3,5,Completed,100,100,8.0,3,No,3.0,3.8,2,2,0,Ready,PROGRESS_IF_RECOVERED
WHSUM000020,U000020,PLAN000020,4,1,Completed,100,100,7.0,2,No,2.2,3.5,4,0,0,Ready,PROGRESS_IF_RECOVERED
WHSUM000021,U000021,PLAN000021,5,2,Completed,100,100,6.8,2,No,2.0,3.5,2,0,0,Ready,PROGRESS_IF_RECOVERED
WHSUM000022,U000022,PLAN000022,4,3,Completed,100,100,8.0,3,No,3.0,3.0,1,2,2,Ready,PROGRESS_IF_RECOVERED
WHSUM000023,U000023,PLAN000023,7,2,Completed,100,100,7.0,2,No,2.3,3.0,4,0,2,Ready,PROGRESS_IF_RECOVERED
WHSUM000024,U000024,PLAN000024,5,3,Partial,100,100,7.7,3,No,3.0,3.7,4,2,0,Ready,PROGRESS_IF_RECOVERED
WHSUM000025,U000025,PLAN000025,8,2,Completed,100,100,8.0,3,No,3.0,3.7,2,5,0,Ready,PROGRESS_IF_RECOVERED
WHSUM000026,U000026,PLAN000026,4,2,Skipped,0,0,,,No,,,0,0,3,Monitor,HOLD_AND_REVIEW_ADHERENCE
WHSUM000027,U000027,PLAN000027,4,4,Completed,100,100,7.9,3,No,3.0,3.5,1,1,0,Ready,PROGRESS_IF_RECOVERED
WHSUM000028,U000028,PLAN000028,6,2,Partial,100,100,6.2,3,Yes,1.8,3.2,4,1,1,Review,REVIEW_BEFORE_PROGRESSION
WHSUM000029,U000029,PLAN000029,6,1,Completed,100,100,5.8,2,No,1.3,3.7,3,0,0,Ready,PROGRESS_IF_RECOVERED
WHSUM000030,U000030,PLAN000030,8,2,Completed,100,100,8.0,3,No,3.0,3.1,0,5,2,Ready,PROGRESS_IF_RECOVERED
WHSUM000031,U000031,PLAN000031,7,1,Completed,100,100,7.1,2,No,2.5,4.0,2,0,0,Ready,PROGRESS_IF_RECOVERED
WHSUM000032,U000032,PLAN000032,6,3,Completed,100,100,7.8,5,Yes,3.1,3.1,4,2,1,Review,REVIEW_BEFORE_PROGRESSION
WHSUM000033,U000033,PLAN000033,6,2,Completed,100,100,6.8,2,No,2.0,4.0,1,0,0,Ready,PROGRESS_IF_RECOVERED
WHSUM000034,U000034,PLAN000034,3,4,Completed,100,100,6.2,2,No,2.0,3.7,7,0,0,Ready,PROGRESS_IF_RECOVERED
WHSUM000035,U000035,PLAN000035,8,2,Completed,100,100,8.7,4,No,4.0,3.0,0,1,1,Monitor,HOLD_OR_REDUCE_DEMAND
WHSUM000036,U000036,PLAN000036,6,1,Completed,100,100,8.0,3,No,3.0,3.7,3,4,0,Ready,PROGRESS_IF_RECOVERED
WHSUM000037,U000037,PLAN000037,8,2,Completed,100,100,7.8,3,No,3.0,3.7,4,3,0,Ready,PROGRESS_IF_RECOVERED
WHSUM000038,U000038,PLAN000038,4,1,Completed,100,100,7.9,3,No,3.0,3.5,1,1,0,Ready,PROGRESS_IF_RECOVERED
WHSUM000039,U000039,PLAN000039,5,2,Skipped,0,0,,,No,,,0,0,4,Monitor,HOLD_AND_REVIEW_ADHERENCE
WHSUM000040,U000040,PLAN000040,5,1,Completed,100,100,5.8,3,No,1.5,3.8,4,0,0,Ready,PROGRESS_IF_RECOVERED
WHSUM000041,U000041,PLAN000041,8,2,Completed,100,100,7.0,2,No,2.5,2.5,1,0,1,Ready,PROGRESS_IF_RECOVERED
WHSUM000042,U000042,PLAN000042,6,2,Completed,100,100,7.0,2,No,2.2,2.8,3,0,2,Ready,PROGRESS_IF_RECOVERED
WHSUM000043,U000043,PLAN000043,7,3,Partial,100,100,7.7,4,No,3.0,3.7,3,3,0,Monitor,HOLD_OR_REDUCE_DEMAND
WHSUM000044,U000044,PLAN000044,7,2,Completed,100,100,7.2,3,Yes,2.5,3.3,5,0,1,Review,REVIEW_BEFORE_PROGRESSION
WHSUM000045,U000045,PLAN000045,8,2,Skipped,0,0,,,No,,,0,0,4,Monitor,HOLD_AND_REVIEW_ADHERENCE
WHSUM000046,U000046,PLAN000046,5,2,Completed,100,100,7.4,2,No,3.0,3.7,3,0,0,Ready,PROGRESS_IF_RECOVERED
WHSUM000047,U000047,PLAN000047,5,1,Completed,100,100,8.0,4,No,3.0,3.5,1,3,0,Monitor,HOLD_OR_REDUCE_DEMAND
WHSUM000048,U000048,PLAN000048,3,4,Partial,100,100,6.7,2,No,2.0,3.6,4,1,0,Ready,PROGRESS_IF_RECOVERED
WHSUM000049,U000049,PLAN000049,5,2,Completed,100,100,7.2,2,No,3.0,4.0,1,0,0,Ready,PROGRESS_IF_RECOVERED
WHSUM000050,U000050,PLAN000050,8,2,Completed,100,100,8.0,3,No,3.0,3.6,2,5,0,Ready,PROGRESS_IF_RECOVERED
WHSUM000051,U000051,PLAN000051,4,5,Completed,100,100,7.7,4,No,3.0,4.0,1,0,0,Monitor,HOLD_OR_REDUCE_DEMAND
WHSUM000052,U000052,PLAN000052,4,1,Partial,100,100,7.0,2,No,2.0,4.0,1,0,0,Ready,PROGRESS_IF_RECOVERED
WHSUM000053,U000053,PLAN000053,4,3,Completed,100,100,8.0,3,No,3.0,3.0,2,3,2,Ready,PROGRESS_IF_RECOVERED
WHSUM000054,U000054,PLAN000054,6,2,Completed,100,100,7.7,3,No,3.0,3.7,5,2,0,Ready,PROGRESS_IF_RECOVERED
WHSUM000055,U000055,PLAN000055,4,4,Completed,100,100,5.0,1,No,1.0,3.8,5,0,0,Ready,PROGRESS_IF_RECOVERED
WHSUM000056,U000056,PLAN000056,5,2,Partial,100,100,6.4,2,No,2.0,3.6,5,2,0,Ready,PROGRESS_IF_RECOVERED
WHSUM000057,U000057,PLAN000057,8,2,Completed,100,100,6.6,2,No,2.0,3.7,6,0,0,Ready,PROGRESS_IF_RECOVERED
WHSUM000058,U000058,PLAN000058,5,4,Completed,100,100,8.0,3,No,3.0,3.7,2,5,0,Ready,PROGRESS_IF_RECOVERED
WHSUM000059,U000059,PLAN000059,4,4,Completed,100,100,5.8,2,No,1.0,3.0,1,0,0,Ready,PROGRESS_IF_RECOVERED
WHSUM000060,U000060,PLAN000060,6,3,Completed,100,100,7.0,2,No,2.2,3.2,3,0,1,Ready,PROGRESS_IF_RECOVERED
WHSUM000061,U000061,PLAN000061,3,5,Completed,100,100,8.0,3,No,3.0,3.7,2,4,0,Ready,PROGRESS_IF_RECOVERED
WHSUM000062,U000062,PLAN000062,6,1,Completed,100,100,4.7,1,No,1.0,3.5,4,0,0,Ready,PROGRESS_IF_RECOVERED
WHSUM000063,U000063,PLAN000063,6,2,Completed,100,100,7.0,2,No,2.3,3.7,6,0,0,Ready,PROGRESS_IF_RECOVERED
WHSUM000064,U000064,PLAN000064,7,3,Completed,100,100,8.6,4,No,3.7,3.0,0,6,0,Monitor,HOLD_OR_REDUCE_DEMAND
WHSUM000065,U000065,PLAN000065,7,2,Partial,100,100,7.8,3,No,3.0,3.6,3,2,0,Ready,PROGRESS_IF_RECOVERED
WHSUM000066,U000066,PLAN000066,5,3,Completed,100,100,7.0,2,No,2.4,3.7,7,0,0,Ready,PROGRESS_IF_RECOVERED
WHSUM000067,U000067,PLAN000067,4,3,Completed,100,100,8.8,4,Yes,4.0,2.7,0,3,3,Review,REVIEW_BEFORE_PROGRESSION
WHSUM000068,U000068,PLAN000068,8,2,Completed,100,100,7.0,2,No,2.5,3.0,3,0,1,Ready,PROGRESS_IF_RECOVERED
WHSUM000069,U000069,PLAN000069,4,4,Completed,100,100,7.0,2,No,2.3,3.7,3,0,0,Ready,PROGRESS_IF_RECOVERED
WHSUM000070,U000070,PLAN000070,8,2,Completed,100,100,7.7,3,No,3.0,3.7,4,3,0,Ready,PROGRESS_IF_RECOVERED
WHSUM000071,U000071,PLAN000071,8,2,Completed,100,100,8.0,3,No,3.0,3.0,0,1,0,Ready,PROGRESS_IF_RECOVERED
WHSUM000072,U000072,PLAN000072,4,2,Completed,100,100,7.0,2,No,2.0,4.0,1,0,0,Ready,PROGRESS_IF_RECOVERED
WHSUM000073,U000073,PLAN000073,7,1,Completed,100,100,7.8,3,No,3.0,4.0,1,0,0,Ready,PROGRESS_IF_RECOVERED
WHSUM000074,U000074,PLAN000074,5,2,Partial,100,100,7.2,2,No,3.0,3.0,1,0,0,Ready,PROGRESS_IF_RECOVERED
WHSUM000075,U000075,PLAN000075,8,2,Completed,100,100,7.6,3,No,3.0,3.7,6,0,0,Ready,PROGRESS_IF_RECOVERED
WHSUM000076,U000076,PLAN000076,4,4,Completed,100,100,7.3,2,No,2.7,3.7,6,0,0,Ready,PROGRESS_IF_RECOVERED
WHSUM000077,U000077,PLAN000077,8,2,Completed,100,100,7.0,2,No,2.4,3.6,7,0,0,Ready,PROGRESS_IF_RECOVERED
WHSUM000078,U000078,PLAN000078,4,3,Partial,100,100,8.7,3,No,4.0,3.0,0,4,2,Ready,HOLD_OR_REDUCE_DEMAND
WHSUM000079,U000079,PLAN000079,7,2,Completed,100,100,7.0,2,No,2.2,3.2,3,0,1,Ready,PROGRESS_IF_RECOVERED
WHSUM000080,U000080,PLAN000080,7,1,Partial,100,100,8.0,3,No,3.0,3.7,1,5,0,Ready,PROGRESS_IF_RECOVERED
WHSUM000081,U000081,PLAN000081,3,6,Completed,100,100,8.7,4,No,4.0,3.1,0,3,4,Monitor,HOLD_OR_REDUCE_DEMAND
WHSUM000082,U000082,PLAN000082,3,5,Completed,100,100,8.0,3,No,3.0,3.8,2,3,0,Ready,PROGRESS_IF_RECOVERED
WHSUM000083,U000083,PLAN000083,6,1,Completed,100,100,8.0,3,No,3.0,3.7,1,2,0,Ready,PROGRESS_IF_RECOVERED
WHSUM000084,U000084,PLAN000084,5,2,Partial,100,100,6.8,2,No,2.0,3.7,6,0,0,Ready,PROGRESS_IF_RECOVERED
WHSUM000085,U000085,PLAN000085,7,3,Completed,100,100,5.1,1,No,1.0,4.0,2,0,0,Ready,PROGRESS_IF_RECOVERED
WHSUM000086,U000086,PLAN000086,4,2,Completed,100,100,8.4,3,No,3.4,3.2,0,5,0,Ready,MAINTAIN
WHSUM000087,U000087,PLAN000087,5,3,Completed,100,100,6.8,2,No,2.0,3.7,6,0,0,Ready,PROGRESS_IF_RECOVERED
WHSUM000088,U000088,PLAN000088,8,2,Completed,100,100,8.2,4,Yes,3.1,3.4,2,4,1,Review,REVIEW_BEFORE_PROGRESSION
WHSUM000089,U000089,PLAN000089,6,2,Completed,100,100,7.7,3,No,3.0,3.7,4,2,0,Ready,PROGRESS_IF_RECOVERED
WHSUM000090,U000090,PLAN000090,8,2,Completed,100,100,5.8,2,No,1.3,3.7,3,0,0,Ready,PROGRESS_IF_RECOVERED
WHSUM000091,U000091,PLAN000091,6,2,Completed,100,100,7.0,2,No,2.3,3.7,6,0,0,Ready,PROGRESS_IF_RECOVERED
WHSUM000092,U000092,PLAN000092,7,3,Completed,100,100,6.8,2,No,2.0,3.6,7,0,0,Ready,PROGRESS_IF_RECOVERED
WHSUM000093,U000093,PLAN000093,5,4,Partial,100,100,7.0,2,No,2.3,3.7,3,0,0,Ready,PROGRESS_IF_RECOVERED
WHSUM000094,U000094,PLAN000094,4,1,Completed,100,100,6.8,2,No,2.0,3.7,3,0,0,Ready,PROGRESS_IF_RECOVERED
WHSUM000095,U000095,PLAN000095,3,6,Completed,100,100,7.7,3,No,3.0,3.6,5,2,0,Ready,PROGRESS_IF_RECOVERED
WHSUM000096,U000096,PLAN000096,3,5,Completed,100,100,8.0,3,No,3.0,3.7,2,4,0,Ready,PROGRESS_IF_RECOVERED
WHSUM000097,U000097,PLAN000097,4,4,Completed,100,100,7.7,4,No,3.0,3.7,2,1,0,Monitor,HOLD_OR_REDUCE_DEMAND
WHSUM000098,U000098,PLAN000098,6,2,Completed,100,100,7.7,3,No,3.0,3.6,4,1,0,Ready,PROGRESS_IF_RECOVERED
WHSUM000099,U000099,PLAN000099,6,1,Completed,100,100,7.0,2,No,2.2,3.6,5,0,0,Ready,PROGRESS_IF_RECOVERED
WHSUM000100,U000100,PLAN000100,4,2,Completed,100,100,7.8,3,No,3.0,3.8,3,1,0,Ready,PROGRESS_IF_RECOVERED
WHSUM000101,U000101,PLAN000101,4,4,Completed,100,100,7.8,3,No,3.0,3.7,4,2,0,Ready,PROGRESS_IF_RECOVERED
WHSUM000102,U000102,PLAN000102,6,3,Completed,100,100,7.9,3,No,3.0,3.5,1,1,0,Ready,PROGRESS_IF_RECOVERED
WHSUM000103,U000103,PLAN000103,6,2,Completed,100,100,7.7,3,No,3.0,3.7,5,2,0,Ready,PROGRESS_IF_RECOVERED
WHSUM000104,U000104,PLAN000104,3,4,Completed,100,100,6.8,2,No,2.0,3.0,1,0,0,Ready,PROGRESS_IF_RECOVERED
WHSUM000105,U000105,PLAN000105,5,2,Partial,100,100,7.0,2,No,2.4,2.8,2,1,2,Ready,PROGRESS_IF_RECOVERED
WHSUM000106,U000106,PLAN000106,6,1,Completed,100,100,6.8,2,No,2.0,3.7,6,0,0,Ready,PROGRESS_IF_RECOVERED
WHSUM000107,U000107,PLAN000107,8,2,Completed,100,100,7.0,2,No,2.5,3.5,2,0,0,Ready,PROGRESS_IF_RECOVERED
WHSUM000108,U000108,PLAN000108,4,1,Completed,100,100,5.4,1,No,1.0,3.6,5,0,0,Ready,PROGRESS_IF_RECOVERED
WHSUM000109,U000109,PLAN000109,6,3,Completed,100,100,7.4,2,No,3.0,3.8,4,0,0,Ready,PROGRESS_IF_RECOVERED
WHSUM000110,U000110,PLAN000110,4,2,Completed,100,100,6.0,2,No,1.7,3.6,7,0,0,Ready,PROGRESS_IF_RECOVERED
WHSUM000111,U000111,PLAN000111,6,1,Completed,100,100,4.6,1,No,1.0,3.5,2,0,0,Ready,PROGRESS_IF_RECOVERED
WHSUM000112,U000112,PLAN000112,4,4,Completed,100,100,7.9,3,No,3.0,4.0,1,1,0,Ready,PROGRESS_IF_RECOVERED
WHSUM000113,U000113,PLAN000113,6,1,Completed,100,100,4.8,1,No,1.0,3.0,1,0,0,Ready,PROGRESS_IF_RECOVERED
WHSUM000114,U000114,PLAN000114,4,2,Completed,100,100,7.9,3,No,3.0,3.5,1,1,0,Ready,PROGRESS_IF_RECOVERED
WHSUM000115,U000115,PLAN000115,4,4,Completed,100,100,7.8,4,No,3.0,3.8,3,2,0,Monitor,HOLD_OR_REDUCE_DEMAND
WHSUM000116,U000116,PLAN000116,6,3,Completed,100,100,6.7,2,No,2.0,3.5,4,0,0,Ready,PROGRESS_IF_RECOVERED
WHSUM000117,U000117,PLAN000117,8,2,Completed,100,100,7.8,3,No,3.0,3.7,4,2,0,Ready,PROGRESS_IF_RECOVERED
WHSUM000118,U000118,PLAN000118,4,1,Completed,100,100,8.0,3,No,3.0,3.7,2,5,0,Ready,PROGRESS_IF_RECOVERED
WHSUM000119,U000119,PLAN000119,8,2,Completed,100,100,5.7,2,No,1.4,3.6,5,0,0,Ready,PROGRESS_IF_RECOVERED
WHSUM000120,U000120,PLAN000120,4,3,Completed,100,100,6.8,2,No,2.0,3.8,4,0,0,Ready,PROGRESS_IF_RECOVERED
WHSUM000121,U000121,PLAN000121,4,2,Completed,100,100,7.0,2,No,2.4,3.8,5,0,0,Ready,PROGRESS_IF_RECOVERED
WHSUM000122,U000122,PLAN000122,4,4,Completed,100,100,4.8,1,No,1.0,3.5,4,0,0,Ready,PROGRESS_IF_RECOVERED
WHSUM000123,U000123,PLAN000123,6,3,Completed,100,100,6.7,2,No,2.0,3.8,4,0,0,Ready,PROGRESS_IF_RECOVERED
WHSUM000124,U000124,PLAN000124,4,2,Completed,100,100,7.0,2,No,2.0,4.0,1,0,0,Ready,PROGRESS_IF_RECOVERED
WHSUM000125,U000125,PLAN000125,4,4,Skipped,0,0,,,No,,,0,0,1,Monitor,HOLD_AND_REVIEW_ADHERENCE
WHSUM000126,U000126,PLAN000126,6,2,Completed,100,100,7.0,2,No,2.2,3.6,5,0,0,Ready,PROGRESS_IF_RECOVERED
WHSUM000127,U000127,PLAN000127,8,2,Skipped,0,0,,,No,,,0,0,1,Monitor,HOLD_AND_REVIEW_ADHERENCE
WHSUM000128,U000128,PLAN000128,4,2,Completed,100,100,7.8,3,No,3.0,3.7,2,1,0,Ready,PROGRESS_IF_RECOVERED
WHSUM000129,U000129,PLAN000129,5,3,Completed,100,100,8.2,3,No,3.0,4.0,0,1,0,Ready,PROGRESS_IF_RECOVERED
WHSUM000130,U000130,PLAN000130,8,2,Completed,100,100,6.8,2,No,2.0,3.7,6,0,0,Ready,PROGRESS_IF_RECOVERED
WHSUM000131,U000131,PLAN000131,5,1,Completed,100,100,6.8,2,No,2.0,3.7,6,0,0,Ready,PROGRESS_IF_RECOVERED
WHSUM000132,U000132,PLAN000132,3,4,Completed,100,100,7.8,5,Yes,3.1,3.3,4,2,1,Review,REVIEW_BEFORE_PROGRESSION
WHSUM000133,U000133,PLAN000133,4,4,Partial,100,100,5.8,2,No,1.2,3.8,4,0,0,Ready,PROGRESS_IF_RECOVERED
WHSUM000134,U000134,PLAN000134,8,2,Completed,100,100,8.0,3,No,3.0,3.5,1,3,0,Ready,PROGRESS_IF_RECOVERED
WHSUM000135,U000135,PLAN000135,4,2,Completed,100,100,8.7,4,No,4.0,3.0,0,4,2,Monitor,HOLD_OR_REDUCE_DEMAND
WHSUM000136,U000136,PLAN000136,5,3,Completed,100,100,4.8,1,No,1.0,3.7,7,0,0,Ready,PROGRESS_IF_RECOVERED
WHSUM000137,U000137,PLAN000137,4,3,Completed,100,100,7.0,2,No,2.4,3.6,5,0,0,Ready,PROGRESS_IF_RECOVERED
WHSUM000138,U000138,PLAN000138,6,2,Completed,100,100,6.7,2,No,2.0,3.6,5,0,0,Ready,PROGRESS_IF_RECOVERED
WHSUM000139,U000139,PLAN000139,4,4,Completed,100,100,7.8,3,No,3.0,3.7,2,1,0,Ready,PROGRESS_IF_RECOVERED
WHSUM000140,U000140,PLAN000140,5,2,Completed,100,100,6.0,2,No,1.7,3.7,3,0,0,Ready,PROGRESS_IF_RECOVERED
WHSUM000141,U000141,PLAN000141,6,1,Completed,100,100,7.7,4,No,3.0,3.6,4,1,0,Monitor,HOLD_OR_REDUCE_DEMAND
WHSUM000142,U000142,PLAN000142,4,2,Completed,100,100,6.8,2,No,2.0,4.0,1,0,0,Ready,PROGRESS_IF_RECOVERED
WHSUM000143,U000143,PLAN000143,5,3,Completed,100,100,7.0,2,No,2.4,3.6,7,0,0,Ready,PROGRESS_IF_RECOVERED
WHSUM000144,U000144,PLAN000144,6,3,Completed,100,100,6.7,2,No,2.0,3.8,4,0,0,Ready,PROGRESS_IF_RECOVERED
WHSUM000145,U000145,PLAN000145,5,1,Completed,100,100,7.0,2,No,2.4,3.8,5,0,0,Ready,PROGRESS_IF_RECOVERED
WHSUM000146,U000146,PLAN000146,4,4,Completed,100,100,6.8,2,No,2.0,3.7,6,0,0,Ready,PROGRESS_IF_RECOVERED
WHSUM000147,U000147,PLAN000147,8,2,Completed,100,100,7.8,3,No,3.0,3.7,4,2,0,Ready,PROGRESS_IF_RECOVERED
WHSUM000148,U000148,PLAN000148,8,2,Completed,100,100,7.7,4,No,3.0,3.7,4,3,0,Monitor,HOLD_OR_REDUCE_DEMAND
WHSUM000149,U000149,PLAN000149,7,2,Completed,100,100,7.8,3,No,3.0,3.6,5,2,0,Ready,PROGRESS_IF_RECOVERED
WHSUM000150,U000150,PLAN000150,7,1,Completed,100,100,8.7,3,No,4.0,3.0,0,2,1,Ready,HOLD_OR_REDUCE_DEMAND
WHSUM000151,U000151,PLAN000151,4,3,Partial,100,100,8.0,3,No,3.0,3.7,2,5,0,Ready,PROGRESS_IF_RECOVERED
WHSUM000152,U000152,PLAN000152,5,1,Completed,100,100,7.8,3,No,3.0,3.6,3,2,0,Ready,PROGRESS_IF_RECOVERED
WHSUM000153,U000153,PLAN000153,8,2,Completed,100,100,6.8,2,No,2.0,3.7,7,0,0,Ready,PROGRESS_IF_RECOVERED
WHSUM000154,U000154,PLAN000154,8,1,Completed,100,100,5.2,1,No,1.0,4.0,1,0,0,Ready,PROGRESS_IF_RECOVERED
WHSUM000155,U000155,PLAN000155,7,3,Skipped,0,0,,,No,,,0,0,7,Monitor,HOLD_AND_REVIEW_ADHERENCE
WHSUM000156,U000156,PLAN000156,7,2,Completed,100,100,6.7,3,No,2.0,4.0,1,0,0,Ready,PROGRESS_IF_RECOVERED
WHSUM000157,U000157,PLAN000157,7,1,Completed,100,100,4.8,1,No,1.0,3.7,6,0,0,Ready,PROGRESS_IF_RECOVERED
WHSUM000158,U000158,PLAN000158,8,2,Completed,100,100,7.8,4,No,3.0,3.6,3,2,0,Monitor,HOLD_OR_REDUCE_DEMAND
WHSUM000159,U000159,PLAN000159,8,2,Completed,100,100,8.0,3,No,3.0,3.6,2,3,0,Ready,PROGRESS_IF_RECOVERED
WHSUM000160,U000160,PLAN000160,4,4,Partial,100,100,7.3,2,No,2.7,3.7,5,2,0,Ready,PROGRESS_IF_RECOVERED
WHSUM000161,U000161,PLAN000161,6,2,Completed,100,100,5.4,1,No,1.0,3.6,7,0,0,Ready,PROGRESS_IF_RECOVERED
WHSUM000162,U000162,PLAN000162,4,3,Completed,100,100,5.0,1,No,1.0,3.7,7,0,0,Ready,PROGRESS_IF_RECOVERED
WHSUM000163,U000163,PLAN000163,8,2,Completed,100,100,6.8,2,No,2.0,3.8,4,0,0,Ready,PROGRESS_IF_RECOVERED
WHSUM000164,U000164,PLAN000164,4,4,Partial,100,100,7.0,2,No,2.0,3.0,1,0,0,Ready,PROGRESS_IF_RECOVERED
WHSUM000165,U000165,PLAN000165,8,2,Completed,100,100,7.0,2,No,2.4,3.1,5,0,2,Ready,PROGRESS_IF_RECOVERED
WHSUM000166,U000166,PLAN000166,4,2,Completed,100,100,6.7,3,No,2.0,3.8,4,0,0,Ready,PROGRESS_IF_RECOVERED
WHSUM000167,U000167,PLAN000167,8,2,Completed,100,100,8.0,3,No,3.0,3.5,1,1,0,Ready,PROGRESS_IF_RECOVERED
WHSUM000168,U000168,PLAN000168,8,2,Partial,100,100,8.0,5,Yes,3.2,3.0,2,1,1,Review,REVIEW_BEFORE_PROGRESSION
WHSUM000169,U000169,PLAN000169,4,3,Completed,100,100,6.8,2,No,2.0,3.8,5,0,0,Ready,PROGRESS_IF_RECOVERED
WHSUM000170,U000170,PLAN000170,8,2,Completed,100,100,7.0,2,No,2.4,3.6,5,0,0,Ready,PROGRESS_IF_RECOVERED
WHSUM000171,U000171,PLAN000171,4,1,Completed,100,100,7.7,4,No,3.0,4.0,1,0,0,Monitor,HOLD_OR_REDUCE_DEMAND
WHSUM000172,U000172,PLAN000172,5,2,Completed,100,100,8.4,3,No,3.6,3.4,0,5,0,Ready,MAINTAIN
WHSUM000173,U000173,PLAN000173,8,2,Completed,100,100,7.7,4,No,3.0,3.5,1,1,0,Monitor,HOLD_OR_REDUCE_DEMAND
WHSUM000174,U000174,PLAN000174,4,4,Completed,100,100,5.8,2,No,1.3,3.7,7,0,0,Ready,PROGRESS_IF_RECOVERED
WHSUM000175,U000175,PLAN000175,8,1,Completed,100,100,7.0,2,No,2.4,3.7,7,0,0,Ready,PROGRESS_IF_RECOVERED
WHSUM000176,U000176,PLAN000176,6,1,Completed,100,100,7.0,3,No,2.2,2.8,3,0,2,Ready,PROGRESS_IF_RECOVERED
WHSUM000177,U000177,PLAN000177,4,5,Skipped,0,0,,,No,,,0,0,2,Monitor,HOLD_AND_REVIEW_ADHERENCE
WHSUM000178,U000178,PLAN000178,4,1,Completed,100,100,8.0,3,No,3.0,3.7,2,5,0,Ready,PROGRESS_IF_RECOVERED
WHSUM000179,U000179,PLAN000179,6,3,Completed,100,100,6.6,3,No,2.0,3.6,5,0,0,Ready,PROGRESS_IF_RECOVERED
WHSUM000180,U000180,PLAN000180,4,2,Completed,100,100,8.8,3,No,4.0,2.5,0,1,1,Ready,HOLD_OR_REDUCE_DEMAND
WHSUM000181,U000181,PLAN000181,4,1,Completed,100,100,7.0,3,No,2.0,4.0,1,0,0,Ready,PROGRESS_IF_RECOVERED
WHSUM000182,U000182,PLAN000182,5,2,Completed,100,100,6.7,3,No,2.0,3.7,6,0,0,Monitor,PROGRESS_IF_RECOVERED
WHSUM000183,U000183,PLAN000183,8,2,Completed,100,100,7.0,2,No,2.5,3.2,3,0,1,Ready,PROGRESS_IF_RECOVERED
WHSUM000184,U000184,PLAN000184,5,4,Completed,100,100,7.0,2,No,2.4,3.7,7,0,0,Ready,PROGRESS_IF_RECOVERED
WHSUM000185,U000185,PLAN000185,5,3,Completed,100,100,8.2,4,Yes,3.5,2.5,1,0,1,Review,REVIEW_BEFORE_PROGRESSION
WHSUM000186,U000186,PLAN000186,5,2,Partial,100,100,8.7,4,No,4.0,3.0,0,2,1,Monitor,HOLD_OR_REDUCE_DEMAND
WHSUM000187,U000187,PLAN000187,4,2,Completed,100,100,5.4,2,No,1.0,3.8,5,0,0,Ready,PROGRESS_IF_RECOVERED
WHSUM000188,U000188,PLAN000188,3,4,Completed,100,100,8.6,3,No,4.0,3.0,0,3,1,Ready,HOLD_OR_REDUCE_DEMAND
WHSUM000189,U000189,PLAN000189,6,2,Completed,100,100,7.7,4,No,3.0,3.7,5,2,0,Monitor,HOLD_OR_REDUCE_DEMAND
WHSUM000190,U000190,PLAN000190,5,1,Completed,100,100,7.4,3,No,3.0,4.0,2,0,0,Ready,PROGRESS_IF_RECOVERED
WHSUM000191,U000191,PLAN000191,5,4,Completed,100,100,7.5,3,No,3.0,3.5,4,0,0,Ready,PROGRESS_IF_RECOVERED
WHSUM000192,U000192,PLAN000192,5,3,Skipped,0,0,,,No,,,0,0,5,Monitor,HOLD_AND_REVIEW_ADHERENCE
WHSUM000193,U000193,PLAN000193,8,2,Partial,100,100,8.8,4,No,4.0,3.0,0,1,3,Monitor,HOLD_OR_REDUCE_DEMAND
WHSUM000194,U000194,PLAN000194,5,1,Completed,100,100,8.0,3,No,3.0,2.5,0,1,1,Ready,PROGRESS_IF_RECOVERED
WHSUM000195,U000195,PLAN000195,4,1,Partial,100,100,6.0,3,No,2.0,4.0,1,0,0,Ready,PROGRESS_IF_RECOVERED
WHSUM000196,U000196,PLAN000196,8,1,Completed,100,100,6.7,3,No,2.0,3.8,5,0,0,Ready,PROGRESS_IF_RECOVERED
WHSUM000197,U000197,PLAN000197,6,1,Completed,100,100,7.8,3,No,3.0,3.0,1,0,0,Ready,PROGRESS_IF_RECOVERED
WHSUM000198,U000198,PLAN000198,5,4,Completed,100,100,7.4,2,No,3.0,3.7,6,0,0,Ready,PROGRESS_IF_RECOVERED
WHSUM000199,U000199,PLAN000199,8,2,Completed,100,100,6.7,2,No,2.0,3.8,4,0,0,Ready,PROGRESS_IF_RECOVERED
WHSUM000200,U000200,PLAN000200,3,6,Partial,100,100,7.0,2,No,2.3,3.7,5,1,0,Ready,PROGRESS_IF_RECOVERED
WHSUM000201,U000201,PLAN000201,8,2,Completed,100,100,8.6,3,No,4.0,3.0,0,4,2,Ready,HOLD_OR_REDUCE_DEMAND
WHSUM000202,U000202,PLAN000202,6,1,Completed,100,100,8.7,3,No,4.0,3.0,0,2,1,Ready,HOLD_OR_REDUCE_DEMAND
WHSUM000203,U000203,PLAN000203,5,2,Completed,100,100,7.7,4,No,3.0,3.6,4,3,0,Monitor,HOLD_OR_REDUCE_DEMAND
WHSUM000204,U000204,PLAN000204,6,1,Completed,100,100,4.7,1,No,1.0,3.6,5,0,0,Ready,PROGRESS_IF_RECOVERED
WHSUM000205,U000205,PLAN000205,7,2,Completed,100,100,8.0,3,No,3.0,3.0,2,2,2,Ready,PROGRESS_IF_RECOVERED
WHSUM000206,U000206,PLAN000206,8,2,Skipped,0,0,,,No,,,0,0,6,Monitor,HOLD_AND_REVIEW_ADHERENCE
WHSUM000207,U000207,PLAN000207,8,2,Skipped,0,0,,,No,,,0,0,7,Monitor,HOLD_AND_REVIEW_ADHERENCE
WHSUM000208,U000208,PLAN000208,4,2,Completed,100,100,5.7,3,No,1.3,3.7,7,0,0,Monitor,PROGRESS_IF_RECOVERED
WHSUM000209,U000209,PLAN000209,4,4,Skipped,0,0,,,No,,,0,0,1,Monitor,HOLD_AND_REVIEW_ADHERENCE
WHSUM000210,U000210,PLAN000210,5,2,Skipped,0,0,,,No,,,0,0,6,Monitor,HOLD_AND_REVIEW_ADHERENCE
WHSUM000211,U000211,PLAN000211,5,1,Completed,100,100,6.0,2,No,1.7,3.7,7,0,0,Ready,PROGRESS_IF_RECOVERED
WHSUM000212,U000212,PLAN000212,5,4,Completed,100,100,7.7,4,No,3.0,3.6,3,2,0,Monitor,HOLD_OR_REDUCE_DEMAND
WHSUM000213,U000213,PLAN000213,4,4,Partial,100,100,5.4,1,No,1.0,3.5,2,0,0,Ready,PROGRESS_IF_RECOVERED
WHSUM000214,U000214,PLAN000214,4,3,Completed,100,100,8.1,3,No,3.0,4.0,0,2,0,Ready,PROGRESS_IF_RECOVERED
WHSUM000215,U000215,PLAN000215,3,5,Completed,100,100,7.8,3,No,3.0,3.7,4,2,0,Ready,PROGRESS_IF_RECOVERED
WHSUM000216,U000216,PLAN000216,6,1,Completed,100,100,7.8,3,No,3.0,4.0,1,0,0,Ready,PROGRESS_IF_RECOVERED
WHSUM000217,U000217,PLAN000217,4,4,Partial,100,100,7.0,2,No,2.3,3.1,3,2,2,Ready,PROGRESS_IF_RECOVERED
WHSUM000218,U000218,PLAN000218,5,1,Completed,100,100,7.7,4,No,3.0,3.6,4,3,0,Monitor,HOLD_OR_REDUCE_DEMAND
WHSUM000219,U000219,PLAN000219,4,5,Completed,100,100,7.0,2,No,2.4,3.6,5,0,0,Ready,PROGRESS_IF_RECOVERED
WHSUM000220,U000220,PLAN000220,8,2,Completed,100,100,5.0,1,No,1.0,3.0,2,0,1,Ready,PROGRESS_IF_RECOVERED
WHSUM000221,U000221,PLAN000221,3,6,Completed,100,100,5.7,2,No,1.3,3.6,7,0,0,Ready,PROGRESS_IF_RECOVERED
WHSUM000222,U000222,PLAN000222,5,1,Completed,100,100,8.0,3,No,3.0,3.6,2,3,0,Ready,PROGRESS_IF_RECOVERED
WHSUM000223,U000223,PLAN000223,3,4,Completed,100,100,7.7,4,No,3.0,3.7,5,2,0,Monitor,HOLD_OR_REDUCE_DEMAND
WHSUM000224,U000224,PLAN000224,8,1,Completed,100,100,8.7,3,No,4.0,2.9,0,4,3,Ready,HOLD_OR_REDUCE_DEMAND
WHSUM000225,U000225,PLAN000225,6,1,Completed,100,100,5.0,1,No,1.0,3.7,7,0,0,Ready,PROGRESS_IF_RECOVERED
WHSUM000226,U000226,PLAN000226,4,2,Completed,100,100,6.8,2,No,2.0,3.7,3,0,0,Ready,PROGRESS_IF_RECOVERED
WHSUM000227,U000227,PLAN000227,8,2,Completed,100,100,7.0,2,No,2.4,3.0,5,0,2,Ready,PROGRESS_IF_RECOVERED
WHSUM000228,U000228,PLAN000228,5,2,Completed,100,100,5.0,1,No,1.0,3.0,4,0,2,Ready,PROGRESS_IF_RECOVERED
WHSUM000229,U000229,PLAN000229,8,2,Completed,100,100,8.7,3,No,4.0,3.2,0,2,3,Ready,HOLD_OR_REDUCE_DEMAND
WHSUM000230,U000230,PLAN000230,6,1,Completed,100,100,6.8,2,No,2.0,3.0,1,0,0,Ready,PROGRESS_IF_RECOVERED
WHSUM000231,U000231,PLAN000231,4,4,Completed,100,100,7.3,2,No,3.0,4.0,1,0,0,Ready,PROGRESS_IF_RECOVERED
WHSUM000232,U000232,PLAN000232,4,3,Partial,100,100,6.8,2,No,2.0,3.8,4,1,0,Ready,PROGRESS_IF_RECOVERED
WHSUM000233,U000233,PLAN000233,4,5,Completed,100,100,5.1,1,No,1.0,3.5,2,0,0,Ready,PROGRESS_IF_RECOVERED
WHSUM000234,U000234,PLAN000234,4,4,Completed,100,100,7.7,3,No,3.0,3.7,4,2,0,Ready,PROGRESS_IF_RECOVERED
WHSUM000235,U000235,PLAN000235,8,2,Completed,100,100,6.0,2,No,1.7,3.1,5,0,2,Ready,PROGRESS_IF_RECOVERED
WHSUM000236,U000236,PLAN000236,3,5,Completed,100,100,6.9,2,No,2.0,3.5,2,0,0,Ready,PROGRESS_IF_RECOVERED
WHSUM000237,U000237,PLAN000237,3,4,Completed,100,100,6.7,2,No,2.0,3.7,6,0,0,Ready,PROGRESS_IF_RECOVERED
WHSUM000238,U000238,PLAN000238,8,1,Completed,100,100,8.0,3,No,3.0,4.0,1,1,0,Ready,PROGRESS_IF_RECOVERED
WHSUM000239,U000239,PLAN000239,4,3,Partial,100,100,7.3,2,No,2.7,3.7,3,0,0,Ready,PROGRESS_IF_RECOVERED
WHSUM000240,U000240,PLAN000240,7,2,Completed,100,100,7.8,3,No,3.0,3.7,5,2,0,Ready,PROGRESS_IF_RECOVERED
WHSUM000241,U000241,PLAN000241,4,1,Partial,100,100,6.1,2,No,2.0,4.0,2,0,0,Ready,PROGRESS_IF_RECOVERED
WHSUM000242,U000242,PLAN000242,5,2,Completed,100,100,8.4,3,No,3.7,3.1,0,4,3,Ready,MAINTAIN
WHSUM000243,U000243,PLAN000243,8,2,Completed,100,100,4.8,1,No,1.0,3.6,5,0,0,Ready,PROGRESS_IF_RECOVERED
WHSUM000244,U000244,PLAN000244,4,1,Completed,100,100,7.0,3,No,2.3,3.7,7,0,0,Ready,PROGRESS_IF_RECOVERED
WHSUM000245,U000245,PLAN000245,8,2,Partial,100,100,7.7,3,No,3.0,3.6,3,2,0,Ready,PROGRESS_IF_RECOVERED
WHSUM000246,U000246,PLAN000246,7,3,Completed,100,100,6.1,3,Yes,2.0,1.0,0,0,1,Review,REVIEW_BEFORE_PROGRESSION
WHSUM000247,U000247,PLAN000247,8,2,Completed,100,100,6.0,3,No,1.6,3.0,3,0,2,Ready,PROGRESS_IF_RECOVERED
WHSUM000248,U000248,PLAN000248,7,1,Completed,100,100,6.8,2,No,2.0,3.6,5,0,0,Ready,PROGRESS_IF_RECOVERED
WHSUM000249,U000249,PLAN000249,6,3,Completed,100,100,6.0,2,No,1.6,3.7,7,0,0,Ready,PROGRESS_IF_RECOVERED
WHSUM000250,U000250,PLAN000250,8,2,Completed,100,100,7.0,2,No,2.4,3.8,5,0,0,Ready,PROGRESS_IF_RECOVERED
WHSUM000251,U000251,PLAN000251,6,1,Completed,100,100,7.7,3,No,3.0,3.6,4,1,0,Ready,PROGRESS_IF_RECOVERED
WHSUM000252,U000252,PLAN000252,6,2,Completed,100,100,4.9,1,No,1.0,3.5,2,0,0,Ready,PROGRESS_IF_RECOVERED
WHSUM000253,U000253,PLAN000253,5,1,Completed,100,100,7.4,4,No,3.0,3.7,7,0,0,Monitor,HOLD_OR_REDUCE_DEMAND
WHSUM000254,U000254,PLAN000254,8,2,Completed,100,100,6.8,2,No,2.0,3.7,6,0,0,Ready,PROGRESS_IF_RECOVERED
WHSUM000255,U000255,PLAN000255,8,2,Completed,100,100,7.0,2,No,2.5,3.5,2,0,0,Ready,PROGRESS_IF_RECOVERED
WHSUM000256,U000256,PLAN000256,3,6,Completed,100,100,5.7,2,No,1.3,3.7,7,0,0,Ready,PROGRESS_IF_RECOVERED
WHSUM000257,U000257,PLAN000257,6,2,Partial,100,100,8.0,3,No,3.0,3.0,2,2,2,Ready,PROGRESS_IF_RECOVERED
WHSUM000258,U000258,PLAN000258,4,1,Completed,100,100,7.1,2,No,2.5,2.5,1,0,1,Ready,PROGRESS_IF_RECOVERED
WHSUM000259,U000259,PLAN000259,8,2,Completed,100,100,4.8,1,No,1.0,3.7,3,0,0,Ready,PROGRESS_IF_RECOVERED
WHSUM000260,U000260,PLAN000260,7,3,Completed,100,100,7.0,3,No,2.0,3.0,1,0,0,Ready,PROGRESS_IF_RECOVERED
WHSUM000261,U000261,PLAN000261,4,5,Completed,100,100,4.8,1,No,1.0,4.0,1,0,0,Ready,PROGRESS_IF_RECOVERED
WHSUM000262,U000262,PLAN000262,4,4,Completed,100,100,6.8,2,No,2.0,3.7,3,0,0,Ready,PROGRESS_IF_RECOVERED
WHSUM000263,U000263,PLAN000263,3,6,Partial,100,100,8.0,3,No,3.0,3.7,2,4,0,Ready,PROGRESS_IF_RECOVERED
WHSUM000264,U000264,PLAN000264,6,2,Completed,100,100,5.7,3,No,1.3,3.7,6,0,0,Monitor,PROGRESS_IF_RECOVERED
WHSUM000265,U000265,PLAN000265,6,1,Completed,100,100,7.6,3,No,3.0,4.0,2,0,0,Ready,PROGRESS_IF_RECOVERED
WHSUM000266,U000266,PLAN000266,6,2,Completed,100,100,7.0,2,No,2.3,3.6,7,0,0,Ready,PROGRESS_IF_RECOVERED
WHSUM000267,U000267,PLAN000267,6,1,Partial,100,100,6.5,2,No,2.0,4.0,1,0,0,Ready,PROGRESS_IF_RECOVERED
WHSUM000268,U000268,PLAN000268,4,2,Completed,100,100,7.0,2,No,2.2,3.8,4,0,0,Ready,PROGRESS_IF_RECOVERED
WHSUM000269,U000269,PLAN000269,5,3,Completed,100,100,7.4,2,No,3.0,3.6,5,0,0,Ready,PROGRESS_IF_RECOVERED
WHSUM000270,U000270,PLAN000270,5,2,Completed,100,100,7.0,3,No,2.0,4.0,1,0,0,Ready,PROGRESS_IF_RECOVERED
WHSUM000271,U000271,PLAN000271,3,5,Completed,100,100,6.8,3,No,2.0,4.0,1,0,0,Ready,PROGRESS_IF_RECOVERED
WHSUM000272,U000272,PLAN000272,3,4,Completed,100,100,7.7,3,No,3.0,3.5,3,1,0,Ready,PROGRESS_IF_RECOVERED
WHSUM000273,U000273,PLAN000273,4,4,Completed,100,100,4.8,1,No,1.0,3.7,3,0,0,Ready,PROGRESS_IF_RECOVERED
WHSUM000274,U000274,PLAN000274,7,3,Completed,100,100,5.8,3,No,1.5,4.0,2,0,0,Monitor,PROGRESS_IF_RECOVERED
WHSUM000275,U000275,PLAN000275,5,4,Completed,100,100,7.7,3,No,3.0,3.5,1,1,0,Ready,PROGRESS_IF_RECOVERED
WHSUM000276,U000276,PLAN000276,5,3,Partial,100,100,6.8,2,No,2.0,3.7,2,1,0,Ready,PROGRESS_IF_RECOVERED
WHSUM000277,U000277,PLAN000277,5,2,Completed,100,100,7.0,2,No,2.4,3.8,5,0,0,Ready,PROGRESS_IF_RECOVERED
WHSUM000278,U000278,PLAN000278,4,2,Completed,100,100,6.8,2,No,2.0,3.6,7,0,0,Ready,PROGRESS_IF_RECOVERED
WHSUM000279,U000279,PLAN000279,6,1,Partial,100,100,7.7,4,No,3.0,3.7,4,3,0,Monitor,HOLD_OR_REDUCE_DEMAND
WHSUM000280,U000280,PLAN000280,6,2,Completed,100,100,7.2,3,Yes,2.5,3.2,5,0,1,Review,REVIEW_BEFORE_PROGRESSION
WHSUM000281,U000281,PLAN000281,4,3,Completed,100,100,8.8,4,No,4.0,2.5,0,0,2,Monitor,HOLD_OR_REDUCE_DEMAND
WHSUM000282,U000282,PLAN000282,8,2,Completed,100,100,6.0,2,No,1.7,3.7,6,0,0,Ready,PROGRESS_IF_RECOVERED
WHSUM000283,U000283,PLAN000283,4,4,Completed,100,100,5.7,3,No,1.2,3.8,4,0,0,Monitor,PROGRESS_IF_RECOVERED
WHSUM000284,U000284,PLAN000284,8,2,Completed,100,100,8.0,3,No,3.0,3.0,0,1,0,Ready,PROGRESS_IF_RECOVERED
WHSUM000285,U000285,PLAN000285,5,1,Partial,100,100,7.9,5,Yes,3.1,3.3,4,2,1,Review,REVIEW_BEFORE_PROGRESSION
WHSUM000286,U000286,PLAN000286,8,2,Completed,100,100,8.7,3,No,4.0,3.0,0,2,5,Ready,HOLD_OR_REDUCE_DEMAND
WHSUM000287,U000287,PLAN000287,8,2,Completed,100,100,7.2,2,No,3.0,3.0,1,0,0,Ready,PROGRESS_IF_RECOVERED
WHSUM000288,U000288,PLAN000288,8,2,Completed,100,100,6.0,2,No,1.6,3.6,5,0,0,Ready,PROGRESS_IF_RECOVERED
WHSUM000289,U000289,PLAN000289,4,5,Partial,100,100,4.9,1,No,1.0,4.0,2,0,0,Ready,PROGRESS_IF_RECOVERED
WHSUM000290,U000290,PLAN000290,7,1,Completed,100,100,7.0,2,No,2.3,3.6,7,0,0,Ready,PROGRESS_IF_RECOVERED
WHSUM000291,U000291,PLAN000291,6,3,Skipped,0,0,,,No,,,0,0,5,Monitor,HOLD_AND_REVIEW_ADHERENCE
WHSUM000292,U000292,PLAN000292,4,2,Completed,100,100,7.8,3,No,3.0,3.8,3,2,0,Ready,PROGRESS_IF_RECOVERED
WHSUM000293,U000293,PLAN000293,4,4,Completed,100,100,8.0,3,No,3.0,3.6,2,5,0,Ready,PROGRESS_IF_RECOVERED
WHSUM000294,U000294,PLAN000294,6,2,Completed,100,100,5.7,2,No,1.2,3.8,4,0,0,Ready,PROGRESS_IF_RECOVERED
WHSUM000295,U000295,PLAN000295,6,1,Completed,100,100,5.8,2,No,1.3,3.7,6,0,0,Ready,PROGRESS_IF_RECOVERED
WHSUM000296,U000296,PLAN000296,7,2,Completed,100,100,7.0,2,No,2.3,3.6,7,0,0,Ready,PROGRESS_IF_RECOVERED
WHSUM000297,U000297,PLAN000297,4,1,Completed,100,100,5.8,2,No,1.4,3.6,5,0,0,Ready,PROGRESS_IF_RECOVERED
WHSUM000298,U000298,PLAN000298,4,3,Partial,100,100,5.0,1,No,1.0,3.8,3,1,0,Ready,PROGRESS_IF_RECOVERED
WHSUM000299,U000299,PLAN000299,4,2,Completed,100,100,7.8,3,No,3.0,3.6,5,2,0,Ready,PROGRESS_IF_RECOVERED
WHSUM000300,U000300,PLAN000300,3,4,Completed,100,100,7.6,4,No,3.0,3.6,4,1,0,Monitor,HOLD_OR_REDUCE_DEMAND
WHSUM000301,U000301,PLAN000301,8,1,Completed,100,100,8.0,3,No,3.0,3.7,2,5,0,Ready,PROGRESS_IF_RECOVERED
WHSUM000302,U000302,PLAN000302,7,3,Completed,100,100,5.1,1,No,1.0,3.5,2,0,0,Ready,PROGRESS_IF_RECOVERED
WHSUM000303,U000303,PLAN000303,8,2,Completed,100,100,7.8,3,No,3.0,3.8,2,2,0,Ready,PROGRESS_IF_RECOVERED
WHSUM000304,U000304,PLAN000304,4,1,Completed,100,100,7.0,2,No,2.4,3.8,5,0,0,Ready,PROGRESS_IF_RECOVERED
WHSUM000305,U000305,PLAN000305,3,6,Completed,100,100,6.7,2,No,2.0,3.6,5,0,0,Ready,PROGRESS_IF_RECOVERED
WHSUM000306,U000306,PLAN000306,8,2,Completed,100,100,6.8,2,No,2.0,3.5,2,0,0,Ready,PROGRESS_IF_RECOVERED
WHSUM000307,U000307,PLAN000307,4,4,Completed,100,100,7.0,2,No,2.3,3.7,6,0,0,Ready,PROGRESS_IF_RECOVERED
WHSUM000308,U000308,PLAN000308,8,1,Completed,100,100,7.7,3,No,3.0,3.6,4,3,0,Ready,PROGRESS_IF_RECOVERED
WHSUM000309,U000309,PLAN000309,4,3,Completed,100,100,7.0,2,No,2.3,3.1,5,0,2,Ready,PROGRESS_IF_RECOVERED
WHSUM000310,U000310,PLAN000310,8,2,Completed,100,100,7.0,2,No,2.5,4.0,2,0,0,Ready,PROGRESS_IF_RECOVERED
WHSUM000311,U000311,PLAN000311,8,2,Completed,100,100,6.8,2,No,2.0,3.5,2,0,0,Ready,PROGRESS_IF_RECOVERED
WHSUM000312,U000312,PLAN000312,5,2,Partial,100,100,7.0,2,No,2.5,3.8,3,1,0,Ready,PROGRESS_IF_RECOVERED
WHSUM000313,U000313,PLAN000313,6,2,Completed,100,100,5.6,2,No,1.0,4.0,2,0,0,Ready,PROGRESS_IF_RECOVERED
WHSUM000314,U000314,PLAN000314,6,1,Completed,100,100,7.6,3,No,3.0,3.5,2,0,0,Ready,PROGRESS_IF_RECOVERED
WHSUM000315,U000315,PLAN000315,8,2,Completed,100,100,7.7,4,No,3.0,3.7,4,3,0,Monitor,HOLD_OR_REDUCE_DEMAND
WHSUM000316,U000316,PLAN000316,5,1,Partial,100,100,6.8,2,No,2.0,3.7,5,1,0,Ready,PROGRESS_IF_RECOVERED
WHSUM000317,U000317,PLAN000317,5,4,Completed,100,100,5.0,1,No,1.0,3.0,1,0,0,Ready,PROGRESS_IF_RECOVERED
WHSUM000318,U000318,PLAN000318,4,1,Completed,100,100,7.0,2,No,2.3,3.7,7,0,0,Ready,PROGRESS_IF_RECOVERED
WHSUM000319,U000319,PLAN000319,4,3,Completed,100,100,7.8,3,No,3.0,3.8,3,2,0,Ready,PROGRESS_IF_RECOVERED
WHSUM000320,U000320,PLAN000320,6,2,Completed,100,100,5.8,2,No,1.3,3.7,3,0,0,Ready,PROGRESS_IF_RECOVERED
WHSUM000321,U000321,PLAN000321,6,1,Partial,100,100,8.0,3,No,3.0,3.6,2,3,0,Ready,PROGRESS_IF_RECOVERED
WHSUM000322,U000322,PLAN000322,8,1,Completed,100,100,8.7,4,No,4.0,3.5,0,1,1,Monitor,HOLD_OR_REDUCE_DEMAND
WHSUM000323,U000323,PLAN000323,7,3,Completed,100,100,6.8,3,No,2.0,3.6,5,0,0,Monitor,PROGRESS_IF_RECOVERED
WHSUM000324,U000324,PLAN000324,8,2,Completed,100,100,6.8,2,No,2.0,3.6,5,0,0,Ready,PROGRESS_IF_RECOVERED
WHSUM000325,U000325,PLAN000325,4,1,Completed,100,100,4.8,1,No,1.0,3.7,7,0,0,Ready,PROGRESS_IF_RECOVERED
WHSUM000326,U000326,PLAN000326,3,6,Completed,100,100,7.0,2,No,2.2,3.6,5,0,0,Ready,PROGRESS_IF_RECOVERED
WHSUM000327,U000327,PLAN000327,8,2,Completed,100,100,6.8,2,No,2.0,3.8,4,0,0,Ready,PROGRESS_IF_RECOVERED
WHSUM000328,U000328,PLAN000328,3,4,Completed,100,100,4.7,1,No,1.0,3.8,4,0,0,Ready,PROGRESS_IF_RECOVERED
WHSUM000329,U000329,PLAN000329,4,4,Skipped,0,0,,,No,,,0,0,7,Monitor,HOLD_AND_REVIEW_ADHERENCE
WHSUM000330,U000330,PLAN000330,8,2,Completed,100,100,6.8,2,No,2.0,3.7,7,0,0,Ready,PROGRESS_IF_RECOVERED
WHSUM000331,U000331,PLAN000331,5,4,Skipped,0,0,,,No,,,0,0,7,Monitor,HOLD_AND_REVIEW_ADHERENCE
WHSUM000332,U000332,PLAN000332,5,3,Completed,100,100,8.0,3,No,3.0,2.8,0,3,2,Ready,PROGRESS_IF_RECOVERED
WHSUM000333,U000333,PLAN000333,3,6,Completed,100,100,7.6,4,No,3.0,3.6,4,1,0,Monitor,HOLD_OR_REDUCE_DEMAND
WHSUM000334,U000334,PLAN000334,3,5,Partial,100,100,5.0,1,No,1.0,3.8,5,0,0,Ready,PROGRESS_IF_RECOVERED
WHSUM000335,U000335,PLAN000335,8,2,Completed,100,100,6.8,2,No,2.0,3.6,5,0,0,Ready,PROGRESS_IF_RECOVERED
WHSUM000336,U000336,PLAN000336,8,2,Completed,100,100,7.8,4,No,3.0,3.7,4,3,0,Monitor,HOLD_OR_REDUCE_DEMAND
WHSUM000337,U000337,PLAN000337,6,1,Completed,100,100,6.0,2,No,1.7,3.7,6,0,0,Ready,PROGRESS_IF_RECOVERED
WHSUM000338,U000338,PLAN000338,4,2,Skipped,0,0,,,No,,,0,0,1,Monitor,HOLD_AND_REVIEW_ADHERENCE
WHSUM000339,U000339,PLAN000339,4,4,Completed,100,100,7.7,4,No,3.0,3.7,5,2,0,Monitor,HOLD_OR_REDUCE_DEMAND
WHSUM000340,U000340,PLAN000340,6,3,Skipped,0,0,,,No,,,0,0,1,Monitor,HOLD_AND_REVIEW_ADHERENCE
WHSUM000341,U000341,PLAN000341,8,2,Completed,100,100,7.0,2,No,2.0,3.0,1,0,0,Ready,PROGRESS_IF_RECOVERED
WHSUM000342,U000342,PLAN000342,8,2,Completed,100,100,8.2,3,No,3.0,4.0,0,1,0,Ready,PROGRESS_IF_RECOVERED
WHSUM000343,U000343,PLAN000343,8,2,Completed,100,100,6.0,2,No,1.5,3.0,1,0,1,Ready,PROGRESS_IF_RECOVERED
WHSUM000344,U000344,PLAN000344,7,3,Completed,100,100,7.7,4,No,3.0,3.0,1,0,0,Monitor,HOLD_OR_REDUCE_DEMAND
WHSUM000345,U000345,PLAN000345,5,4,Completed,100,100,7.2,2,No,3.0,4.0,1,0,0,Ready,PROGRESS_IF_RECOVERED
WHSUM000346,U000346,PLAN000346,5,3,Completed,100,100,7.1,3,Yes,2.3,2.7,2,0,1,Review,REVIEW_BEFORE_PROGRESSION
WHSUM000347,U000347,PLAN000347,8,2,Completed,100,100,6.8,2,No,2.0,3.7,3,0,0,Ready,PROGRESS_IF_RECOVERED
WHSUM000348,U000348,PLAN000348,4,2,Completed,100,100,7.0,2,No,2.0,4.0,1,0,0,Ready,PROGRESS_IF_RECOVERED
WHSUM000349,U000349,PLAN000349,4,1,Completed,100,100,6.8,2,No,2.0,3.7,7,0,0,Ready,PROGRESS_IF_RECOVERED
WHSUM000350,U000350,PLAN000350,5,2,Completed,100,100,7.2,2,No,3.0,3.0,1,0,0,Ready,PROGRESS_IF_RECOVERED
WHSUM000351,U000351,PLAN000351,4,3,Partial,100,100,6.7,3,No,2.0,4.0,1,0,0,Monitor,PROGRESS_IF_RECOVERED
WHSUM000352,U000352,PLAN000352,5,4,Completed,100,100,7.7,3,No,3.0,4.0,1,1,0,Ready,PROGRESS_IF_RECOVERED
WHSUM000353,U000353,PLAN000353,8,2,Partial,100,100,6.0,2,No,1.6,3.6,4,1,0,Ready,PROGRESS_IF_RECOVERED
WHSUM000354,U000354,PLAN000354,3,6,Completed,100,100,7.2,2,No,2.5,3.8,4,0,0,Ready,PROGRESS_IF_RECOVERED
WHSUM000355,U000355,PLAN000355,8,2,Partial,100,100,7.7,3,No,3.0,3.7,3,4,0,Ready,PROGRESS_IF_RECOVERED
WHSUM000356,U000356,PLAN000356,8,2,Partial,100,100,7.7,4,No,3.0,3.6,3,4,0,Monitor,HOLD_OR_REDUCE_DEMAND
WHSUM000357,U000357,PLAN000357,8,2,Completed,100,100,6.8,2,No,2.0,3.7,6,0,0,Ready,PROGRESS_IF_RECOVERED
WHSUM000358,U000358,PLAN000358,6,1,Completed,100,100,7.5,3,No,3.0,4.0,1,0,0,Ready,PROGRESS_IF_RECOVERED
WHSUM000359,U000359,PLAN000359,4,2,Completed,100,100,7.1,2,No,2.5,3.5,2,0,0,Ready,PROGRESS_IF_RECOVERED
WHSUM000360,U000360,PLAN000360,5,3,Completed,100,100,7.7,3,No,3.0,3.7,4,2,0,Ready,PROGRESS_IF_RECOVERED
WHSUM000361,U000361,PLAN000361,5,2,Completed,100,100,7.0,2,No,2.5,3.0,1,0,1,Ready,PROGRESS_IF_RECOVERED
WHSUM000362,U000362,PLAN000362,5,1,Partial,100,100,8.2,3,No,3.0,3.0,0,1,0,Ready,PROGRESS_IF_RECOVERED
WHSUM000363,U000363,PLAN000363,4,1,Completed,100,100,7.7,4,No,3.0,3.7,5,2,0,Monitor,HOLD_OR_REDUCE_DEMAND
WHSUM000364,U000364,PLAN000364,8,2,Completed,100,100,7.2,3,No,3.0,4.0,1,0,0,Ready,PROGRESS_IF_RECOVERED
WHSUM000365,U000365,PLAN000365,6,1,Completed,100,100,8.5,3,No,3.7,3.3,0,6,0,Ready,MAINTAIN
WHSUM000366,U000366,PLAN000366,7,2,Completed,100,100,7.6,3,No,3.0,4.0,1,0,0,Ready,PROGRESS_IF_RECOVERED
WHSUM000367,U000367,PLAN000367,7,1,Completed,100,100,7.0,2,No,2.0,4.0,1,0,0,Ready,PROGRESS_IF_RECOVERED
WHSUM000368,U000368,PLAN000368,5,2,Completed,100,100,6.8,2,No,2.0,3.5,4,0,0,Ready,PROGRESS_IF_RECOVERED
WHSUM000369,U000369,PLAN000369,6,2,Partial,100,100,7.0,2,No,2.3,3.7,6,0,0,Ready,PROGRESS_IF_RECOVERED
WHSUM000370,U000370,PLAN000370,6,1,Completed,100,100,7.6,4,No,3.0,3.8,3,1,0,Monitor,HOLD_OR_REDUCE_DEMAND
WHSUM000371,U000371,PLAN000371,8,1,Completed,100,100,7.7,3,No,3.0,3.7,2,1,0,Ready,PROGRESS_IF_RECOVERED
WHSUM000372,U000372,PLAN000372,5,1,Completed,100,100,8.0,3,No,3.0,2.5,0,1,1,Ready,PROGRESS_IF_RECOVERED
WHSUM000373,U000373,PLAN000373,7,2,Completed,100,100,8.1,3,No,3.0,3.0,0,1,1,Ready,PROGRESS_IF_RECOVERED
WHSUM000374,U000374,PLAN000374,8,2,Completed,100,100,7.7,3,No,3.0,3.7,4,2,0,Ready,PROGRESS_IF_RECOVERED
WHSUM000375,U000375,PLAN000375,5,2,Skipped,0,0,,,No,,,0,0,7,Monitor,HOLD_AND_REVIEW_ADHERENCE
WHSUM000376,U000376,PLAN000376,6,2,Completed,100,100,7.4,3,No,3.0,3.7,7,0,0,Ready,PROGRESS_IF_RECOVERED
WHSUM000377,U000377,PLAN000377,8,2,Completed,100,100,7.7,3,No,3.0,3.6,7,0,0,Ready,PROGRESS_IF_RECOVERED
WHSUM000378,U000378,PLAN000378,8,2,Completed,100,100,6.0,2,No,1.6,3.6,5,0,0,Ready,PROGRESS_IF_RECOVERED
WHSUM000379,U000379,PLAN000379,6,1,Completed,100,100,7.8,3,No,3.0,3.7,4,2,0,Ready,PROGRESS_IF_RECOVERED
WHSUM000380,U000380,PLAN000380,5,4,Completed,100,100,6.2,2,No,2.0,3.0,1,0,0,Ready,PROGRESS_IF_RECOVERED
WHSUM000381,U000381,PLAN000381,8,2,Skipped,0,0,,,No,,,0,0,5,Monitor,HOLD_AND_REVIEW_ADHERENCE
WHSUM000382,U000382,PLAN000382,8,2,Skipped,0,0,,,No,,,0,0,6,Monitor,HOLD_AND_REVIEW_ADHERENCE
WHSUM000383,U000383,PLAN000383,5,1,Completed,100,100,7.2,2,No,3.0,3.0,1,0,0,Ready,PROGRESS_IF_RECOVERED
WHSUM000384,U000384,PLAN000384,3,4,Partial,100,100,8.2,4,No,3.3,3.7,0,7,0,Monitor,HOLD_OR_REDUCE_DEMAND
WHSUM000385,U000385,PLAN000385,8,1,Completed,100,100,5.7,2,No,1.3,3.7,3,0,0,Ready,PROGRESS_IF_RECOVERED
WHSUM000386,U000386,PLAN000386,8,2,Partial,100,100,7.0,2,No,2.5,3.5,3,1,0,Ready,PROGRESS_IF_RECOVERED
WHSUM000387,U000387,PLAN000387,7,2,Completed,100,100,7.8,3,No,3.0,3.6,3,2,0,Ready,PROGRESS_IF_RECOVERED
WHSUM000388,U000388,PLAN000388,5,3,Skipped,0,0,,,No,,,0,0,2,Monitor,HOLD_AND_REVIEW_ADHERENCE
WHSUM000389,U000389,PLAN000389,4,3,Completed,100,100,8.0,3,No,3.0,3.0,0,1,0,Ready,PROGRESS_IF_RECOVERED
WHSUM000390,U000390,PLAN000390,6,2,Completed,100,100,7.4,2,No,3.0,4.0,1,0,0,Ready,PROGRESS_IF_RECOVERED
WHSUM000391,U000391,PLAN000391,4,1,Completed,100,100,8.0,4,No,3.0,3.0,1,2,2,Monitor,HOLD_OR_REDUCE_DEMAND
WHSUM000392,U000392,PLAN000392,6,2,Partial,100,100,7.0,2,No,2.2,3.6,4,1,0,Ready,PROGRESS_IF_RECOVERED
WHSUM000393,U000393,PLAN000393,5,1,Completed,100,100,6.8,2,No,2.0,3.5,2,0,0,Ready,PROGRESS_IF_RECOVERED
WHSUM000394,U000394,PLAN000394,5,4,Completed,100,100,7.7,4,No,3.0,3.7,2,1,0,Monitor,HOLD_OR_REDUCE_DEMAND
WHSUM000395,U000395,PLAN000395,4,4,Completed,100,100,8.3,3,No,3.0,3.0,0,1,0,Ready,PROGRESS_IF_RECOVERED
WHSUM000396,U000396,PLAN000396,6,3,Completed,100,100,8.5,3,No,3.7,3.3,0,6,0,Ready,MAINTAIN
WHSUM000397,U000397,PLAN000397,3,5,Skipped,0,0,,,No,,,0,0,4,Monitor,HOLD_AND_REVIEW_ADHERENCE
WHSUM000398,U000398,PLAN000398,8,2,Completed,100,100,8.7,3,No,4.0,2.9,0,4,3,Ready,HOLD_OR_REDUCE_DEMAND
WHSUM000399,U000399,PLAN000399,4,4,Partial,100,100,8.4,5,Yes,3.5,2.5,1,0,1,Review,REVIEW_BEFORE_PROGRESSION
WHSUM000400,U000400,PLAN000400,5,1,Completed,100,100,7.0,2,No,2.5,4.0,2,0,0,Ready,PROGRESS_IF_RECOVERED
WHSUM000401,U000401,PLAN000401,8,2,Partial,100,100,7.7,4,No,3.0,3.6,3,4,0,Monitor,HOLD_OR_REDUCE_DEMAND
WHSUM000402,U000402,PLAN000402,4,1,Partial,100,100,7.1,2,No,2.5,2.5,1,0,1,Ready,PROGRESS_IF_RECOVERED
WHSUM000403,U000403,PLAN000403,8,2,Partial,100,100,6.0,3,No,1.6,3.8,4,1,0,Ready,PROGRESS_IF_RECOVERED
WHSUM000404,U000404,PLAN000404,6,2,Completed,100,100,6.8,2,No,2.0,3.7,6,0,0,Ready,PROGRESS_IF_RECOVERED
WHSUM000405,U000405,PLAN000405,4,4,Partial,100,100,7.7,4,No,3.0,4.0,1,0,0,Monitor,HOLD_OR_REDUCE_DEMAND
WHSUM000406,U000406,PLAN000406,4,4,Skipped,0,0,,,No,,,0,0,1,Monitor,HOLD_AND_REVIEW_ADHERENCE
WHSUM000407,U000407,PLAN000407,5,1,Completed,100,100,7.0,3,Yes,2.3,3.0,2,0,1,Review,REVIEW_BEFORE_PROGRESSION
WHSUM000408,U000408,PLAN000408,7,2,Completed,100,100,7.8,4,No,3.0,3.5,1,1,0,Monitor,HOLD_OR_REDUCE_DEMAND
WHSUM000409,U000409,PLAN000409,7,1,Partial,100,100,7.8,3,No,3.0,4.0,1,1,0,Ready,PROGRESS_IF_RECOVERED
WHSUM000410,U000410,PLAN000410,6,3,Completed,100,100,6.7,2,No,2.0,3.6,5,0,0,Ready,PROGRESS_IF_RECOVERED
WHSUM000411,U000411,PLAN000411,8,2,Completed,100,100,7.0,3,No,2.4,3.7,7,0,0,Ready,PROGRESS_IF_RECOVERED
WHSUM000412,U000412,PLAN000412,4,1,Completed,100,100,8.8,3,No,4.0,3.0,0,1,1,Ready,HOLD_OR_REDUCE_DEMAND
WHSUM000413,U000413,PLAN000413,8,2,Completed,100,100,7.0,2,No,2.4,3.0,5,0,2,Ready,PROGRESS_IF_RECOVERED
WHSUM000414,U000414,PLAN000414,5,1,Completed,100,100,8.0,4,No,3.0,4.0,0,1,0,Monitor,HOLD_OR_REDUCE_DEMAND
WHSUM000415,U000415,PLAN000415,5,4,Partial,100,100,6.8,2,No,2.0,3.7,7,0,0,Ready,PROGRESS_IF_RECOVERED
WHSUM000416,U000416,PLAN000416,7,1,Completed,100,100,7.0,2,No,2.0,3.0,1,0,0,Ready,PROGRESS_IF_RECOVERED
WHSUM000417,U000417,PLAN000417,8,2,Completed,100,100,7.7,3,No,3.0,3.7,7,0,0,Ready,PROGRESS_IF_RECOVERED
WHSUM000418,U000418,PLAN000418,5,1,Partial,100,100,7.4,2,No,3.0,3.7,3,0,0,Ready,PROGRESS_IF_RECOVERED
WHSUM000419,U000419,PLAN000419,3,4,Completed,100,100,7.7,4,No,3.0,3.7,2,1,0,Monitor,HOLD_OR_REDUCE_DEMAND
WHSUM000420,U000420,PLAN000420,4,4,Completed,100,100,7.7,4,No,3.0,3.7,5,2,0,Monitor,HOLD_OR_REDUCE_DEMAND
WHSUM000421,U000421,PLAN000421,7,3,Completed,100,100,8.8,4,No,4.0,3.0,0,1,1,Monitor,HOLD_OR_REDUCE_DEMAND
WHSUM000422,U000422,PLAN000422,4,2,Completed,100,100,7.1,2,No,2.5,3.5,2,0,0,Ready,PROGRESS_IF_RECOVERED
WHSUM000423,U000423,PLAN000423,7,1,Completed,100,100,8.8,3,No,4.0,2.8,0,3,2,Ready,HOLD_OR_REDUCE_DEMAND
WHSUM000424,U000424,PLAN000424,5,2,Partial,100,100,8.0,3,No,3.0,3.1,0,5,2,Ready,PROGRESS_IF_RECOVERED
WHSUM000425,U000425,PLAN000425,5,1,Completed,100,100,7.0,2,No,2.3,3.0,2,0,1,Ready,PROGRESS_IF_RECOVERED
WHSUM000426,U000426,PLAN000426,4,4,Completed,100,100,5.8,2,No,1.3,3.7,7,0,0,Ready,PROGRESS_IF_RECOVERED
WHSUM000427,U000427,PLAN000427,5,2,Completed,100,100,8.0,3,No,3.0,3.8,1,3,0,Ready,PROGRESS_IF_RECOVERED
WHSUM000428,U000428,PLAN000428,5,1,Skipped,0,0,,,No,,,0,0,2,Monitor,HOLD_AND_REVIEW_ADHERENCE
WHSUM000429,U000429,PLAN000429,8,2,Completed,100,100,8.9,4,No,4.0,3.0,0,0,1,Monitor,HOLD_OR_REDUCE_DEMAND
WHSUM000430,U000430,PLAN000430,4,4,Completed,100,100,8.0,3,No,3.0,4.0,0,1,0,Ready,PROGRESS_IF_RECOVERED
WHSUM000431,U000431,PLAN000431,4,3,Completed,100,100,8.7,4,No,4.0,2.0,0,0,1,Monitor,HOLD_OR_REDUCE_DEMAND
WHSUM000432,U000432,PLAN000432,3,5,Completed,100,100,6.7,2,No,2.0,3.8,4,0,0,Ready,PROGRESS_IF_RECOVERED
WHSUM000433,U000433,PLAN000433,3,4,Partial,100,100,7.0,2,No,2.3,3.7,5,1,0,Ready,PROGRESS_IF_RECOVERED
WHSUM000434,U000434,PLAN000434,6,2,Completed,100,100,5.7,2,No,1.2,3.6,5,0,0,Ready,PROGRESS_IF_RECOVERED
WHSUM000435,U000435,PLAN000435,5,1,Completed,100,100,8.7,4,No,4.0,3.0,0,4,3,Monitor,HOLD_OR_REDUCE_DEMAND
WHSUM000436,U000436,PLAN000436,7,2,Completed,100,100,6.7,2,No,2.0,4.0,2,0,0,Ready,PROGRESS_IF_RECOVERED
WHSUM000437,U000437,PLAN000437,8,2,Completed,100,100,6.8,2,No,2.0,3.6,5,0,0,Ready,PROGRESS_IF_RECOVERED
WHSUM000438,U000438,PLAN000438,4,3,Completed,100,100,7.0,2,No,2.3,3.7,7,0,0,Ready,PROGRESS_IF_RECOVERED
WHSUM000439,U000439,PLAN000439,4,2,Completed,100,100,8.7,4,No,4.0,3.0,0,4,2,Monitor,HOLD_OR_REDUCE_DEMAND
WHSUM000440,U000440,PLAN000440,3,4,Completed,100,100,6.7,2,No,2.0,3.6,5,0,0,Ready,PROGRESS_IF_RECOVERED
WHSUM000441,U000441,PLAN000441,5,2,Completed,100,100,8.0,3,No,3.0,3.8,1,3,0,Ready,PROGRESS_IF_RECOVERED
WHSUM000442,U000442,PLAN000442,7,3,Completed,100,100,6.9,2,No,2.0,4.0,2,0,0,Ready,PROGRESS_IF_RECOVERED
WHSUM000443,U000443,PLAN000443,4,2,Completed,100,100,6.8,2,No,2.0,3.6,7,0,0,Ready,PROGRESS_IF_RECOVERED
WHSUM000444,U000444,PLAN000444,5,3,Completed,100,100,7.0,2,No,2.5,3.5,2,0,0,Ready,PROGRESS_IF_RECOVERED
WHSUM000445,U000445,PLAN000445,8,2,Completed,100,100,7.0,2,No,2.0,4.0,1,0,0,Ready,PROGRESS_IF_RECOVERED
WHSUM000446,U000446,PLAN000446,8,2,Completed,100,100,7.0,2,No,2.3,3.7,6,0,0,Ready,PROGRESS_IF_RECOVERED
WHSUM000447,U000447,PLAN000447,6,1,Completed,100,100,7.6,4,No,3.0,3.5,2,0,0,Monitor,HOLD_OR_REDUCE_DEMAND
WHSUM000448,U000448,PLAN000448,8,1,Partial,100,100,7.7,4,No,3.0,3.7,2,1,0,Monitor,HOLD_OR_REDUCE_DEMAND
WHSUM000449,U000449,PLAN000449,7,3,Completed,100,100,7.0,2,No,2.3,3.7,6,0,0,Ready,PROGRESS_IF_RECOVERED
WHSUM000450,U000450,PLAN000450,5,4,Partial,100,100,7.7,4,No,3.0,3.7,3,3,0,Monitor,HOLD_OR_REDUCE_DEMAND
WHSUM000451,U000451,PLAN000451,4,1,Completed,100,100,7.8,3,No,3.0,4.0,1,0,0,Ready,PROGRESS_IF_RECOVERED
WHSUM000452,U000452,PLAN000452,6,3,Completed,100,100,5.7,3,No,1.3,3.6,7,0,0,Monitor,PROGRESS_IF_RECOVERED
WHSUM000453,U000453,PLAN000453,8,2,Completed,100,100,6.8,2,No,2.0,3.7,6,0,0,Ready,PROGRESS_IF_RECOVERED
WHSUM000454,U000454,PLAN000454,6,1,Completed,100,100,7.0,2,No,2.3,3.7,7,0,0,Ready,PROGRESS_IF_RECOVERED
WHSUM000455,U000455,PLAN000455,5,2,Completed,100,100,7.0,2,No,2.4,3.6,7,0,0,Ready,PROGRESS_IF_RECOVERED
WHSUM000456,U000456,PLAN000456,5,1,Completed,100,100,6.8,2,No,2.0,3.5,2,0,0,Ready,PROGRESS_IF_RECOVERED
WHSUM000457,U000457,PLAN000457,4,5,Completed,100,100,7.0,2,No,2.4,3.8,5,0,0,Ready,PROGRESS_IF_RECOVERED
WHSUM000458,U000458,PLAN000458,7,1,Completed,100,100,7.8,3,No,3.0,3.7,2,1,0,Ready,PROGRESS_IF_RECOVERED
WHSUM000459,U000459,PLAN000459,3,6,Partial,100,100,5.8,2,No,1.3,3.7,5,1,0,Ready,PROGRESS_IF_RECOVERED
WHSUM000460,U000460,PLAN000460,6,2,Completed,100,100,7.7,4,No,3.0,3.7,5,2,0,Monitor,HOLD_OR_REDUCE_DEMAND
WHSUM000461,U000461,PLAN000461,4,1,Partial,100,100,6.8,2,No,2.0,3.6,5,2,0,Ready,PROGRESS_IF_RECOVERED
WHSUM000462,U000462,PLAN000462,4,4,Completed,100,100,8.7,4,No,4.0,3.0,0,4,2,Monitor,HOLD_OR_REDUCE_DEMAND
WHSUM000463,U000463,PLAN000463,4,3,Completed,100,100,7.0,2,No,2.0,4.0,1,0,0,Ready,PROGRESS_IF_RECOVERED
WHSUM000464,U000464,PLAN000464,4,2,Completed,100,100,6.8,2,No,2.0,3.0,1,0,0,Ready,PROGRESS_IF_RECOVERED
WHSUM000465,U000465,PLAN000465,5,3,Completed,100,100,7.0,2,No,2.3,3.7,6,0,0,Ready,PROGRESS_IF_RECOVERED
WHSUM000466,U000466,PLAN000466,6,3,Completed,100,100,7.7,3,No,3.0,3.7,5,2,0,Ready,PROGRESS_IF_RECOVERED
WHSUM000467,U000467,PLAN000467,5,1,Completed,100,100,6.8,2,No,2.0,3.6,7,0,0,Ready,PROGRESS_IF_RECOVERED
WHSUM000468,U000468,PLAN000468,8,2,Partial,100,100,5.0,1,No,1.0,3.7,6,1,0,Ready,PROGRESS_IF_RECOVERED
WHSUM000469,U000469,PLAN000469,8,1,Completed,100,100,7.8,3,No,3.0,3.8,3,2,0,Ready,PROGRESS_IF_RECOVERED
WHSUM000470,U000470,PLAN000470,7,3,Completed,100,100,7.7,3,No,3.0,3.6,5,2,0,Ready,PROGRESS_IF_RECOVERED
WHSUM000471,U000471,PLAN000471,4,5,Completed,100,100,8.0,3,No,3.0,3.7,2,5,0,Ready,PROGRESS_IF_RECOVERED
WHSUM000472,U000472,PLAN000472,7,1,Completed,100,100,7.8,3,No,3.0,3.8,3,2,0,Ready,PROGRESS_IF_RECOVERED
WHSUM000473,U000473,PLAN000473,5,2,Completed,100,100,6.8,2,No,2.0,3.6,5,0,0,Ready,PROGRESS_IF_RECOVERED
WHSUM000474,U000474,PLAN000474,4,2,Skipped,0,0,,,No,,,0,0,5,Monitor,HOLD_AND_REVIEW_ADHERENCE
WHSUM000475,U000475,PLAN000475,6,1,Completed,100,100,7.6,3,No,3.0,3.8,4,1,0,Ready,PROGRESS_IF_RECOVERED
WHSUM000476,U000476,PLAN000476,4,4,Partial,100,100,7.0,2,No,2.3,3.7,5,1,0,Ready,PROGRESS_IF_RECOVERED
WHSUM000477,U000477,PLAN000477,4,3,Completed,100,100,5.8,2,No,1.4,3.6,5,0,0,Ready,PROGRESS_IF_RECOVERED
WHSUM000478,U000478,PLAN000478,5,4,Completed,100,100,7.0,2,No,2.0,4.0,1,0,0,Ready,PROGRESS_IF_RECOVERED
WHSUM000479,U000479,PLAN000479,5,3,Completed,100,100,8.0,3,No,3.0,3.7,2,4,0,Ready,PROGRESS_IF_RECOVERED
WHSUM000480,U000480,PLAN000480,6,3,Completed,100,100,8.4,3,No,3.6,3.4,0,5,0,Ready,MAINTAIN
WHSUM000481,U000481,PLAN000481,8,2,Completed,100,100,5.6,2,No,1.5,4.0,2,0,0,Ready,PROGRESS_IF_RECOVERED
WHSUM000482,U000482,PLAN000482,4,1,Completed,100,100,8.0,3,No,3.0,3.7,2,4,0,Ready,PROGRESS_IF_RECOVERED
WHSUM000483,U000483,PLAN000483,6,2,Completed,100,100,7.6,4,No,3.0,3.5,2,0,0,Monitor,HOLD_OR_REDUCE_DEMAND
WHSUM000484,U000484,PLAN000484,5,1,Completed,100,100,8.0,4,No,3.0,3.7,2,5,0,Monitor,HOLD_OR_REDUCE_DEMAND
WHSUM000485,U000485,PLAN000485,8,2,Completed,100,100,7.0,2,No,2.4,3.6,7,0,0,Ready,PROGRESS_IF_RECOVERED
WHSUM000486,U000486,PLAN000486,4,1,Completed,100,100,8.8,3,No,4.0,2.5,0,1,1,Ready,HOLD_OR_REDUCE_DEMAND
WHSUM000487,U000487,PLAN000487,4,3,Completed,100,100,8.0,3,No,3.0,3.7,2,4,0,Ready,PROGRESS_IF_RECOVERED
WHSUM000488,U000488,PLAN000488,4,2,Completed,100,100,6.8,2,No,2.0,3.6,7,0,0,Ready,PROGRESS_IF_RECOVERED
WHSUM000489,U000489,PLAN000489,8,2,Completed,100,100,6.0,2,No,2.0,4.0,1,0,0,Ready,PROGRESS_IF_RECOVERED
WHSUM000490,U000490,PLAN000490,6,2,Completed,100,100,6.9,2,No,2.0,4.0,2,0,0,Ready,PROGRESS_IF_RECOVERED
WHSUM000491,U000491,PLAN000491,8,2,Completed,100,100,7.7,4,No,3.0,3.6,4,3,0,Monitor,HOLD_OR_REDUCE_DEMAND
WHSUM000492,U000492,PLAN000492,5,4,Completed,100,100,7.4,2,No,3.0,3.6,5,0,0,Ready,PROGRESS_IF_RECOVERED
WHSUM000493,U000493,PLAN000493,4,4,Completed,100,100,5.0,1,No,1.0,3.7,3,0,0,Ready,PROGRESS_IF_RECOVERED
WHSUM000494,U000494,PLAN000494,8,2,Completed,100,100,8.8,4,No,4.0,2.8,0,2,2,Monitor,HOLD_OR_REDUCE_DEMAND
WHSUM000495,U000495,PLAN000495,5,1,Completed,100,100,6.0,2,No,1.7,3.7,7,0,0,Ready,PROGRESS_IF_RECOVERED
WHSUM000496,U000496,PLAN000496,8,2,Skipped,0,0,,,No,,,0,0,7,Monitor,HOLD_AND_REVIEW_ADHERENCE
WHSUM000497,U000497,PLAN000497,5,2,Completed,100,100,7.7,3,No,3.0,3.7,4,2,0,Ready,PROGRESS_IF_RECOVERED
WHSUM000498,U000498,PLAN000498,6,1,Completed,100,100,7.0,2,No,2.3,3.7,6,0,0,Ready,PROGRESS_IF_RECOVERED
WHSUM000499,U000499,PLAN000499,7,2,Completed,100,100,6.9,3,Yes,2.1,3.3,6,0,1,Review,REVIEW_BEFORE_PROGRESSION
WHSUM000500,U000500,PLAN000500,4,1,Completed,100,100,7.7,3,No,3.0,3.0,1,0,0,Ready,PROGRESS_IF_RECOVERED
WHSUM000501,U000001,PLAN000501,6,3,Skipped,0,0,,,No,,,0,0,7,Monitor,HOLD_AND_REVIEW_ADHERENCE
WHSUM000502,U000002,PLAN000502,8,2,Completed,100,100,7.8,3,No,3.0,3.7,2,1,0,Ready,PROGRESS_IF_RECOVERED
WHSUM000503,U000003,PLAN000503,6,1,Completed,100,100,6.6,2,No,2.0,3.5,2,0,0,Ready,PROGRESS_IF_RECOVERED
WHSUM000504,U000004,PLAN000504,4,4,Completed,100,100,8.0,3,No,3.0,3.8,1,3,0,Ready,PROGRESS_IF_RECOVERED
WHSUM000505,U000005,PLAN000505,8,2,Completed,100,100,6.8,2,No,2.0,3.8,4,0,0,Ready,PROGRESS_IF_RECOVERED
WHSUM000506,U000006,PLAN000506,4,2,Completed,100,100,6.8,2,No,2.0,3.6,7,0,0,Ready,PROGRESS_IF_RECOVERED
WHSUM000507,U000007,PLAN000507,7,1,Completed,100,100,7.0,2,No,2.3,3.7,3,0,0,Ready,PROGRESS_IF_RECOVERED
WHSUM000508,U000008,PLAN000508,3,6,Completed,100,100,6.7,2,No,2.0,3.8,5,0,0,Ready,PROGRESS_IF_RECOVERED
WHSUM000509,U000009,PLAN000509,4,2,Completed,100,100,7.0,2,No,2.3,3.7,6,0,0,Ready,PROGRESS_IF_RECOVERED
WHSUM000510,U000010,PLAN000510,4,4,Skipped,0,0,,,No,,,0,0,7,Monitor,HOLD_AND_REVIEW_ADHERENCE
WHSUM000511,U000011,PLAN000511,4,4,Completed,100,100,8.7,3,No,4.0,3.0,0,1,0,Ready,HOLD_OR_REDUCE_DEMAND
WHSUM000512,U000012,PLAN000512,7,3,Completed,100,100,7.1,3,No,2.5,3.5,2,0,0,Ready,PROGRESS_IF_RECOVERED
WHSUM000513,U000013,PLAN000513,4,2,Completed,100,100,6.8,2,No,2.0,3.6,5,0,0,Ready,PROGRESS_IF_RECOVERED
WHSUM000514,U000014,PLAN000514,7,1,Skipped,0,0,,,No,,,0,0,1,Monitor,HOLD_AND_REVIEW_ADHERENCE
WHSUM000515,U000015,PLAN000515,3,6,Completed,100,100,6.9,2,No,2.0,3.5,2,0,0,Ready,PROGRESS_IF_RECOVERED
WHSUM000516,U000016,PLAN000516,4,2,Completed,100,100,8.8,4,No,4.0,2.5,0,1,1,Monitor,HOLD_OR_REDUCE_DEMAND
WHSUM000517,U000017,PLAN000517,4,4,Partial,100,100,8.0,3,No,3.0,3.8,0,4,0,Ready,PROGRESS_IF_RECOVERED
WHSUM000518,U000018,PLAN000518,8,2,Partial,100,100,7.7,4,No,3.0,3.6,3,4,0,Monitor,HOLD_OR_REDUCE_DEMAND
WHSUM000519,U000019,PLAN000519,4,3,Completed,100,100,7.8,3,No,3.0,3.8,3,1,0,Ready,PROGRESS_IF_RECOVERED
WHSUM000520,U000020,PLAN000520,4,5,Completed,100,100,7.0,2,No,2.2,3.2,3,0,1,Ready,PROGRESS_IF_RECOVERED
WHSUM000521,U000021,PLAN000521,4,4,Completed,100,100,7.1,2,No,2.5,2.5,1,0,1,Ready,PROGRESS_IF_RECOVERED
WHSUM000522,U000022,PLAN000522,3,6,Completed,100,100,8.6,4,No,4.0,3.0,0,2,3,Monitor,HOLD_OR_REDUCE_DEMAND
WHSUM000523,U000023,PLAN000523,6,2,Partial,100,100,7.0,2,No,2.3,3.7,5,1,0,Ready,PROGRESS_IF_RECOVERED
WHSUM000524,U000024,PLAN000524,4,4,Completed,100,100,6.8,2,No,2.0,3.7,3,0,0,Ready,PROGRESS_IF_RECOVERED
WHSUM000525,U000025,PLAN000525,8,2,Completed,100,100,8.7,3,No,4.0,3.0,0,4,3,Ready,HOLD_OR_REDUCE_DEMAND
WHSUM000526,U000026,PLAN000526,5,1,Completed,100,100,8.0,4,No,3.0,4.0,0,1,0,Monitor,HOLD_OR_REDUCE_DEMAND
WHSUM000527,U000027,PLAN000527,5,4,Completed,100,100,7.8,3,No,3.0,3.5,1,1,0,Ready,PROGRESS_IF_RECOVERED
WHSUM000528,U000028,PLAN000528,5,3,Completed,100,100,6.0,2,No,1.7,3.7,6,0,0,Ready,PROGRESS_IF_RECOVERED
WHSUM000529,U000029,PLAN000529,5,2,Completed,100,100,5.8,2,No,1.3,3.7,3,0,0,Ready,PROGRESS_IF_RECOVERED
WHSUM000530,U000030,PLAN000530,8,2,Completed,100,100,8.7,3,No,4.0,2.9,0,4,3,Ready,HOLD_OR_REDUCE_DEMAND
WHSUM000531,U000031,PLAN000531,6,1,Completed,100,100,6.9,2,No,2.0,3.5,2,0,0,Ready,PROGRESS_IF_RECOVERED
WHSUM000532,U000032,PLAN000532,8,1,Completed,100,100,7.7,4,No,3.0,3.7,4,3,0,Monitor,HOLD_OR_REDUCE_DEMAND
WHSUM000533,U000033,PLAN000533,7,3,Completed,100,100,7.7,3,No,3.0,3.0,1,0,0,Ready,PROGRESS_IF_RECOVERED
WHSUM000534,U000034,PLAN000534,4,2,Completed,100,100,6.0,2,No,1.8,3.6,5,0,0,Ready,PROGRESS_IF_RECOVERED
WHSUM000535,U000035,PLAN000535,8,2,Completed,100,100,7.8,3,No,3.0,4.0,1,1,0,Ready,PROGRESS_IF_RECOVERED
WHSUM000536,U000036,PLAN000536,5,2,Skipped,0,0,,,No,,,0,0,7,Monitor,HOLD_AND_REVIEW_ADHERENCE
WHSUM000537,U000037,PLAN000537,8,2,Completed,100,100,8.0,4,No,3.0,3.7,2,5,0,Monitor,HOLD_OR_REDUCE_DEMAND
WHSUM000538,U000038,PLAN000538,3,4,Completed,100,100,8.6,3,No,4.0,3.5,0,2,0,Ready,HOLD_OR_REDUCE_DEMAND
WHSUM000539,U000039,PLAN000539,6,2,Completed,100,100,6.6,3,No,2.0,3.5,4,0,0,Monitor,PROGRESS_IF_RECOVERED
WHSUM000540,U000040,PLAN000540,6,1,Partial,100,100,5.0,1,No,1.0,3.2,3,0,1,Ready,PROGRESS_IF_RECOVERED
WHSUM000541,U000041,PLAN000541,8,2,Skipped,0,0,,,No,,,0,0,2,Monitor,HOLD_AND_REVIEW_ADHERENCE
WHSUM000542,U000042,PLAN000542,5,3,Completed,100,100,7.0,2,No,2.4,3.6,5,0,0,Ready,PROGRESS_IF_RECOVERED
WHSUM000543,U000043,PLAN000543,6,3,Completed,100,100,7.7,4,No,3.0,3.7,4,2,0,Monitor,HOLD_OR_REDUCE_DEMAND
WHSUM000544,U000044,PLAN000544,6,2,Completed,100,100,7.5,3,No,3.0,3.7,6,0,0,Ready,PROGRESS_IF_RECOVERED
WHSUM000545,U000045,PLAN000545,8,2,Partial,100,100,5.0,1,No,1.0,3.5,3,1,0,Ready,PROGRESS_IF_RECOVERED
WHSUM000546,U000046,PLAN000546,6,2,Completed,100,100,6.8,2,No,2.0,3.7,3,0,0,Ready,PROGRESS_IF_RECOVERED
WHSUM000547,U000047,PLAN000547,6,1,Completed,100,100,8.0,4,No,3.0,3.2,2,1,1,Monitor,HOLD_OR_REDUCE_DEMAND
WHSUM000548,U000048,PLAN000548,4,2,Completed,100,100,7.0,2,No,2.4,2.8,3,0,2,Ready,PROGRESS_IF_RECOVERED
WHSUM000549,U000049,PLAN000549,4,4,Completed,100,100,7.8,3,No,3.0,3.5,1,1,0,Ready,PROGRESS_IF_RECOVERED
WHSUM000550,U000050,PLAN000550,8,2,Completed,100,100,8.0,3,No,3.0,3.1,0,5,2,Ready,PROGRESS_IF_RECOVERED
WHSUM000551,U000051,PLAN000551,4,2,Completed,100,100,7.0,2,No,2.0,3.0,1,0,0,Ready,PROGRESS_IF_RECOVERED
WHSUM000552,U000052,PLAN000552,3,4,Completed,100,100,7.6,4,No,3.0,3.5,2,0,0,Monitor,HOLD_OR_REDUCE_DEMAND
WHSUM000553,U000053,PLAN000553,5,2,Partial,100,100,8.0,3,No,3.0,3.7,2,5,0,Ready,PROGRESS_IF_RECOVERED
WHSUM000554,U000054,PLAN000554,7,3,Completed,100,100,7.6,3,No,3.0,3.6,7,0,0,Ready,PROGRESS_IF_RECOVERED
WHSUM000555,U000055,PLAN000555,5,4,Completed,100,100,5.4,1,No,1.0,3.6,5,0,0,Ready,PROGRESS_IF_RECOVERED
WHSUM000556,U000056,PLAN000556,4,4,Completed,100,100,6.0,2,No,1.7,3.7,6,0,0,Ready,PROGRESS_IF_RECOVERED
WHSUM000557,U000057,PLAN000557,8,2,Completed,100,100,5.8,2,No,1.3,3.7,6,0,0,Ready,PROGRESS_IF_RECOVERED
WHSUM000558,U000058,PLAN000558,5,1,Skipped,0,0,,,No,,,0,0,7,Monitor,HOLD_AND_REVIEW_ADHERENCE
WHSUM000559,U000059,PLAN000559,4,1,Completed,100,100,6.0,2,No,2.0,4.0,1,0,0,Ready,PROGRESS_IF_RECOVERED
WHSUM000560,U000060,PLAN000560,8,1,Completed,100,100,7.8,4,No,3.0,3.5,2,2,0,Monitor,HOLD_OR_REDUCE_DEMAND
WHSUM000561,U000061,PLAN000561,4,3,Completed,100,100,8.0,3,No,3.0,3.7,2,4,0,Ready,PROGRESS_IF_RECOVERED
WHSUM000562,U000062,PLAN000562,7,2,Partial,100,100,5.6,1,No,1.0,3.8,4,0,0,Ready,PROGRESS_IF_RECOVERED
WHSUM000563,U000063,PLAN000563,5,3,Completed,100,100,6.8,2,No,2.0,3.7,6,0,0,Ready,PROGRESS_IF_RECOVERED
WHSUM000564,U000064,PLAN000564,6,3,Completed,100,100,8.2,4,Yes,3.2,3.2,2,3,1,Review,REVIEW_BEFORE_PROGRESSION
WHSUM000565,U000065,PLAN000565,6,2,Completed,100,100,7.6,3,No,3.0,3.8,4,1,0,Ready,PROGRESS_IF_RECOVERED
WHSUM000566,U000066,PLAN000566,4,4,Completed,100,100,7.3,2,No,2.7,3.6,7,0,0,Ready,PROGRESS_IF_RECOVERED
WHSUM000567,U000067,PLAN000567,5,2,Completed,100,100,8.0,3,No,3.0,3.7,1,2,0,Ready,PROGRESS_IF_RECOVERED
WHSUM000568,U000068,PLAN000568,8,2,Completed,100,100,7.8,4,No,3.0,3.8,2,2,0,Monitor,HOLD_OR_REDUCE_DEMAND
WHSUM000569,U000069,PLAN000569,5,4,Completed,100,100,7.0,2,No,2.3,3.7,3,0,0,Ready,PROGRESS_IF_RECOVERED
WHSUM000570,U000070,PLAN000570,8,2,Completed,100,100,7.0,2,No,2.4,3.7,7,0,0,Ready,PROGRESS_IF_RECOVERED
WHSUM000571,U000071,PLAN000571,8,2,Completed,100,100,8.0,3,No,3.0,4.0,0,1,0,Ready,PROGRESS_IF_RECOVERED
WHSUM000572,U000072,PLAN000572,3,5,Completed,100,100,6.8,2,No,2.0,3.0,1,0,0,Ready,PROGRESS_IF_RECOVERED
WHSUM000573,U000073,PLAN000573,6,1,Completed,100,100,8.2,3,No,3.0,4.0,0,1,0,Ready,PROGRESS_IF_RECOVERED
WHSUM000574,U000074,PLAN000574,6,2,Completed,100,100,6.5,2,No,2.0,4.0,1,0,0,Ready,PROGRESS_IF_RECOVERED
WHSUM000575,U000075,PLAN000575,8,2,Completed,100,100,7.0,2,No,2.3,3.7,6,0,0,Ready,PROGRESS_IF_RECOVERED
WHSUM000576,U000076,PLAN000576,5,4,Completed,100,100,7.7,3,No,3.0,3.7,4,2,0,Ready,PROGRESS_IF_RECOVERED
WHSUM000577,U000077,PLAN000577,8,2,Skipped,0,0,,,No,,,0,0,7,Monitor,HOLD_AND_REVIEW_ADHERENCE
WHSUM000578,U000078,PLAN000578,3,6,Completed,100,100,8.0,3,No,3.0,3.0,3,2,2,Ready,PROGRESS_IF_RECOVERED
WHSUM000579,U000079,PLAN000579,6,2,Completed,100,100,7.6,3,No,3.0,3.8,3,1,0,Ready,PROGRESS_IF_RECOVERED
WHSUM000580,U000080,PLAN000580,6,1,Completed,100,100,8.0,3,No,3.0,3.7,2,4,0,Ready,PROGRESS_IF_RECOVERED
WHSUM000581,U000081,PLAN000581,4,4,Skipped,0,0,,,No,,,0,0,7,Monitor,HOLD_AND_REVIEW_ADHERENCE
WHSUM000582,U000082,PLAN000582,4,3,Completed,100,100,7.8,3,No,3.0,3.6,3,2,0,Ready,PROGRESS_IF_RECOVERED
WHSUM000583,U000083,PLAN000583,7,2,Completed,100,100,8.0,3,No,3.0,3.7,1,2,0,Ready,PROGRESS_IF_RECOVERED
WHSUM000584,U000084,PLAN000584,4,4,Partial,100,100,7.3,2,No,2.7,3.7,6,0,0,Ready,PROGRESS_IF_RECOVERED
WHSUM000585,U000085,PLAN000585,6,3,Completed,100,100,4.6,1,No,1.0,3.5,2,0,0,Ready,PROGRESS_IF_RECOVERED
WHSUM000586,U000086,PLAN000586,3,5,Completed,100,100,8.0,3,No,3.0,3.8,2,3,0,Ready,PROGRESS_IF_RECOVERED
WHSUM000587,U000087,PLAN000587,4,4,Completed,100,100,7.7,4,No,3.0,3.7,4,2,0,Monitor,HOLD_OR_REDUCE_DEMAND
WHSUM000588,U000088,PLAN000588,8,2,Completed,100,100,8.0,3,No,3.0,3.1,0,5,2,Ready,PROGRESS_IF_RECOVERED
WHSUM000589,U000089,PLAN000589,7,3,Completed,100,100,7.0,2,No,2.3,3.0,4,0,2,Ready,PROGRESS_IF_RECOVERED
WHSUM000590,U000090,PLAN000590,8,2,Completed,100,100,6.7,2,No,2.0,3.7,3,0,0,Ready,PROGRESS_IF_RECOVERED
WHSUM000591,U000091,PLAN000591,5,3,Completed,100,100,7.0,2,No,2.3,3.7,6,0,0,Ready,PROGRESS_IF_RECOVERED
WHSUM000592,U000092,PLAN000592,6,3,Completed,100,100,6.7,2,No,2.0,3.7,7,0,0,Ready,PROGRESS_IF_RECOVERED
WHSUM000593,U000093,PLAN000593,5,1,Completed,100,100,6.8,2,No,2.0,3.7,3,0,0,Ready,PROGRESS_IF_RECOVERED
WHSUM000594,U000094,PLAN000594,3,4,Completed,100,100,7.0,3,No,2.3,3.7,3,0,0,Ready,PROGRESS_IF_RECOVERED
WHSUM000595,U000095,PLAN000595,4,4,Completed,100,100,8.7,3,No,4.0,3.0,0,5,2,Ready,HOLD_OR_REDUCE_DEMAND
WHSUM000596,U000096,PLAN000596,4,3,Completed,100,100,7.8,3,No,3.0,3.6,5,2,0,Ready,PROGRESS_IF_RECOVERED
WHSUM000597,U000097,PLAN000597,5,4,Partial,100,100,7.0,2,No,2.3,3.7,3,0,0,Ready,PROGRESS_IF_RECOVERED
WHSUM000598,U000098,PLAN000598,5,3,Completed,100,100,8.7,3,No,4.0,3.2,0,2,3,Ready,HOLD_OR_REDUCE_DEMAND
WHSUM000599,U000099,PLAN000599,5,2,Completed,100,100,7.2,3,Yes,2.6,3.0,4,0,1,Review,REVIEW_BEFORE_PROGRESSION
WHSUM000600,U000100,PLAN000600,3,5,Skipped,0,0,,,No,,,0,0,4,Monitor,HOLD_AND_REVIEW_ADHERENCE
WHSUM000601,U000101,PLAN000601,4,1,Completed,100,100,8.7,3,No,4.0,3.0,0,1,0,Ready,HOLD_OR_REDUCE_DEMAND
WHSUM000602,U000102,PLAN000602,8,1,Partial,100,100,8.0,3,No,3.0,2.5,0,1,1,Ready,PROGRESS_IF_RECOVERED
WHSUM000603,U000103,PLAN000603,7,3,Completed,100,100,7.0,2,No,2.3,3.7,7,0,0,Ready,PROGRESS_IF_RECOVERED
WHSUM000604,U000104,PLAN000604,4,2,Completed,100,100,6.8,2,No,2.0,4.0,1,0,0,Ready,PROGRESS_IF_RECOVERED
WHSUM000605,U000105,PLAN000605,4,4,Completed,100,100,7.0,2,No,2.4,3.6,5,0,0,Ready,PROGRESS_IF_RECOVERED
WHSUM000606,U000106,PLAN000606,5,2,Completed,100,100,7.4,2,No,3.0,3.7,6,0,0,Ready,PROGRESS_IF_RECOVERED
WHSUM000607,U000107,PLAN000607,8,2,Completed,100,100,7.6,3,No,3.0,4.0,2,0,0,Ready,PROGRESS_IF_RECOVERED
WHSUM000608,U000108,PLAN000608,3,4,Completed,100,100,5.0,1,No,1.0,3.6,5,0,0,Ready,PROGRESS_IF_RECOVERED
WHSUM000609,U000109,PLAN000609,8,1,Partial,100,100,7.8,3,No,3.0,3.8,2,2,0,Ready,PROGRESS_IF_RECOVERED
WHSUM000610,U000110,PLAN000610,5,1,Completed,100,100,5.8,2,No,1.4,3.7,7,0,0,Ready,PROGRESS_IF_RECOVERED
WHSUM000611,U000111,PLAN000611,7,2,Completed,100,100,5.0,1,No,1.0,3.0,1,0,0,Ready,PROGRESS_IF_RECOVERED
WHSUM000612,U000112,PLAN000612,4,1,Completed,100,100,8.8,3,No,4.0,2.5,0,1,1,Ready,HOLD_OR_REDUCE_DEMAND
WHSUM000613,U000113,PLAN000613,5,2,Completed,100,100,5.2,1,No,1.0,4.0,1,0,0,Ready,PROGRESS_IF_RECOVERED
WHSUM000614,U000114,PLAN000614,3,5,Completed,100,100,7.6,3,No,3.0,3.5,2,0,0,Ready,PROGRESS_IF_RECOVERED
WHSUM000615,U000115,PLAN000615,4,1,Completed,100,100,7.8,4,No,3.0,3.6,3,2,0,Monitor,HOLD_OR_REDUCE_DEMAND
WHSUM000616,U000116,PLAN000616,8,1,Completed,100,100,7.0,2,No,2.5,3.8,4,0,0,Ready,PROGRESS_IF_RECOVERED
WHSUM000617,U000117,PLAN000617,8,2,Completed,100,100,8.7,3,No,4.0,3.0,0,4,2,Ready,HOLD_OR_REDUCE_DEMAND
WHSUM000618,U000118,PLAN000618,4,5,Completed,100,100,8.3,3,No,3.3,3.4,0,5,2,Ready,PROGRESS_IF_RECOVERED
WHSUM000619,U000119,PLAN000619,8,2,Completed,100,100,5.0,1,No,1.0,3.8,5,0,0,Ready,PROGRESS_IF_RECOVERED
WHSUM000620,U000120,PLAN000620,3,6,Completed,100,100,6.7,2,No,2.0,3.5,4,0,0,Ready,PROGRESS_IF_RECOVERED
WHSUM000621,U000121,PLAN000621,3,5,Completed,100,100,6.8,2,No,2.0,3.7,6,0,0,Ready,PROGRESS_IF_RECOVERED
WHSUM000622,U000122,PLAN000622,4,1,Skipped,0,0,,,No,,,0,0,4,Monitor,HOLD_AND_REVIEW_ADHERENCE
WHSUM000623,U000123,PLAN000623,8,1,Completed,100,100,6.8,2,No,2.0,3.5,2,0,0,Ready,PROGRESS_IF_RECOVERED
WHSUM000624,U000124,PLAN000624,5,1,Partial,100,100,7.2,2,No,3.0,4.0,1,0,0,Ready,PROGRESS_IF_RECOVERED
WHSUM000625,U000125,PLAN000625,5,4,Completed,100,100,8.0,5,Yes,3.0,1.0,0,0,1,Review,REVIEW_BEFORE_PROGRESSION
WHSUM000626,U000126,PLAN000626,5,3,Completed,100,100,6.8,2,No,2.0,3.6,5,0,0,Ready,PROGRESS_IF_RECOVERED
WHSUM000627,U000127,PLAN000627,8,2,Skipped,0,0,,,No,,,0,0,1,Monitor,HOLD_AND_REVIEW_ADHERENCE
WHSUM000628,U000128,PLAN000628,3,5,Completed,100,100,8.7,3,No,4.0,3.0,0,2,1,Ready,HOLD_OR_REDUCE_DEMAND
WHSUM000629,U000129,PLAN000629,4,4,Partial,100,100,8.0,3,No,3.0,3.0,0,1,0,Ready,PROGRESS_IF_RECOVERED
WHSUM000630,U000130,PLAN000630,8,2,Completed,100,100,7.0,2,No,2.3,3.7,6,0,0,Ready,PROGRESS_IF_RECOVERED
WHSUM000631,U000131,PLAN000631,6,1,Completed,100,100,6.8,2,No,2.0,3.7,6,0,0,Ready,PROGRESS_IF_RECOVERED
WHSUM000632,U000132,PLAN000632,4,2,Completed,100,100,7.7,4,No,3.0,3.6,5,2,0,Monitor,HOLD_OR_REDUCE_DEMAND
WHSUM000633,U000133,PLAN000633,4,1,Completed,100,100,6.0,2,No,1.8,3.8,4,0,0,Ready,PROGRESS_IF_RECOVERED
WHSUM000634,U000134,PLAN000634,8,2,Completed,100,100,7.8,3,No,3.0,3.8,2,2,0,Ready,PROGRESS_IF_RECOVERED
WHSUM000635,U000135,PLAN000635,3,5,Completed,100,100,8.7,4,No,4.0,3.0,0,4,2,Monitor,HOLD_OR_REDUCE_DEMAND
WHSUM000636,U000136,PLAN000636,4,4,Completed,100,100,4.8,1,No,1.0,3.6,5,0,0,Ready,PROGRESS_IF_RECOVERED
WHSUM000637,U000137,PLAN000637,5,2,Completed,100,100,6.8,2,No,2.0,3.8,5,0,0,Ready,PROGRESS_IF_RECOVERED
WHSUM000638,U000138,PLAN000638,7,3,Completed,100,100,7.0,2,No,2.4,3.6,5,0,0,Ready,PROGRESS_IF_RECOVERED
WHSUM000639,U000139,PLAN000639,5,4,Completed,100,100,8.7,3,No,4.0,3.0,0,2,1,Ready,HOLD_OR_REDUCE_DEMAND
WHSUM000640,U000140,PLAN000640,4,4,Completed,100,100,5.8,2,No,1.3,3.7,3,0,0,Ready,PROGRESS_IF_RECOVERED
WHSUM000641,U000141,PLAN000641,5,2,Completed,100,100,8.2,4,Yes,3.2,3.2,2,2,1,Review,REVIEW_BEFORE_PROGRESSION
WHSUM000642,U000142,PLAN000642,3,5,Completed,100,100,6.5,2,No,2.0,4.0,1,0,0,Ready,PROGRESS_IF_RECOVERED
WHSUM000643,U000143,PLAN000643,4,4,Completed,100,100,7.0,2,No,2.3,3.7,6,0,0,Ready,PROGRESS_IF_RECOVERED
WHSUM000644,U000144,PLAN000644,8,1,Completed,100,100,6.8,2,No,2.0,3.5,4,0,0,Ready,PROGRESS_IF_RECOVERED
WHSUM000645,U000145,PLAN000645,6,1,Completed,100,100,6.7,2,No,2.0,3.6,5,0,0,Ready,PROGRESS_IF_RECOVERED
WHSUM000646,U000146,PLAN000646,5,4,Completed,100,100,7.0,2,No,2.3,3.7,6,0,0,Ready,PROGRESS_IF_RECOVERED
WHSUM000647,U000147,PLAN000647,8,2,Completed,100,100,7.8,3,No,3.0,3.7,4,2,0,Ready,PROGRESS_IF_RECOVERED
WHSUM000648,U000148,PLAN000648,8,2,Completed,100,100,7.7,4,No,3.0,3.7,4,3,0,Monitor,HOLD_OR_REDUCE_DEMAND
WHSUM000649,U000149,PLAN000649,6,2,Completed,100,100,8.0,4,No,3.0,3.7,3,4,0,Monitor,HOLD_OR_REDUCE_DEMAND
WHSUM000650,U000150,PLAN000650,6,1,Completed,100,100,7.8,3,No,3.0,3.7,2,1,0,Ready,PROGRESS_IF_RECOVERED
WHSUM000651,U000151,PLAN000651,5,2,Completed,100,100,7.8,3,No,3.0,3.7,4,3,0,Ready,PROGRESS_IF_RECOVERED
WHSUM000652,U000152,PLAN000652,6,1,Partial,100,100,8.0,3,No,3.0,3.8,2,3,0,Ready,PROGRESS_IF_RECOVERED
WHSUM000653,U000153,PLAN000653,8,2,Completed,100,100,7.7,3,No,3.0,3.6,4,3,0,Ready,PROGRESS_IF_RECOVERED
WHSUM000654,U000154,PLAN000654,7,1,Completed,100,100,5.0,1,No,1.0,4.0,1,0,0,Ready,PROGRESS_IF_RECOVERED
WHSUM000655,U000155,PLAN000655,6,3,Completed,100,100,5.7,2,No,1.3,3.7,7,0,0,Ready,PROGRESS_IF_RECOVERED
WHSUM000656,U000156,PLAN000656,6,2,Completed,100,100,6.4,3,No,2.0,3.0,1,0,0,Monitor,PROGRESS_IF_RECOVERED
WHSUM000657,U000157,PLAN000657,6,1,Skipped,0,0,,,No,,,0,0,6,Monitor,HOLD_AND_REVIEW_ADHERENCE
WHSUM000658,U000158,PLAN000658,8,2,Skipped,0,0,,,No,,,0,0,5,Monitor,HOLD_AND_REVIEW_ADHERENCE
WHSUM000659,U000159,PLAN000659,8,2,Partial,100,100,7.8,3,No,3.0,3.6,3,2,0,Ready,PROGRESS_IF_RECOVERED
WHSUM000660,U000160,PLAN000660,5,4,Completed,100,100,7.0,2,No,2.4,3.7,7,0,0,Ready,PROGRESS_IF_RECOVERED
WHSUM000661,U000161,PLAN000661,5,3,Completed,100,100,4.8,1,No,1.0,3.7,7,0,0,Ready,PROGRESS_IF_RECOVERED
WHSUM000662,U000162,PLAN000662,3,6,Completed,100,100,5.0,1,No,1.0,3.7,6,0,0,Ready,PROGRESS_IF_RECOVERED
WHSUM000663,U000163,PLAN000663,8,2,Completed,100,100,7.0,2,No,2.5,3.2,3,0,1,Ready,PROGRESS_IF_RECOVERED
WHSUM000664,U000164,PLAN000664,4,1,Completed,100,100,8.8,5,Yes,4.0,1.0,0,0,1,Review,REVIEW_BEFORE_PROGRESSION
WHSUM000665,U000165,PLAN000665,8,2,Completed,100,100,7.2,3,Yes,2.6,3.1,6,0,1,Review,REVIEW_BEFORE_PROGRESSION
WHSUM000666,U000166,PLAN000666,5,1,Completed,100,100,5.8,2,No,1.3,3.7,6,0,0,Ready,PROGRESS_IF_RECOVERED
WHSUM000667,U000167,PLAN000667,8,2,Completed,100,100,7.8,3,No,3.0,4.0,1,1,0,Ready,PROGRESS_IF_RECOVERED
WHSUM000668,U000168,PLAN000668,8,2,Completed,100,100,7.8,4,No,3.0,3.5,2,2,0,Monitor,HOLD_OR_REDUCE_DEMAND
WHSUM000669,U000169,PLAN000669,3,6,Completed,100,100,6.7,2,No,2.0,3.6,5,0,0,Ready,PROGRESS_IF_RECOVERED
WHSUM000670,U000170,PLAN000670,8,2,Completed,100,100,7.6,3,No,3.0,3.8,5,0,0,Ready,PROGRESS_IF_RECOVERED
WHSUM000671,U000171,PLAN000671,3,4,Completed,100,100,7.4,3,No,3.0,3.0,1,0,0,Monitor,PROGRESS_IF_RECOVERED
WHSUM000672,U000172,PLAN000672,6,2,Completed,100,100,7.7,3,No,3.0,3.6,4,1,0,Ready,PROGRESS_IF_RECOVERED
WHSUM000673,U000173,PLAN000673,8,2,Completed,100,100,7.7,4,No,3.0,4.0,1,1,0,Monitor,HOLD_OR_REDUCE_DEMAND
WHSUM000674,U000174,PLAN000674,5,4,Partial,100,100,6.0,2,No,1.7,3.0,5,0,2,Ready,PROGRESS_IF_RECOVERED
WHSUM000675,U000175,PLAN000675,7,1,Completed,100,100,7.7,3,No,3.0,3.7,5,2,0,Ready,PROGRESS_IF_RECOVERED
WHSUM000676,U000176,PLAN000676,5,2,Completed,100,100,7.0,2,No,2.4,3.8,5,0,0,Ready,PROGRESS_IF_RECOVERED
WHSUM000677,U000177,PLAN000677,4,2,Completed,100,100,6.8,2,No,2.0,3.5,4,0,0,Ready,PROGRESS_IF_RECOVERED
WHSUM000678,U000178,PLAN000678,3,4,Completed,100,100,7.7,3,No,3.0,3.7,5,2,0,Ready,PROGRESS_IF_RECOVERED
WHSUM000679,U000179,PLAN000679,8,1,Completed,100,100,6.7,3,No,2.0,3.8,5,0,0,Monitor,PROGRESS_IF_RECOVERED
WHSUM000680,U000180,PLAN000680,6,1,Skipped,0,0,,,No,,,0,0,2,Monitor,HOLD_AND_REVIEW_ADHERENCE
WHSUM000681,U000181,PLAN000681,4,5,Completed,100,100,7.4,2,No,2.8,3.6,5,0,0,Ready,PROGRESS_IF_RECOVERED
WHSUM000682,U000182,PLAN000682,4,4,Completed,100,100,6.7,3,No,2.0,3.7,6,0,0,Ready,PROGRESS_IF_RECOVERED
WHSUM000683,U000183,PLAN000683,8,2,Completed,100,100,7.8,3,No,3.0,3.5,2,2,0,Ready,PROGRESS_IF_RECOVERED
WHSUM000684,U000184,PLAN000684,5,1,Completed,100,100,7.0,2,No,2.4,3.7,7,0,0,Ready,PROGRESS_IF_RECOVERED
WHSUM000685,U000185,PLAN000685,4,4,Completed,100,100,7.4,3,No,3.0,4.0,2,0,0,Ready,PROGRESS_IF_RECOVERED
WHSUM000686,U000186,PLAN000686,6,2,Completed,100,100,8.7,4,No,4.0,3.0,0,2,1,Monitor,HOLD_OR_REDUCE_DEMAND
WHSUM000687,U000187,PLAN000687,5,1,Partial,100,100,5.0,2,No,1.0,3.6,5,0,0,Ready,PROGRESS_IF_RECOVERED
WHSUM000688,U000188,PLAN000688,4,2,Completed,100,100,7.8,3,No,3.0,3.8,3,1,0,Ready,PROGRESS_IF_RECOVERED
WHSUM000689,U000189,PLAN000689,5,3,Completed,100,100,7.7,4,No,3.0,3.6,4,3,0,Monitor,HOLD_OR_REDUCE_DEMAND
WHSUM000690,U000190,PLAN000690,4,3,Completed,100,100,7.0,2,No,2.3,3.7,6,0,0,Ready,PROGRESS_IF_RECOVERED
WHSUM000691,U000191,PLAN000691,5,1,Completed,100,100,7.7,3,No,3.0,3.7,4,2,0,Ready,PROGRESS_IF_RECOVERED
WHSUM000692,U000192,PLAN000692,4,4,Partial,100,100,8.0,3,No,3.0,3.0,0,1,0,Ready,PROGRESS_IF_RECOVERED
WHSUM000693,U000193,PLAN000693,8,2,Partial,100,100,8.8,4,No,4.0,3.0,0,2,2,Monitor,HOLD_OR_REDUCE_DEMAND
WHSUM000694,U000194,PLAN000694,6,1,Completed,100,100,9.0,4,Yes,4.0,2.0,0,1,1,Review,REVIEW_BEFORE_PROGRESSION
WHSUM000695,U000195,PLAN000695,4,5,Completed,100,100,6.0,2,No,2.0,3.0,1,0,0,Ready,PROGRESS_IF_RECOVERED
WHSUM000696,U000196,PLAN000696,7,1,Partial,100,100,6.6,2,No,2.0,3.6,5,0,0,Ready,PROGRESS_IF_RECOVERED
WHSUM000697,U000197,PLAN000697,5,2,Completed,100,100,8.6,3,No,4.0,3.0,0,1,0,Ready,HOLD_OR_REDUCE_DEMAND
WHSUM000698,U000198,PLAN000698,5,1,Completed,100,100,7.0,2,No,2.4,3.6,7,0,0,Ready,PROGRESS_IF_RECOVERED
WHSUM000699,U000199,PLAN000699,8,2,Completed,100,100,5.8,2,No,1.5,3.8,4,0,0,Ready,PROGRESS_IF_RECOVERED
WHSUM000700,U000200,PLAN000700,4,4,Completed,100,100,7.7,4,No,3.0,4.0,1,0,0,Monitor,HOLD_OR_REDUCE_DEMAND
WHSUM000701,U000201,PLAN000701,8,2,Skipped,0,0,,,No,,,0,0,6,Monitor,HOLD_AND_REVIEW_ADHERENCE
WHSUM000702,U000202,PLAN000702,7,2,Completed,100,100,7.8,3,No,3.0,3.7,4,2,0,Ready,PROGRESS_IF_RECOVERED
WHSUM000703,U000203,PLAN000703,4,4,Completed,100,100,7.7,4,No,3.0,3.7,5,2,0,Monitor,HOLD_OR_REDUCE_DEMAND
WHSUM000704,U000204,PLAN000704,5,2,Completed,100,100,5.0,1,No,1.0,3.6,5,0,0,Ready,PROGRESS_IF_RECOVERED
WHSUM000705,U000205,PLAN000705,6,2,Completed,100,100,8.7,3,No,4.0,3.0,0,2,4,Ready,HOLD_OR_REDUCE_DEMAND
WHSUM000706,U000206,PLAN000706,8,2,Partial,100,100,7.0,2,No,2.3,3.7,4,2,0,Ready,PROGRESS_IF_RECOVERED
WHSUM000707,U000207,PLAN000707,8,2,Partial,100,100,6.8,2,No,2.0,3.6,5,2,0,Ready,PROGRESS_IF_RECOVERED
WHSUM000708,U000208,PLAN000708,5,1,Partial,100,100,5.7,3,No,1.4,3.7,5,2,0,Monitor,PROGRESS_IF_RECOVERED
WHSUM000709,U000209,PLAN000709,5,4,Completed,100,100,8.0,4,No,3.0,4.0,0,1,0,Monitor,HOLD_OR_REDUCE_DEMAND
WHSUM000710,U000210,PLAN000710,4,4,Partial,100,100,7.3,2,No,2.7,3.7,6,0,0,Ready,PROGRESS_IF_RECOVERED
WHSUM000711,U000211,PLAN000711,4,3,Completed,100,100,6.3,2,No,2.0,3.7,7,0,0,Ready,PROGRESS_IF_RECOVERED
WHSUM000712,U000212,PLAN000712,5,1,Completed,100,100,7.7,4,No,3.0,4.0,1,1,0,Monitor,HOLD_OR_REDUCE_DEMAND
WHSUM000713,U000213,PLAN000713,4,1,Completed,100,100,4.9,1,No,1.0,3.5,2,0,0,Ready,PROGRESS_IF_RECOVERED
WHSUM000714,U000214,PLAN000714,5,2,Partial,100,100,8.0,3,No,3.0,2.5,0,1,1,Ready,PROGRESS_IF_RECOVERED
WHSUM000715,U000215,PLAN000715,4,3,Completed,100,100,8.0,3,No,3.0,3.0,2,2,2,Ready,PROGRESS_IF_RECOVERED
WHSUM000716,U000216,PLAN000716,7,2,Completed,100,100,8.7,3,No,4.0,3.0,0,1,2,Ready,HOLD_OR_REDUCE_DEMAND
WHSUM000717,U000217,PLAN000717,4,1,Completed,100,100,7.0,2,No,2.3,3.7,7,0,0,Ready,PROGRESS_IF_RECOVERED
WHSUM000718,U000218,PLAN000718,4,3,Completed,100,100,7.7,4,No,3.0,3.7,5,2,0,Monitor,HOLD_OR_REDUCE_DEMAND
WHSUM000719,U000219,PLAN000719,4,2,Skipped,0,0,,,No,,,0,0,5,Monitor,HOLD_AND_REVIEW_ADHERENCE
WHSUM000720,U000220,PLAN000720,8,2,Completed,100,100,5.0,1,No,1.0,3.7,3,0,0,Ready,PROGRESS_IF_RECOVERED
WHSUM000721,U000221,PLAN000721,4,4,Completed,100,100,6.3,2,No,2.0,3.7,7,0,0,Ready,PROGRESS_IF_RECOVERED
WHSUM000722,U000222,PLAN000722,6,1,Completed,100,100,8.4,3,No,3.6,3.4,0,5,0,Ready,MAINTAIN
WHSUM000723,U000223,PLAN000723,4,2,Partial,100,100,7.7,4,No,3.0,3.7,5,2,0,Monitor,HOLD_OR_REDUCE_DEMAND
WHSUM000724,U000224,PLAN000724,7,1,Completed,100,100,8.7,3,No,4.0,3.0,0,5,2,Ready,HOLD_OR_REDUCE_DEMAND
WHSUM000725,U000225,PLAN000725,5,2,Completed,100,100,5.2,2,Yes,1.1,2.6,4,0,3,Review,REVIEW_BEFORE_PROGRESSION
WHSUM000726,U000226,PLAN000726,3,5,Completed,100,100,7.0,3,No,2.3,3.0,2,0,1,Ready,PROGRESS_IF_RECOVERED
WHSUM000727,U000227,PLAN000727,8,2,Completed,100,100,7.7,3,No,3.0,3.7,4,3,0,Ready,PROGRESS_IF_RECOVERED
WHSUM000728,U000228,PLAN000728,6,2,Completed,100,100,5.0,1,No,1.0,3.7,6,0,0,Ready,PROGRESS_IF_RECOVERED
WHSUM000729,U000229,PLAN000729,8,2,Completed,100,100,7.8,3,No,3.0,3.6,3,2,0,Ready,PROGRESS_IF_RECOVERED
WHSUM000730,U000230,PLAN000730,7,2,Completed,100,100,6.9,2,No,2.0,4.0,2,0,0,Ready,PROGRESS_IF_RECOVERED
WHSUM000731,U000231,PLAN000731,4,1,Completed,100,100,7.0,2,No,2.0,3.0,1,0,0,Ready,PROGRESS_IF_RECOVERED
WHSUM000732,U000232,PLAN000732,3,6,Partial,100,100,7.6,3,No,3.0,3.6,4,1,0,Ready,PROGRESS_IF_RECOVERED
WHSUM000733,U000233,PLAN000733,4,2,Completed,100,100,5.4,1,No,1.0,4.0,2,0,0,Ready,PROGRESS_IF_RECOVERED
WHSUM000734,U000234,PLAN000734,4,1,Completed,100,100,7.0,2,No,2.3,3.7,6,0,0,Ready,PROGRESS_IF_RECOVERED
WHSUM000735,U000235,PLAN000735,8,2,Completed,100,100,6.7,2,No,2.0,3.7,7,0,0,Ready,PROGRESS_IF_RECOVERED
WHSUM000736,U000236,PLAN000736,4,3,Partial,100,100,7.1,2,No,2.5,4.0,2,0,0,Ready,PROGRESS_IF_RECOVERED
WHSUM000737,U000237,PLAN000737,4,2,Completed,100,100,6.3,2,No,2.0,3.7,6,0,0,Ready,PROGRESS_IF_RECOVERED
WHSUM000738,U000238,PLAN000738,7,1,Completed,100,100,8.8,3,No,4.0,2.5,0,1,1,Ready,HOLD_OR_REDUCE_DEMAND
WHSUM000739,U000239,PLAN000739,3,6,Completed,100,100,6.9,2,No,2.0,4.0,2,0,0,Ready,PROGRESS_IF_RECOVERED
WHSUM000740,U000240,PLAN000740,6,2,Completed,100,100,8.4,3,No,3.6,3.3,0,7,0,Ready,MAINTAIN
WHSUM000741,U000241,PLAN000741,3,4,Completed,100,100,5.6,2,No,1.0,3.5,2,0,0,Ready,PROGRESS_IF_RECOVERED
WHSUM000742,U000242,PLAN000742,6,2,Skipped,0,0,,,No,,,0,0,7,Monitor,HOLD_AND_REVIEW_ADHERENCE
WHSUM000743,U000243,PLAN000743,8,2,Partial,100,100,5.9,4,Yes,1.4,3.2,4,0,1,Review,REVIEW_BEFORE_PROGRESSION
WHSUM000744,U000244,PLAN000744,4,5,Completed,100,100,7.0,2,No,2.2,3.2,3,0,1,Ready,PROGRESS_IF_RECOVERED
WHSUM000745,U000245,PLAN000745,8,2,Completed,100,100,7.2,3,Yes,2.6,2.8,3,0,2,Review,REVIEW_BEFORE_PROGRESSION
WHSUM000746,U000246,PLAN000746,6,3,Completed,100,100,4.5,1,No,1.0,3.0,1,0,0,Ready,PROGRESS_IF_RECOVERED
WHSUM000747,U000247,PLAN000747,8,2,Completed,100,100,6.0,3,No,1.6,3.6,5,0,0,Ready,PROGRESS_IF_RECOVERED
WHSUM000748,U000248,PLAN000748,6,1,Completed,100,100,7.4,3,No,3.0,3.8,5,0,0,Ready,PROGRESS_IF_RECOVERED
WHSUM000749,U000249,PLAN000749,8,1,Partial,100,100,6.6,2,No,2.0,3.5,2,0,0,Ready,PROGRESS_IF_RECOVERED
WHSUM000750,U000250,PLAN000750,8,2,Completed,100,100,7.0,2,No,2.4,3.6,5,0,0,Ready,PROGRESS_IF_RECOVERED
WHSUM000751,U000251,PLAN000751,7,2,Partial,100,100,8.6,3,No,3.8,3.0,0,5,0,Ready,HOLD_OR_REDUCE_DEMAND
WHSUM000752,U000252,PLAN000752,5,3,Completed,100,100,4.8,1,No,1.0,3.5,2,0,0,Ready,PROGRESS_IF_RECOVERED
WHSUM000753,U000253,PLAN000753,4,3,Completed,100,100,7.0,2,No,2.3,3.7,7,0,0,Ready,PROGRESS_IF_RECOVERED
WHSUM000754,U000254,PLAN000754,8,2,Completed,100,100,7.7,4,No,3.0,3.7,4,2,0,Monitor,HOLD_OR_REDUCE_DEMAND
WHSUM000755,U000255,PLAN000755,8,2,Completed,100,100,7.0,2,No,2.5,2.5,1,0,1,Ready,PROGRESS_IF_RECOVERED
WHSUM000756,U000256,PLAN000756,4,4,Completed,100,100,5.0,1,No,1.0,3.1,5,0,2,Ready,PROGRESS_IF_RECOVERED
WHSUM000757,U000257,PLAN000757,7,3,Completed,100,100,7.8,3,No,3.0,3.7,4,2,0,Ready,PROGRESS_IF_RECOVERED
WHSUM000758,U000258,PLAN000758,4,5,Partial,100,100,7.0,2,No,2.0,3.0,1,0,0,Ready,PROGRESS_IF_RECOVERED
WHSUM000759,U000259,PLAN000759,8,2,Completed,100,100,5.6,2,No,1.3,3.7,3,0,0,Ready,PROGRESS_IF_RECOVERED
WHSUM000760,U000260,PLAN000760,6,3,Completed,100,100,6.5,2,No,2.0,4.0,1,0,0,Ready,PROGRESS_IF_RECOVERED
WHSUM000761,U000261,PLAN000761,4,2,Completed,100,100,5.0,1,No,1.0,3.0,1,0,0,Ready,PROGRESS_IF_RECOVERED
WHSUM000762,U000262,PLAN000762,4,1,Completed,100,100,6.8,2,No,2.0,3.7,3,0,0,Ready,PROGRESS_IF_RECOVERED
WHSUM000763,U000263,PLAN000763,4,4,Completed,100,100,7.8,3,No,3.0,3.7,4,2,0,Ready,PROGRESS_IF_RECOVERED
WHSUM000764,U000264,PLAN000764,7,3,Skipped,0,0,,,No,,,0,0,6,Monitor,HOLD_AND_REVIEW_ADHERENCE
WHSUM000765,U000265,PLAN000765,7,2,Completed,100,100,8.8,3,No,4.0,2.8,0,3,2,Ready,HOLD_OR_REDUCE_DEMAND
WHSUM000766,U000266,PLAN000766,5,3,Completed,100,100,7.0,2,No,2.4,3.7,7,0,0,Ready,PROGRESS_IF_RECOVERED
WHSUM000767,U000267,PLAN000767,5,2,Partial,100,100,7.6,3,No,3.0,3.0,1,0,0,Ready,PROGRESS_IF_RECOVERED
WHSUM000768,U000268,PLAN000768,3,5,Completed,100,100,6.7,2,No,2.0,3.8,4,0,0,Ready,PROGRESS_IF_RECOVERED
WHSUM000769,U000269,PLAN000769,4,4,Completed,100,100,7.0,3,No,2.4,3.8,5,0,0,Ready,PROGRESS_IF_RECOVERED
WHSUM000770,U000270,PLAN000770,6,2,Completed,100,100,5.5,1,No,1.0,3.0,1,0,0,Ready,PROGRESS_IF_RECOVERED
WHSUM000771,U000271,PLAN000771,4,3,Completed,100,100,6.8,3,No,2.0,4.0,1,0,0,Ready,PROGRESS_IF_RECOVERED
WHSUM000772,U000272,PLAN000772,4,2,Completed,100,100,8.0,3,No,3.0,3.7,1,2,0,Ready,PROGRESS_IF_RECOVERED
WHSUM000773,U000273,PLAN000773,4,1,Partial,100,100,4.8,1,No,1.0,3.7,2,1,0,Ready,PROGRESS_IF_RECOVERED
WHSUM000774,U000274,PLAN000774,6,3,Completed,100,100,5.6,2,No,1.0,3.5,2,0,0,Ready,PROGRESS_IF_RECOVERED
WHSUM000775,U000275,PLAN000775,5,1,Completed,100,100,7.0,2,No,2.5,4.0,2,0,0,Ready,PROGRESS_IF_RECOVERED
WHSUM000776,U000276,PLAN000776,4,4,Completed,100,100,6.8,2,No,2.0,3.7,3,0,0,Ready,PROGRESS_IF_RECOVERED
WHSUM000777,U000277,PLAN000777,6,2,Skipped,0,0,,,No,,,0,0,5,Monitor,HOLD_AND_REVIEW_ADHERENCE
WHSUM000778,U000278,PLAN000778,5,1,Completed,100,100,7.6,4,Yes,3.0,3.3,6,0,1,Review,REVIEW_BEFORE_PROGRESSION
WHSUM000779,U000279,PLAN000779,7,2,Completed,100,100,7.7,4,No,3.0,3.6,5,2,0,Monitor,HOLD_OR_REDUCE_DEMAND
WHSUM000780,U000280,PLAN000780,5,3,Completed,100,100,7.0,2,No,2.3,3.7,6,0,0,Ready,PROGRESS_IF_RECOVERED
WHSUM000781,U000281,PLAN000781,3,6,Completed,100,100,8.4,4,No,4.0,4.0,0,1,0,Monitor,HOLD_OR_REDUCE_DEMAND
WHSUM000782,U000282,PLAN000782,8,2,Completed,100,100,5.8,2,No,1.3,3.7,6,0,0,Ready,PROGRESS_IF_RECOVERED
WHSUM000783,U000283,PLAN000783,4,1,Completed,100,100,5.7,3,No,1.2,3.8,4,0,0,Monitor,PROGRESS_IF_RECOVERED
WHSUM000784,U000284,PLAN000784,8,2,Completed,100,100,8.0,3,No,3.0,4.0,0,1,0,Ready,PROGRESS_IF_RECOVERED
WHSUM000785,U000285,PLAN000785,6,1,Completed,100,100,7.7,4,No,3.0,3.6,5,2,0,Monitor,HOLD_OR_REDUCE_DEMAND
WHSUM000786,U000286,PLAN000786,8,2,Completed,100,100,8.0,3,No,3.0,3.7,2,5,0,Ready,PROGRESS_IF_RECOVERED
WHSUM000787,U000287,PLAN000787,8,2,Completed,100,100,7.0,2,No,2.0,4.0,1,0,0,Ready,PROGRESS_IF_RECOVERED
WHSUM000788,U000288,PLAN000788,8,2,Completed,100,100,6.0,2,No,1.6,3.6,5,0,0,Ready,PROGRESS_IF_RECOVERED
WHSUM000789,U000289,PLAN000789,4,2,Completed,100,100,4.9,1,No,1.0,3.5,2,0,0,Ready,PROGRESS_IF_RECOVERED
WHSUM000790,U000290,PLAN000790,6,1,Completed,100,100,7.7,4,No,3.0,3.7,5,2,0,Monitor,HOLD_OR_REDUCE_DEMAND
WHSUM000791,U000291,PLAN000791,8,1,Completed,100,100,8.0,3,No,3.0,3.6,2,3,0,Ready,PROGRESS_IF_RECOVERED
WHSUM000792,U000292,PLAN000792,5,1,Completed,100,100,6.8,2,No,2.0,3.6,5,0,0,Ready,PROGRESS_IF_RECOVERED
WHSUM000793,U000293,PLAN000793,5,4,Completed,100,100,7.8,3,No,3.0,3.7,4,3,0,Ready,PROGRESS_IF_RECOVERED
WHSUM000794,U000294,PLAN000794,5,3,Completed,100,100,6.0,2,No,1.8,3.5,4,0,0,Ready,PROGRESS_IF_RECOVERED
WHSUM000795,U000295,PLAN000795,5,2,Completed,100,100,5.8,2,No,1.3,3.7,6,0,0,Ready,PROGRESS_IF_RECOVERED
WHSUM000796,U000296,PLAN000796,6,2,Completed,100,100,7.0,2,No,2.3,3.7,7,0,0,Ready,PROGRESS_IF_RECOVERED
WHSUM000797,U000297,PLAN000797,3,4,Completed,100,100,5.7,2,No,1.2,3.6,5,0,0,Ready,PROGRESS_IF_RECOVERED
WHSUM000798,U000298,PLAN000798,5,2,Completed,100,100,4.8,1,No,1.0,3.7,6,0,0,Ready,PROGRESS_IF_RECOVERED
WHSUM000799,U000299,PLAN000799,5,1,Skipped,0,0,,,No,,,0,0,7,Monitor,HOLD_AND_REVIEW_ADHERENCE
WHSUM000800,U000300,PLAN000800,4,2,Partial,100,100,7.8,4,No,3.0,3.6,3,2,0,Monitor,HOLD_OR_REDUCE_DEMAND
WHSUM000801,U000301,PLAN000801,7,1,Completed,100,100,7.8,3,No,3.0,3.7,5,2,0,Ready,PROGRESS_IF_RECOVERED
WHSUM000802,U000302,PLAN000802,6,3,Completed,100,100,4.9,1,No,1.0,4.0,2,0,0,Ready,PROGRESS_IF_RECOVERED
WHSUM000803,U000303,PLAN000803,8,2,Completed,100,100,7.8,3,No,3.0,3.5,2,2,0,Ready,PROGRESS_IF_RECOVERED
WHSUM000804,U000304,PLAN000804,3,4,Completed,100,100,6.7,2,No,2.0,3.6,5,0,0,Ready,PROGRESS_IF_RECOVERED
WHSUM000805,U000305,PLAN000805,4,4,Completed,100,100,7.0,2,No,2.4,3.8,5,0,0,Ready,PROGRESS_IF_RECOVERED
WHSUM000806,U000306,PLAN000806,8,2,Completed,100,100,7.7,3,No,3.0,3.5,1,1,0,Ready,PROGRESS_IF_RECOVERED
WHSUM000807,U000307,PLAN000807,5,4,Completed,100,100,7.0,2,No,2.3,3.7,6,0,0,Ready,PROGRESS_IF_RECOVERED
WHSUM000808,U000308,PLAN000808,7,1,Completed,100,100,7.0,2,No,2.3,3.7,7,0,0,Ready,PROGRESS_IF_RECOVERED
WHSUM000809,U000309,PLAN000809,3,6,Completed,100,100,6.7,2,No,2.0,3.6,7,0,0,Ready,PROGRESS_IF_RECOVERED
WHSUM000810,U000310,PLAN000810,8,2,Completed,100,100,7.0,2,No,2.5,3.5,2,0,0,Ready,PROGRESS_IF_RECOVERED
WHSUM000811,U000311,PLAN000811,8,2,Completed,100,100,6.8,2,No,2.0,4.0,2,0,0,Ready,PROGRESS_IF_RECOVERED
WHSUM000812,U000312,PLAN000812,6,2,Completed,100,100,6.7,2,No,2.0,3.5,4,0,0,Ready,PROGRESS_IF_RECOVERED
WHSUM000813,U000313,PLAN000813,7,3,Partial,100,100,6.0,2,No,2.0,4.0,1,0,0,Ready,PROGRESS_IF_RECOVERED
WHSUM000814,U000314,PLAN000814,7,2,Completed,100,100,7.8,3,No,3.0,3.7,5,2,0,Ready,PROGRESS_IF_RECOVERED
WHSUM000815,U000315,PLAN000815,8,2,Completed,100,100,7.7,4,No,3.0,3.6,4,3,0,Monitor,HOLD_OR_REDUCE_DEMAND
WHSUM000816,U000316,PLAN000816,4,3,Completed,100,100,7.0,2,No,2.3,3.7,6,0,0,Ready,PROGRESS_IF_RECOVERED
WHSUM000817,U000317,PLAN000817,5,1,Completed,100,100,6.0,2,No,2.0,4.0,1,0,0,Ready,PROGRESS_IF_RECOVERED
WHSUM000818,U000318,PLAN000818,3,4,Completed,100,100,7.0,2,No,2.3,3.6,7,0,0,Ready,PROGRESS_IF_RECOVERED
WHSUM000819,U000319,PLAN000819,5,2,Completed,100,100,7.8,3,No,3.0,3.6,3,2,0,Ready,PROGRESS_IF_RECOVERED
WHSUM000820,U000320,PLAN000820,7,3,Completed,100,100,7.1,3,Yes,2.3,3.0,2,0,1,Review,REVIEW_BEFORE_PROGRESSION
WHSUM000821,U000321,PLAN000821,7,2,Completed,100,100,8.1,3,No,3.0,3.5,0,2,0,Ready,PROGRESS_IF_RECOVERED
WHSUM000822,U000322,PLAN000822,7,1,Completed,100,100,7.9,3,No,3.0,3.5,1,1,0,Ready,PROGRESS_IF_RECOVERED
WHSUM000823,U000323,PLAN000823,6,3,Completed,100,100,6.6,3,No,2.0,3.8,5,0,0,Monitor,PROGRESS_IF_RECOVERED
WHSUM000824,U000324,PLAN000824,8,2,Completed,100,100,7.0,2,No,2.4,3.6,5,0,0,Ready,PROGRESS_IF_RECOVERED
WHSUM000825,U000325,PLAN000825,3,4,Completed,100,100,4.7,1,No,1.0,3.7,7,0,0,Ready,PROGRESS_IF_RECOVERED
WHSUM000826,U000326,PLAN000826,4,4,Partial,100,100,6.8,2,No,2.0,4.0,1,0,0,Ready,PROGRESS_IF_RECOVERED
WHSUM000827,U000327,PLAN000827,8,2,Completed,100,100,7.3,3,Yes,2.8,2.8,3,0,1,Review,REVIEW_BEFORE_PROGRESSION
WHSUM000828,U000328,PLAN000828,4,2,Completed,100,100,4.8,1,No,1.0,3.8,4,0,0,Ready,PROGRESS_IF_RECOVERED
WHSUM000829,U000329,PLAN000829,4,1,Partial,100,100,6.7,3,No,2.0,3.7,6,1,0,Ready,PROGRESS_IF_RECOVERED
WHSUM000830,U000330,PLAN000830,8,2,Completed,100,100,7.0,2,No,2.4,3.0,5,0,2,Ready,PROGRESS_IF_RECOVERED
WHSUM000831,U000331,PLAN000831,5,1,Partial,100,100,8.7,3,No,4.0,3.0,0,4,3,Ready,HOLD_OR_REDUCE_DEMAND
WHSUM000832,U000332,PLAN000832,4,4,Completed,100,100,8.0,3,No,3.0,3.8,1,4,0,Ready,PROGRESS_IF_RECOVERED
WHSUM000833,U000333,PLAN000833,4,4,Completed,100,100,7.7,4,No,3.0,3.7,2,1,0,Monitor,HOLD_OR_REDUCE_DEMAND
WHSUM000834,U000334,PLAN000834,4,3,Completed,100,100,4.8,1,No,1.0,3.6,5,0,0,Ready,PROGRESS_IF_RECOVERED
WHSUM000835,U000335,PLAN000835,8,2,Completed,100,100,7.0,2,No,2.4,3.8,5,0,0,Ready,PROGRESS_IF_RECOVERED
WHSUM000836,U000336,PLAN000836,8,2,Completed,100,100,7.8,4,No,3.0,3.6,4,3,0,Monitor,HOLD_OR_REDUCE_DEMAND
WHSUM000837,U000337,PLAN000837,5,2,Completed,100,100,6.0,2,No,1.7,3.7,6,0,0,Ready,PROGRESS_IF_RECOVERED
WHSUM000838,U000338,PLAN000838,3,5,Partial,100,100,7.4,3,No,3.0,4.0,1,0,0,Monitor,PROGRESS_IF_RECOVERED
WHSUM000839,U000339,PLAN000839,4,1,Completed,100,100,7.7,4,No,3.0,3.6,5,2,0,Monitor,HOLD_OR_REDUCE_DEMAND
WHSUM000840,U000340,PLAN000840,8,1,Completed,100,100,7.2,2,No,3.0,4.0,1,0,0,Ready,PROGRESS_IF_RECOVERED
WHSUM000841,U000341,PLAN000841,8,2,Completed,100,100,7.2,3,No,3.0,4.0,1,0,0,Ready,PROGRESS_IF_RECOVERED
WHSUM000842,U000342,PLAN000842,8,2,Completed,100,100,9.0,4,No,4.0,2.0,0,0,1,Monitor,HOLD_OR_REDUCE_DEMAND
WHSUM000843,U000343,PLAN000843,8,2,Completed,100,100,6.0,2,No,1.5,3.5,2,0,0,Ready,PROGRESS_IF_RECOVERED
WHSUM000844,U000344,PLAN000844,6,3,Completed,100,100,6.5,2,No,2.0,4.0,1,0,0,Ready,PROGRESS_IF_RECOVERED
WHSUM000845,U000345,PLAN000845,5,1,Completed,100,100,7.0,2,No,2.0,3.0,1,0,0,Ready,PROGRESS_IF_RECOVERED
WHSUM000846,U000346,PLAN000846,4,4,Completed,100,100,7.1,2,No,2.5,3.5,2,0,0,Ready,PROGRESS_IF_RECOVERED
WHSUM000847,U000347,PLAN000847,8,2,Completed,100,100,6.8,2,No,2.0,3.7,3,0,0,Ready,PROGRESS_IF_RECOVERED
WHSUM000848,U000348,PLAN000848,5,1,Partial,100,100,7.2,2,No,3.0,3.0,1,0,0,Ready,PROGRESS_IF_RECOVERED
WHSUM000849,U000349,PLAN000849,4,5,Completed,100,100,6.8,2,No,2.0,3.7,7,0,0,Ready,PROGRESS_IF_RECOVERED
WHSUM000850,U000350,PLAN000850,4,4,Skipped,0,0,,,No,,,0,0,1,Monitor,HOLD_AND_REVIEW_ADHERENCE
WHSUM000851,U000351,PLAN000851,3,6,Completed,100,100,6.4,3,No,2.0,3.0,1,0,0,Monitor,PROGRESS_IF_RECOVERED
WHSUM000852,U000352,PLAN000852,5,1,Completed,100,100,7.4,2,No,3.0,3.5,2,0,0,Ready,PROGRESS_IF_RECOVERED
WHSUM000853,U000353,PLAN000853,8,2,Partial,100,100,6.7,2,No,2.0,3.8,4,1,0,Ready,PROGRESS_IF_RECOVERED
WHSUM000854,U000354,PLAN000854,4,4,Completed,100,100,7.0,2,No,2.2,3.5,4,0,0,Ready,PROGRESS_IF_RECOVERED
WHSUM000855,U000355,PLAN000855,8,2,Completed,100,100,6.8,2,No,2.0,3.7,7,0,0,Ready,PROGRESS_IF_RECOVERED
WHSUM000856,U000356,PLAN000856,8,2,Partial,100,100,7.7,4,No,3.0,3.7,4,3,0,Monitor,HOLD_OR_REDUCE_DEMAND
WHSUM000857,U000357,PLAN000857,8,2,Partial,100,100,7.2,3,Yes,2.5,3.2,5,0,1,Review,REVIEW_BEFORE_PROGRESSION
WHSUM000858,U000358,PLAN000858,5,2,Completed,100,100,9.0,3,No,4.0,3.0,0,0,1,Ready,HOLD_OR_REDUCE_DEMAND
WHSUM000859,U000359,PLAN000859,3,5,Completed,100,100,6.9,2,No,2.0,4.0,2,0,0,Ready,PROGRESS_IF_RECOVERED
WHSUM000860,U000360,PLAN000860,4,4,Completed,100,100,7.0,2,No,2.3,3.0,4,0,2,Ready,PROGRESS_IF_RECOVERED
WHSUM000861,U000361,PLAN000861,6,2,Partial,100,100,7.6,3,No,3.0,3.5,2,0,0,Ready,PROGRESS_IF_RECOVERED
WHSUM000862,U000362,PLAN000862,6,1,Completed,100,100,7.8,3,No,3.0,4.0,1,0,0,Ready,PROGRESS_IF_RECOVERED
WHSUM000863,U000363,PLAN000863,4,5,Skipped,0,0,,,No,,,0,0,7,Monitor,HOLD_AND_REVIEW_ADHERENCE
WHSUM000864,U000364,PLAN000864,8,2,Completed,100,100,7.9,4,No,3.0,4.0,1,0,0,Monitor,HOLD_OR_REDUCE_DEMAND
WHSUM000865,U000365,PLAN000865,5,2,Completed,100,100,8.0,3,No,3.0,3.7,2,4,0,Ready,PROGRESS_IF_RECOVERED
WHSUM000866,U000366,PLAN000866,6,2,Completed,100,100,6.5,2,No,2.0,3.0,1,0,0,Ready,PROGRESS_IF_RECOVERED
WHSUM000867,U000367,PLAN000867,6,1,Completed,100,100,6.8,2,No,2.0,4.0,1,0,0,Ready,PROGRESS_IF_RECOVERED
WHSUM000868,U000368,PLAN000868,6,2,Completed,100,100,7.0,3,No,2.2,3.2,3,0,1,Ready,PROGRESS_IF_RECOVERED
WHSUM000869,U000369,PLAN000869,7,3,Completed,100,100,7.7,3,No,3.0,3.7,4,2,0,Ready,PROGRESS_IF_RECOVERED
WHSUM000870,U000370,PLAN000870,7,2,Completed,100,100,7.7,4,No,3.0,3.8,3,1,0,Monitor,HOLD_OR_REDUCE_DEMAND
WHSUM000871,U000371,PLAN000871,7,1,Completed,100,100,7.0,2,No,2.3,3.0,2,0,1,Ready,PROGRESS_IF_RECOVERED
WHSUM000872,U000372,PLAN000872,4,3,Skipped,0,0,,,No,,,0,0,2,Monitor,HOLD_AND_REVIEW_ADHERENCE
WHSUM000873,U000373,PLAN000873,6,2,Completed,100,100,7.9,3,No,3.0,3.5,1,1,0,Ready,PROGRESS_IF_RECOVERED
WHSUM000874,U000374,PLAN000874,8,2,Completed,100,100,7.6,3,No,3.0,3.7,6,0,0,Ready,PROGRESS_IF_RECOVERED
WHSUM000875,U000375,PLAN000875,6,2,Completed,100,100,7.4,3,No,3.0,3.6,7,0,0,Ready,PROGRESS_IF_RECOVERED
WHSUM000876,U000376,PLAN000876,7,3,Completed,100,100,7.0,2,No,2.3,3.7,7,0,0,Ready,PROGRESS_IF_RECOVERED
WHSUM000877,U000377,PLAN000877,8,2,Completed,100,100,6.8,2,No,2.0,3.7,7,0,0,Ready,PROGRESS_IF_RECOVERED
WHSUM000878,U000378,PLAN000878,8,2,Completed,100,100,6.0,2,No,1.6,2.8,3,0,2,Ready,PROGRESS_IF_RECOVERED
WHSUM000879,U000379,PLAN000879,5,2,Partial,100,100,8.0,3,No,3.0,3.0,0,4,2,Ready,PROGRESS_IF_RECOVERED
WHSUM000880,U000380,PLAN000880,5,1,Completed,100,100,7.0,2,No,2.0,4.0,1,0,0,Ready,PROGRESS_IF_RECOVERED
WHSUM000881,U000381,PLAN000881,8,2,Partial,100,100,8.0,3,No,3.0,3.6,2,3,0,Ready,PROGRESS_IF_RECOVERED
WHSUM000882,U000382,PLAN000882,8,2,Partial,100,100,7.7,4,No,3.0,3.7,3,3,0,Monitor,HOLD_OR_REDUCE_DEMAND
WHSUM000883,U000383,PLAN000883,6,1,Partial,100,100,7.4,2,No,3.0,4.0,1,0,0,Ready,PROGRESS_IF_RECOVERED
WHSUM000884,U000384,PLAN000884,4,2,Completed,100,100,8.0,3,No,3.0,3.6,2,5,0,Ready,PROGRESS_IF_RECOVERED
WHSUM000885,U000385,PLAN000885,7,1,Skipped,0,0,,,No,,,0,0,3,Monitor,HOLD_AND_REVIEW_ADHERENCE
WHSUM000886,U000386,PLAN000886,8,2,Partial,100,100,7.7,3,No,3.0,3.8,3,1,0,Ready,PROGRESS_IF_RECOVERED
WHSUM000887,U000387,PLAN000887,6,2,Completed,100,100,7.0,2,No,2.2,3.6,5,0,0,Ready,PROGRESS_IF_RECOVERED
WHSUM000888,U000388,PLAN000888,4,4,Partial,100,100,8.8,4,No,4.0,2.5,0,1,1,Monitor,HOLD_OR_REDUCE_DEMAND
WHSUM000889,U000389,PLAN000889,5,2,Completed,100,100,8.2,3,No,3.0,4.0,0,1,0,Ready,PROGRESS_IF_RECOVERED
WHSUM000890,U000390,PLAN000890,7,3,Completed,100,100,7.0,2,No,2.0,3.0,1,0,0,Ready,PROGRESS_IF_RECOVERED
WHSUM000891,U000391,PLAN000891,4,5,Completed,100,100,7.8,3,No,3.0,3.6,3,2,0,Ready,PROGRESS_IF_RECOVERED
WHSUM000892,U000392,PLAN000892,5,3,Completed,100,100,7.0,2,No,2.3,3.7,6,0,0,Ready,PROGRESS_IF_RECOVERED
WHSUM000893,U000393,PLAN000893,4,3,Completed,100,100,7.4,3,No,3.0,3.5,2,0,0,Ready,PROGRESS_IF_RECOVERED
WHSUM000894,U000394,PLAN000894,5,1,Skipped,0,0,,,No,,,0,0,3,Monitor,HOLD_AND_REVIEW_ADHERENCE
WHSUM000895,U000395,PLAN000895,4,1,Completed,100,100,8.0,3,No,3.0,4.0,0,1,0,Ready,PROGRESS_IF_RECOVERED
WHSUM000896,U000396,PLAN000896,8,1,Partial,100,100,8.7,3,No,4.0,3.0,0,4,2,Ready,HOLD_OR_REDUCE_DEMAND
WHSUM000897,U000397,PLAN000897,4,3,Completed,100,100,7.0,2,No,2.3,3.0,4,0,2,Ready,PROGRESS_IF_RECOVERED
WHSUM000898,U000398,PLAN000898,8,2,Completed,100,100,8.0,3,No,3.0,3.1,0,5,2,Ready,PROGRESS_IF_RECOVERED
WHSUM000899,U000399,PLAN000899,4,1,Completed,100,100,7.8,4,No,3.0,3.5,1,1,0,Monitor,HOLD_OR_REDUCE_DEMAND
WHSUM000900,U000400,PLAN000900,4,3,Completed,100,100,7.4,3,No,3.0,3.5,2,0,0,Ready,PROGRESS_IF_RECOVERED
WHSUM000901,U000401,PLAN000901,8,2,Partial,100,100,7.2,3,Yes,2.6,3.3,5,1,1,Review,REVIEW_BEFORE_PROGRESSION
WHSUM000902,U000402,PLAN000902,3,4,Partial,100,100,7.6,3,No,3.0,3.5,2,0,0,Ready,PROGRESS_IF_RECOVERED
WHSUM000903,U000403,PLAN000903,8,2,Completed,100,100,6.2,4,Yes,1.8,3.0,4,0,1,Review,REVIEW_BEFORE_PROGRESSION
WHSUM000904,U000404,PLAN000904,7,3,Completed,100,100,7.6,4,No,3.0,3.7,6,0,0,Monitor,HOLD_OR_REDUCE_DEMAND
WHSUM000905,U000405,PLAN000905,5,4,Completed,100,100,8.0,4,No,3.0,3.0,0,1,0,Monitor,HOLD_OR_REDUCE_DEMAND
WHSUM000906,U000406,PLAN000906,4,1,Partial,100,100,7.0,2,No,2.0,4.0,1,0,0,Ready,PROGRESS_IF_RECOVERED
WHSUM000907,U000407,PLAN000907,4,3,Completed,100,100,6.8,2,No,2.0,3.8,5,0,0,Ready,PROGRESS_IF_RECOVERED
WHSUM000908,U000408,PLAN000908,6,2,Completed,100,100,7.6,4,No,3.0,3.5,2,0,0,Monitor,HOLD_OR_REDUCE_DEMAND
WHSUM000909,U000409,PLAN000909,6,1,Completed,100,100,6.9,2,No,2.0,3.5,2,0,0,Ready,PROGRESS_IF_RECOVERED
WHSUM000910,U000410,PLAN000910,8,1,Completed,100,100,7.7,3,No,3.0,3.8,3,2,0,Ready,PROGRESS_IF_RECOVERED
WHSUM000911,U000411,PLAN000911,8,2,Completed,100,100,7.0,3,No,2.4,3.0,5,0,2,Ready,PROGRESS_IF_RECOVERED
WHSUM000912,U000412,PLAN000912,4,5,Partial,100,100,8.0,3,No,3.0,4.0,0,1,0,Ready,PROGRESS_IF_RECOVERED
WHSUM000913,U000413,PLAN000913,8,2,Completed,100,100,6.8,2,No,2.0,3.7,7,0,0,Ready,PROGRESS_IF_RECOVERED
WHSUM000914,U000414,PLAN000914,4,3,Completed,100,100,7.7,4,No,3.0,3.6,5,2,0,Monitor,HOLD_OR_REDUCE_DEMAND
WHSUM000915,U000415,PLAN000915,5,1,Completed,100,100,7.4,4,No,3.0,3.7,7,0,0,Monitor,HOLD_OR_REDUCE_DEMAND
WHSUM000916,U000416,PLAN000916,6,1,Completed,100,100,7.2,2,No,3.0,4.0,1,0,0,Ready,PROGRESS_IF_RECOVERED
WHSUM000917,U000417,PLAN000917,8,2,Completed,100,100,7.0,2,No,2.4,3.6,7,0,0,Ready,PROGRESS_IF_RECOVERED
WHSUM000918,U000418,PLAN000918,6,1,Completed,100,100,7.7,3,No,3.0,3.7,2,1,0,Ready,PROGRESS_IF_RECOVERED
WHSUM000919,U000419,PLAN000919,4,2,Partial,100,100,7.7,4,No,3.0,3.7,2,1,0,Monitor,HOLD_OR_REDUCE_DEMAND
WHSUM000920,U000420,PLAN000920,4,1,Completed,100,100,7.8,5,Yes,3.1,3.1,5,1,1,Review,REVIEW_BEFORE_PROGRESSION
WHSUM000921,U000421,PLAN000921,6,3,Partial,100,100,8.6,4,No,4.0,3.0,0,1,1,Monitor,HOLD_OR_REDUCE_DEMAND
WHSUM000922,U000422,PLAN000922,3,5,Completed,100,100,6.9,2,No,2.0,3.0,1,0,1,Ready,PROGRESS_IF_RECOVERED
WHSUM000923,U000423,PLAN000923,6,1,Completed,100,100,8.0,3,No,3.0,3.6,2,3,0,Ready,PROGRESS_IF_RECOVERED
WHSUM000924,U000424,PLAN000924,6,2,Completed,100,100,7.7,3,No,3.0,3.7,5,2,0,Ready,PROGRESS_IF_RECOVERED
WHSUM000925,U000425,PLAN000925,6,1,Skipped,0,0,,,No,,,0,0,3,Monitor,HOLD_AND_REVIEW_ADHERENCE
WHSUM000926,U000426,PLAN000926,5,4,Completed,100,100,6.4,2,No,2.0,3.6,7,0,0,Ready,PROGRESS_IF_RECOVERED
WHSUM000927,U000427,PLAN000927,4,4,Completed,100,100,8.3,3,No,3.2,3.5,0,3,1,Ready,PROGRESS_IF_RECOVERED
WHSUM000928,U000428,PLAN000928,4,3,Partial,100,100,7.0,2,No,2.3,3.7,4,2,0,Ready,PROGRESS_IF_RECOVERED
WHSUM000929,U000429,PLAN000929,8,2,Completed,100,100,9.0,4,No,4.0,2.0,0,0,1,Monitor,HOLD_OR_REDUCE_DEMAND
WHSUM000930,U000430,PLAN000930,4,1,Completed,100,100,7.8,3,No,3.0,4.0,1,0,0,Ready,PROGRESS_IF_RECOVERED
WHSUM000931,U000431,PLAN000931,5,2,Completed,100,100,9.0,4,No,4.0,3.0,0,0,1,Monitor,HOLD_OR_REDUCE_DEMAND
WHSUM000932,U000432,PLAN000932,4,3,Completed,100,100,7.7,4,No,3.0,3.5,3,1,0,Monitor,HOLD_OR_REDUCE_DEMAND
WHSUM000933,U000433,PLAN000933,4,2,Completed,100,100,7.1,2,No,2.5,3.5,2,0,0,Ready,PROGRESS_IF_RECOVERED
WHSUM000934,U000434,PLAN000934,5,3,Partial,100,100,5.8,2,No,1.3,3.7,5,1,0,Ready,PROGRESS_IF_RECOVERED
WHSUM000935,U000435,PLAN000935,4,3,Completed,100,100,8.7,4,No,4.0,2.9,0,2,5,Monitor,HOLD_OR_REDUCE_DEMAND
WHSUM000936,U000436,PLAN000936,6,2,Completed,100,100,5.9,2,No,1.5,3.5,2,0,0,Ready,PROGRESS_IF_RECOVERED
WHSUM000937,U000437,PLAN000937,8,2,Partial,100,100,7.7,4,No,3.0,3.8,3,2,0,Monitor,HOLD_OR_REDUCE_DEMAND
WHSUM000938,U000438,PLAN000938,5,2,Skipped,0,0,,,No,,,0,0,7,Monitor,HOLD_AND_REVIEW_ADHERENCE
WHSUM000939,U000439,PLAN000939,5,1,Completed,100,100,9.2,5,Yes,4.0,2.0,0,0,2,Review,REVIEW_BEFORE_PROGRESSION
WHSUM000940,U000440,PLAN000940,4,2,Completed,100,100,6.8,2,No,2.0,3.8,5,0,0,Ready,PROGRESS_IF_RECOVERED
WHSUM000941,U000441,PLAN000941,4,4,Completed,100,100,7.8,3,No,3.0,3.5,3,1,0,Ready,PROGRESS_IF_RECOVERED
WHSUM000942,U000442,PLAN000942,6,3,Completed,100,100,6.8,2,No,2.0,4.0,1,0,0,Ready,PROGRESS_IF_RECOVERED
WHSUM000943,U000443,PLAN000943,3,5,Completed,100,100,6.9,3,Yes,2.1,3.4,6,0,1,Review,REVIEW_BEFORE_PROGRESSION
WHSUM000944,U000444,PLAN000944,4,4,Completed,100,100,7.1,2,No,2.5,3.5,2,0,0,Ready,PROGRESS_IF_RECOVERED
WHSUM000945,U000445,PLAN000945,8,2,Completed,100,100,7.0,2,No,2.0,4.0,1,0,0,Ready,PROGRESS_IF_RECOVERED
WHSUM000946,U000446,PLAN000946,8,2,Completed,100,100,6.8,2,No,2.0,3.7,6,0,0,Ready,PROGRESS_IF_RECOVERED
WHSUM000947,U000447,PLAN000947,7,2,Skipped,0,0,,,No,,,0,0,4,Monitor,HOLD_AND_REVIEW_ADHERENCE
WHSUM000948,U000448,PLAN000948,7,1,Completed,100,100,7.7,4,No,3.0,3.7,2,1,0,Monitor,HOLD_OR_REDUCE_DEMAND
WHSUM000949,U000449,PLAN000949,6,3,Completed,100,100,7.0,2,No,2.3,3.0,4,0,2,Ready,PROGRESS_IF_RECOVERED
WHSUM000950,U000450,PLAN000950,5,1,Completed,100,100,7.7,4,No,3.0,3.7,4,2,0,Monitor,HOLD_OR_REDUCE_DEMAND
WHSUM000951,U000451,PLAN000951,3,4,Completed,100,100,7.5,3,No,3.0,4.0,1,0,0,Ready,PROGRESS_IF_RECOVERED
WHSUM000952,U000452,PLAN000952,8,1,Completed,100,100,5.7,3,No,1.4,3.7,7,0,0,Monitor,PROGRESS_IF_RECOVERED
WHSUM000953,U000453,PLAN000953,8,2,Completed,100,100,7.0,2,No,2.3,3.7,6,0,0,Ready,PROGRESS_IF_RECOVERED
WHSUM000954,U000454,PLAN000954,7,2,Completed,100,100,6.8,2,No,2.0,3.7,7,0,0,Ready,PROGRESS_IF_RECOVERED
WHSUM000955,U000455,PLAN000955,4,4,Completed,100,100,7.0,2,No,2.3,3.7,7,0,0,Ready,PROGRESS_IF_RECOVERED
WHSUM000956,U000456,PLAN000956,4,3,Partial,100,100,6.8,2,No,2.0,3.6,4,1,0,Ready,PROGRESS_IF_RECOVERED
WHSUM000957,U000457,PLAN000957,4,2,Completed,100,100,6.8,2,No,2.0,3.6,5,0,0,Ready,PROGRESS_IF_RECOVERED
WHSUM000958,U000458,PLAN000958,6,1,Completed,100,100,8.0,4,No,3.0,3.7,1,2,0,Monitor,HOLD_OR_REDUCE_DEMAND
WHSUM000959,U000459,PLAN000959,4,4,Completed,100,100,6.7,3,No,2.0,3.7,3,0,0,Ready,PROGRESS_IF_RECOVERED
WHSUM000960,U000460,PLAN000960,7,3,Partial,100,100,7.7,4,No,3.0,3.7,3,4,0,Monitor,HOLD_OR_REDUCE_DEMAND
WHSUM000961,U000461,PLAN000961,4,5,Completed,100,100,7.0,2,No,2.3,3.7,7,0,0,Ready,PROGRESS_IF_RECOVERED
WHSUM000962,U000462,PLAN000962,4,1,Completed,100,100,8.7,4,No,4.0,3.0,0,2,4,Monitor,HOLD_OR_REDUCE_DEMAND
WHSUM000963,U000463,PLAN000963,3,6,Completed,100,100,6.8,2,No,2.0,4.0,1,0,0,Ready,PROGRESS_IF_RECOVERED
WHSUM000964,U000464,PLAN000964,3,5,Completed,100,100,6.5,2,No,2.0,4.0,1,0,0,Ready,PROGRESS_IF_RECOVERED
WHSUM000965,U000465,PLAN000965,4,4,Completed,100,100,6.8,2,No,2.0,3.7,6,0,0,Ready,PROGRESS_IF_RECOVERED
WHSUM000966,U000466,PLAN000966,8,1,Completed,100,100,8.0,3,No,3.0,3.7,2,5,0,Ready,PROGRESS_IF_RECOVERED
WHSUM000967,U000467,PLAN000967,6,1,Completed,100,100,6.7,2,No,2.0,3.7,7,0,0,Ready,PROGRESS_IF_RECOVERED
WHSUM000968,U000468,PLAN000968,8,2,Completed,100,100,4.8,1,No,1.0,3.6,7,0,0,Ready,PROGRESS_IF_RECOVERED
WHSUM000969,U000469,PLAN000969,7,1,Partial,100,100,8.0,3,No,3.0,3.6,0,5,0,Ready,PROGRESS_IF_RECOVERED
WHSUM000970,U000470,PLAN000970,6,3,Completed,100,100,6.7,2,No,2.0,3.7,7,0,0,Ready,PROGRESS_IF_RECOVERED
WHSUM000971,U000471,PLAN000971,4,2,Partial,100,100,7.8,3,No,3.0,3.6,4,3,0,Ready,PROGRESS_IF_RECOVERED
WHSUM000972,U000472,PLAN000972,6,1,Completed,100,100,8.0,4,No,3.0,3.6,2,3,0,Monitor,HOLD_OR_REDUCE_DEMAND
WHSUM000973,U000473,PLAN000973,6,2,Partial,100,100,7.9,4,Yes,3.2,3.2,2,2,1,Review,REVIEW_BEFORE_PROGRESSION
WHSUM000974,U000474,PLAN000974,5,1,Completed,100,100,6.2,2,No,2.0,3.0,1,0,0,Ready,PROGRESS_IF_RECOVERED
WHSUM000975,U000475,PLAN000975,7,2,Completed,100,100,6.8,2,No,2.0,3.6,5,0,0,Ready,PROGRESS_IF_RECOVERED
WHSUM000976,U000476,PLAN000976,4,1,Completed,100,100,6.8,2,No,2.0,3.7,6,0,0,Ready,PROGRESS_IF_RECOVERED
WHSUM000977,U000477,PLAN000977,3,6,Completed,100,100,6.0,2,No,1.6,3.6,5,0,0,Ready,PROGRESS_IF_RECOVERED
WHSUM000978,U000478,PLAN000978,5,1,Completed,100,100,7.0,2,No,2.0,4.0,1,0,0,Ready,PROGRESS_IF_RECOVERED
WHSUM000979,U000479,PLAN000979,4,4,Completed,100,100,7.8,3,No,3.0,3.7,4,2,0,Ready,PROGRESS_IF_RECOVERED
WHSUM000980,U000480,PLAN000980,8,1,Completed,100,100,8.0,3,No,3.0,3.6,2,3,0,Ready,PROGRESS_IF_RECOVERED
WHSUM000981,U000481,PLAN000981,8,2,Completed,100,100,4.8,1,No,1.0,3.5,2,0,0,Ready,PROGRESS_IF_RECOVERED
WHSUM000982,U000482,PLAN000982,4,5,Completed,100,100,8.0,3,No,3.0,3.7,2,4,0,Ready,PROGRESS_IF_RECOVERED
WHSUM000983,U000483,PLAN000983,5,3,Completed,100,100,7.7,4,No,3.0,3.5,1,1,0,Monitor,HOLD_OR_REDUCE_DEMAND
WHSUM000984,U000484,PLAN000984,4,3,Completed,100,100,8.7,4,No,4.0,3.0,0,5,2,Monitor,HOLD_OR_REDUCE_DEMAND
WHSUM000985,U000485,PLAN000985,8,2,Completed,100,100,7.0,2,No,2.4,3.7,7,0,0,Ready,PROGRESS_IF_RECOVERED
WHSUM000986,U000486,PLAN000986,3,4,Completed,100,100,7.6,3,No,3.0,3.5,2,0,0,Ready,PROGRESS_IF_RECOVERED
WHSUM000987,U000487,PLAN000987,5,2,Completed,100,100,7.8,3,No,3.0,3.7,4,2,0,Ready,PROGRESS_IF_RECOVERED
WHSUM000988,U000488,PLAN000988,5,1,Completed,100,100,7.0,3,No,2.5,4.0,2,0,0,Ready,PROGRESS_IF_RECOVERED
WHSUM000989,U000489,PLAN000989,8,2,Completed,100,100,6.0,2,No,2.0,3.0,1,0,0,Ready,PROGRESS_IF_RECOVERED
WHSUM000990,U000490,PLAN000990,5,3,Completed,100,100,7.4,2,No,3.0,3.5,2,0,0,Ready,PROGRESS_IF_RECOVERED
WHSUM000991,U000491,PLAN000991,8,2,Skipped,0,0,,,No,,,0,0,7,Monitor,HOLD_AND_REVIEW_ADHERENCE
WHSUM000992,U000492,PLAN000992,5,1,Completed,100,100,6.8,2,No,2.0,3.6,5,0,0,Ready,PROGRESS_IF_RECOVERED
WHSUM000993,U000493,PLAN000993,4,1,Skipped,0,0,,,No,,,0,0,3,Monitor,HOLD_AND_REVIEW_ADHERENCE
WHSUM000994,U000494,PLAN000994,8,2,Skipped,0,0,,,No,,,0,0,4,Monitor,HOLD_AND_REVIEW_ADHERENCE
WHSUM000995,U000495,PLAN000995,6,1,Partial,100,100,6.7,2,No,2.0,3.6,5,2,0,Ready,PROGRESS_IF_RECOVERED
WHSUM000996,U000496,PLAN000996,8,2,Partial,100,100,8.0,4,No,3.0,3.7,2,5,0,Monitor,HOLD_OR_REDUCE_DEMAND
WHSUM000997,U000497,PLAN000997,4,4,Completed,100,100,6.8,2,No,2.0,3.7,6,0,0,Ready,PROGRESS_IF_RECOVERED
WHSUM000998,U000498,PLAN000998,5,2,Completed,100,100,6.8,2,No,2.0,3.7,6,0,0,Ready,PROGRESS_IF_RECOVERED
WHSUM000999,U000499,PLAN000999,6,2,Completed,100,100,7.0,2,No,2.3,3.7,7,0,0,Ready,PROGRESS_IF_RECOVERED
WHSUM001000,U000500,PLAN001000,3,4,Completed,100,100,6.5,2,No,2.0,4.0,1,0,0,Ready,PROGRESS_IF_RECOVERED
