feedback_text,count,percent
"Buổi tập hôm nay ở mức ổn, có vài đoạn hơi đuối nhưng chưa cần thay đổi lớn. Mức đánh giá 3/5, khi theo giáo án hiện tại.",155,1.069
"Buổi tập hôm nay ở mức ổn, có vài đoạn hơi đuối nhưng chưa cần thay đổi lớn. Mức đánh giá 3/5, khi tập với mức hiện tại.",151,1.0414
"Buổi tập hôm nay ở mức ổn, có vài đoạn hơi đuối nhưng chưa cần thay đổi lớn. Mức đánh giá 3/5, trong nhịp tập tuần này.",148,1.0207
"Buổi tập này vừa sức, tôi hoàn thành tốt phần lớn nội dung và muốn giữ nhịp hiện tại. Mức đánh giá 4/5, khi tập với mức hiện tại.",147,1.0138
"Buổi tập này vừa sức, tôi hoàn thành tốt phần lớn nội dung và muốn giữ nhịp hiện tại. Mức đánh giá 4/5, trong nhịp tập tuần này.",138,0.9517
"Buổi tập này vừa sức, tôi hoàn thành tốt phần lớn nội dung và muốn giữ nhịp hiện tại. Mức đánh giá 5/5, trong nhịp tập tuần này.",137,0.9448
"Buổi tập hôm nay ở mức ổn, có vài đoạn hơi đuối nhưng chưa cần thay đổi lớn. Mức đánh giá 3/5, ở lần ghi nhận gần đây.",135,0.931
"Buổi tập hôm nay ở mức ổn, có vài đoạn hơi đuối nhưng chưa cần thay đổi lớn. Mức đánh giá 3/5, ở phần cuối buổi.",125,0.8621
"Buổi tập này vừa sức, tôi hoàn thành tốt phần lớn nội dung và muốn giữ nhịp hiện tại. Mức đánh giá 4/5, khi theo giáo án hiện tại.",124,0.8552
"Buổi tập này vừa sức, tôi hoàn thành tốt phần lớn nội dung và muốn giữ nhịp hiện tại. Mức đánh giá 5/5, sau khi hoàn thành phần chính.",122,0.8414
"Buổi tập này vừa sức, tôi hoàn thành tốt phần lớn nội dung và muốn giữ nhịp hiện tại. Mức đánh giá 5/5, khi theo giáo án hiện tại.",121,0.8345
"Buổi tập này vừa sức, tôi hoàn thành tốt phần lớn nội dung và muốn giữ nhịp hiện tại. Mức đánh giá 5/5, khi tập với mức hiện tại.",119,0.8207
"Buổi tập này vừa sức, tôi hoàn thành tốt phần lớn nội dung và muốn giữ nhịp hiện tại. Mức đánh giá 5/5, ở lần ghi nhận gần đây.",114,0.7862
"Buổi tập này vừa sức, tôi hoàn thành tốt phần lớn nội dung và muốn giữ nhịp hiện tại. Mức đánh giá 5/5, ở phần cuối buổi.",106,0.731
"Buổi tập hôm nay ở mức ổn, có vài đoạn hơi đuối nhưng chưa cần thay đổi lớn. Mức đánh giá 3/5, sau khi hoàn thành phần chính.",104,0.7172
"Buổi tập này vừa sức, tôi hoàn thành tốt phần lớn nội dung và muốn giữ nhịp hiện tại. Mức đánh giá 4/5, sau khi hoàn thành phần chính.",104,0.7172
"Buổi tập này vừa sức, tôi hoàn thành tốt phần lớn nội dung và muốn giữ nhịp hiện tại. Mức đánh giá 4/5, ở lần ghi nhận gần đây.",96,0.6621
"Buổi tập này vừa sức, tôi hoàn thành tốt phần lớn nội dung và muốn giữ nhịp hiện tại. Mức đánh giá 4/5, ở phần cuối buổi.",90,0.6207
"Buổi tập này vừa sức, tôi hoàn thành tốt phần lớn nội dung và muốn giữ nhịp hiện tại. Mức đánh giá 4/5, ở bối cảnh lịch tập này.",90,0.6207
"Buổi tập này vừa sức, tôi hoàn thành tốt phần lớn nội dung và muốn giữ nhịp hiện tại. Mức đánh giá 4/5, khi xét cảm giác phục hồi.",89,0.6138
"Buổi tập này vừa sức, tôi hoàn thành tốt phần lớn nội dung và muốn giữ nhịp hiện tại. Mức đánh giá 4/5, sau vài set đầu.",86,0.5931
"Buổi tập này vừa sức, tôi hoàn thành tốt phần lớn nội dung và muốn giữ nhịp hiện tại. Mức đánh giá 5/5, trong buổi tập này.",85,0.5862
"Buổi tập này vừa sức, tôi hoàn thành tốt phần lớn nội dung và muốn giữ nhịp hiện tại. Mức đánh giá 4/5, trong lần đánh giá hôm nay.",84,0.5793
"Buổi tập này vừa sức, tôi hoàn thành tốt phần lớn nội dung và muốn giữ nhịp hiện tại. Mức đánh giá 5/5, sau vài set đầu.",83,0.5724
"Buổi tập này vừa sức, tôi hoàn thành tốt phần lớn nội dung và muốn giữ nhịp hiện tại. Mức đánh giá 5/5, khi xét cảm giác phục hồi.",83,0.5724
"Buổi tập này vừa sức, tôi hoàn thành tốt phần lớn nội dung và muốn giữ nhịp hiện tại. Mức đánh giá 5/5, ở bối cảnh lịch tập này.",81,0.5586
"Buổi tập này vừa sức, tôi hoàn thành tốt phần lớn nội dung và muốn giữ nhịp hiện tại. Mức đánh giá 5/5, khi so với khả năng hiện tại.",80,0.5517
"Buổi tập này vừa sức, tôi hoàn thành tốt phần lớn nội dung và muốn giữ nhịp hiện tại. Mức đánh giá 5/5, trong lần đánh giá hôm nay.",80,0.5517
"Buổi tập này vừa sức, tôi hoàn thành tốt phần lớn nội dung và muốn giữ nhịp hiện tại. Mức đánh giá 4/5, trong buổi tập này.",80,0.5517
"Buổi tập này vừa sức, tôi hoàn thành tốt phần lớn nội dung và muốn giữ nhịp hiện tại. Mức đánh giá 4/5, khi so với khả năng hiện tại.",78,0.5379
"Kế hoạch hiện tại dùng được, nhưng tôi muốn theo dõi thêm trước khi tăng hoặc giảm khối lượng. Mức đánh giá 3/5, trong nhịp tập tuần này.",57,0.3931
"Kế hoạch hiện tại dùng được, nhưng tôi muốn theo dõi thêm trước khi tăng hoặc giảm khối lượng. Mức đánh giá 3/5, khi theo giáo án hiện tại.",54,0.3724
"Tổng thể giáo án hợp với lịch và mục tiêu của tôi, nên tôi muốn giữ cấu trúc này thêm vài tuần. Mức đánh giá 5/5, khi theo giáo án hiện tại.",53,0.3655
"Kế hoạch hiện tại dùng được, nhưng tôi muốn theo dõi thêm trước khi tăng hoặc giảm khối lượng. Mức đánh giá 3/5, khi tập với mức hiện tại.",51,0.3517
"Tôi muốn tiếp tục với phong cách bài tập dễ theo dõi, ít mất thời gian setup và phù hợp mục tiêu. Mức đánh giá 4/5, khi tập với mức hiện tại.",51,0.3517
"Tổng thể giáo án hợp với lịch và mục tiêu của tôi, nên tôi muốn giữ cấu trúc này thêm vài tuần. Mức đánh giá 5/5, trong nhịp tập tuần này.",48,0.331
"Tổng thể giáo án hợp với lịch và mục tiêu của tôi, nên tôi muốn giữ cấu trúc này thêm vài tuần. Mức đánh giá 4/5, khi theo giáo án hiện tại.",48,0.331
"Tổng thể giáo án hợp với lịch và mục tiêu của tôi, nên tôi muốn giữ cấu trúc này thêm vài tuần. Mức đánh giá 4/5, khi tập với mức hiện tại.",48,0.331
"Tôi muốn tiếp tục với phong cách bài tập dễ theo dõi, ít mất thời gian setup và phù hợp mục tiêu. Mức đánh giá 4/5, khi theo giáo án hiện tại.",47,0.3241
"Tổng thể giáo án hợp với lịch và mục tiêu của tôi, nên tôi muốn giữ cấu trúc này thêm vài tuần. Mức đánh giá 5/5, ở phần cuối buổi.",46,0.3172
"Tổng thể giáo án hợp với lịch và mục tiêu của tôi, nên tôi muốn giữ cấu trúc này thêm vài tuần. Mức đánh giá 4/5, trong nhịp tập tuần này.",46,0.3172
"Glute Bridge March phù hợp với tôi, không gây khó chịu và giúp buổi tập có nhịp ổn. Lý do chính: Positive, Appropriate. Mức đánh giá 5/5, khi tập với mức hiện tại.",46,0.3172
"Kế hoạch hiện tại dùng được, nhưng tôi muốn theo dõi thêm trước khi tăng hoặc giảm khối lượng. Mức đánh giá 3/5, ở lần ghi nhận gần đây.",45,0.3103
"Tôi muốn tiếp tục với phong cách bài tập dễ theo dõi, ít mất thời gian setup và phù hợp mục tiêu. Mức đánh giá 4/5, ở lần ghi nhận gần đây.",44,0.3034
"Tổng thể giáo án hợp với lịch và mục tiêu của tôi, nên tôi muốn giữ cấu trúc này thêm vài tuần. Mức đánh giá 4/5, sau khi hoàn thành phần chính.",43,0.2966
"Kế hoạch hiện tại dùng được, nhưng tôi muốn theo dõi thêm trước khi tăng hoặc giảm khối lượng. Mức đánh giá 3/5, sau khi hoàn thành phần chính.",43,0.2966
"Tôi thấy Glute Bridge March bình thường, độ khó tương đối ổn nhưng chưa phải bài tôi thích nhất. Lý do chính: Neutral, Appropriate. Mức đánh giá 3/5, ở phần cuối buổi.",43,0.2966
"Buổi tập hôm nay ở mức ổn, có vài đoạn hơi đuối nhưng chưa cần thay đổi lớn. Mức đánh giá 3/5, ở bối cảnh lịch tập này.",41,0.2828
"Tôi muốn tiếp tục với phong cách bài tập dễ theo dõi, ít mất thời gian setup và phù hợp mục tiêu. Mức đánh giá 4/5, ở phần cuối buổi.",41,0.2828
"Bài Glute Bridge March dùng được, hiện tại tôi muốn giữ lựa chọn mở thay vì đổi ngay. Lý do chính: Neutral, Appropriate. Mức đánh giá 3/5, khi theo giáo án hiện tại.",41,0.2828
"Bài Glute Bridge March dùng được, hiện tại tôi muốn giữ lựa chọn mở thay vì đổi ngay. Lý do chính: Neutral, Appropriate. Mức đánh giá 3/5, ở bối cảnh lịch tập này.",41,0.2828
"Buổi tập hôm nay ở mức ổn, có vài đoạn hơi đuối nhưng chưa cần thay đổi lớn. Mức đánh giá 3/5, trong lần đánh giá hôm nay.",40,0.2759
"Tổng thể giáo án hợp với lịch và mục tiêu của tôi, nên tôi muốn giữ cấu trúc này thêm vài tuần. Mức đánh giá 4/5, ở lần ghi nhận gần đây.",40,0.2759
"Glute Bridge March ở mức chấp nhận được, tôi chưa có ưu tiên mạnh và muốn theo dõi thêm vài buổi. Lý do chính: Neutral, Appropriate. Mức đánh giá 3/5, sau vài set đầu.",40,0.2759
"Bài Glute Bridge March dùng được, hiện tại tôi muốn giữ lựa chọn mở thay vì đổi ngay. Lý do chính: Neutral, Appropriate. Mức đánh giá 3/5, sau khi hoàn thành phần chính.",40,0.2759
"Glute Bridge March ở mức chấp nhận được, tôi chưa có ưu tiên mạnh và muốn theo dõi thêm vài buổi. Lý do chính: Neutral, Appropriate. Mức đánh giá 3/5, ở lần ghi nhận gần đây.",40,0.2759
"Buổi tập hôm nay ở mức ổn, có vài đoạn hơi đuối nhưng chưa cần thay đổi lớn. Mức đánh giá 3/5, khi so với khả năng hiện tại.",39,0.269
"Tổng thể giáo án hợp với lịch và mục tiêu của tôi, nên tôi muốn giữ cấu trúc này thêm vài tuần. Mức đánh giá 5/5, khi tập với mức hiện tại.",39,0.269
"Kế hoạch hiện tại dùng được, nhưng tôi muốn theo dõi thêm trước khi tăng hoặc giảm khối lượng. Mức đánh giá 3/5, ở phần cuối buổi.",39,0.269
"Tổng thể giáo án hợp với lịch và mục tiêu của tôi, nên tôi muốn giữ cấu trúc này thêm vài tuần. Mức đánh giá 5/5, ở lần ghi nhận gần đây.",39,0.269
"Tôi thấy Glute Bridge March bình thường, độ khó tương đối ổn nhưng chưa phải bài tôi thích nhất. Lý do chính: Neutral, Appropriate. Mức đánh giá 3/5, trong buổi tập này.",39,0.269
"Buổi này hơi nặng hoặc appropriate, tôi muốn reduce volume cho lần tới. Mức đánh giá 1/5, trong nhịp tập tuần này.",38,0.2621
"Glute Bridge March ở mức chấp nhận được, tôi chưa có ưu tiên mạnh và muốn theo dõi thêm vài buổi. Lý do chính: Neutral, Appropriate. Mức đánh giá 3/5, trong nhịp tập tuần này.",38,0.2621
"Glute Bridge March ở mức chấp nhận được, tôi chưa có ưu tiên mạnh và muốn theo dõi thêm vài buổi. Lý do chính: Neutral, Appropriate. Mức đánh giá 3/5, trong lần đánh giá hôm nay.",38,0.2621
"Tôi thích Glute Bridge March, cảm giác vào cơ tốt và muốn giữ bài này trong lịch. Lý do chính: Positive, Appropriate. Mức đánh giá 5/5, trong lần đánh giá hôm nay.",38,0.2621
"Buổi này hơi nặng hoặc appropriate, tôi muốn reduce volume cho lần tới. Mức đánh giá 2/5, trong nhịp tập tuần này.",37,0.2552
"Tôi muốn tiếp tục với phong cách bài tập dễ theo dõi, ít mất thời gian setup và phù hợp mục tiêu. Mức đánh giá 4/5, trong nhịp tập tuần này.",37,0.2552
"Buổi tập hôm nay ở mức ổn, có vài đoạn hơi đuối nhưng chưa cần thay đổi lớn. Mức đánh giá 3/5, sau vài set đầu.",36,0.2483
"Buổi tập hôm nay ở mức ổn, có vài đoạn hơi đuối nhưng chưa cần thay đổi lớn. Mức đánh giá 3/5, trong buổi tập này.",36,0.2483
"Tôi thấy Glute Bridge March bình thường, độ khó tương đối ổn nhưng chưa phải bài tôi thích nhất. Lý do chính: Neutral, Appropriate. Mức đánh giá 3/5, khi tập với mức hiện tại.",36,0.2483
"Bài Glute Bridge March dễ setup, cảm giác kiểm soát tốt nên tôi muốn tiếp tục duy trì. Lý do chính: Positive, Appropriate. Mức đánh giá 5/5, khi theo giáo án hiện tại.",36,0.2483
"Buổi này hơi nặng hoặc appropriate, tôi muốn reduce volume cho lần tới. Mức đánh giá 2/5, khi theo giáo án hiện tại.",35,0.2414
"Buổi tập hôm nay ở mức ổn, có vài đoạn hơi đuối nhưng chưa cần thay đổi lớn. Mức đánh giá 3/5, khi xét cảm giác phục hồi.",35,0.2414
"Tôi muốn tiếp tục với phong cách bài tập dễ theo dõi, ít mất thời gian setup và phù hợp mục tiêu. Mức đánh giá 4/5, sau khi hoàn thành phần chính.",35,0.2414
"Glute Bridge March phù hợp với tôi, không gây khó chịu và giúp buổi tập có nhịp ổn. Lý do chính: Positive, Appropriate. Mức đánh giá 5/5, trong buổi tập này.",35,0.2414
"Tôi thấy Glute Bridge March bình thường, độ khó tương đối ổn nhưng chưa phải bài tôi thích nhất. Lý do chính: Neutral, Appropriate. Mức đánh giá 3/5, khi xét cảm giác phục hồi.",35,0.2414
"Bài Glute Bridge March dễ setup, cảm giác kiểm soát tốt nên tôi muốn tiếp tục duy trì. Lý do chính: Positive, Appropriate. Mức đánh giá 5/5, khi so với khả năng hiện tại.",35,0.2414
"Tổng thể giáo án hợp với lịch và mục tiêu của tôi, nên tôi muốn giữ cấu trúc này thêm vài tuần. Mức đánh giá 4/5, ở phần cuối buổi.",34,0.2345
"Tôi thấy Push-Up bình thường, độ khó tương đối ổn nhưng chưa phải bài tôi thích nhất. Lý do chính: Monitor. Mức đánh giá 3/5, ở phần cuối buổi.",33,0.2276
"Tổng thể giáo án hợp với lịch và mục tiêu của tôi, nên tôi muốn giữ cấu trúc này thêm vài tuần. Mức đánh giá 5/5, sau khi hoàn thành phần chính.",32,0.2207
"Buổi này hơi nặng hoặc appropriate, tôi muốn reduce volume cho lần tới. Mức đánh giá 1/5, ở phần cuối buổi.",30,0.2069
"Tôi thích Glute Bridge March, cảm giác vào cơ tốt và muốn giữ bài này trong lịch. Lý do chính: Positive, Appropriate. Mức đánh giá 5/5, ở lần ghi nhận gần đây.",30,0.2069
"Tôi thích Glute Bridge March, cảm giác vào cơ tốt và muốn giữ bài này trong lịch. Lý do chính: Positive, Appropriate. Mức đánh giá 5/5, sau vài set đầu.",29,0.2
"Bài Glute Bridge March dễ setup, cảm giác kiểm soát tốt nên tôi muốn tiếp tục duy trì. Lý do chính: Positive, Appropriate. Mức đánh giá 5/5, ở bối cảnh lịch tập này.",29,0.2
"Bài Push-Up dùng được, hiện tại tôi muốn giữ lựa chọn mở thay vì đổi ngay. Lý do chính: Monitor. Mức đánh giá 3/5, khi theo giáo án hiện tại.",28,0.1931
"Push-Up ở mức chấp nhận được, tôi chưa có ưu tiên mạnh và muốn theo dõi thêm vài buổi. Lý do chính: Monitor. Mức đánh giá 3/5, ở lần ghi nhận gần đây.",28,0.1931
"Buổi này hơi nặng hoặc appropriate, tôi muốn reduce volume cho lần tới. Mức đánh giá 2/5, sau khi hoàn thành phần chính.",28,0.1931
"Tôi thích Glute Bridge March, cảm giác vào cơ tốt và muốn giữ bài này trong lịch. Lý do chính: Positive, Appropriate. Mức đánh giá 5/5, trong nhịp tập tuần này.",28,0.1931
"Tôi thấy Push-Up bình thường, độ khó tương đối ổn nhưng chưa phải bài tôi thích nhất. Lý do chính: Monitor. Mức đánh giá 3/5, khi tập với mức hiện tại.",27,0.1862
"Push-Up ở mức chấp nhận được, tôi chưa có ưu tiên mạnh và muốn theo dõi thêm vài buổi. Lý do chính: Monitor. Mức đánh giá 3/5, trong nhịp tập tuần này.",27,0.1862
"Buổi này hơi nặng hoặc appropriate, tôi muốn reduce volume cho lần tới. Mức đánh giá 2/5, ở lần ghi nhận gần đây.",27,0.1862
"Buổi này hơi nặng hoặc appropriate, tôi muốn reduce volume cho lần tới. Mức đánh giá 1/5, ở lần ghi nhận gần đây.",27,0.1862
"Buổi này hơi nặng hoặc appropriate, tôi muốn reduce volume cho lần tới. Mức đánh giá 1/5, khi theo giáo án hiện tại.",27,0.1862
"Glute Bridge March phù hợp với tôi, không gây khó chịu và giúp buổi tập có nhịp ổn. Lý do chính: Positive, Appropriate. Mức đánh giá 5/5, khi xét cảm giác phục hồi.",27,0.1862
"Bài Push-Up dùng được, hiện tại tôi muốn giữ lựa chọn mở thay vì đổi ngay. Lý do chính: Monitor. Mức đánh giá 3/5, sau khi hoàn thành phần chính.",26,0.1793
"Buổi này hơi nặng hoặc appropriate, tôi muốn reduce volume cho lần tới. Mức đánh giá 2/5, khi tập với mức hiện tại.",26,0.1793
"Bài Glute Bridge March dễ setup, cảm giác kiểm soát tốt nên tôi muốn tiếp tục duy trì. Lý do chính: Positive, Appropriate. Mức đánh giá 5/5, sau khi hoàn thành phần chính.",26,0.1793
"Buổi này hơi nặng hoặc appropriate, tôi muốn reduce volume cho lần tới. Mức đánh giá 1/5, khi tập với mức hiện tại.",25,0.1724
"Buổi này hơi nặng hoặc appropriate, tôi muốn reduce volume cho lần tới. Mức đánh giá 1/5, sau khi hoàn thành phần chính.",25,0.1724
"Glute Bridge March phù hợp với tôi, không gây khó chịu và giúp buổi tập có nhịp ổn. Lý do chính: Positive, Appropriate. Mức đánh giá 5/5, ở phần cuối buổi.",25,0.1724
"Bài Glute Bridge March dùng được, hiện tại tôi muốn giữ lựa chọn mở thay vì đổi ngay. Lý do chính: Neutral, Appropriate. Mức đánh giá 3/5, khi so với khả năng hiện tại.",25,0.1724
"Tôi thấy Push-Up đang hơi nhẹ so với sức hiện tại, có thể tăng độ khó hoặc thêm volume vừa phải. Lý do chính: Good fit, Too easy. Mức đánh giá 5/5, khi tập với mức hiện tại.",24,0.1655
"Push-Up khá dễ kiểm soát, tôi hoàn thành tốt và muốn tăng thử thách nhẹ ở lần tới. Lý do chính: Good fit, Too easy. Mức đánh giá 5/5, ở lần ghi nhận gần đây.",23,0.1586
"Bài Push-Up vào nhịp tốt, tôi muốn progression rõ hơn để tiếp tục tiến bộ. Lý do chính: Good fit, Too easy. Mức đánh giá 4/5, khi theo giáo án hiện tại.",23,0.1586
"Tôi muốn tiếp tục với phong cách bài tập dễ theo dõi, ít mất thời gian setup và phù hợp mục tiêu. Mức đánh giá 4/5, sau vài set đầu.",23,0.1586
"Tôi không hợp Glute Bridge March lắm, cảm giác kiểm soát chưa tốt nên nên cân nhắc thay thế. Lý do chính: Negative, Too Hard. Mức đánh giá 2/5, khi xét cảm giác phục hồi.",23,0.1586
"Glute Bridge March phù hợp với tôi, không gây khó chịu và giúp buổi tập có nhịp ổn. Lý do chính: Positive, Appropriate. Mức đánh giá 4/5, khi tập với mức hiện tại.",23,0.1586
"Bài Glute Bridge March dễ setup, cảm giác kiểm soát tốt nên tôi muốn tiếp tục duy trì. Lý do chính: Positive, Appropriate. Mức đánh giá 4/5, sau khi hoàn thành phần chính.",22,0.1517
"Bài Glute Bridge March dễ setup, cảm giác kiểm soát tốt nên tôi muốn tiếp tục duy trì. Lý do chính: Positive, Appropriate. Mức đánh giá 4/5, ở bối cảnh lịch tập này.",22,0.1517
"Bài Push-Up vào nhịp tốt, tôi muốn progression rõ hơn để tiếp tục tiến bộ. Lý do chính: Good fit, Too easy. Mức đánh giá 4/5, sau khi hoàn thành phần chính.",21,0.1448
"Tôi thấy Push-Up đang hơi nhẹ so với sức hiện tại, có thể tăng độ khó hoặc thêm volume vừa phải. Lý do chính: Good fit, Too easy. Mức đánh giá 4/5, khi tập với mức hiện tại.",20,0.1379
"Tôi thấy Push-Up đang hơi nhẹ so với sức hiện tại, có thể tăng độ khó hoặc thêm volume vừa phải. Lý do chính: Good fit, Too easy. Mức đánh giá 4/5, ở phần cuối buổi.",20,0.1379
"Push-Up khá dễ kiểm soát, tôi hoàn thành tốt và muốn tăng thử thách nhẹ ở lần tới. Lý do chính: Good fit, Too easy. Mức đánh giá 5/5, trong nhịp tập tuần này.",20,0.1379
"Buổi này hơi nặng hoặc appropriate, tôi muốn reduce volume cho lần tới. Mức đánh giá 2/5, ở phần cuối buổi.",20,0.1379
"Tôi thích Glute Bridge March, cảm giác vào cơ tốt và muốn giữ bài này trong lịch. Lý do chính: Positive, Appropriate. Mức đánh giá 4/5, ở lần ghi nhận gần đây.",20,0.1379
"Bài Push-Up vào nhịp tốt, tôi muốn progression rõ hơn để tiếp tục tiến bộ. Lý do chính: Good fit, Too easy. Mức đánh giá 5/5, khi theo giáo án hiện tại.",19,0.131
"Tôi muốn tiếp tục với phong cách bài tập dễ theo dõi, ít mất thời gian setup và phù hợp mục tiêu. Mức đánh giá 4/5, khi xét cảm giác phục hồi.",19,0.131
"Bài Glute Bridge March dễ setup, cảm giác kiểm soát tốt nên tôi muốn tiếp tục duy trì. Lý do chính: Positive, Appropriate. Mức đánh giá 4/5, khi theo giáo án hiện tại.",19,0.131
"Tôi thích Cable Kickback, cảm giác vào cơ tốt và muốn giữ bài này trong lịch. Lý do chính: Positive, Appropriate. Mức đánh giá 5/5, trong lần đánh giá hôm nay.",19,0.131
"Push-Up khá dễ kiểm soát, tôi hoàn thành tốt và muốn tăng thử thách nhẹ ở lần tới. Lý do chính: Good fit, Too easy. Mức đánh giá 4/5, ở lần ghi nhận gần đây.",18,0.1241
"Bài Glute Bridge March vào nhịp tốt, tôi muốn progression rõ hơn để tiếp tục tiến bộ. Lý do chính: Positive, Too Easy. Mức đánh giá 5/5, khi so với khả năng hiện tại.",18,0.1241
"Glute Bridge March khá dễ kiểm soát, tôi hoàn thành tốt và muốn tăng thử thách nhẹ ở lần tới. Lý do chính: Positive, Too Easy. Mức đánh giá 5/5, sau vài set đầu.",18,0.1241
"Cable Kickback ở mức chấp nhận được, tôi chưa có ưu tiên mạnh và muốn theo dõi thêm vài buổi. Lý do chính: Neutral, Appropriate. Mức đánh giá 3/5, trong nhịp tập tuần này.",18,0.1241
"Bài Cable Kickback dùng được, hiện tại tôi muốn giữ lựa chọn mở thay vì đổi ngay. Lý do chính: Neutral, Appropriate. Mức đánh giá 3/5, khi theo giáo án hiện tại.",18,0.1241
"Bài Cable Kickback dễ setup, cảm giác kiểm soát tốt nên tôi muốn tiếp tục duy trì. Lý do chính: Positive, Appropriate. Mức đánh giá 5/5, ở bối cảnh lịch tập này.",17,0.1172
"Push-Up phù hợp với tôi, không gây khó chịu và giúp buổi tập có nhịp ổn. Lý do chính: Good fit. Mức đánh giá 5/5, khi tập với mức hiện tại.",16,0.1103
"Tôi thích Glute Bridge March, cảm giác vào cơ tốt và muốn giữ bài này trong lịch. Lý do chính: Positive, Appropriate. Mức đánh giá 4/5, trong nhịp tập tuần này.",16,0.1103
"Cable Kickback ở mức chấp nhận được, tôi chưa có ưu tiên mạnh và muốn theo dõi thêm vài buổi. Lý do chính: Neutral, Appropriate. Mức đánh giá 3/5, sau vài set đầu.",16,0.1103
"Cable Kickback ở mức chấp nhận được, tôi chưa có ưu tiên mạnh và muốn theo dõi thêm vài buổi. Lý do chính: Neutral, Appropriate. Mức đánh giá 3/5, trong lần đánh giá hôm nay.",16,0.1103
"Tôi thấy Push-Up đang hơi nhẹ so với sức hiện tại, có thể tăng độ khó hoặc thêm volume vừa phải. Lý do chính: Good fit, Too easy. Mức đánh giá 5/5, ở phần cuối buổi.",15,0.1034
"Tôi muốn tiếp tục với phong cách bài tập dễ theo dõi, ít mất thời gian setup và phù hợp mục tiêu. Mức đánh giá 4/5, trong lần đánh giá hôm nay.",15,0.1034
"Bài Glute Bridge March vào nhịp tốt, tôi muốn progression rõ hơn để tiếp tục tiến bộ. Lý do chính: Positive, Too Easy. Mức đánh giá 5/5, ở bối cảnh lịch tập này.",15,0.1034
"Cable Kickback ở mức chấp nhận được, tôi chưa có ưu tiên mạnh và muốn theo dõi thêm vài buổi. Lý do chính: Neutral, Appropriate. Mức đánh giá 3/5, ở lần ghi nhận gần đây.",15,0.1034
"Cable Kickback phù hợp với tôi, không gây khó chịu và giúp buổi tập có nhịp ổn. Lý do chính: Positive, Appropriate. Mức đánh giá 5/5, khi xét cảm giác phục hồi.",15,0.1034
"Cable Kickback phù hợp với tôi, không gây khó chịu và giúp buổi tập có nhịp ổn. Lý do chính: Positive, Appropriate. Mức đánh giá 5/5, khi tập với mức hiện tại.",15,0.1034
"Tôi thích Cable Kickback, cảm giác vào cơ tốt và muốn giữ bài này trong lịch. Lý do chính: Positive, Appropriate. Mức đánh giá 5/5, trong nhịp tập tuần này.",15,0.1034
"Bài Push-Up vào nhịp tốt, tôi muốn progression rõ hơn để tiếp tục tiến bộ. Lý do chính: Good fit, Too easy. Mức đánh giá 5/5, sau khi hoàn thành phần chính.",14,0.0966
"Push-Up khá dễ kiểm soát, tôi hoàn thành tốt và muốn tăng thử thách nhẹ ở lần tới. Lý do chính: Good fit, Too easy. Mức đánh giá 4/5, trong nhịp tập tuần này.",14,0.0966
"Bài Bicycle Crunch vào nhịp tốt, tôi muốn progression rõ hơn để tiếp tục tiến bộ. Lý do chính: Good fit, Too easy. Mức đánh giá 4/5, khi theo giáo án hiện tại.",14,0.0966
"Tôi muốn tiếp tục với phong cách bài tập dễ theo dõi, ít mất thời gian setup và phù hợp mục tiêu. Mức đánh giá 4/5, khi so với khả năng hiện tại.",14,0.0966
"Tôi muốn tiếp tục với phong cách bài tập dễ theo dõi, ít mất thời gian setup và phù hợp mục tiêu. Mức đánh giá 4/5, trong buổi tập này.",14,0.0966
"Bài Glute Bridge March làm buổi tập nặng hơn dự kiến; tôi muốn giảm độ khó hoặc đổi biến thể. Lý do chính: Negative, Too Hard. Mức đánh giá 2/5, khi theo giáo án hiện tại.",14,0.0966
"Glute Bridge March phù hợp với tôi, không gây khó chịu và giúp buổi tập có nhịp ổn. Lý do chính: Positive, Appropriate. Mức đánh giá 4/5, trong buổi tập này.",14,0.0966
"Glute Bridge March phù hợp với tôi, không gây khó chịu và giúp buổi tập có nhịp ổn. Lý do chính: Positive, Appropriate. Mức đánh giá 4/5, ở phần cuối buổi.",14,0.0966
"Bài Glute Bridge March vào nhịp tốt, tôi muốn progression rõ hơn để tiếp tục tiến bộ. Lý do chính: Positive, Too Easy. Mức đánh giá 5/5, sau khi hoàn thành phần chính.",14,0.0966
"Glute Bridge March khá dễ kiểm soát, tôi hoàn thành tốt và muốn tăng thử thách nhẹ ở lần tới. Lý do chính: Positive, Too Easy. Mức đánh giá 5/5, ở lần ghi nhận gần đây.",14,0.0966
"Glute Bridge March phù hợp với tôi, không gây khó chịu và giúp buổi tập có nhịp ổn. Lý do chính: Positive, Appropriate. Mức đánh giá 4/5, khi xét cảm giác phục hồi.",14,0.0966
"Tôi thích Cable Kickback, cảm giác vào cơ tốt và muốn giữ bài này trong lịch. Lý do chính: Positive, Appropriate. Mức đánh giá 4/5, ở lần ghi nhận gần đây.",14,0.0966
"Tôi thấy Cable Kickback bình thường, độ khó tương đối ổn nhưng chưa phải bài tôi thích nhất. Lý do chính: Neutral, Appropriate. Mức đánh giá 3/5, ở phần cuối buổi.",14,0.0966
"Buổi này hơi nặng hoặc too long, tôi muốn reduce volume cho lần tới. Mức đánh giá 2/5, trong buổi tập này.",14,0.0966
"Push-Up hơi quá sức hoặc khó giữ kỹ thuật, tôi muốn replace exercise để tập ổn hơn. Lý do chính: Needs adjustment, Too hard. Mức đánh giá 2/5, trong nhịp tập tuần này.",13,0.0897
"Tôi thấy Crab Walk đang hơi nhẹ so với sức hiện tại, có thể tăng độ khó hoặc thêm volume vừa phải. Lý do chính: Good fit, Too easy. Mức đánh giá 5/5, khi tập với mức hiện tại.",13,0.0897
"Bài Push-Up dễ setup, cảm giác kiểm soát tốt nên tôi muốn tiếp tục duy trì. Lý do chính: Good fit. Mức đánh giá 4/5, khi theo giáo án hiện tại.",13,0.0897
"Tổng thể giáo án hợp với lịch và mục tiêu của tôi, nên tôi muốn giữ cấu trúc này thêm vài tuần. Mức đánh giá 5/5, khi so với khả năng hiện tại.",13,0.0897
"Seated Outer Thigh Abductor Machine phù hợp với tôi, không gây khó chịu và giúp buổi tập có nhịp ổn. Lý do chính: Positive, Appropriate. Mức đánh giá 5/5, trong buổi tập này.",13,0.0897
"Glute Bridge March khá dễ kiểm soát, tôi hoàn thành tốt và muốn tăng thử thách nhẹ ở lần tới. Lý do chính: Positive, Too Easy. Mức đánh giá 5/5, trong lần đánh giá hôm nay.",13,0.0897
"Bài Glute Bridge March dễ setup, cảm giác kiểm soát tốt nên tôi muốn tiếp tục duy trì. Lý do chính: Positive, Appropriate. Mức đánh giá 4/5, khi so với khả năng hiện tại.",13,0.0897
"Tôi không hợp Glute Bridge March lắm, cảm giác kiểm soát chưa tốt nên nên cân nhắc thay thế. Lý do chính: Negative, Too Hard. Mức đánh giá 2/5, khi tập với mức hiện tại.",13,0.0897
"Tôi thích Glute Bridge March, cảm giác vào cơ tốt và muốn giữ bài này trong lịch. Lý do chính: Positive, Appropriate. Mức đánh giá 4/5, sau vài set đầu.",13,0.0897
"Bài Cable Kickback dễ setup, cảm giác kiểm soát tốt nên tôi muốn tiếp tục duy trì. Lý do chính: Positive, Appropriate. Mức đánh giá 5/5, khi theo giáo án hiện tại.",13,0.0897
"Bài Cable Kickback dễ setup, cảm giác kiểm soát tốt nên tôi muốn tiếp tục duy trì. Lý do chính: Positive, Appropriate. Mức đánh giá 4/5, ở bối cảnh lịch tập này.",13,0.0897
"Buổi này hơi nặng hoặc too long, tôi muốn reduce volume cho lần tới. Mức đánh giá 2/5, trong lần đánh giá hôm nay.",13,0.0897
"Buổi này hơi nặng hoặc too long, tôi muốn reduce volume cho lần tới. Mức đánh giá 2/5, khi xét cảm giác phục hồi.",13,0.0897
"Tôi thấy Smith Machine Reverse Lunge bình thường, độ khó tương đối ổn nhưng chưa phải bài tôi thích nhất. Lý do chính: Monitor. Mức đánh giá 3/5, khi tập với mức hiện tại.",12,0.0828
"Tôi thấy Bicycle Crunch đang hơi nhẹ so với sức hiện tại, có thể tăng độ khó hoặc thêm volume vừa phải. Lý do chính: Good fit, Too easy. Mức đánh giá 4/5, ở phần cuối buổi.",12,0.0828
"Crab Walk khá dễ kiểm soát, tôi hoàn thành tốt và muốn tăng thử thách nhẹ ở lần tới. Lý do chính: Good fit, Too easy. Mức đánh giá 5/5, trong nhịp tập tuần này.",12,0.0828
"Tôi thấy Bird Dog đang hơi nhẹ so với sức hiện tại, có thể tăng độ khó hoặc thêm volume vừa phải. Lý do chính: Good fit, Too easy. Mức đánh giá 4/5, khi tập với mức hiện tại.",12,0.0828
"Tôi thích Push-Up, cảm giác vào cơ tốt và muốn giữ bài này trong lịch. Lý do chính: Good fit. Mức đánh giá 4/5, ở lần ghi nhận gần đây.",12,0.0828
"Copenhagen Adductor Drop ở mức chấp nhận được, tôi chưa có ưu tiên mạnh và muốn theo dõi thêm vài buổi. Lý do chính: Neutral, Appropriate. Mức đánh giá 3/5, sau vài set đầu.",12,0.0828
"Tôi thích Seated Outer Thigh Abductor Machine, cảm giác vào cơ tốt và muốn giữ bài này trong lịch. Lý do chính: Positive, Appropriate. Mức đánh giá 5/5, trong lần đánh giá hôm nay.",12,0.0828
"Seated Outer Thigh Abductor Machine phù hợp với tôi, không gây khó chịu và giúp buổi tập có nhịp ổn. Lý do chính: Positive, Appropriate. Mức đánh giá 5/5, ở phần cuối buổi.",12,0.0828
"Tôi thấy Glute Bridge March đang hơi nhẹ so với sức hiện tại, có thể tăng độ khó hoặc thêm volume vừa phải. Lý do chính: Positive, Too Easy. Mức đánh giá 5/5, khi xét cảm giác phục hồi.",12,0.0828
"Bài Glute Bridge March làm buổi tập nặng hơn dự kiến; tôi muốn giảm độ khó hoặc đổi biến thể. Lý do chính: Negative, Too Hard. Mức đánh giá 2/5, sau khi hoàn thành phần chính.",12,0.0828
"Bài Cable Kickback dùng được, hiện tại tôi muốn giữ lựa chọn mở thay vì đổi ngay. Lý do chính: Neutral, Appropriate. Mức đánh giá 3/5, ở bối cảnh lịch tập này.",12,0.0828
"Bài Cable Kickback dùng được, hiện tại tôi muốn giữ lựa chọn mở thay vì đổi ngay. Lý do chính: Neutral, Appropriate. Mức đánh giá 3/5, khi so với khả năng hiện tại.",12,0.0828
"Tôi không hợp Push-Up lắm, cảm giác kiểm soát chưa tốt nên nên cân nhắc thay thế. Lý do chính: Needs adjustment, Too hard. Mức đánh giá 1/5, khi tập với mức hiện tại.",11,0.0759
"Bài Close-Grip Push-Up dùng được, hiện tại tôi muốn giữ lựa chọn mở thay vì đổi ngay. Lý do chính: Monitor. Mức đánh giá 3/5, sau khi hoàn thành phần chính.",11,0.0759
"Tôi thấy Bicycle Crunch đang hơi nhẹ so với sức hiện tại, có thể tăng độ khó hoặc thêm volume vừa phải. Lý do chính: Good fit, Too easy. Mức đánh giá 5/5, khi tập với mức hiện tại.",11,0.0759
"Tôi thấy Bird Dog đang hơi nhẹ so với sức hiện tại, có thể tăng độ khó hoặc thêm volume vừa phải. Lý do chính: Good fit, Too easy. Mức đánh giá 4/5, ở phần cuối buổi.",11,0.0759
"Dead Bug khá dễ kiểm soát, tôi hoàn thành tốt và muốn tăng thử thách nhẹ ở lần tới. Lý do chính: Good fit, Too easy. Mức đánh giá 5/5, trong nhịp tập tuần này.",11,0.0759
"Tôi thấy Side Plank đang hơi nhẹ so với sức hiện tại, có thể tăng độ khó hoặc thêm volume vừa phải. Lý do chính: Good fit, Too easy. Mức đánh giá 5/5, khi tập với mức hiện tại.",11,0.0759
"Bài Push-Up dễ setup, cảm giác kiểm soát tốt nên tôi muốn tiếp tục duy trì. Lý do chính: Good fit. Mức đánh giá 5/5, sau khi hoàn thành phần chính.",11,0.0759
"Bài Bird Dog vào nhịp tốt, tôi muốn progression rõ hơn để tiếp tục tiến bộ. Lý do chính: Good fit, Too easy. Mức đánh giá 4/5, khi theo giáo án hiện tại.",11,0.0759
"Buổi này hơi nặng hoặc too long, tôi muốn reduce session duration cho lần tới. Mức đánh giá 1/5, khi theo giáo án hiện tại.",11,0.0759
"Kế hoạch hiện tại dùng được, nhưng tôi muốn theo dõi thêm trước khi tăng hoặc giảm khối lượng. Mức đánh giá 3/5, sau vài set đầu.",11,0.0759
"Kế hoạch hiện tại dùng được, nhưng tôi muốn theo dõi thêm trước khi tăng hoặc giảm khối lượng. Mức đánh giá 3/5, khi so với khả năng hiện tại.",11,0.0759
"Tổng thể giáo án hợp với lịch và mục tiêu của tôi, nên tôi muốn giữ cấu trúc này thêm vài tuần. Mức đánh giá 5/5, ở bối cảnh lịch tập này.",11,0.0759
"Tổng thể giáo án hợp với lịch và mục tiêu của tôi, nên tôi muốn giữ cấu trúc này thêm vài tuần. Mức đánh giá 4/5, ở bối cảnh lịch tập này.",11,0.0759
"Tôi thích Seated Outer Thigh Abductor Machine, cảm giác vào cơ tốt và muốn giữ bài này trong lịch. Lý do chính: Positive, Appropriate. Mức đánh giá 5/5, ở lần ghi nhận gần đây.",11,0.0759
"Bài Smith Machine Shrug dùng được, hiện tại tôi muốn giữ lựa chọn mở thay vì đổi ngay. Lý do chính: Neutral, Appropriate. Mức đánh giá 3/5, sau khi hoàn thành phần chính.",11,0.0759
"Tôi thấy Glute Bridge March đang hơi nhẹ so với sức hiện tại, có thể tăng độ khó hoặc thêm volume vừa phải. Lý do chính: Positive, Too Easy. Mức đánh giá 5/5, ở phần cuối buổi.",11,0.0759
"Bài Glute Bridge March vào nhịp tốt, tôi muốn progression rõ hơn để tiếp tục tiến bộ. Lý do chính: Positive, Too Easy. Mức đánh giá 5/5, khi theo giáo án hiện tại.",11,0.0759
"Tôi không hợp Glute Bridge March lắm, cảm giác kiểm soát chưa tốt nên nên cân nhắc thay thế. Lý do chính: Negative, Too Hard. Mức đánh giá 2/5, ở phần cuối buổi.",11,0.0759
"Tôi thấy Glute Bridge March đang hơi nhẹ so với sức hiện tại, có thể tăng độ khó hoặc thêm volume vừa phải. Lý do chính: Positive, Too Easy. Mức đánh giá 5/5, khi tập với mức hiện tại.",11,0.0759
"Bài Cable Kickback dùng được, hiện tại tôi muốn giữ lựa chọn mở thay vì đổi ngay. Lý do chính: Neutral, Appropriate. Mức đánh giá 3/5, sau khi hoàn thành phần chính.",11,0.0759
"Tôi thích Cable Kickback, cảm giác vào cơ tốt và muốn giữ bài này trong lịch. Lý do chính: Positive, Appropriate. Mức đánh giá 5/5, ở lần ghi nhận gần đây.",11,0.0759
"Cable Kickback phù hợp với tôi, không gây khó chịu và giúp buổi tập có nhịp ổn. Lý do chính: Positive, Appropriate. Mức đánh giá 5/5, ở phần cuối buổi.",11,0.0759
"Tôi thấy Cable Kickback bình thường, độ khó tương đối ổn nhưng chưa phải bài tôi thích nhất. Lý do chính: Neutral, Appropriate. Mức đánh giá 3/5, khi tập với mức hiện tại.",11,0.0759
"Cable Kickback phù hợp với tôi, không gây khó chịu và giúp buổi tập có nhịp ổn. Lý do chính: Positive, Appropriate. Mức đánh giá 5/5, trong buổi tập này.",11,0.0759
"Tôi thấy Cable Kickback bình thường, độ khó tương đối ổn nhưng chưa phải bài tôi thích nhất. Lý do chính: Neutral, Appropriate. Mức đánh giá 3/5, trong buổi tập này.",11,0.0759
"Tôi không hợp Cable Kickback lắm, cảm giác kiểm soát chưa tốt nên nên cân nhắc thay thế. Lý do chính: Negative, Too Hard. Mức đánh giá 2/5, ở phần cuối buổi.",11,0.0759
"Wall Slide ở mức chấp nhận được, tôi chưa có ưu tiên mạnh và muốn theo dõi thêm vài buổi. Lý do chính: Monitor. Mức đánh giá 3/5, trong nhịp tập tuần này.",10,0.069
"Bài Bicycle Crunch vào nhịp tốt, tôi muốn progression rõ hơn để tiếp tục tiến bộ. Lý do chính: Good fit, Too easy. Mức đánh giá 5/5, sau khi hoàn thành phần chính.",10,0.069
"Dead Bug khá dễ kiểm soát, tôi hoàn thành tốt và muốn tăng thử thách nhẹ ở lần tới. Lý do chính: Good fit, Too easy. Mức đánh giá 4/5, ở lần ghi nhận gần đây.",10,0.069
"Bài Glute Bridge vào nhịp tốt, tôi muốn progression rõ hơn để tiếp tục tiến bộ. Lý do chính: Good fit, Too easy. Mức đánh giá 4/5, khi theo giáo án hiện tại.",10,0.069
"Bài Glute Bridge vào nhịp tốt, tôi muốn progression rõ hơn để tiếp tục tiến bộ. Lý do chính: Good fit, Too easy. Mức đánh giá 5/5, khi theo giáo án hiện tại.",10,0.069
"Tôi thấy Bird Dog đang hơi nhẹ so với sức hiện tại, có thể tăng độ khó hoặc thêm volume vừa phải. Lý do chính: Good fit, Too easy. Mức đánh giá 5/5, khi tập với mức hiện tại.",10,0.069
"Tôi thấy Dead Bug đang hơi nhẹ so với sức hiện tại, có thể tăng độ khó hoặc thêm volume vừa phải. Lý do chính: Good fit, Too easy. Mức đánh giá 5/5, khi tập với mức hiện tại.",10,0.069
"Tôi thích Push-Up, cảm giác vào cơ tốt và muốn giữ bài này trong lịch. Lý do chính: Good fit. Mức đánh giá 5/5, trong nhịp tập tuần này.",10,0.069
"Push-Up phù hợp với tôi, không gây khó chịu và giúp buổi tập có nhịp ổn. Lý do chính: Good fit. Mức đánh giá 5/5, ở phần cuối buổi.",10,0.069
"Mountain Climbers phù hợp với tôi, không gây khó chịu và giúp buổi tập có nhịp ổn. Lý do chính: Good fit. Mức đánh giá 4/5, khi tập với mức hiện tại.",10,0.069
"Tôi thấy Bicycle Crunch đang hơi nhẹ so với sức hiện tại, có thể tăng độ khó hoặc thêm volume vừa phải. Lý do chính: Good fit, Too easy. Mức đánh giá 4/5, khi tập với mức hiện tại.",10,0.069
"Buổi này hơi nặng hoặc too long, tôi muốn reduce session duration cho lần tới. Mức đánh giá 2/5, trong nhịp tập tuần này.",10,0.069
"Tổng thể giáo án hợp với lịch và mục tiêu của tôi, nên tôi muốn giữ cấu trúc này thêm vài tuần. Mức đánh giá 4/5, sau vài set đầu.",10,0.069
"Tổng thể giáo án hợp với lịch và mục tiêu của tôi, nên tôi muốn giữ cấu trúc này thêm vài tuần. Mức đánh giá 4/5, khi so với khả năng hiện tại.",10,0.069
"Tôi muốn tiếp tục với phong cách bài tập dễ theo dõi, ít mất thời gian setup và phù hợp mục tiêu. Mức đánh giá 4/5, ở bối cảnh lịch tập này.",10,0.069
"Copenhagen Adductor Drop ở mức chấp nhận được, tôi chưa có ưu tiên mạnh và muốn theo dõi thêm vài buổi. Lý do chính: Neutral, Appropriate. Mức đánh giá 3/5, trong lần đánh giá hôm nay.",10,0.069
"Tôi thấy Copenhagen Adductor Drop bình thường, độ khó tương đối ổn nhưng chưa phải bài tôi thích nhất. Lý do chính: Neutral, Appropriate. Mức đánh giá 3/5, trong buổi tập này.",10,0.069
"Seated Outer Thigh Abductor Machine ở mức chấp nhận được, tôi chưa có ưu tiên mạnh và muốn theo dõi thêm vài buổi. Lý do chính: Neutral, Appropriate. Mức đánh giá 3/5, ở lần ghi nhận gần đây.",10,0.069
"Tôi thấy Seated Outer Thigh Abductor Machine bình thường, độ khó tương đối ổn nhưng chưa phải bài tôi thích nhất. Lý do chính: Neutral, Appropriate. Mức đánh giá 3/5, ở phần cuối buổi.",10,0.069
"Smith Machine Shrug ở mức chấp nhận được, tôi chưa có ưu tiên mạnh và muốn theo dõi thêm vài buổi. Lý do chính: Neutral, Appropriate. Mức đánh giá 3/5, trong lần đánh giá hôm nay.",10,0.069
"Tôi thấy Smith Machine Shrug bình thường, độ khó tương đối ổn nhưng chưa phải bài tôi thích nhất. Lý do chính: Neutral, Appropriate. Mức đánh giá 3/5, ở phần cuối buổi.",10,0.069
"Smith Machine Upright Row phù hợp với tôi, không gây khó chịu và giúp buổi tập có nhịp ổn. Lý do chính: Positive, Appropriate. Mức đánh giá 5/5, khi tập với mức hiện tại.",10,0.069
"Glute Bridge March hơi quá sức hoặc khó giữ kỹ thuật, tôi muốn replace exercise để tập ổn hơn. Lý do chính: Negative, Too Hard. Mức đánh giá 2/5, trong lần đánh giá hôm nay.",10,0.069
"Tôi không hợp Glute Bridge March lắm, cảm giác kiểm soát chưa tốt nên nên cân nhắc thay thế. Lý do chính: Negative, Too Hard. Mức đánh giá 2/5, trong buổi tập này.",10,0.069
"Tôi thích Cable Kickback, cảm giác vào cơ tốt và muốn giữ bài này trong lịch. Lý do chính: Positive, Appropriate. Mức đánh giá 4/5, sau vài set đầu.",10,0.069
"Push-Up hơi quá sức hoặc khó giữ kỹ thuật, tôi muốn replace exercise để tập ổn hơn. Lý do chính: Needs adjustment, Too hard. Mức đánh giá 2/5, ở lần ghi nhận gần đây.",9,0.0621
"Tôi thấy Dumbbell Front Raise bình thường, độ khó tương đối ổn nhưng chưa phải bài tôi thích nhất. Lý do chính: Monitor. Mức đánh giá 3/5, khi tập với mức hiện tại.",9,0.0621
"Crab Walk khá dễ kiểm soát, tôi hoàn thành tốt và muốn tăng thử thách nhẹ ở lần tới. Lý do chính: Good fit, Too easy. Mức đánh giá 4/5, trong nhịp tập tuần này.",9,0.0621
"Bài Crab Walk vào nhịp tốt, tôi muốn progression rõ hơn để tiếp tục tiến bộ. Lý do chính: Good fit, Too easy. Mức đánh giá 4/5, khi theo giáo án hiện tại.",9,0.0621
"Bài Dead Bug vào nhịp tốt, tôi muốn progression rõ hơn để tiếp tục tiến bộ. Lý do chính: Good fit, Too easy. Mức đánh giá 5/5, khi theo giáo án hiện tại.",9,0.0621
"Tôi thấy Glute Bridge March đang hơi nhẹ so với sức hiện tại, có thể tăng độ khó hoặc thêm volume vừa phải. Lý do chính: Good fit, Too easy. Mức đánh giá 4/5, ở phần cuối buổi.",9,0.0621
"Bài Glute Bridge March vào nhịp tốt, tôi muốn progression rõ hơn để tiếp tục tiến bộ. Lý do chính: Good fit, Too easy. Mức đánh giá 5/5, khi theo giáo án hiện tại.",9,0.0621
"Dead Bug khá dễ kiểm soát, tôi hoàn thành tốt và muốn tăng thử thách nhẹ ở lần tới. Lý do chính: Good fit, Too easy. Mức đánh giá 4/5, trong nhịp tập tuần này.",9,0.0621
"Lying Leg Raise khá dễ kiểm soát, tôi hoàn thành tốt và muốn tăng thử thách nhẹ ở lần tới. Lý do chính: Good fit, Too easy. Mức đánh giá 4/5, trong nhịp tập tuần này.",9,0.0621
"Tôi thấy Bird Dog đang hơi nhẹ so với sức hiện tại, có thể tăng độ khó hoặc thêm volume vừa phải. Lý do chính: Good fit, Too easy. Mức đánh giá 5/5, ở phần cuối buổi.",9,0.0621
"Tôi thấy Glute Bridge March đang hơi nhẹ so với sức hiện tại, có thể tăng độ khó hoặc thêm volume vừa phải. Lý do chính: Good fit, Too easy. Mức đánh giá 4/5, khi tập với mức hiện tại.",9,0.0621
"Bird Dog khá dễ kiểm soát, tôi hoàn thành tốt và muốn tăng thử thách nhẹ ở lần tới. Lý do chính: Good fit, Too easy. Mức đánh giá 4/5, trong nhịp tập tuần này.",9,0.0621
"Bài Crab Walk vào nhịp tốt, tôi muốn progression rõ hơn để tiếp tục tiến bộ. Lý do chính: Good fit, Too easy. Mức đánh giá 5/5, khi theo giáo án hiện tại.",9,0.0621
"Bài Reverse Crunch vào nhịp tốt, tôi muốn progression rõ hơn để tiếp tục tiến bộ. Lý do chính: Good fit, Too easy. Mức đánh giá 5/5, khi theo giáo án hiện tại.",9,0.0621
"Bài Dead Bug vào nhịp tốt, tôi muốn progression rõ hơn để tiếp tục tiến bộ. Lý do chính: Good fit, Too easy. Mức đánh giá 4/5, khi theo giáo án hiện tại.",9,0.0621
"Buổi này hơi nặng hoặc too long, tôi muốn reduce session duration cho lần tới. Mức đánh giá 2/5, khi tập với mức hiện tại.",9,0.0621
"Kế hoạch hiện tại dùng được, nhưng tôi muốn theo dõi thêm trước khi tăng hoặc giảm khối lượng. Mức đánh giá 3/5, trong lần đánh giá hôm nay.",9,0.0621
"Tổng thể giáo án hợp với lịch và mục tiêu của tôi, nên tôi muốn giữ cấu trúc này thêm vài tuần. Mức đánh giá 4/5, trong buổi tập này.",9,0.0621
"Tôi thấy Copenhagen Adductor Drop bình thường, độ khó tương đối ổn nhưng chưa phải bài tôi thích nhất. Lý do chính: Neutral, Appropriate. Mức đánh giá 3/5, khi tập với mức hiện tại.",9,0.0621
"Bài Copenhagen Adductor Drop dùng được, hiện tại tôi muốn giữ lựa chọn mở thay vì đổi ngay. Lý do chính: Neutral, Appropriate. Mức đánh giá 3/5, khi theo giáo án hiện tại.",9,0.0621
"Bài Seated Inner Thigh Adductor Machine dễ setup, cảm giác kiểm soát tốt nên tôi muốn tiếp tục duy trì. Lý do chính: Positive, Appropriate. Mức đánh giá 5/5, ở bối cảnh lịch tập này.",9,0.0621
"Tôi thích Seated Inner Thigh Adductor Machine, cảm giác vào cơ tốt và muốn giữ bài này trong lịch. Lý do chính: Positive, Appropriate. Mức đánh giá 5/5, ở lần ghi nhận gần đây.",9,0.0621
"Bài Seated Outer Thigh Abductor Machine dùng được, hiện tại tôi muốn giữ lựa chọn mở thay vì đổi ngay. Lý do chính: Neutral, Appropriate. Mức đánh giá 3/5, sau khi hoàn thành phần chính.",9,0.0621
"Bài Seated Outer Thigh Abductor Machine dùng được, hiện tại tôi muốn giữ lựa chọn mở thay vì đổi ngay. Lý do chính: Neutral, Appropriate. Mức đánh giá 3/5, khi so với khả năng hiện tại.",9,0.0621
"Tôi thấy Smith Machine Shrug bình thường, độ khó tương đối ổn nhưng chưa phải bài tôi thích nhất. Lý do chính: Neutral, Appropriate. Mức đánh giá 3/5, khi tập với mức hiện tại.",9,0.0621
"Bài Smith Machine Shrug dùng được, hiện tại tôi muốn giữ lựa chọn mở thay vì đổi ngay. Lý do chính: Neutral, Appropriate. Mức đánh giá 3/5, khi theo giáo án hiện tại.",9,0.0621
"Glute Bridge March hơi quá sức hoặc khó giữ kỹ thuật, tôi muốn reduce difficulty để tập ổn hơn. Lý do chính: Negative, Too Hard. Mức đánh giá 2/5, sau vài set đầu.",9,0.0621
"Glute Bridge March hơi quá sức hoặc khó giữ kỹ thuật, tôi muốn reduce difficulty để tập ổn hơn. Lý do chính: Negative, Too Hard. Mức đánh giá 2/5, ở lần ghi nhận gần đây.",9,0.0621
"Tôi thấy Glute Bridge March đang hơi nhẹ so với sức hiện tại, có thể tăng độ khó hoặc thêm volume vừa phải. Lý do chính: Positive, Too Easy. Mức đánh giá 5/5, trong buổi tập này.",9,0.0621
"Bài Cable Kickback dễ setup, cảm giác kiểm soát tốt nên tôi muốn tiếp tục duy trì. Lý do chính: Positive, Appropriate. Mức đánh giá 5/5, sau khi hoàn thành phần chính.",9,0.0621
"Buổi này hơi nặng hoặc too long, tôi muốn reduce volume cho lần tới. Mức đánh giá 2/5, sau vài set đầu.",9,0.0621
"Push-Up hơi quá sức hoặc khó giữ kỹ thuật, tôi muốn replace exercise để tập ổn hơn. Lý do chính: Needs adjustment, Too hard. Mức đánh giá 1/5, trong nhịp tập tuần này.",8,0.0552
"Tôi không hợp Push-Up lắm, cảm giác kiểm soát chưa tốt nên nên cân nhắc thay thế. Lý do chính: Needs adjustment, Too hard. Mức đánh giá 2/5, ở phần cuối buổi.",8,0.0552
"Bài Push-Up làm buổi tập nặng hơn dự kiến; tôi muốn giảm độ khó hoặc đổi biến thể. Lý do chính: Needs adjustment, Too hard. Mức đánh giá 1/5, khi theo giáo án hiện tại.",8,0.0552
"Lying Leg Raise ở mức chấp nhận được, tôi chưa có ưu tiên mạnh và muốn theo dõi thêm vài buổi. Lý do chính: Monitor. Mức đánh giá 3/5, ở lần ghi nhận gần đây.",8,0.0552
"Bài Lying Leg Raise dùng được, hiện tại tôi muốn giữ lựa chọn mở thay vì đổi ngay. Lý do chính: Monitor. Mức đánh giá 3/5, sau khi hoàn thành phần chính.",8,0.0552
"Bài Bird Dog dùng được, hiện tại tôi muốn giữ lựa chọn mở thay vì đổi ngay. Lý do chính: Monitor. Mức đánh giá 3/5, sau khi hoàn thành phần chính.",8,0.0552
"Tôi thấy Glute Bridge March bình thường, độ khó tương đối ổn nhưng chưa phải bài tôi thích nhất. Lý do chính: Monitor. Mức đánh giá 3/5, khi tập với mức hiện tại.",8,0.0552
"Bài Lying Leg Raise dùng được, hiện tại tôi muốn giữ lựa chọn mở thay vì đổi ngay. Lý do chính: Monitor. Mức đánh giá 3/5, khi theo giáo án hiện tại.",8,0.0552
"Tôi thấy Smith Machine Squat bình thường, độ khó tương đối ổn nhưng chưa phải bài tôi thích nhất. Lý do chính: Monitor. Mức đánh giá 3/5, khi tập với mức hiện tại.",8,0.0552
"Chest-Supported T-Bar Row ở mức chấp nhận được, tôi chưa có ưu tiên mạnh và muốn theo dõi thêm vài buổi. Lý do chính: Monitor. Mức đánh giá 3/5, ở lần ghi nhận gần đây.",8,0.0552
"Bài Dead Bug vào nhịp tốt, tôi muốn progression rõ hơn để tiếp tục tiến bộ. Lý do chính: Good fit, Too easy. Mức đánh giá 5/5, sau khi hoàn thành phần chính.",8,0.0552
"Bicycle Crunch khá dễ kiểm soát, tôi hoàn thành tốt và muốn tăng thử thách nhẹ ở lần tới. Lý do chính: Good fit, Too easy. Mức đánh giá 5/5, trong nhịp tập tuần này.",8,0.0552
"Reverse Crunch khá dễ kiểm soát, tôi hoàn thành tốt và muốn tăng thử thách nhẹ ở lần tới. Lý do chính: Good fit, Too easy. Mức đánh giá 5/5, trong nhịp tập tuần này.",8,0.0552
"Tôi thấy Side Plank đang hơi nhẹ so với sức hiện tại, có thể tăng độ khó hoặc thêm volume vừa phải. Lý do chính: Good fit, Too easy. Mức đánh giá 4/5, ở phần cuối buổi.",8,0.0552
"Dumbbell Front Raise khá dễ kiểm soát, tôi hoàn thành tốt và muốn tăng thử thách nhẹ ở lần tới. Lý do chính: Good fit, Too easy. Mức đánh giá 4/5, trong nhịp tập tuần này.",8,0.0552
"Tôi thấy Reverse Crunch đang hơi nhẹ so với sức hiện tại, có thể tăng độ khó hoặc thêm volume vừa phải. Lý do chính: Good fit, Too easy. Mức đánh giá 5/5, ở phần cuối buổi.",8,0.0552
"Bicycle Crunch khá dễ kiểm soát, tôi hoàn thành tốt và muốn tăng thử thách nhẹ ở lần tới. Lý do chính: Good fit, Too easy. Mức đánh giá 4/5, trong nhịp tập tuần này.",8,0.0552
"Plank khá dễ kiểm soát, tôi hoàn thành tốt và muốn tăng thử thách nhẹ ở lần tới. Lý do chính: Good fit, Too easy. Mức đánh giá 5/5, trong nhịp tập tuần này.",8,0.0552
"Bài Plank vào nhịp tốt, tôi muốn progression rõ hơn để tiếp tục tiến bộ. Lý do chính: Good fit, Too easy. Mức đánh giá 5/5, sau khi hoàn thành phần chính.",8,0.0552
"Bird Dog khá dễ kiểm soát, tôi hoàn thành tốt và muốn tăng thử thách nhẹ ở lần tới. Lý do chính: Good fit, Too easy. Mức đánh giá 5/5, trong nhịp tập tuần này.",8,0.0552
"Bài Lying Leg Raise vào nhịp tốt, tôi muốn progression rõ hơn để tiếp tục tiến bộ. Lý do chính: Good fit, Too easy. Mức đánh giá 4/5, sau khi hoàn thành phần chính.",8,0.0552
"Tôi thích Push-Up, cảm giác vào cơ tốt và muốn giữ bài này trong lịch. Lý do chính: Good fit. Mức đánh giá 5/5, ở lần ghi nhận gần đây.",8,0.0552
"Bài Push-Up dễ setup, cảm giác kiểm soát tốt nên tôi muốn tiếp tục duy trì. Lý do chính: Good fit. Mức đánh giá 5/5, khi theo giáo án hiện tại.",8,0.0552
"Bird Dog khá dễ kiểm soát, tôi hoàn thành tốt và muốn tăng thử thách nhẹ ở lần tới. Lý do chính: Good fit, Too easy. Mức đánh giá 5/5, ở lần ghi nhận gần đây.",8,0.0552
"Bài Bird Dog vào nhịp tốt, tôi muốn progression rõ hơn để tiếp tục tiến bộ. Lý do chính: Good fit, Too easy. Mức đánh giá 5/5, khi theo giáo án hiện tại.",8,0.0552
"Tôi thấy Side-Lying Inner Thigh Raise đang hơi nhẹ so với sức hiện tại, có thể tăng độ khó hoặc thêm volume vừa phải. Lý do chính: Good fit, Too easy. Mức đánh giá 4/5, ở phần cuối buổi.",8,0.0552
"Tôi thích Push-Up, cảm giác vào cơ tốt và muốn giữ bài này trong lịch. Lý do chính: Good fit. Mức đánh giá 4/5, trong nhịp tập tuần này.",8,0.0552
"Buổi này hơi nặng hoặc too long, tôi muốn reduce session duration cho lần tới. Mức đánh giá 1/5, khi tập với mức hiện tại.",8,0.0552
"Buổi này hơi nặng hoặc too long, tôi muốn reduce session duration cho lần tới. Mức đánh giá 1/5, sau khi hoàn thành phần chính.",8,0.0552
"Kế hoạch hiện tại dùng được, nhưng tôi muốn theo dõi thêm trước khi tăng hoặc giảm khối lượng. Mức đánh giá 3/5, trong buổi tập này.",8,0.0552
"Tổng thể giáo án hợp với lịch và mục tiêu của tôi, nên tôi muốn giữ cấu trúc này thêm vài tuần. Mức đánh giá 5/5, trong buổi tập này.",8,0.0552
"Tổng thể giáo án hợp với lịch và mục tiêu của tôi, nên tôi muốn giữ cấu trúc này thêm vài tuần. Mức đánh giá 4/5, khi xét cảm giác phục hồi.",8,0.0552
"Tổng thể giáo án hợp với lịch và mục tiêu của tôi, nên tôi muốn giữ cấu trúc này thêm vài tuần. Mức đánh giá 5/5, khi xét cảm giác phục hồi.",8,0.0552
"Tôi thấy Copenhagen Adductor Drop bình thường, độ khó tương đối ổn nhưng chưa phải bài tôi thích nhất. Lý do chính: Neutral, Appropriate. Mức đánh giá 3/5, khi xét cảm giác phục hồi.",8,0.0552
"Tôi thấy Seated Inner Thigh Adductor Machine bình thường, độ khó tương đối ổn nhưng chưa phải bài tôi thích nhất. Lý do chính: Neutral, Appropriate. Mức đánh giá 3/5, ở phần cuối buổi.",8,0.0552
"Tôi thích Seated Inner Thigh Adductor Machine, cảm giác vào cơ tốt và muốn giữ bài này trong lịch. Lý do chính: Positive, Appropriate. Mức đánh giá 5/5, sau vài set đầu.",8,0.0552
"Seated Inner Thigh Adductor Machine phù hợp với tôi, không gây khó chịu và giúp buổi tập có nhịp ổn. Lý do chính: Positive, Appropriate. Mức đánh giá 5/5, khi tập với mức hiện tại.",8,0.0552
"Bài Seated Outer Thigh Abductor Machine dễ setup, cảm giác kiểm soát tốt nên tôi muốn tiếp tục duy trì. Lý do chính: Positive, Appropriate. Mức đánh giá 5/5, khi theo giáo án hiện tại.",8,0.0552
"Seated Outer Thigh Abductor Machine ở mức chấp nhận được, tôi chưa có ưu tiên mạnh và muốn theo dõi thêm vài buổi. Lý do chính: Neutral, Appropriate. Mức đánh giá 3/5, trong nhịp tập tuần này.",8,0.0552
"Smith Machine Shrug ở mức chấp nhận được, tôi chưa có ưu tiên mạnh và muốn theo dõi thêm vài buổi. Lý do chính: Neutral, Appropriate. Mức đánh giá 3/5, ở lần ghi nhận gần đây.",8,0.0552
"Tôi thích Smith Machine Shrug, cảm giác vào cơ tốt và muốn giữ bài này trong lịch. Lý do chính: Positive, Appropriate. Mức đánh giá 5/5, ở lần ghi nhận gần đây.",8,0.0552
"Smith Machine Shrug phù hợp với tôi, không gây khó chịu và giúp buổi tập có nhịp ổn. Lý do chính: Positive, Appropriate. Mức đánh giá 5/5, ở phần cuối buổi.",8,0.0552
"Bài Smith Machine Upright Row dễ setup, cảm giác kiểm soát tốt nên tôi muốn tiếp tục duy trì. Lý do chính: Positive, Appropriate. Mức đánh giá 5/5, khi theo giáo án hiện tại.",8,0.0552
"Smith Machine Upright Row ở mức chấp nhận được, tôi chưa có ưu tiên mạnh và muốn theo dõi thêm vài buổi. Lý do chính: Neutral, Appropriate. Mức đánh giá 3/5, trong nhịp tập tuần này.",8,0.0552
"Bài Glute Bridge March làm buổi tập nặng hơn dự kiến; tôi muốn giảm độ khó hoặc đổi biến thể. Lý do chính: Negative, Too Hard. Mức đánh giá 2/5, ở bối cảnh lịch tập này.",8,0.0552
"Glute Bridge March hơi quá sức hoặc khó giữ kỹ thuật, tôi muốn replace exercise để tập ổn hơn. Lý do chính: Negative, Too Hard. Mức đánh giá 2/5, trong nhịp tập tuần này.",8,0.0552
"Tôi thích Glute Bridge March, cảm giác vào cơ tốt và muốn giữ bài này trong lịch. Lý do chính: Positive, Appropriate. Mức đánh giá 4/5, trong lần đánh giá hôm nay.",8,0.0552
"Bài Glute Bridge March làm buổi tập nặng hơn dự kiến; tôi muốn giảm độ khó hoặc đổi biến thể. Lý do chính: Negative, Too Hard. Mức đánh giá 2/5, khi so với khả năng hiện tại.",8,0.0552
"Tôi thấy Cable Kickback bình thường, độ khó tương đối ổn nhưng chưa phải bài tôi thích nhất. Lý do chính: Neutral, Appropriate. Mức đánh giá 3/5, khi xét cảm giác phục hồi.",8,0.0552
"Bài Cable Kickback dễ setup, cảm giác kiểm soát tốt nên tôi muốn tiếp tục duy trì. Lý do chính: Positive, Appropriate. Mức đánh giá 5/5, khi so với khả năng hiện tại.",8,0.0552
"Bài Cable Kickback làm buổi tập nặng hơn dự kiến; tôi muốn giảm độ khó hoặc đổi biến thể. Lý do chính: Negative, Too Hard. Mức đánh giá 2/5, khi so với khả năng hiện tại.",8,0.0552
"Cable Kickback phù hợp với tôi, không gây khó chịu và giúp buổi tập có nhịp ổn. Lý do chính: Positive, Appropriate. Mức đánh giá 4/5, khi tập với mức hiện tại.",8,0.0552
"Buổi này hơi nặng hoặc too long, tôi muốn reduce volume cho lần tới. Mức đánh giá 2/5, ở bối cảnh lịch tập này.",8,0.0552
"Tôi muốn hệ thống tiếp tục quan sát phản hồi của tôi trước khi thay đổi mạnh giáo án. Mức đánh giá 3/5, khi so với khả năng hiện tại.",8,0.0552
"Tôi không hợp Push-Up lắm, cảm giác kiểm soát chưa tốt nên nên cân nhắc thay thế. Lý do chính: Needs adjustment, Too hard. Mức đánh giá 1/5, ở phần cuối buổi.",7,0.0483
"Glute Bridge ở mức chấp nhận được, tôi chưa có ưu tiên mạnh và muốn theo dõi thêm vài buổi. Lý do chính: Monitor. Mức đánh giá 3/5, trong nhịp tập tuần này.",7,0.0483
"Bird Dog ở mức chấp nhận được, tôi chưa có ưu tiên mạnh và muốn theo dõi thêm vài buổi. Lý do chính: Monitor. Mức đánh giá 3/5, trong nhịp tập tuần này.",7,0.0483
"Bài Glute Bridge dùng được, hiện tại tôi muốn giữ lựa chọn mở thay vì đổi ngay. Lý do chính: Monitor. Mức đánh giá 3/5, khi theo giáo án hiện tại.",7,0.0483
"Bài Dead Bug dùng được, hiện tại tôi muốn giữ lựa chọn mở thay vì đổi ngay. Lý do chính: Monitor. Mức đánh giá 3/5, khi theo giáo án hiện tại.",7,0.0483
"Bài Wall Slide dùng được, hiện tại tôi muốn giữ lựa chọn mở thay vì đổi ngay. Lý do chính: Monitor. Mức đánh giá 3/5, khi theo giáo án hiện tại.",7,0.0483
"Tôi thấy Bird Dog bình thường, độ khó tương đối ổn nhưng chưa phải bài tôi thích nhất. Lý do chính: Monitor. Mức đánh giá 3/5, ở phần cuối buổi.",7,0.0483
"Smith Machine Shrug ở mức chấp nhận được, tôi chưa có ưu tiên mạnh và muốn theo dõi thêm vài buổi. Lý do chính: Monitor. Mức đánh giá 3/5, trong nhịp tập tuần này.",7,0.0483
"Smith Machine Squat ở mức chấp nhận được, tôi chưa có ưu tiên mạnh và muốn theo dõi thêm vài buổi. Lý do chính: Monitor. Mức đánh giá 3/5, trong nhịp tập tuần này.",7,0.0483
"Tôi thấy Standing Ab Wheel Rollout bình thường, độ khó tương đối ổn nhưng chưa phải bài tôi thích nhất. Lý do chính: Monitor. Mức đánh giá 3/5, khi tập với mức hiện tại.",7,0.0483
"Standing Ab Wheel Rollout ở mức chấp nhận được, tôi chưa có ưu tiên mạnh và muốn theo dõi thêm vài buổi. Lý do chính: Monitor. Mức đánh giá 3/5, trong nhịp tập tuần này.",7,0.0483
"Tôi thấy Dead Bug đang hơi nhẹ so với sức hiện tại, có thể tăng độ khó hoặc thêm volume vừa phải. Lý do chính: Good fit, Too easy. Mức đánh giá 4/5, ở phần cuối buổi.",7,0.0483
"Bài Side-Lying Inner Thigh Raise vào nhịp tốt, tôi muốn progression rõ hơn để tiếp tục tiến bộ. Lý do chính: Good fit, Too easy. Mức đánh giá 4/5, sau khi hoàn thành phần chính.",7,0.0483
"Glute Bridge March khá dễ kiểm soát, tôi hoàn thành tốt và muốn tăng thử thách nhẹ ở lần tới. Lý do chính: Good fit, Too easy. Mức đánh giá 4/5, trong nhịp tập tuần này.",7,0.0483
"Bài Dumbbell Shrug vào nhịp tốt, tôi muốn progression rõ hơn để tiếp tục tiến bộ. Lý do chính: Good fit, Too easy. Mức đánh giá 5/5, sau khi hoàn thành phần chính.",7,0.0483
"Tôi thấy Crab Walk đang hơi nhẹ so với sức hiện tại, có thể tăng độ khó hoặc thêm volume vừa phải. Lý do chính: Good fit, Too easy. Mức đánh giá 4/5, khi tập với mức hiện tại.",7,0.0483
"Hindu Push-Up khá dễ kiểm soát, tôi hoàn thành tốt và muốn tăng thử thách nhẹ ở lần tới. Lý do chính: Good fit, Too easy. Mức đánh giá 5/5, ở lần ghi nhận gần đây.",7,0.0483
"Bài Bicycle Crunch vào nhịp tốt, tôi muốn progression rõ hơn để tiếp tục tiến bộ. Lý do chính: Good fit, Too easy. Mức đánh giá 5/5, khi theo giáo án hiện tại.",7,0.0483
"Mountain Climbers khá dễ kiểm soát, tôi hoàn thành tốt và muốn tăng thử thách nhẹ ở lần tới. Lý do chính: Good fit, Too easy. Mức đánh giá 4/5, ở lần ghi nhận gần đây.",7,0.0483
"Bài Hanging Leg Raise vào nhịp tốt, tôi muốn progression rõ hơn để tiếp tục tiến bộ. Lý do chính: Good fit, Too easy. Mức đánh giá 4/5, sau khi hoàn thành phần chính.",7,0.0483
"Bài Plank vào nhịp tốt, tôi muốn progression rõ hơn để tiếp tục tiến bộ. Lý do chính: Good fit, Too easy. Mức đánh giá 5/5, khi theo giáo án hiện tại.",7,0.0483
"Lying Leg Raise khá dễ kiểm soát, tôi hoàn thành tốt và muốn tăng thử thách nhẹ ở lần tới. Lý do chính: Good fit, Too easy. Mức đánh giá 5/5, ở lần ghi nhận gần đây.",7,0.0483
"Glute Bridge khá dễ kiểm soát, tôi hoàn thành tốt và muốn tăng thử thách nhẹ ở lần tới. Lý do chính: Good fit, Too easy. Mức đánh giá 5/5, ở lần ghi nhận gần đây.",7,0.0483
"Bài Bird Dog vào nhịp tốt, tôi muốn progression rõ hơn để tiếp tục tiến bộ. Lý do chính: Good fit, Too easy. Mức đánh giá 4/5, sau khi hoàn thành phần chính.",7,0.0483
"Bài Mountain Climbers vào nhịp tốt, tôi muốn progression rõ hơn để tiếp tục tiến bộ. Lý do chính: Good fit, Too easy. Mức đánh giá 4/5, sau khi hoàn thành phần chính.",7,0.0483
"Push-Up phù hợp với tôi, không gây khó chịu và giúp buổi tập có nhịp ổn. Lý do chính: Good fit. Mức đánh giá 4/5, ở phần cuối buổi.",7,0.0483
"Bài Bird Dog dễ setup, cảm giác kiểm soát tốt nên tôi muốn tiếp tục duy trì. Lý do chính: Good fit. Mức đánh giá 5/5, sau khi hoàn thành phần chính.",7,0.0483
"Bài Bird Dog dễ setup, cảm giác kiểm soát tốt nên tôi muốn tiếp tục duy trì. Lý do chính: Good fit. Mức đánh giá 5/5, khi theo giáo án hiện tại.",7,0.0483
"Side-Lying Inner Thigh Raise khá dễ kiểm soát, tôi hoàn thành tốt và muốn tăng thử thách nhẹ ở lần tới. Lý do chính: Good fit, Too easy. Mức đánh giá 4/5, trong nhịp tập tuần này.",7,0.0483
"Bicycle Crunch khá dễ kiểm soát, tôi hoàn thành tốt và muốn tăng thử thách nhẹ ở lần tới. Lý do chính: Good fit, Too easy. Mức đánh giá 5/5, ở lần ghi nhận gần đây.",7,0.0483
"Mountain Climbers khá dễ kiểm soát, tôi hoàn thành tốt và muốn tăng thử thách nhẹ ở lần tới. Lý do chính: Good fit, Too easy. Mức đánh giá 5/5, ở lần ghi nhận gần đây.",7,0.0483
"Tôi thấy Mountain Climbers đang hơi nhẹ so với sức hiện tại, có thể tăng độ khó hoặc thêm volume vừa phải. Lý do chính: Good fit, Too easy. Mức đánh giá 4/5, khi tập với mức hiện tại.",7,0.0483
"Tôi thấy Bicycle Crunch đang hơi nhẹ so với sức hiện tại, có thể tăng độ khó hoặc thêm volume vừa phải. Lý do chính: Good fit, Too easy. Mức đánh giá 5/5, ở phần cuối buổi.",7,0.0483
"Bài Push-Up dễ setup, cảm giác kiểm soát tốt nên tôi muốn tiếp tục duy trì. Lý do chính: Good fit. Mức đánh giá 4/5, sau khi hoàn thành phần chính.",7,0.0483
"Bài Bird Dog dễ setup, cảm giác kiểm soát tốt nên tôi muốn tiếp tục duy trì. Lý do chính: Good fit. Mức đánh giá 4/5, khi theo giáo án hiện tại.",7,0.0483
"Bài Dumbbell Front Raise vào nhịp tốt, tôi muốn progression rõ hơn để tiếp tục tiến bộ. Lý do chính: Good fit, Too easy. Mức đánh giá 4/5, khi theo giáo án hiện tại.",7,0.0483
"Glute Bridge March khá dễ kiểm soát, tôi hoàn thành tốt và muốn tăng thử thách nhẹ ở lần tới. Lý do chính: Good fit, Too easy. Mức đánh giá 5/5, trong nhịp tập tuần này.",7,0.0483
"Buổi này hơi nặng hoặc too long, tôi muốn reduce session duration cho lần tới. Mức đánh giá 2/5, sau khi hoàn thành phần chính.",7,0.0483
"Buổi này hơi nặng hoặc too long, tôi muốn reduce session duration cho lần tới. Mức đánh giá 1/5, ở phần cuối buổi.",7,0.0483
"Kế hoạch hiện tại dùng được, nhưng tôi muốn theo dõi thêm trước khi tăng hoặc giảm khối lượng. Mức đánh giá 3/5, khi xét cảm giác phục hồi.",7,0.0483
"Tổng thể giáo án hợp với lịch và mục tiêu của tôi, nên tôi muốn giữ cấu trúc này thêm vài tuần. Mức đánh giá 5/5, trong lần đánh giá hôm nay.",7,0.0483
"Tổng thể giáo án hợp với lịch và mục tiêu của tôi, nên tôi muốn giữ cấu trúc này thêm vài tuần. Mức đánh giá 5/5, sau vài set đầu.",7,0.0483
"Bài Copenhagen Adductor Drop dùng được, hiện tại tôi muốn giữ lựa chọn mở thay vì đổi ngay. Lý do chính: Neutral, Appropriate. Mức đánh giá 3/5, khi so với khả năng hiện tại.",7,0.0483
"Bài Copenhagen Adductor Drop dùng được, hiện tại tôi muốn giữ lựa chọn mở thay vì đổi ngay. Lý do chính: Neutral, Appropriate. Mức đánh giá 3/5, sau khi hoàn thành phần chính.",7,0.0483
"Copenhagen Adductor Drop ở mức chấp nhận được, tôi chưa có ưu tiên mạnh và muốn theo dõi thêm vài buổi. Lý do chính: Neutral, Appropriate. Mức đánh giá 3/5, trong nhịp tập tuần này.",7,0.0483
"Copenhagen Adductor Drop ở mức chấp nhận được, tôi chưa có ưu tiên mạnh và muốn theo dõi thêm vài buổi. Lý do chính: Neutral, Appropriate. Mức đánh giá 3/5, ở lần ghi nhận gần đây.",7,0.0483
"Seated Inner Thigh Adductor Machine ở mức chấp nhận được, tôi chưa có ưu tiên mạnh và muốn theo dõi thêm vài buổi. Lý do chính: Neutral, Appropriate. Mức đánh giá 3/5, trong nhịp tập tuần này.",7,0.0483
"Seated Inner Thigh Adductor Machine ở mức chấp nhận được, tôi chưa có ưu tiên mạnh và muốn theo dõi thêm vài buổi. Lý do chính: Neutral, Appropriate. Mức đánh giá 3/5, sau vài set đầu.",7,0.0483
"Bài Seated Outer Thigh Abductor Machine dễ setup, cảm giác kiểm soát tốt nên tôi muốn tiếp tục duy trì. Lý do chính: Positive, Appropriate. Mức đánh giá 5/5, khi so với khả năng hiện tại.",7,0.0483
"Tôi thích Seated Outer Thigh Abductor Machine, cảm giác vào cơ tốt và muốn giữ bài này trong lịch. Lý do chính: Positive, Appropriate. Mức đánh giá 5/5, sau vài set đầu.",7,0.0483
"Seated Outer Thigh Abductor Machine phù hợp với tôi, không gây khó chịu và giúp buổi tập có nhịp ổn. Lý do chính: Positive, Appropriate. Mức đánh giá 4/5, khi tập với mức hiện tại.",7,0.0483
"Bài Seated Outer Thigh Abductor Machine dùng được, hiện tại tôi muốn giữ lựa chọn mở thay vì đổi ngay. Lý do chính: Neutral, Appropriate. Mức đánh giá 3/5, ở bối cảnh lịch tập này.",7,0.0483
"Bài Seated Outer Thigh Abductor Machine dễ setup, cảm giác kiểm soát tốt nên tôi muốn tiếp tục duy trì. Lý do chính: Positive, Appropriate. Mức đánh giá 5/5, ở bối cảnh lịch tập này.",7,0.0483
"Bài Smith Machine Shrug dùng được, hiện tại tôi muốn giữ lựa chọn mở thay vì đổi ngay. Lý do chính: Neutral, Appropriate. Mức đánh giá 3/5, ở bối cảnh lịch tập này.",7,0.0483
"Smith Machine Shrug ở mức chấp nhận được, tôi chưa có ưu tiên mạnh và muốn theo dõi thêm vài buổi. Lý do chính: Neutral, Appropriate. Mức đánh giá 3/5, trong nhịp tập tuần này.",7,0.0483
"Tôi thấy Smith Machine Shrug bình thường, độ khó tương đối ổn nhưng chưa phải bài tôi thích nhất. Lý do chính: Neutral, Appropriate. Mức đánh giá 3/5, trong buổi tập này.",7,0.0483
"Smith Machine Shrug ở mức chấp nhận được, tôi chưa có ưu tiên mạnh và muốn theo dõi thêm vài buổi. Lý do chính: Neutral, Appropriate. Mức đánh giá 3/5, sau vài set đầu.",7,0.0483
"Bài Smith Machine Upright Row dùng được, hiện tại tôi muốn giữ lựa chọn mở thay vì đổi ngay. Lý do chính: Neutral, Appropriate. Mức đánh giá 3/5, ở bối cảnh lịch tập này.",7,0.0483
"Glute Bridge March hơi quá sức hoặc khó giữ kỹ thuật, tôi muốn replace exercise để tập ổn hơn. Lý do chính: Negative, Too Hard. Mức đánh giá 2/5, sau vài set đầu.",7,0.0483
"Tôi thích Cable Kickback, cảm giác vào cơ tốt và muốn giữ bài này trong lịch. Lý do chính: Positive, Appropriate. Mức đánh giá 4/5, trong lần đánh giá hôm nay.",7,0.0483
"Bài Cable Kickback dễ setup, cảm giác kiểm soát tốt nên tôi muốn tiếp tục duy trì. Lý do chính: Positive, Appropriate. Mức đánh giá 4/5, sau khi hoàn thành phần chính.",7,0.0483
"Cable Kickback khá dễ kiểm soát, tôi hoàn thành tốt và muốn tăng thử thách nhẹ ở lần tới. Lý do chính: Positive, Too Easy. Mức đánh giá 5/5, ở lần ghi nhận gần đây.",7,0.0483
"Bài Cable Kickback dễ setup, cảm giác kiểm soát tốt nên tôi muốn tiếp tục duy trì. Lý do chính: Positive, Appropriate. Mức đánh giá 4/5, khi theo giáo án hiện tại.",7,0.0483
"Bài Cable Kickback vào nhịp tốt, tôi muốn progression rõ hơn để tiếp tục tiến bộ. Lý do chính: Positive, Too Easy. Mức đánh giá 5/5, sau khi hoàn thành phần chính.",7,0.0483
"Tôi thích Cable Kickback, cảm giác vào cơ tốt và muốn giữ bài này trong lịch. Lý do chính: Positive, Appropriate. Mức đánh giá 4/5, trong nhịp tập tuần này.",7,0.0483
"Tôi thích Cable Kickback, cảm giác vào cơ tốt và muốn giữ bài này trong lịch. Lý do chính: Positive, Appropriate. Mức đánh giá 5/5, sau vài set đầu.",7,0.0483
"bài này tạo cảm giác không thật ổn ở Joint discomfort, tôi muốn kiểm tra kỹ thuật và điều chỉnh an toàn hơn. Mức đánh giá 2/5, khi xét cảm giác phục hồi.",7,0.0483
"Kế hoạch này có vài điểm chưa hợp, tôi muốn change split để dễ theo hơn. Mức đánh giá 2/5, ở lần ghi nhận gần đây.",7,0.0483
"Tôi muốn hệ thống tiếp tục quan sát phản hồi của tôi trước khi thay đổi mạnh giáo án. Mức đánh giá 3/5, ở lần ghi nhận gần đây.",7,0.0483
"Tôi không hợp Push-Up lắm, cảm giác kiểm soát chưa tốt nên nên cân nhắc thay thế. Lý do chính: Needs adjustment, Too hard. Mức đánh giá 2/5, khi tập với mức hiện tại.",6,0.0414
"Bài Push-Up làm buổi tập nặng hơn dự kiến; tôi muốn giảm độ khó hoặc đổi biến thể. Lý do chính: Needs adjustment, Too hard. Mức đánh giá 2/5, sau khi hoàn thành phần chính.",6,0.0414
"Tôi không hợp Bird Dog lắm, cảm giác kiểm soát chưa tốt nên nên cân nhắc thay thế. Lý do chính: Needs adjustment, Too hard. Mức đánh giá 1/5, ở phần cuối buổi.",6,0.0414
"Push-Up hơi quá sức hoặc khó giữ kỹ thuật, tôi muốn replace exercise để tập ổn hơn. Lý do chính: Needs adjustment, Too hard. Mức đánh giá 1/5, ở lần ghi nhận gần đây.",6,0.0414
"Copenhagen Adductor Drop ở mức chấp nhận được, tôi chưa có ưu tiên mạnh và muốn theo dõi thêm vài buổi. Lý do chính: Monitor. Mức đánh giá 3/5, trong nhịp tập tuần này.",6,0.0414
"Bài Crab Walk dùng được, hiện tại tôi muốn giữ lựa chọn mở thay vì đổi ngay. Lý do chính: Monitor. Mức đánh giá 3/5, khi theo giáo án hiện tại.",6,0.0414
"Crab Walk ở mức chấp nhận được, tôi chưa có ưu tiên mạnh và muốn theo dõi thêm vài buổi. Lý do chính: Monitor. Mức đánh giá 3/5, trong nhịp tập tuần này.",6,0.0414
"Seated Calf Raise ở mức chấp nhận được, tôi chưa có ưu tiên mạnh và muốn theo dõi thêm vài buổi. Lý do chính: Monitor. Mức đánh giá 3/5, ở lần ghi nhận gần đây.",6,0.0414
"Pike Push-Up ở mức chấp nhận được, tôi chưa có ưu tiên mạnh và muốn theo dõi thêm vài buổi. Lý do chính: Monitor. Mức đánh giá 3/5, trong nhịp tập tuần này.",6,0.0414
"Bird Dog ở mức chấp nhận được, tôi chưa có ưu tiên mạnh và muốn theo dõi thêm vài buổi. Lý do chính: Monitor. Mức đánh giá 3/5, ở lần ghi nhận gần đây.",6,0.0414
"Tôi thấy Bicycle Crunch bình thường, độ khó tương đối ổn nhưng chưa phải bài tôi thích nhất. Lý do chính: Monitor. Mức đánh giá 3/5, khi tập với mức hiện tại.",6,0.0414
"Dead Bug ở mức chấp nhận được, tôi chưa có ưu tiên mạnh và muốn theo dõi thêm vài buổi. Lý do chính: Monitor. Mức đánh giá 3/5, trong nhịp tập tuần này.",6,0.0414
"Bài Mountain Climbers dùng được, hiện tại tôi muốn giữ lựa chọn mở thay vì đổi ngay. Lý do chính: Monitor. Mức đánh giá 3/5, sau khi hoàn thành phần chính.",6,0.0414
"Tôi thấy Glute Bridge bình thường, độ khó tương đối ổn nhưng chưa phải bài tôi thích nhất. Lý do chính: Monitor. Mức đánh giá 3/5, ở phần cuối buổi.",6,0.0414
"Push-Up ở mức chấp nhận được, tôi chưa có ưu tiên mạnh và muốn theo dõi thêm vài buổi. Lý do chính: Monitor. Mức đánh giá 3/5, trong lần đánh giá hôm nay.",6,0.0414
"Bài Single-Arm Smith Machine Row dùng được, hiện tại tôi muốn giữ lựa chọn mở thay vì đổi ngay. Lý do chính: Monitor. Mức đánh giá 3/5, sau khi hoàn thành phần chính.",6,0.0414
"Bài Machine Lateral Raise dùng được, hiện tại tôi muốn giữ lựa chọn mở thay vì đổi ngay. Lý do chính: Monitor. Mức đánh giá 3/5, sau khi hoàn thành phần chính.",6,0.0414
"Bài Single-Leg Glute Bridge dùng được, hiện tại tôi muốn giữ lựa chọn mở thay vì đổi ngay. Lý do chính: Monitor. Mức đánh giá 3/5, khi theo giáo án hiện tại.",6,0.0414
"Bài Glute Kickback Machine dùng được, hiện tại tôi muốn giữ lựa chọn mở thay vì đổi ngay. Lý do chính: Monitor. Mức đánh giá 3/5, khi theo giáo án hiện tại.",6,0.0414
"Tôi thấy Hanging Windshield Wiper bình thường, độ khó tương đối ổn nhưng chưa phải bài tôi thích nhất. Lý do chính: Monitor. Mức đánh giá 3/5, khi tập với mức hiện tại.",6,0.0414
"Tôi thấy Single-Arm Smith Machine Row bình thường, độ khó tương đối ổn nhưng chưa phải bài tôi thích nhất. Lý do chính: Monitor. Mức đánh giá 3/5, ở phần cuối buổi.",6,0.0414
"Tôi thấy Plank đang hơi nhẹ so với sức hiện tại, có thể tăng độ khó hoặc thêm volume vừa phải. Lý do chính: Good fit, Too easy. Mức đánh giá 4/5, ở phần cuối buổi.",6,0.0414
"Tôi thấy Reverse Crunch đang hơi nhẹ so với sức hiện tại, có thể tăng độ khó hoặc thêm volume vừa phải. Lý do chính: Good fit, Too easy. Mức đánh giá 5/5, khi tập với mức hiện tại.",6,0.0414
"Side Plank khá dễ kiểm soát, tôi hoàn thành tốt và muốn tăng thử thách nhẹ ở lần tới. Lý do chính: Good fit, Too easy. Mức đánh giá 4/5, ở lần ghi nhận gần đây.",6,0.0414
"Bài Glute Bridge March vào nhịp tốt, tôi muốn progression rõ hơn để tiếp tục tiến bộ. Lý do chính: Good fit, Too easy. Mức đánh giá 4/5, khi theo giáo án hiện tại.",6,0.0414
"Bài Side-Lying Inner Thigh Raise vào nhịp tốt, tôi muốn progression rõ hơn để tiếp tục tiến bộ. Lý do chính: Good fit, Too easy. Mức đánh giá 5/5, sau khi hoàn thành phần chính.",6,0.0414
"Reverse Crunch khá dễ kiểm soát, tôi hoàn thành tốt và muốn tăng thử thách nhẹ ở lần tới. Lý do chính: Good fit, Too easy. Mức đánh giá 4/5, trong nhịp tập tuần này.",6,0.0414
"Tôi thấy Side-Lying Inner Thigh Raise đang hơi nhẹ so với sức hiện tại, có thể tăng độ khó hoặc thêm volume vừa phải. Lý do chính: Good fit, Too easy. Mức đánh giá 5/5, ở phần cuối buổi.",6,0.0414
"Bài Glute Bridge March vào nhịp tốt, tôi muốn progression rõ hơn để tiếp tục tiến bộ. Lý do chính: Good fit, Too easy. Mức đánh giá 5/5, sau khi hoàn thành phần chính.",6,0.0414
"Bài Dead Bug vào nhịp tốt, tôi muốn progression rõ hơn để tiếp tục tiến bộ. Lý do chính: Good fit, Too easy. Mức đánh giá 4/5, sau khi hoàn thành phần chính.",6,0.0414
"Glute Bridge March khá dễ kiểm soát, tôi hoàn thành tốt và muốn tăng thử thách nhẹ ở lần tới. Lý do chính: Good fit, Too easy. Mức đánh giá 5/5, ở lần ghi nhận gần đây.",6,0.0414
"Dead Bug khá dễ kiểm soát, tôi hoàn thành tốt và muốn tăng thử thách nhẹ ở lần tới. Lý do chính: Good fit, Too easy. Mức đánh giá 5/5, ở lần ghi nhận gần đây.",6,0.0414
"Tôi thấy V-Up đang hơi nhẹ so với sức hiện tại, có thể tăng độ khó hoặc thêm volume vừa phải. Lý do chính: Good fit, Too easy. Mức đánh giá 4/5, khi tập với mức hiện tại.",6,0.0414
"Bài Mountain Climbers vào nhịp tốt, tôi muốn progression rõ hơn để tiếp tục tiến bộ. Lý do chính: Good fit, Too easy. Mức đánh giá 4/5, khi theo giáo án hiện tại.",6,0.0414
"Reverse Crunch khá dễ kiểm soát, tôi hoàn thành tốt và muốn tăng thử thách nhẹ ở lần tới. Lý do chính: Good fit, Too easy. Mức đánh giá 5/5, ở lần ghi nhận gần đây.",6,0.0414
"Bài V-Up vào nhịp tốt, tôi muốn progression rõ hơn để tiếp tục tiến bộ. Lý do chính: Good fit, Too easy. Mức đánh giá 4/5, khi theo giáo án hiện tại.",6,0.0414
"Bài Plank vào nhịp tốt, tôi muốn progression rõ hơn để tiếp tục tiến bộ. Lý do chính: Good fit, Too easy. Mức đánh giá 4/5, sau khi hoàn thành phần chính.",6,0.0414
"Bài Single-Leg Glute Bridge vào nhịp tốt, tôi muốn progression rõ hơn để tiếp tục tiến bộ. Lý do chính: Good fit, Too easy. Mức đánh giá 4/5, khi theo giáo án hiện tại.",6,0.0414
"Tôi thấy Lying Leg Raise đang hơi nhẹ so với sức hiện tại, có thể tăng độ khó hoặc thêm volume vừa phải. Lý do chính: Good fit, Too easy. Mức đánh giá 4/5, khi tập với mức hiện tại.",6,0.0414
"Bài Reverse Crunch vào nhịp tốt, tôi muốn progression rõ hơn để tiếp tục tiến bộ. Lý do chính: Good fit, Too easy. Mức đánh giá 4/5, sau khi hoàn thành phần chính.",6,0.0414
"Bài Mountain Climbers vào nhịp tốt, tôi muốn progression rõ hơn để tiếp tục tiến bộ. Lý do chính: Good fit, Too easy. Mức đánh giá 5/5, khi theo giáo án hiện tại.",6,0.0414
"Tôi thích Bicycle Crunch, cảm giác vào cơ tốt và muốn giữ bài này trong lịch. Lý do chính: Good fit. Mức đánh giá 4/5, trong nhịp tập tuần này.",6,0.0414
"Tôi thích Dead Bug, cảm giác vào cơ tốt và muốn giữ bài này trong lịch. Lý do chính: Good fit. Mức đánh giá 5/5, trong nhịp tập tuần này.",6,0.0414
"Lying Leg Raise phù hợp với tôi, không gây khó chịu và giúp buổi tập có nhịp ổn. Lý do chính: Good fit. Mức đánh giá 4/5, khi tập với mức hiện tại.",6,0.0414
"Push-Up phù hợp với tôi, không gây khó chịu và giúp buổi tập có nhịp ổn. Lý do chính: Good fit. Mức đánh giá 4/5, khi tập với mức hiện tại.",6,0.0414
"Tôi thấy Donkey Kick đang hơi nhẹ so với sức hiện tại, có thể tăng độ khó hoặc thêm volume vừa phải. Lý do chính: Good fit, Too easy. Mức đánh giá 5/5, khi tập với mức hiện tại.",6,0.0414
"Bài Hindu Push-Up vào nhịp tốt, tôi muốn progression rõ hơn để tiếp tục tiến bộ. Lý do chính: Good fit, Too easy. Mức đánh giá 5/5, sau khi hoàn thành phần chính.",6,0.0414
"Tôi thấy Front Plank with Reach đang hơi nhẹ so với sức hiện tại, có thể tăng độ khó hoặc thêm volume vừa phải. Lý do chính: Good fit, Too easy. Mức đánh giá 4/5, khi tập với mức hiện tại.",6,0.0414
"Bài Dumbbell Concentration Curl vào nhịp tốt, tôi muốn progression rõ hơn để tiếp tục tiến bộ. Lý do chính: Good fit, Too easy. Mức đánh giá 4/5, khi theo giáo án hiện tại.",6,0.0414
"Bài Dumbbell Hammer Curl vào nhịp tốt, tôi muốn progression rõ hơn để tiếp tục tiến bộ. Lý do chính: Good fit, Too easy. Mức đánh giá 4/5, sau khi hoàn thành phần chính.",6,0.0414
"Dumbbell Hammer Curl khá dễ kiểm soát, tôi hoàn thành tốt và muốn tăng thử thách nhẹ ở lần tới. Lý do chính: Good fit, Too easy. Mức đánh giá 5/5, ở lần ghi nhận gần đây.",6,0.0414
"Dumbbell Shrug khá dễ kiểm soát, tôi hoàn thành tốt và muốn tăng thử thách nhẹ ở lần tới. Lý do chính: Good fit, Too easy. Mức đánh giá 4/5, ở lần ghi nhận gần đây.",6,0.0414
"Side Plank khá dễ kiểm soát, tôi hoàn thành tốt và muốn tăng thử thách nhẹ ở lần tới. Lý do chính: Good fit, Too easy. Mức đánh giá 4/5, trong nhịp tập tuần này.",6,0.0414
"Mountain Climbers khá dễ kiểm soát, tôi hoàn thành tốt và muốn tăng thử thách nhẹ ở lần tới. Lý do chính: Good fit, Too easy. Mức đánh giá 5/5, trong nhịp tập tuần này.",6,0.0414
"Side Plank khá dễ kiểm soát, tôi hoàn thành tốt và muốn tăng thử thách nhẹ ở lần tới. Lý do chính: Good fit, Too easy. Mức đánh giá 5/5, trong nhịp tập tuần này.",6,0.0414
"Tôi thấy Dead Bug đang hơi nhẹ so với sức hiện tại, có thể tăng độ khó hoặc thêm volume vừa phải. Lý do chính: Good fit, Too easy. Mức đánh giá 4/5, khi tập với mức hiện tại.",6,0.0414
"Bicycle Crunch phù hợp với tôi, không gây khó chịu và giúp buổi tập có nhịp ổn. Lý do chính: Good fit. Mức đánh giá 4/5, khi tập với mức hiện tại.",6,0.0414
"Bài Mountain Climbers dễ setup, cảm giác kiểm soát tốt nên tôi muốn tiếp tục duy trì. Lý do chính: Good fit. Mức đánh giá 4/5, khi theo giáo án hiện tại.",6,0.0414
"Tôi thấy Side Plank đang hơi nhẹ so với sức hiện tại, có thể tăng độ khó hoặc thêm volume vừa phải. Lý do chính: Good fit, Too easy. Mức đánh giá 4/5, khi tập với mức hiện tại.",6,0.0414
"Tôi cảm thấy mild discomfort ở Joint discomfort khi tập bài này, nên muốn review safety trước buổi sau. Mức đánh giá 2/5, sau vài set đầu.",6,0.0414
"Tôi cảm thấy mild discomfort ở Joint discomfort khi tập bài này, nên muốn review safety trước buổi sau. Mức đánh giá 2/5, trong lần đánh giá hôm nay.",6,0.0414
"Buổi này hơi nặng hoặc too long, tôi muốn reduce session duration cho lần tới. Mức đánh giá 2/5, ở lần ghi nhận gần đây.",6,0.0414
"Buổi này hơi nặng hoặc too long, tôi muốn reduce session duration cho lần tới. Mức đánh giá 2/5, khi theo giáo án hiện tại.",6,0.0414
"Tôi thấy Copenhagen Adductor Drop bình thường, độ khó tương đối ổn nhưng chưa phải bài tôi thích nhất. Lý do chính: Neutral, Appropriate. Mức đánh giá 3/5, ở phần cuối buổi.",6,0.0414
"Seated Inner Thigh Adductor Machine phù hợp với tôi, không gây khó chịu và giúp buổi tập có nhịp ổn. Lý do chính: Positive, Appropriate. Mức đánh giá 5/5, ở phần cuối buổi.",6,0.0414
"Seated Inner Thigh Adductor Machine ở mức chấp nhận được, tôi chưa có ưu tiên mạnh và muốn theo dõi thêm vài buổi. Lý do chính: Neutral, Appropriate. Mức đánh giá 3/5, ở lần ghi nhận gần đây.",6,0.0414
"Bài Seated Inner Thigh Adductor Machine dùng được, hiện tại tôi muốn giữ lựa chọn mở thay vì đổi ngay. Lý do chính: Neutral, Appropriate. Mức đánh giá 3/5, sau khi hoàn thành phần chính.",6,0.0414
"Bài Seated Inner Thigh Adductor Machine dùng được, hiện tại tôi muốn giữ lựa chọn mở thay vì đổi ngay. Lý do chính: Neutral, Appropriate. Mức đánh giá 3/5, ở bối cảnh lịch tập này.",6,0.0414
"Tôi thích Seated Inner Thigh Adductor Machine, cảm giác vào cơ tốt và muốn giữ bài này trong lịch. Lý do chính: Positive, Appropriate. Mức đánh giá 5/5, trong nhịp tập tuần này.",6,0.0414
"Bài Seated Outer Thigh Abductor Machine vào nhịp tốt, tôi muốn progression rõ hơn để tiếp tục tiến bộ. Lý do chính: Positive, Too Easy. Mức đánh giá 5/5, sau khi hoàn thành phần chính.",6,0.0414
"Seated Outer Thigh Abductor Machine ở mức chấp nhận được, tôi chưa có ưu tiên mạnh và muốn theo dõi thêm vài buổi. Lý do chính: Neutral, Appropriate. Mức đánh giá 3/5, sau vài set đầu.",6,0.0414
"Tôi thấy Seated Outer Thigh Abductor Machine bình thường, độ khó tương đối ổn nhưng chưa phải bài tôi thích nhất. Lý do chính: Neutral, Appropriate. Mức đánh giá 3/5, khi xét cảm giác phục hồi.",6,0.0414
"Tôi thích Seated Outer Thigh Abductor Machine, cảm giác vào cơ tốt và muốn giữ bài này trong lịch. Lý do chính: Positive, Appropriate. Mức đánh giá 4/5, ở lần ghi nhận gần đây.",6,0.0414
"Tôi thích Smith Machine Shrug, cảm giác vào cơ tốt và muốn giữ bài này trong lịch. Lý do chính: Positive, Appropriate. Mức đánh giá 5/5, trong nhịp tập tuần này.",6,0.0414
"Smith Machine Shrug phù hợp với tôi, không gây khó chịu và giúp buổi tập có nhịp ổn. Lý do chính: Positive, Appropriate. Mức đánh giá 5/5, khi xét cảm giác phục hồi.",6,0.0414
"Bài Smith Machine Shrug dùng được, hiện tại tôi muốn giữ lựa chọn mở thay vì đổi ngay. Lý do chính: Neutral, Appropriate. Mức đánh giá 3/5, khi so với khả năng hiện tại.",6,0.0414
"Tôi thích Smith Machine Shrug, cảm giác vào cơ tốt và muốn giữ bài này trong lịch. Lý do chính: Positive, Appropriate. Mức đánh giá 5/5, trong lần đánh giá hôm nay.",6,0.0414
"Bài Smith Machine Shrug làm buổi tập nặng hơn dự kiến; tôi muốn giảm độ khó hoặc đổi biến thể. Lý do chính: Negative, Too Hard. Mức đánh giá 2/5, ở bối cảnh lịch tập này.",6,0.0414
"Smith Machine Shrug phù hợp với tôi, không gây khó chịu và giúp buổi tập có nhịp ổn. Lý do chính: Positive, Appropriate. Mức đánh giá 5/5, trong buổi tập này.",6,0.0414
"Bài Smith Machine Shrug dễ setup, cảm giác kiểm soát tốt nên tôi muốn tiếp tục duy trì. Lý do chính: Positive, Appropriate. Mức đánh giá 5/5, sau khi hoàn thành phần chính.",6,0.0414
"Smith Machine Upright Row phù hợp với tôi, không gây khó chịu và giúp buổi tập có nhịp ổn. Lý do chính: Positive, Appropriate. Mức đánh giá 5/5, khi xét cảm giác phục hồi.",6,0.0414
"Tôi thấy Smith Machine Upright Row bình thường, độ khó tương đối ổn nhưng chưa phải bài tôi thích nhất. Lý do chính: Neutral, Appropriate. Mức đánh giá 3/5, khi tập với mức hiện tại.",6,0.0414
"Smith Machine Upright Row ở mức chấp nhận được, tôi chưa có ưu tiên mạnh và muốn theo dõi thêm vài buổi. Lý do chính: Neutral, Appropriate. Mức đánh giá 3/5, trong lần đánh giá hôm nay.",6,0.0414
"Glute Bridge March hơi quá sức hoặc khó giữ kỹ thuật, tôi muốn reduce difficulty để tập ổn hơn. Lý do chính: Negative, Too Hard. Mức đánh giá 2/5, trong lần đánh giá hôm nay.",6,0.0414
"Tôi thấy Cable Kickback đang hơi nhẹ so với sức hiện tại, có thể tăng độ khó hoặc thêm volume vừa phải. Lý do chính: Positive, Too Easy. Mức đánh giá 5/5, khi xét cảm giác phục hồi.",6,0.0414
"Cable Kickback phù hợp với tôi, không gây khó chịu và giúp buổi tập có nhịp ổn. Lý do chính: Positive, Appropriate. Mức đánh giá 4/5, ở phần cuối buổi.",6,0.0414
"bài này tạo cảm giác không thật ổn ở Joint discomfort, tôi muốn kiểm tra kỹ thuật và điều chỉnh an toàn hơn. Mức đánh giá 2/5, trong buổi tập này.",6,0.0414
"Buổi này hơi nặng hoặc too long, tôi muốn reduce volume cho lần tới. Mức đánh giá 2/5, khi so với khả năng hiện tại.",6,0.0414
"Push-Up tạo cảm giác không thật ổn ở Joint discomfort, tôi muốn kiểm tra kỹ thuật và điều chỉnh an toàn hơn. Mức đánh giá 1/5, ở phần cuối buổi.",5,0.0345
"Bài Push-Up làm buổi tập nặng hơn dự kiến; tôi muốn giảm độ khó hoặc đổi biến thể. Lý do chính: Needs adjustment, Too hard. Mức đánh giá 2/5, khi theo giáo án hiện tại.",5,0.0345
"Bài Chest-Supported T-Bar Row dùng được, hiện tại tôi muốn giữ lựa chọn mở thay vì đổi ngay. Lý do chính: Monitor. Mức đánh giá 3/5, sau khi hoàn thành phần chính.",5,0.0345
"Bài Leg Press dùng được, hiện tại tôi muốn giữ lựa chọn mở thay vì đổi ngay. Lý do chính: Monitor. Mức đánh giá 3/5, khi theo giáo án hiện tại.",5,0.0345
"Bài Push-Up dùng được, hiện tại tôi muốn giữ lựa chọn mở thay vì đổi ngay. Lý do chính: Monitor. Mức đánh giá 3/5, khi so với khả năng hiện tại.",5,0.0345
"Bài Donkey Kick dùng được, hiện tại tôi muốn giữ lựa chọn mở thay vì đổi ngay. Lý do chính: Monitor. Mức đánh giá 3/5, khi theo giáo án hiện tại.",5,0.0345
"Push-Up ở mức chấp nhận được, tôi chưa có ưu tiên mạnh và muốn theo dõi thêm vài buổi. Lý do chính: Monitor. Mức đánh giá 3/5, sau vài set đầu.",5,0.0345
"Tôi thấy Donkey Kick bình thường, độ khó tương đối ổn nhưng chưa phải bài tôi thích nhất. Lý do chính: Monitor. Mức đánh giá 3/5, khi tập với mức hiện tại.",5,0.0345
"Tôi thấy Glute Bridge bình thường, độ khó tương đối ổn nhưng chưa phải bài tôi thích nhất. Lý do chính: Monitor. Mức đánh giá 3/5, khi tập với mức hiện tại.",5,0.0345
"Tôi thấy Lying Leg Raise bình thường, độ khó tương đối ổn nhưng chưa phải bài tôi thích nhất. Lý do chính: Monitor. Mức đánh giá 3/5, ở phần cuối buổi.",5,0.0345
"Mountain Climbers ở mức chấp nhận được, tôi chưa có ưu tiên mạnh và muốn theo dõi thêm vài buổi. Lý do chính: Monitor. Mức đánh giá 3/5, trong nhịp tập tuần này.",5,0.0345
"Bài Bicycle Crunch dùng được, hiện tại tôi muốn giữ lựa chọn mở thay vì đổi ngay. Lý do chính: Monitor. Mức đánh giá 3/5, khi theo giáo án hiện tại.",5,0.0345
"Single-Leg Glute Bridge ở mức chấp nhận được, tôi chưa có ưu tiên mạnh và muốn theo dõi thêm vài buổi. Lý do chính: Monitor. Mức đánh giá 3/5, ở lần ghi nhận gần đây.",5,0.0345
"Tôi thấy Mountain Climbers bình thường, độ khó tương đối ổn nhưng chưa phải bài tôi thích nhất. Lý do chính: Monitor. Mức đánh giá 3/5, khi tập với mức hiện tại.",5,0.0345
"Dumbbell Front Raise ở mức chấp nhận được, tôi chưa có ưu tiên mạnh và muốn theo dõi thêm vài buổi. Lý do chính: Monitor. Mức đánh giá 3/5, trong nhịp tập tuần này.",5,0.0345
"Bài Burpee dùng được, hiện tại tôi muốn giữ lựa chọn mở thay vì đổi ngay. Lý do chính: Monitor. Mức đánh giá 3/5, khi theo giáo án hiện tại.",5,0.0345
"Machine Shoulder Press ở mức chấp nhận được, tôi chưa có ưu tiên mạnh và muốn theo dõi thêm vài buổi. Lý do chính: Monitor. Mức đánh giá 3/5, trong nhịp tập tuần này.",5,0.0345
"Bài Smith Machine Reverse Lunge dùng được, hiện tại tôi muốn giữ lựa chọn mở thay vì đổi ngay. Lý do chính: Monitor. Mức đánh giá 3/5, khi theo giáo án hiện tại.",5,0.0345
"Tôi thấy Machine Shoulder Press bình thường, độ khó tương đối ổn nhưng chưa phải bài tôi thích nhất. Lý do chính: Monitor. Mức đánh giá 3/5, khi tập với mức hiện tại.",5,0.0345
"Bài Machine Lateral Raise dùng được, hiện tại tôi muốn giữ lựa chọn mở thay vì đổi ngay. Lý do chính: Monitor. Mức đánh giá 3/5, khi theo giáo án hiện tại.",5,0.0345
"Tôi thấy Close-Grip Push-Up bình thường, độ khó tương đối ổn nhưng chưa phải bài tôi thích nhất. Lý do chính: Monitor. Mức đánh giá 3/5, ở phần cuối buổi.",5,0.0345
"Tôi thấy Leg Press bình thường, độ khó tương đối ổn nhưng chưa phải bài tôi thích nhất. Lý do chính: Monitor. Mức đánh giá 3/5, ở phần cuối buổi.",5,0.0345
"Chin-Up ở mức chấp nhận được, tôi chưa có ưu tiên mạnh và muốn theo dõi thêm vài buổi. Lý do chính: Monitor. Mức đánh giá 3/5, ở lần ghi nhận gần đây.",5,0.0345
"Hanging Leg Raise ở mức chấp nhận được, tôi chưa có ưu tiên mạnh và muốn theo dõi thêm vài buổi. Lý do chính: Monitor. Mức đánh giá 3/5, trong nhịp tập tuần này.",5,0.0345
"Bài Pull-Up dùng được, hiện tại tôi muốn giữ lựa chọn mở thay vì đổi ngay. Lý do chính: Monitor. Mức đánh giá 3/5, khi theo giáo án hiện tại.",5,0.0345
"Tôi thấy Plank đang hơi nhẹ so với sức hiện tại, có thể tăng độ khó hoặc thêm volume vừa phải. Lý do chính: Good fit, Too easy. Mức đánh giá 4/5, khi tập với mức hiện tại.",5,0.0345
"Bài Machine Shoulder Press vào nhịp tốt, tôi muốn progression rõ hơn để tiếp tục tiến bộ. Lý do chính: Good fit, Too easy. Mức đánh giá 4/5, sau khi hoàn thành phần chính.",5,0.0345
"Bài Lying Leg Raise vào nhịp tốt, tôi muốn progression rõ hơn để tiếp tục tiến bộ. Lý do chính: Good fit, Too easy. Mức đánh giá 5/5, khi theo giáo án hiện tại.",5,0.0345
"Tôi thấy Lying Leg Raise đang hơi nhẹ so với sức hiện tại, có thể tăng độ khó hoặc thêm volume vừa phải. Lý do chính: Good fit, Too easy. Mức đánh giá 5/5, khi tập với mức hiện tại.",5,0.0345
"Tôi thấy Dumbbell Lateral Raise đang hơi nhẹ so với sức hiện tại, có thể tăng độ khó hoặc thêm volume vừa phải. Lý do chính: Good fit, Too easy. Mức đánh giá 5/5, khi tập với mức hiện tại.",5,0.0345
"Dumbbell Shrug khá dễ kiểm soát, tôi hoàn thành tốt và muốn tăng thử thách nhẹ ở lần tới. Lý do chính: Good fit, Too easy. Mức đánh giá 4/5, trong nhịp tập tuần này.",5,0.0345
"Tôi thấy Dumbbell Hammer Curl đang hơi nhẹ so với sức hiện tại, có thể tăng độ khó hoặc thêm volume vừa phải. Lý do chính: Good fit, Too easy. Mức đánh giá 5/5, khi tập với mức hiện tại.",5,0.0345
"Tôi thấy Hindu Push-Up đang hơi nhẹ so với sức hiện tại, có thể tăng độ khó hoặc thêm volume vừa phải. Lý do chính: Good fit, Too easy. Mức đánh giá 5/5, ở phần cuối buổi.",5,0.0345
"Bird Dog khá dễ kiểm soát, tôi hoàn thành tốt và muốn tăng thử thách nhẹ ở lần tới. Lý do chính: Good fit, Too easy. Mức đánh giá 4/5, ở lần ghi nhận gần đây.",5,0.0345
"Tôi thấy Hindu Push-Up đang hơi nhẹ so với sức hiện tại, có thể tăng độ khó hoặc thêm volume vừa phải. Lý do chính: Good fit, Too easy. Mức đánh giá 4/5, khi tập với mức hiện tại.",5,0.0345
"Tôi thấy Reverse Crunch đang hơi nhẹ so với sức hiện tại, có thể tăng độ khó hoặc thêm volume vừa phải. Lý do chính: Good fit, Too easy. Mức đánh giá 4/5, khi tập với mức hiện tại.",5,0.0345
"Crab Walk khá dễ kiểm soát, tôi hoàn thành tốt và muốn tăng thử thách nhẹ ở lần tới. Lý do chính: Good fit, Too easy. Mức đánh giá 4/5, ở lần ghi nhận gần đây.",5,0.0345
"Tôi thấy Mountain Climbers đang hơi nhẹ so với sức hiện tại, có thể tăng độ khó hoặc thêm volume vừa phải. Lý do chính: Good fit, Too easy. Mức đánh giá 4/5, ở phần cuối buổi.",5,0.0345
"Tôi thấy Glute Bridge March đang hơi nhẹ so với sức hiện tại, có thể tăng độ khó hoặc thêm volume vừa phải. Lý do chính: Good fit, Too easy. Mức đánh giá 5/5, khi tập với mức hiện tại.",5,0.0345
"Lying Leg Raise khá dễ kiểm soát, tôi hoàn thành tốt và muốn tăng thử thách nhẹ ở lần tới. Lý do chính: Good fit, Too easy. Mức đánh giá 5/5, trong nhịp tập tuần này.",5,0.0345
"Bài Mountain Climbers vào nhịp tốt, tôi muốn progression rõ hơn để tiếp tục tiến bộ. Lý do chính: Good fit, Too easy. Mức đánh giá 5/5, sau khi hoàn thành phần chính.",5,0.0345
"Machine Bicep Curl khá dễ kiểm soát, tôi hoàn thành tốt và muốn tăng thử thách nhẹ ở lần tới. Lý do chính: Good fit, Too easy. Mức đánh giá 4/5, trong nhịp tập tuần này.",5,0.0345
"Tôi thấy Machine Bicep Curl đang hơi nhẹ so với sức hiện tại, có thể tăng độ khó hoặc thêm volume vừa phải. Lý do chính: Good fit, Too easy. Mức đánh giá 5/5, ở phần cuối buổi.",5,0.0345
"Side-Lying Inner Thigh Raise phù hợp với tôi, không gây khó chịu và giúp buổi tập có nhịp ổn. Lý do chính: Good fit. Mức đánh giá 4/5, ở phần cuối buổi.",5,0.0345
"Tôi thích Bird Dog, cảm giác vào cơ tốt và muốn giữ bài này trong lịch. Lý do chính: Good fit. Mức đánh giá 5/5, trong nhịp tập tuần này.",5,0.0345
"Side-Lying Inner Thigh Raise khá dễ kiểm soát, tôi hoàn thành tốt và muốn tăng thử thách nhẹ ở lần tới. Lý do chính: Good fit, Too easy. Mức đánh giá 5/5, trong nhịp tập tuần này.",5,0.0345
"Tôi thấy Side-Lying Inner Thigh Raise đang hơi nhẹ so với sức hiện tại, có thể tăng độ khó hoặc thêm volume vừa phải. Lý do chính: Good fit, Too easy. Mức đánh giá 5/5, khi tập với mức hiện tại.",5,0.0345
"Hindu Push-Up khá dễ kiểm soát, tôi hoàn thành tốt và muốn tăng thử thách nhẹ ở lần tới. Lý do chính: Good fit, Too easy. Mức đánh giá 4/5, trong nhịp tập tuần này.",5,0.0345
"Tôi thấy Front Plank with Reach đang hơi nhẹ so với sức hiện tại, có thể tăng độ khó hoặc thêm volume vừa phải. Lý do chính: Good fit, Too easy. Mức đánh giá 5/5, ở phần cuối buổi.",5,0.0345
"Bài Side-Lying Inner Thigh Raise vào nhịp tốt, tôi muốn progression rõ hơn để tiếp tục tiến bộ. Lý do chính: Good fit, Too easy. Mức đánh giá 5/5, khi theo giáo án hiện tại.",5,0.0345
"Bài Dumbbell Hammer Curl vào nhịp tốt, tôi muốn progression rõ hơn để tiếp tục tiến bộ. Lý do chính: Good fit, Too easy. Mức đánh giá 5/5, sau khi hoàn thành phần chính.",5,0.0345
"Tôi thấy Side-Lying Inner Thigh Raise đang hơi nhẹ so với sức hiện tại, có thể tăng độ khó hoặc thêm volume vừa phải. Lý do chính: Good fit, Too easy. Mức đánh giá 4/5, khi tập với mức hiện tại.",5,0.0345
"Bài Reverse Crunch vào nhịp tốt, tôi muốn progression rõ hơn để tiếp tục tiến bộ. Lý do chính: Good fit, Too easy. Mức đánh giá 5/5, sau khi hoàn thành phần chính.",5,0.0345
"Reverse Crunch khá dễ kiểm soát, tôi hoàn thành tốt và muốn tăng thử thách nhẹ ở lần tới. Lý do chính: Good fit, Too easy. Mức đánh giá 4/5, ở lần ghi nhận gần đây.",5,0.0345
"Bài Side-Lying Inner Thigh Raise vào nhịp tốt, tôi muốn progression rõ hơn để tiếp tục tiến bộ. Lý do chính: Good fit, Too easy. Mức đánh giá 4/5, khi theo giáo án hiện tại.",5,0.0345
"Tôi thấy Mountain Climbers đang hơi nhẹ so với sức hiện tại, có thể tăng độ khó hoặc thêm volume vừa phải. Lý do chính: Good fit, Too easy. Mức đánh giá 5/5, ở phần cuối buổi.",5,0.0345
"Bài Glute Bridge March dễ setup, cảm giác kiểm soát tốt nên tôi muốn tiếp tục duy trì. Lý do chính: Good fit. Mức đánh giá 4/5, sau khi hoàn thành phần chính.",5,0.0345
"Dead Bug phù hợp với tôi, không gây khó chịu và giúp buổi tập có nhịp ổn. Lý do chính: Good fit. Mức đánh giá 4/5, ở phần cuối buổi.",5,0.0345
"Tôi thích Mountain Climbers, cảm giác vào cơ tốt và muốn giữ bài này trong lịch. Lý do chính: Good fit. Mức đánh giá 5/5, ở lần ghi nhận gần đây.",5,0.0345
"Bài Mountain Climbers dễ setup, cảm giác kiểm soát tốt nên tôi muốn tiếp tục duy trì. Lý do chính: Good fit. Mức đánh giá 5/5, sau khi hoàn thành phần chính.",5,0.0345
"Bài Side Plank dễ setup, cảm giác kiểm soát tốt nên tôi muốn tiếp tục duy trì. Lý do chính: Good fit. Mức đánh giá 5/5, khi theo giáo án hiện tại.",5,0.0345
"Tôi thích Dead Bug, cảm giác vào cơ tốt và muốn giữ bài này trong lịch. Lý do chính: Good fit. Mức đánh giá 4/5, ở lần ghi nhận gần đây.",5,0.0345
"Dumbbell Front Raise khá dễ kiểm soát, tôi hoàn thành tốt và muốn tăng thử thách nhẹ ở lần tới. Lý do chính: Good fit, Too easy. Mức đánh giá 4/5, ở lần ghi nhận gần đây.",5,0.0345
"Cable Kickback khá dễ kiểm soát, tôi hoàn thành tốt và muốn tăng thử thách nhẹ ở lần tới. Lý do chính: Good fit, Too easy. Mức đánh giá 5/5, trong nhịp tập tuần này.",5,0.0345
"Bài Dumbbell Front Raise vào nhịp tốt, tôi muốn progression rõ hơn để tiếp tục tiến bộ. Lý do chính: Good fit, Too easy. Mức đánh giá 5/5, sau khi hoàn thành phần chính.",5,0.0345
"Tôi thấy Dumbbell Front Raise đang hơi nhẹ so với sức hiện tại, có thể tăng độ khó hoặc thêm volume vừa phải. Lý do chính: Good fit, Too easy. Mức đánh giá 5/5, ở phần cuối buổi.",5,0.0345
"Bài Reverse Nordic Curl dễ setup, cảm giác kiểm soát tốt nên tôi muốn tiếp tục duy trì. Lý do chính: Good fit. Mức đánh giá 4/5, sau khi hoàn thành phần chính.",5,0.0345
"Tôi thích Burpee, cảm giác vào cơ tốt và muốn giữ bài này trong lịch. Lý do chính: Good fit. Mức đánh giá 4/5, trong nhịp tập tuần này.",5,0.0345
"Bài Chin-Up vào nhịp tốt, tôi muốn progression rõ hơn để tiếp tục tiến bộ. Lý do chính: Good fit, Too easy. Mức đánh giá 5/5, sau khi hoàn thành phần chính.",5,0.0345
"Tôi cảm thấy mild discomfort ở Joint discomfort khi tập bài này, nên muốn review safety trước buổi sau. Mức đánh giá 2/5, ở lần ghi nhận gần đây.",5,0.0345
"Khi thực hiện bài này, vùng Joint discomfort hơi khó chịu; nên ưu tiên phương án Review Safety. Mức đánh giá 1/5, khi theo giáo án hiện tại.",5,0.0345
"Buổi này hơi nặng hoặc too long, tôi muốn reduce session duration cho lần tới. Mức đánh giá 1/5, trong nhịp tập tuần này.",5,0.0345
"Buổi này hơi nặng hoặc appropriate, tôi muốn reduce volume cho lần tới. Mức đánh giá 1/5, ở bối cảnh lịch tập này.",5,0.0345
"Buổi này hơi nặng hoặc appropriate, tôi muốn reduce volume cho lần tới. Mức đánh giá 1/5, sau vài set đầu.",5,0.0345
"Kế hoạch hiện tại dùng được, nhưng tôi muốn theo dõi thêm trước khi tăng hoặc giảm khối lượng. Mức đánh giá 3/5, ở bối cảnh lịch tập này.",5,0.0345
"Tôi thích Copenhagen Adductor Drop, cảm giác vào cơ tốt và muốn giữ bài này trong lịch. Lý do chính: Positive, Appropriate. Mức đánh giá 5/5, trong nhịp tập tuần này.",5,0.0345
"Bài Copenhagen Adductor Drop dùng được, hiện tại tôi muốn giữ lựa chọn mở thay vì đổi ngay. Lý do chính: Neutral, Appropriate. Mức đánh giá 3/5, ở bối cảnh lịch tập này.",5,0.0345
"Tôi thấy Seated Inner Thigh Adductor Machine bình thường, độ khó tương đối ổn nhưng chưa phải bài tôi thích nhất. Lý do chính: Neutral, Appropriate. Mức đánh giá 3/5, trong buổi tập này.",5,0.0345
"Seated Inner Thigh Adductor Machine phù hợp với tôi, không gây khó chịu và giúp buổi tập có nhịp ổn. Lý do chính: Positive, Appropriate. Mức đánh giá 5/5, khi xét cảm giác phục hồi.",5,0.0345
"Bài Seated Inner Thigh Adductor Machine dùng được, hiện tại tôi muốn giữ lựa chọn mở thay vì đổi ngay. Lý do chính: Neutral, Appropriate. Mức đánh giá 3/5, khi so với khả năng hiện tại.",5,0.0345
"Tôi thấy Seated Outer Thigh Abductor Machine đang hơi nhẹ so với sức hiện tại, có thể tăng độ khó hoặc thêm volume vừa phải. Lý do chính: Positive, Too Easy. Mức đánh giá 5/5, ở phần cuối buổi.",5,0.0345
"Tôi thấy Seated Outer Thigh Abductor Machine bình thường, độ khó tương đối ổn nhưng chưa phải bài tôi thích nhất. Lý do chính: Neutral, Appropriate. Mức đánh giá 3/5, trong buổi tập này.",5,0.0345
"Bài Seated Outer Thigh Abductor Machine dễ setup, cảm giác kiểm soát tốt nên tôi muốn tiếp tục duy trì. Lý do chính: Positive, Appropriate. Mức đánh giá 5/5, sau khi hoàn thành phần chính.",5,0.0345
"Bài Smith Machine Shrug dễ setup, cảm giác kiểm soát tốt nên tôi muốn tiếp tục duy trì. Lý do chính: Positive, Appropriate. Mức đánh giá 5/5, khi theo giáo án hiện tại.",5,0.0345
"Smith Machine Shrug phù hợp với tôi, không gây khó chịu và giúp buổi tập có nhịp ổn. Lý do chính: Positive, Appropriate. Mức đánh giá 4/5, trong buổi tập này.",5,0.0345
"Tôi thấy Smith Machine Shrug bình thường, độ khó tương đối ổn nhưng chưa phải bài tôi thích nhất. Lý do chính: Neutral, Appropriate. Mức đánh giá 3/5, khi xét cảm giác phục hồi.",5,0.0345
"Smith Machine Shrug khá dễ kiểm soát, tôi hoàn thành tốt và muốn tăng thử thách nhẹ ở lần tới. Lý do chính: Positive, Too Easy. Mức đánh giá 5/5, ở lần ghi nhận gần đây.",5,0.0345
"Bài Smith Machine Upright Row làm buổi tập nặng hơn dự kiến; tôi muốn giảm độ khó hoặc đổi biến thể. Lý do chính: Negative, Too Hard. Mức đánh giá 2/5, sau khi hoàn thành phần chính.",5,0.0345
"Bài Smith Machine Upright Row làm buổi tập nặng hơn dự kiến; tôi muốn giảm độ khó hoặc đổi biến thể. Lý do chính: Negative, Too Hard. Mức đánh giá 2/5, ở bối cảnh lịch tập này.",5,0.0345
"Tôi thích Smith Machine Upright Row, cảm giác vào cơ tốt và muốn giữ bài này trong lịch. Lý do chính: Positive, Appropriate. Mức đánh giá 5/5, sau vài set đầu.",5,0.0345
"Bài Smith Machine Upright Row dùng được, hiện tại tôi muốn giữ lựa chọn mở thay vì đổi ngay. Lý do chính: Neutral, Appropriate. Mức đánh giá 3/5, khi theo giáo án hiện tại.",5,0.0345
"Bài Smith Machine Upright Row dùng được, hiện tại tôi muốn giữ lựa chọn mở thay vì đổi ngay. Lý do chính: Neutral, Appropriate. Mức đánh giá 3/5, khi so với khả năng hiện tại.",5,0.0345
"Glute Bridge March hơi quá sức hoặc khó giữ kỹ thuật, tôi muốn replace exercise để tập ổn hơn. Lý do chính: Negative, Too Hard. Mức đánh giá 2/5, ở lần ghi nhận gần đây.",5,0.0345
"Glute Bridge March khá dễ kiểm soát, tôi hoàn thành tốt và muốn tăng thử thách nhẹ ở lần tới. Lý do chính: Positive, Too Easy. Mức đánh giá 5/5, trong nhịp tập tuần này.",5,0.0345
"Tôi không hợp Cable Kickback lắm, cảm giác kiểm soát chưa tốt nên nên cân nhắc thay thế. Lý do chính: Negative, Too Hard. Mức đánh giá 2/5, khi tập với mức hiện tại.",5,0.0345
"Cable Kickback hơi quá sức hoặc khó giữ kỹ thuật, tôi muốn replace exercise để tập ổn hơn. Lý do chính: Negative, Too Hard. Mức đánh giá 2/5, sau vài set đầu.",5,0.0345
"Cable Kickback khá dễ kiểm soát, tôi hoàn thành tốt và muốn tăng thử thách nhẹ ở lần tới. Lý do chính: Positive, Too Easy. Mức đánh giá 5/5, sau vài set đầu.",5,0.0345
"Cable Kickback phù hợp với tôi, không gây khó chịu và giúp buổi tập có nhịp ổn. Lý do chính: Positive, Appropriate. Mức đánh giá 4/5, trong buổi tập này.",5,0.0345
"Kế hoạch này có vài điểm chưa hợp, tôi muốn change split để dễ theo hơn. Mức đánh giá 2/5, khi tập với mức hiện tại.",5,0.0345
"Kế hoạch này có vài điểm chưa hợp, tôi muốn change split để dễ theo hơn. Mức đánh giá 2/5, ở phần cuối buổi.",5,0.0345
"Tôi muốn hệ thống tiếp tục quan sát phản hồi của tôi trước khi thay đổi mạnh giáo án. Mức đánh giá 3/5, khi xét cảm giác phục hồi.",5,0.0345
"Tôi cảm thấy mild discomfort ở Joint discomfort khi tập Push-Up, nên muốn replace exercise trước buổi sau. Mức đánh giá 2/5, trong nhịp tập tuần này.",4,0.0276
"Tôi không hợp Side Plank lắm, cảm giác kiểm soát chưa tốt nên nên cân nhắc thay thế. Lý do chính: Needs adjustment, Too hard. Mức đánh giá 2/5, ở phần cuối buổi.",4,0.0276
"Tôi không hợp Bicycle Crunch lắm, cảm giác kiểm soát chưa tốt nên nên cân nhắc thay thế. Lý do chính: Needs adjustment, Too hard. Mức đánh giá 1/5, ở phần cuối buổi.",4,0.0276
"Machine Row hơi quá sức hoặc khó giữ kỹ thuật, tôi muốn replace exercise để tập ổn hơn. Lý do chính: Needs adjustment, Too hard. Mức đánh giá 1/5, trong nhịp tập tuần này.",4,0.0276
"Tôi không hợp Smith Machine Upright Row lắm, cảm giác kiểm soát chưa tốt nên nên cân nhắc thay thế. Lý do chính: Needs adjustment, Too hard. Mức đánh giá 2/5, khi tập với mức hiện tại.",4,0.0276
"Tôi thấy Single-Leg Leg Press bình thường, độ khó tương đối ổn nhưng chưa phải bài tôi thích nhất. Lý do chính: Monitor. Mức đánh giá 3/5, khi tập với mức hiện tại.",4,0.0276
"Tôi thấy Push-Up bình thường, độ khó tương đối ổn nhưng chưa phải bài tôi thích nhất. Lý do chính: Monitor. Mức đánh giá 3/5, trong buổi tập này.",4,0.0276
"Chest-Supported T-Bar Row ở mức chấp nhận được, tôi chưa có ưu tiên mạnh và muốn theo dõi thêm vài buổi. Lý do chính: Monitor. Mức đánh giá 3/5, trong nhịp tập tuần này.",4,0.0276
"Tôi thấy Single-Leg Leg Press bình thường, độ khó tương đối ổn nhưng chưa phải bài tôi thích nhất. Lý do chính: Monitor. Mức đánh giá 3/5, ở phần cuối buổi.",4,0.0276
"Tôi thấy Crab Walk bình thường, độ khó tương đối ổn nhưng chưa phải bài tôi thích nhất. Lý do chính: Monitor. Mức đánh giá 3/5, ở phần cuối buổi.",4,0.0276
"Crab Walk ở mức chấp nhận được, tôi chưa có ưu tiên mạnh và muốn theo dõi thêm vài buổi. Lý do chính: Monitor. Mức đánh giá 3/5, ở lần ghi nhận gần đây.",4,0.0276
"Bài Seated Calf Raise dùng được, hiện tại tôi muốn giữ lựa chọn mở thay vì đổi ngay. Lý do chính: Monitor. Mức đánh giá 3/5, sau khi hoàn thành phần chính.",4,0.0276
"Bài Bird Dog dùng được, hiện tại tôi muốn giữ lựa chọn mở thay vì đổi ngay. Lý do chính: Monitor. Mức đánh giá 3/5, khi theo giáo án hiện tại.",4,0.0276
"Tôi thấy Hindu Push-Up bình thường, độ khó tương đối ổn nhưng chưa phải bài tôi thích nhất. Lý do chính: Monitor. Mức đánh giá 3/5, khi tập với mức hiện tại.",4,0.0276
"Tôi thấy Side-Lying Inner Thigh Raise bình thường, độ khó tương đối ổn nhưng chưa phải bài tôi thích nhất. Lý do chính: Monitor. Mức đánh giá 3/5, ở phần cuối buổi.",4,0.0276
"Bicycle Crunch ở mức chấp nhận được, tôi chưa có ưu tiên mạnh và muốn theo dõi thêm vài buổi. Lý do chính: Monitor. Mức đánh giá 3/5, trong nhịp tập tuần này.",4,0.0276
"Bài Bicycle Crunch dùng được, hiện tại tôi muốn giữ lựa chọn mở thay vì đổi ngay. Lý do chính: Monitor. Mức đánh giá 3/5, sau khi hoàn thành phần chính.",4,0.0276
"Tôi thấy Lying Leg Raise bình thường, độ khó tương đối ổn nhưng chưa phải bài tôi thích nhất. Lý do chính: Monitor. Mức đánh giá 3/5, khi tập với mức hiện tại.",4,0.0276
"Side-Lying Inner Thigh Raise ở mức chấp nhận được, tôi chưa có ưu tiên mạnh và muốn theo dõi thêm vài buổi. Lý do chính: Monitor. Mức đánh giá 3/5, trong nhịp tập tuần này.",4,0.0276
"Single-Leg Glute Bridge ở mức chấp nhận được, tôi chưa có ưu tiên mạnh và muốn theo dõi thêm vài buổi. Lý do chính: Monitor. Mức đánh giá 3/5, trong nhịp tập tuần này.",4,0.0276
"Bicycle Crunch ở mức chấp nhận được, tôi chưa có ưu tiên mạnh và muốn theo dõi thêm vài buổi. Lý do chính: Monitor. Mức đánh giá 3/5, ở lần ghi nhận gần đây.",4,0.0276
"Lying Leg Raise ở mức chấp nhận được, tôi chưa có ưu tiên mạnh và muốn theo dõi thêm vài buổi. Lý do chính: Monitor. Mức đánh giá 3/5, trong nhịp tập tuần này.",4,0.0276
"Wall Slide ở mức chấp nhận được, tôi chưa có ưu tiên mạnh và muốn theo dõi thêm vài buổi. Lý do chính: Monitor. Mức đánh giá 3/5, ở lần ghi nhận gần đây.",4,0.0276
"Bài Dumbbell Front Raise dùng được, hiện tại tôi muốn giữ lựa chọn mở thay vì đổi ngay. Lý do chính: Monitor. Mức đánh giá 3/5, sau khi hoàn thành phần chính.",4,0.0276
"Tôi thấy Wall Slide bình thường, độ khó tương đối ổn nhưng chưa phải bài tôi thích nhất. Lý do chính: Monitor. Mức đánh giá 3/5, khi tập với mức hiện tại.",4,0.0276
"Plank ở mức chấp nhận được, tôi chưa có ưu tiên mạnh và muốn theo dõi thêm vài buổi. Lý do chính: Monitor. Mức đánh giá 3/5, ở lần ghi nhận gần đây.",4,0.0276
"Tôi thấy Push-Up bình thường, độ khó tương đối ổn nhưng chưa phải bài tôi thích nhất. Lý do chính: Monitor. Mức đánh giá 3/5, khi xét cảm giác phục hồi.",4,0.0276
"Bài Machine Shoulder Press dùng được, hiện tại tôi muốn giữ lựa chọn mở thay vì đổi ngay. Lý do chính: Monitor. Mức đánh giá 3/5, khi theo giáo án hiện tại.",4,0.0276
"Smith Machine Upright Row ở mức chấp nhận được, tôi chưa có ưu tiên mạnh và muốn theo dõi thêm vài buổi. Lý do chính: Monitor. Mức đánh giá 3/5, trong nhịp tập tuần này.",4,0.0276
"Bài Smith Machine Squat dùng được, hiện tại tôi muốn giữ lựa chọn mở thay vì đổi ngay. Lý do chính: Monitor. Mức đánh giá 3/5, khi theo giáo án hiện tại.",4,0.0276
"Single-Arm Smith Machine Row ở mức chấp nhận được, tôi chưa có ưu tiên mạnh và muốn theo dõi thêm vài buổi. Lý do chính: Monitor. Mức đánh giá 3/5, ở lần ghi nhận gần đây.",4,0.0276
"Bài Smith Machine Upright Row dùng được, hiện tại tôi muốn giữ lựa chọn mở thay vì đổi ngay. Lý do chính: Monitor. Mức đánh giá 3/5, khi theo giáo án hiện tại.",4,0.0276
"Bài Close-Grip Push-Up dùng được, hiện tại tôi muốn giữ lựa chọn mở thay vì đổi ngay. Lý do chính: Monitor. Mức đánh giá 3/5, khi theo giáo án hiện tại.",4,0.0276
"Bài Pike Push-Up dùng được, hiện tại tôi muốn giữ lựa chọn mở thay vì đổi ngay. Lý do chính: Monitor. Mức đánh giá 3/5, khi theo giáo án hiện tại.",4,0.0276
"Donkey Kick ở mức chấp nhận được, tôi chưa có ưu tiên mạnh và muốn theo dõi thêm vài buổi. Lý do chính: Monitor. Mức đánh giá 3/5, ở lần ghi nhận gần đây.",4,0.0276
"Tôi thấy Machine Hip Abductor bình thường, độ khó tương đối ổn nhưng chưa phải bài tôi thích nhất. Lý do chính: Monitor. Mức đánh giá 3/5, khi tập với mức hiện tại.",4,0.0276
"Machine Hip Abductor ở mức chấp nhận được, tôi chưa có ưu tiên mạnh và muốn theo dõi thêm vài buổi. Lý do chính: Monitor. Mức đánh giá 3/5, trong nhịp tập tuần này.",4,0.0276
"Bài Seated Outer Thigh Abductor Machine dùng được, hiện tại tôi muốn giữ lựa chọn mở thay vì đổi ngay. Lý do chính: Monitor. Mức đánh giá 3/5, sau khi hoàn thành phần chính.",4,0.0276
"Leg Press Calf Raise ở mức chấp nhận được, tôi chưa có ưu tiên mạnh và muốn theo dõi thêm vài buổi. Lý do chính: Monitor. Mức đánh giá 3/5, trong nhịp tập tuần này.",4,0.0276
"Seated Outer Thigh Abductor Machine ở mức chấp nhận được, tôi chưa có ưu tiên mạnh và muốn theo dõi thêm vài buổi. Lý do chính: Monitor. Mức đánh giá 3/5, trong nhịp tập tuần này.",4,0.0276
"Bài Single-Leg Leg Press dùng được, hiện tại tôi muốn giữ lựa chọn mở thay vì đổi ngay. Lý do chính: Monitor. Mức đánh giá 3/5, khi theo giáo án hiện tại.",4,0.0276
"Tôi thấy Leg Press Calf Raise bình thường, độ khó tương đối ổn nhưng chưa phải bài tôi thích nhất. Lý do chính: Monitor. Mức đánh giá 3/5, khi tập với mức hiện tại.",4,0.0276
"Bài Machine Hip Abductor dùng được, hiện tại tôi muốn giữ lựa chọn mở thay vì đổi ngay. Lý do chính: Monitor. Mức đánh giá 3/5, sau khi hoàn thành phần chính.",4,0.0276
"Bài V-Up dùng được, hiện tại tôi muốn giữ lựa chọn mở thay vì đổi ngay. Lý do chính: Monitor. Mức đánh giá 3/5, sau khi hoàn thành phần chính.",4,0.0276
"Bài Reverse Crunch dùng được, hiện tại tôi muốn giữ lựa chọn mở thay vì đổi ngay. Lý do chính: Monitor. Mức đánh giá 3/5, sau khi hoàn thành phần chính.",4,0.0276
"Tôi thấy Reverse Crunch bình thường, độ khó tương đối ổn nhưng chưa phải bài tôi thích nhất. Lý do chính: Monitor. Mức đánh giá 3/5, ở phần cuối buổi.",4,0.0276
"Tôi thấy Reverse Crunch bình thường, độ khó tương đối ổn nhưng chưa phải bài tôi thích nhất. Lý do chính: Monitor. Mức đánh giá 3/5, khi tập với mức hiện tại.",4,0.0276
"Bài Hanging Windshield Wiper dùng được, hiện tại tôi muốn giữ lựa chọn mở thay vì đổi ngay. Lý do chính: Monitor. Mức đánh giá 3/5, sau khi hoàn thành phần chính.",4,0.0276
"Pistol Squat ở mức chấp nhận được, tôi chưa có ưu tiên mạnh và muốn theo dõi thêm vài buổi. Lý do chính: Monitor. Mức đánh giá 3/5, trong nhịp tập tuần này.",4,0.0276
"Tôi thấy Hanging Leg Raise bình thường, độ khó tương đối ổn nhưng chưa phải bài tôi thích nhất. Lý do chính: Monitor. Mức đánh giá 3/5, khi tập với mức hiện tại.",4,0.0276
"Pistol Squat ở mức chấp nhận được, tôi chưa có ưu tiên mạnh và muốn theo dõi thêm vài buổi. Lý do chính: Monitor. Mức đánh giá 3/5, ở lần ghi nhận gần đây.",4,0.0276
"Hanging Windshield Wiper ở mức chấp nhận được, tôi chưa có ưu tiên mạnh và muốn theo dõi thêm vài buổi. Lý do chính: Monitor. Mức đánh giá 3/5, trong nhịp tập tuần này.",4,0.0276
"Machine Row ở mức chấp nhận được, tôi chưa có ưu tiên mạnh và muốn theo dõi thêm vài buổi. Lý do chính: Monitor. Mức đánh giá 3/5, ở lần ghi nhận gần đây.",4,0.0276
"Tôi thấy Seated Calf Raise bình thường, độ khó tương đối ổn nhưng chưa phải bài tôi thích nhất. Lý do chính: Monitor. Mức đánh giá 3/5, ở phần cuối buổi.",4,0.0276
"Plank khá dễ kiểm soát, tôi hoàn thành tốt và muốn tăng thử thách nhẹ ở lần tới. Lý do chính: Good fit, Too easy. Mức đánh giá 4/5, trong nhịp tập tuần này.",4,0.0276
"Seated Outer Thigh Abductor Machine khá dễ kiểm soát, tôi hoàn thành tốt và muốn tăng thử thách nhẹ ở lần tới. Lý do chính: Good fit, Too easy. Mức đánh giá 4/5, trong nhịp tập tuần này.",4,0.0276
"Bài Bird Dog vào nhịp tốt, tôi muốn progression rõ hơn để tiếp tục tiến bộ. Lý do chính: Good fit, Too easy. Mức đánh giá 5/5, sau khi hoàn thành phần chính.",4,0.0276
"Side-Lying Inner Thigh Raise khá dễ kiểm soát, tôi hoàn thành tốt và muốn tăng thử thách nhẹ ở lần tới. Lý do chính: Good fit, Too easy. Mức đánh giá 4/5, ở lần ghi nhận gần đây.",4,0.0276
"Tôi thấy Machine Chest Press đang hơi nhẹ so với sức hiện tại, có thể tăng độ khó hoặc thêm volume vừa phải. Lý do chính: Good fit, Too easy. Mức đánh giá 4/5, khi tập với mức hiện tại.",4,0.0276
"Side Plank khá dễ kiểm soát, tôi hoàn thành tốt và muốn tăng thử thách nhẹ ở lần tới. Lý do chính: Good fit, Too easy. Mức đánh giá 5/5, ở lần ghi nhận gần đây.",4,0.0276
"Side-Lying Inner Thigh Raise khá dễ kiểm soát, tôi hoàn thành tốt và muốn tăng thử thách nhẹ ở lần tới. Lý do chính: Good fit, Too easy. Mức đánh giá 5/5, ở lần ghi nhận gần đây.",4,0.0276
"Bài Side Plank vào nhịp tốt, tôi muốn progression rõ hơn để tiếp tục tiến bộ. Lý do chính: Good fit, Too easy. Mức đánh giá 4/5, sau khi hoàn thành phần chính.",4,0.0276
"Wall Slide khá dễ kiểm soát, tôi hoàn thành tốt và muốn tăng thử thách nhẹ ở lần tới. Lý do chính: Good fit, Too easy. Mức đánh giá 5/5, ở lần ghi nhận gần đây.",4,0.0276
"Bài Dumbbell Shrug vào nhịp tốt, tôi muốn progression rõ hơn để tiếp tục tiến bộ. Lý do chính: Good fit, Too easy. Mức đánh giá 5/5, khi theo giáo án hiện tại.",4,0.0276
"Bài Wall Slide vào nhịp tốt, tôi muốn progression rõ hơn để tiếp tục tiến bộ. Lý do chính: Good fit, Too easy. Mức đánh giá 4/5, sau khi hoàn thành phần chính.",4,0.0276
"Tôi thấy Wall Slide đang hơi nhẹ so với sức hiện tại, có thể tăng độ khó hoặc thêm volume vừa phải. Lý do chính: Good fit, Too easy. Mức đánh giá 5/5, ở phần cuối buổi.",4,0.0276
"Dumbbell Romanian Deadlift khá dễ kiểm soát, tôi hoàn thành tốt và muốn tăng thử thách nhẹ ở lần tới. Lý do chính: Good fit, Too easy. Mức đánh giá 4/5, ở lần ghi nhận gần đây.",4,0.0276
"Push-Up khá dễ kiểm soát, tôi hoàn thành tốt và muốn tăng thử thách nhẹ ở lần tới. Lý do chính: Good fit, Too easy. Mức đánh giá 4/5, sau vài set đầu.",4,0.0276
"Tôi thấy Dumbbell Shrug đang hơi nhẹ so với sức hiện tại, có thể tăng độ khó hoặc thêm volume vừa phải. Lý do chính: Good fit, Too easy. Mức đánh giá 5/5, ở phần cuối buổi.",4,0.0276
"Dumbbell Hammer Curl khá dễ kiểm soát, tôi hoàn thành tốt và muốn tăng thử thách nhẹ ở lần tới. Lý do chính: Good fit, Too easy. Mức đánh giá 4/5, ở lần ghi nhận gần đây.",4,0.0276
"Bài Dumbbell Shrug vào nhịp tốt, tôi muốn progression rõ hơn để tiếp tục tiến bộ. Lý do chính: Good fit, Too easy. Mức đánh giá 4/5, khi theo giáo án hiện tại.",4,0.0276
"Tôi thấy Dumbbell Hammer Curl đang hơi nhẹ so với sức hiện tại, có thể tăng độ khó hoặc thêm volume vừa phải. Lý do chính: Good fit, Too easy. Mức đánh giá 4/5, ở phần cuối buổi.",4,0.0276
"Tôi thấy Tibialis Raise đang hơi nhẹ so với sức hiện tại, có thể tăng độ khó hoặc thêm volume vừa phải. Lý do chính: Good fit, Too easy. Mức đánh giá 5/5, khi tập với mức hiện tại.",4,0.0276
"Wall Sit khá dễ kiểm soát, tôi hoàn thành tốt và muốn tăng thử thách nhẹ ở lần tới. Lý do chính: Good fit, Too easy. Mức đánh giá 4/5, trong nhịp tập tuần này.",4,0.0276
"Tôi thấy Wall Sit đang hơi nhẹ so với sức hiện tại, có thể tăng độ khó hoặc thêm volume vừa phải. Lý do chính: Good fit, Too easy. Mức đánh giá 5/5, khi tập với mức hiện tại.",4,0.0276
"Tôi thấy Wall Sit đang hơi nhẹ so với sức hiện tại, có thể tăng độ khó hoặc thêm volume vừa phải. Lý do chính: Good fit, Too easy. Mức đánh giá 4/5, khi tập với mức hiện tại.",4,0.0276
"Tôi thấy Wall Sit đang hơi nhẹ so với sức hiện tại, có thể tăng độ khó hoặc thêm volume vừa phải. Lý do chính: Good fit, Too easy. Mức đánh giá 4/5, ở phần cuối buổi.",4,0.0276
"Bài Hindu Push-Up vào nhịp tốt, tôi muốn progression rõ hơn để tiếp tục tiến bộ. Lý do chính: Good fit, Too easy. Mức đánh giá 4/5, khi theo giáo án hiện tại.",4,0.0276
"Tôi thấy Glute Bridge đang hơi nhẹ so với sức hiện tại, có thể tăng độ khó hoặc thêm volume vừa phải. Lý do chính: Good fit, Too easy. Mức đánh giá 5/5, khi tập với mức hiện tại.",4,0.0276
"Bài Reverse Crunch vào nhịp tốt, tôi muốn progression rõ hơn để tiếp tục tiến bộ. Lý do chính: Good fit, Too easy. Mức đánh giá 4/5, khi theo giáo án hiện tại.",4,0.0276
"Bài Side Plank vào nhịp tốt, tôi muốn progression rõ hơn để tiếp tục tiến bộ. Lý do chính: Good fit, Too easy. Mức đánh giá 4/5, khi theo giáo án hiện tại.",4,0.0276
"Bài Hindu Push-Up vào nhịp tốt, tôi muốn progression rõ hơn để tiếp tục tiến bộ. Lý do chính: Good fit, Too easy. Mức đánh giá 4/5, sau khi hoàn thành phần chính.",4,0.0276
"Bicycle Crunch khá dễ kiểm soát, tôi hoàn thành tốt và muốn tăng thử thách nhẹ ở lần tới. Lý do chính: Good fit, Too easy. Mức đánh giá 4/5, ở lần ghi nhận gần đây.",4,0.0276
"V-Up khá dễ kiểm soát, tôi hoàn thành tốt và muốn tăng thử thách nhẹ ở lần tới. Lý do chính: Good fit, Too easy. Mức đánh giá 4/5, trong nhịp tập tuần này.",4,0.0276
"Tôi thấy Crab Walk đang hơi nhẹ so với sức hiện tại, có thể tăng độ khó hoặc thêm volume vừa phải. Lý do chính: Good fit, Too easy. Mức đánh giá 4/5, ở phần cuối buổi.",4,0.0276
"Bài Crab Walk vào nhịp tốt, tôi muốn progression rõ hơn để tiếp tục tiến bộ. Lý do chính: Good fit, Too easy. Mức đánh giá 5/5, sau khi hoàn thành phần chính.",4,0.0276
"Bài Hanging Leg Raise vào nhịp tốt, tôi muốn progression rõ hơn để tiếp tục tiến bộ. Lý do chính: Good fit, Too easy. Mức đánh giá 5/5, khi theo giáo án hiện tại.",4,0.0276
"Crab Walk khá dễ kiểm soát, tôi hoàn thành tốt và muốn tăng thử thách nhẹ ở lần tới. Lý do chính: Good fit, Too easy. Mức đánh giá 5/5, ở lần ghi nhận gần đây.",4,0.0276
"Bài Crab Walk vào nhịp tốt, tôi muốn progression rõ hơn để tiếp tục tiến bộ. Lý do chính: Good fit, Too easy. Mức đánh giá 4/5, sau khi hoàn thành phần chính.",4,0.0276
"Plank khá dễ kiểm soát, tôi hoàn thành tốt và muốn tăng thử thách nhẹ ở lần tới. Lý do chính: Good fit, Too easy. Mức đánh giá 4/5, ở lần ghi nhận gần đây.",4,0.0276
"Plank khá dễ kiểm soát, tôi hoàn thành tốt và muốn tăng thử thách nhẹ ở lần tới. Lý do chính: Good fit, Too easy. Mức đánh giá 5/5, ở lần ghi nhận gần đây.",4,0.0276
"TRX Suspension Row khá dễ kiểm soát, tôi hoàn thành tốt và muốn tăng thử thách nhẹ ở lần tới. Lý do chính: Good fit, Too easy. Mức đánh giá 5/5, trong nhịp tập tuần này.",4,0.0276
"Bài TRX Pistol Squat vào nhịp tốt, tôi muốn progression rõ hơn để tiếp tục tiến bộ. Lý do chính: Good fit, Too easy. Mức đánh giá 4/5, sau khi hoàn thành phần chính.",4,0.0276
"Tôi thấy Single-Leg Glute Bridge đang hơi nhẹ so với sức hiện tại, có thể tăng độ khó hoặc thêm volume vừa phải. Lý do chính: Good fit, Too easy. Mức đánh giá 5/5, ở phần cuối buổi.",4,0.0276
"Tôi thấy Reverse Crunch đang hơi nhẹ so với sức hiện tại, có thể tăng độ khó hoặc thêm volume vừa phải. Lý do chính: Good fit, Too easy. Mức đánh giá 4/5, ở phần cuối buổi.",4,0.0276
"Tôi thích Band Pull-Apart, cảm giác vào cơ tốt và muốn giữ bài này trong lịch. Lý do chính: Good fit. Mức đánh giá 4/5, trong nhịp tập tuần này.",4,0.0276
"Tôi thích Band Pull-Apart, cảm giác vào cơ tốt và muốn giữ bài này trong lịch. Lý do chính: Good fit. Mức đánh giá 5/5, trong nhịp tập tuần này.",4,0.0276
"Tôi thích Band Resisted Push-Up, cảm giác vào cơ tốt và muốn giữ bài này trong lịch. Lý do chính: Good fit. Mức đánh giá 5/5, trong nhịp tập tuần này.",4,0.0276
"Bài Banded Good Morning dễ setup, cảm giác kiểm soát tốt nên tôi muốn tiếp tục duy trì. Lý do chính: Good fit. Mức đánh giá 4/5, sau khi hoàn thành phần chính.",4,0.0276
"Mountain Climbers phù hợp với tôi, không gây khó chịu và giúp buổi tập có nhịp ổn. Lý do chính: Good fit. Mức đánh giá 5/5, ở phần cuối buổi.",4,0.0276
"Glute Bridge March phù hợp với tôi, không gây khó chịu và giúp buổi tập có nhịp ổn. Lý do chính: Good fit. Mức đánh giá 5/5, ở phần cuối buổi.",4,0.0276
"Bài Dead Bug dễ setup, cảm giác kiểm soát tốt nên tôi muốn tiếp tục duy trì. Lý do chính: Good fit. Mức đánh giá 4/5, sau khi hoàn thành phần chính.",4,0.0276
"Lying Leg Raise phù hợp với tôi, không gây khó chịu và giúp buổi tập có nhịp ổn. Lý do chính: Good fit. Mức đánh giá 4/5, ở phần cuối buổi.",4,0.0276
"Dead Bug phù hợp với tôi, không gây khó chịu và giúp buổi tập có nhịp ổn. Lý do chính: Good fit. Mức đánh giá 4/5, khi tập với mức hiện tại.",4,0.0276
"Bài Side-Lying Inner Thigh Raise dễ setup, cảm giác kiểm soát tốt nên tôi muốn tiếp tục duy trì. Lý do chính: Good fit. Mức đánh giá 4/5, khi theo giáo án hiện tại.",4,0.0276
"Bài Lying Leg Raise dễ setup, cảm giác kiểm soát tốt nên tôi muốn tiếp tục duy trì. Lý do chính: Good fit. Mức đánh giá 5/5, khi theo giáo án hiện tại.",4,0.0276
"Tôi thích Side Plank, cảm giác vào cơ tốt và muốn giữ bài này trong lịch. Lý do chính: Good fit. Mức đánh giá 5/5, trong nhịp tập tuần này.",4,0.0276
"Tôi thích Mountain Climbers, cảm giác vào cơ tốt và muốn giữ bài này trong lịch. Lý do chính: Good fit. Mức đánh giá 5/5, trong nhịp tập tuần này.",4,0.0276
"Bicycle Crunch phù hợp với tôi, không gây khó chịu và giúp buổi tập có nhịp ổn. Lý do chính: Good fit. Mức đánh giá 4/5, ở phần cuối buổi.",4,0.0276
"Bài Lying Leg Raise dễ setup, cảm giác kiểm soát tốt nên tôi muốn tiếp tục duy trì. Lý do chính: Good fit. Mức đánh giá 4/5, sau khi hoàn thành phần chính.",4,0.0276
"Side Plank phù hợp với tôi, không gây khó chịu và giúp buổi tập có nhịp ổn. Lý do chính: Good fit. Mức đánh giá 4/5, ở phần cuối buổi.",4,0.0276
"Tôi thấy Glute Bridge đang hơi nhẹ so với sức hiện tại, có thể tăng độ khó hoặc thêm volume vừa phải. Lý do chính: Good fit, Too easy. Mức đánh giá 4/5, ở phần cuối buổi.",4,0.0276
"Bài Lying Leg Raise vào nhịp tốt, tôi muốn progression rõ hơn để tiếp tục tiến bộ. Lý do chính: Good fit, Too easy. Mức đánh giá 4/5, khi theo giáo án hiện tại.",4,0.0276
"Mountain Climbers khá dễ kiểm soát, tôi hoàn thành tốt và muốn tăng thử thách nhẹ ở lần tới. Lý do chính: Good fit, Too easy. Mức đánh giá 4/5, trong nhịp tập tuần này.",4,0.0276
"Bài Battle Ropes vào nhịp tốt, tôi muốn progression rõ hơn để tiếp tục tiến bộ. Lý do chính: Good fit, Too easy. Mức đánh giá 4/5, sau khi hoàn thành phần chính.",4,0.0276
"Tôi thấy Glute Bridge March đang hơi nhẹ so với sức hiện tại, có thể tăng độ khó hoặc thêm volume vừa phải. Lý do chính: Good fit, Too easy. Mức đánh giá 5/5, ở phần cuối buổi.",4,0.0276
"Bài Single-Leg Glute Bridge vào nhịp tốt, tôi muốn progression rõ hơn để tiếp tục tiến bộ. Lý do chính: Good fit, Too easy. Mức đánh giá 5/5, sau khi hoàn thành phần chính.",4,0.0276
"Tôi thấy Mountain Climbers đang hơi nhẹ so với sức hiện tại, có thể tăng độ khó hoặc thêm volume vừa phải. Lý do chính: Good fit, Too easy. Mức đánh giá 5/5, khi tập với mức hiện tại.",4,0.0276
"Bài Bent-Over Dumbbell Reverse Fly vào nhịp tốt, tôi muốn progression rõ hơn để tiếp tục tiến bộ. Lý do chính: Good fit, Too easy. Mức đánh giá 5/5, sau khi hoàn thành phần chính.",4,0.0276
"Bài Dumbbell Pullover vào nhịp tốt, tôi muốn progression rõ hơn để tiếp tục tiến bộ. Lý do chính: Good fit, Too easy. Mức đánh giá 5/5, khi theo giáo án hiện tại.",4,0.0276
"Dumbbell Pullover khá dễ kiểm soát, tôi hoàn thành tốt và muốn tăng thử thách nhẹ ở lần tới. Lý do chính: Good fit, Too easy. Mức đánh giá 5/5, trong nhịp tập tuần này.",4,0.0276
"Tôi thấy Dead Bug đang hơi nhẹ so với sức hiện tại, có thể tăng độ khó hoặc thêm volume vừa phải. Lý do chính: Good fit, Too easy. Mức đánh giá 5/5, ở phần cuối buổi.",4,0.0276
"Glute Bridge March khá dễ kiểm soát, tôi hoàn thành tốt và muốn tăng thử thách nhẹ ở lần tới. Lý do chính: Good fit, Too easy. Mức đánh giá 4/5, ở lần ghi nhận gần đây.",4,0.0276
"Bicycle Crunch phù hợp với tôi, không gây khó chịu và giúp buổi tập có nhịp ổn. Lý do chính: Good fit. Mức đánh giá 5/5, khi tập với mức hiện tại.",4,0.0276
"Bài Glute Bridge March dễ setup, cảm giác kiểm soát tốt nên tôi muốn tiếp tục duy trì. Lý do chính: Good fit. Mức đánh giá 4/5, khi theo giáo án hiện tại.",4,0.0276
"Bird Dog phù hợp với tôi, không gây khó chịu và giúp buổi tập có nhịp ổn. Lý do chính: Good fit. Mức đánh giá 4/5, ở phần cuối buổi.",4,0.0276
"Bài Mountain Climbers dễ setup, cảm giác kiểm soát tốt nên tôi muốn tiếp tục duy trì. Lý do chính: Good fit. Mức đánh giá 5/5, khi theo giáo án hiện tại.",4,0.0276
"Tôi thấy Dumbbell Front Raise đang hơi nhẹ so với sức hiện tại, có thể tăng độ khó hoặc thêm volume vừa phải. Lý do chính: Good fit, Too easy. Mức đánh giá 4/5, khi tập với mức hiện tại.",4,0.0276
"Bài Dumbbell Front Raise vào nhịp tốt, tôi muốn progression rõ hơn để tiếp tục tiến bộ. Lý do chính: Good fit, Too easy. Mức đánh giá 5/5, khi theo giáo án hiện tại.",4,0.0276
"Bài Side Plank vào nhịp tốt, tôi muốn progression rõ hơn để tiếp tục tiến bộ. Lý do chính: Good fit, Too easy. Mức đánh giá 5/5, khi theo giáo án hiện tại.",4,0.0276
"Bài Glute Bridge March vào nhịp tốt, tôi muốn progression rõ hơn để tiếp tục tiến bộ. Lý do chính: Good fit, Too easy. Mức đánh giá 4/5, sau khi hoàn thành phần chính.",4,0.0276
"Mountain Climbers phù hợp với tôi, không gây khó chịu và giúp buổi tập có nhịp ổn. Lý do chính: Good fit. Mức đánh giá 4/5, ở phần cuối buổi.",4,0.0276
"Bài Tibialis Raise dễ setup, cảm giác kiểm soát tốt nên tôi muốn tiếp tục duy trì. Lý do chính: Good fit. Mức đánh giá 5/5, khi theo giáo án hiện tại.",4,0.0276
"Tôi thấy Pull-Up đang hơi nhẹ so với sức hiện tại, có thể tăng độ khó hoặc thêm volume vừa phải. Lý do chính: Good fit, Too easy. Mức đánh giá 4/5, khi tập với mức hiện tại.",4,0.0276
"Bài Burpee dễ setup, cảm giác kiểm soát tốt nên tôi muốn tiếp tục duy trì. Lý do chính: Good fit. Mức đánh giá 5/5, sau khi hoàn thành phần chính.",4,0.0276
"Tôi cảm thấy mild discomfort ở Joint discomfort khi tập bài này, nên muốn review safety trước buổi sau. Mức đánh giá 1/5, ở lần ghi nhận gần đây.",4,0.0276
"Tôi cảm thấy mild discomfort ở Joint discomfort khi tập bài này, nên muốn review safety trước buổi sau. Mức đánh giá 2/5, trong nhịp tập tuần này.",4,0.0276
"Buổi này hơi nặng hoặc appropriate, tôi muốn reduce volume cho lần tới. Mức đánh giá 1/5, trong lần đánh giá hôm nay.",4,0.0276
"Buổi này hơi nặng hoặc appropriate, tôi muốn reduce volume cho lần tới. Mức đánh giá 2/5, ở bối cảnh lịch tập này.",4,0.0276
"Buổi này hơi nặng hoặc appropriate, tôi muốn reduce volume cho lần tới. Mức đánh giá 1/5, khi so với khả năng hiện tại.",4,0.0276
"Buổi này hơi nặng hoặc appropriate, tôi muốn reduce volume cho lần tới. Mức đánh giá 1/5, khi xét cảm giác phục hồi.",4,0.0276
"Bài Seated Inner Thigh Adductor Machine vào nhịp tốt, tôi muốn progression rõ hơn để tiếp tục tiến bộ. Lý do chính: Positive, Too Easy. Mức đánh giá 5/5, khi so với khả năng hiện tại.",4,0.0276
"Seated Inner Thigh Adductor Machine khá dễ kiểm soát, tôi hoàn thành tốt và muốn tăng thử thách nhẹ ở lần tới. Lý do chính: Positive, Too Easy. Mức đánh giá 5/5, ở lần ghi nhận gần đây.",4,0.0276
"Tôi thích Seated Inner Thigh Adductor Machine, cảm giác vào cơ tốt và muốn giữ bài này trong lịch. Lý do chính: Positive, Appropriate. Mức đánh giá 4/5, trong nhịp tập tuần này.",4,0.0276
"Seated Inner Thigh Adductor Machine phù hợp với tôi, không gây khó chịu và giúp buổi tập có nhịp ổn. Lý do chính: Positive, Appropriate. Mức đánh giá 4/5, khi xét cảm giác phục hồi.",4,0.0276
"Seated Inner Thigh Adductor Machine phù hợp với tôi, không gây khó chịu và giúp buổi tập có nhịp ổn. Lý do chính: Positive, Appropriate. Mức đánh giá 5/5, trong buổi tập này.",4,0.0276
"Tôi thích Seated Inner Thigh Adductor Machine, cảm giác vào cơ tốt và muốn giữ bài này trong lịch. Lý do chính: Positive, Appropriate. Mức đánh giá 5/5, trong lần đánh giá hôm nay.",4,0.0276
"Seated Inner Thigh Adductor Machine ở mức chấp nhận được, tôi chưa có ưu tiên mạnh và muốn theo dõi thêm vài buổi. Lý do chính: Neutral, Appropriate. Mức đánh giá 3/5, trong lần đánh giá hôm nay.",4,0.0276
"Bài Seated Outer Thigh Abductor Machine vào nhịp tốt, tôi muốn progression rõ hơn để tiếp tục tiến bộ. Lý do chính: Positive, Too Easy. Mức đánh giá 5/5, ở bối cảnh lịch tập này.",4,0.0276
"Bài Seated Outer Thigh Abductor Machine dễ setup, cảm giác kiểm soát tốt nên tôi muốn tiếp tục duy trì. Lý do chính: Positive, Appropriate. Mức đánh giá 4/5, khi so với khả năng hiện tại.",4,0.0276
"Bài Seated Outer Thigh Abductor Machine làm buổi tập nặng hơn dự kiến; tôi muốn giảm độ khó hoặc đổi biến thể. Lý do chính: Negative, Too Hard. Mức đánh giá 2/5, khi so với khả năng hiện tại.",4,0.0276
"Bài Seated Outer Thigh Abductor Machine dùng được, hiện tại tôi muốn giữ lựa chọn mở thay vì đổi ngay. Lý do chính: Neutral, Appropriate. Mức đánh giá 3/5, khi theo giáo án hiện tại.",4,0.0276
"Tôi thích Seated Outer Thigh Abductor Machine, cảm giác vào cơ tốt và muốn giữ bài này trong lịch. Lý do chính: Positive, Appropriate. Mức đánh giá 4/5, sau vài set đầu.",4,0.0276
"Seated Outer Thigh Abductor Machine phù hợp với tôi, không gây khó chịu và giúp buổi tập có nhịp ổn. Lý do chính: Positive, Appropriate. Mức đánh giá 4/5, trong buổi tập này.",4,0.0276
"Tôi thấy Seated Outer Thigh Abductor Machine bình thường, độ khó tương đối ổn nhưng chưa phải bài tôi thích nhất. Lý do chính: Neutral, Appropriate. Mức đánh giá 3/5, khi tập với mức hiện tại.",4,0.0276
"Seated Outer Thigh Abductor Machine phù hợp với tôi, không gây khó chịu và giúp buổi tập có nhịp ổn. Lý do chính: Positive, Appropriate. Mức đánh giá 5/5, khi tập với mức hiện tại.",4,0.0276
"Seated Outer Thigh Abductor Machine khá dễ kiểm soát, tôi hoàn thành tốt và muốn tăng thử thách nhẹ ở lần tới. Lý do chính: Positive, Too Easy. Mức đánh giá 5/5, trong lần đánh giá hôm nay.",4,0.0276
"Tôi thích Smith Machine Shrug, cảm giác vào cơ tốt và muốn giữ bài này trong lịch. Lý do chính: Positive, Appropriate. Mức đánh giá 5/5, sau vài set đầu.",4,0.0276
"Bài Smith Machine Shrug dễ setup, cảm giác kiểm soát tốt nên tôi muốn tiếp tục duy trì. Lý do chính: Positive, Appropriate. Mức đánh giá 4/5, ở bối cảnh lịch tập này.",4,0.0276
"Smith Machine Shrug phù hợp với tôi, không gây khó chịu và giúp buổi tập có nhịp ổn. Lý do chính: Positive, Appropriate. Mức đánh giá 4/5, khi xét cảm giác phục hồi.",4,0.0276
"Smith Machine Shrug phù hợp với tôi, không gây khó chịu và giúp buổi tập có nhịp ổn. Lý do chính: Positive, Appropriate. Mức đánh giá 5/5, khi tập với mức hiện tại.",4,0.0276
"Bài Smith Machine Shrug dễ setup, cảm giác kiểm soát tốt nên tôi muốn tiếp tục duy trì. Lý do chính: Positive, Appropriate. Mức đánh giá 5/5, ở bối cảnh lịch tập này.",4,0.0276
"Tôi không hợp Smith Machine Shrug lắm, cảm giác kiểm soát chưa tốt nên nên cân nhắc thay thế. Lý do chính: Negative, Too Hard. Mức đánh giá 2/5, trong buổi tập này.",4,0.0276
"Tôi thấy Smith Machine Upright Row bình thường, độ khó tương đối ổn nhưng chưa phải bài tôi thích nhất. Lý do chính: Neutral, Appropriate. Mức đánh giá 3/5, trong buổi tập này.",4,0.0276
"Bài Smith Machine Upright Row dễ setup, cảm giác kiểm soát tốt nên tôi muốn tiếp tục duy trì. Lý do chính: Positive, Appropriate. Mức đánh giá 5/5, ở bối cảnh lịch tập này.",4,0.0276
"Smith Machine Upright Row ở mức chấp nhận được, tôi chưa có ưu tiên mạnh và muốn theo dõi thêm vài buổi. Lý do chính: Neutral, Appropriate. Mức đánh giá 3/5, ở lần ghi nhận gần đây.",4,0.0276
"Smith Machine Upright Row phù hợp với tôi, không gây khó chịu và giúp buổi tập có nhịp ổn. Lý do chính: Positive, Appropriate. Mức đánh giá 4/5, khi tập với mức hiện tại.",4,0.0276
"Smith Machine Upright Row ở mức chấp nhận được, tôi chưa có ưu tiên mạnh và muốn theo dõi thêm vài buổi. Lý do chính: Neutral, Appropriate. Mức đánh giá 3/5, sau vài set đầu.",4,0.0276
"Tôi không hợp Smith Machine Upright Row lắm, cảm giác kiểm soát chưa tốt nên nên cân nhắc thay thế. Lý do chính: Negative, Too Hard. Mức đánh giá 2/5, khi xét cảm giác phục hồi.",4,0.0276
"Glute Bridge March hơi quá sức hoặc khó giữ kỹ thuật, tôi muốn reduce difficulty để tập ổn hơn. Lý do chính: Negative, Too Hard. Mức đánh giá 2/5, trong nhịp tập tuần này.",4,0.0276
"Tôi thấy Cable Kickback đang hơi nhẹ so với sức hiện tại, có thể tăng độ khó hoặc thêm volume vừa phải. Lý do chính: Positive, Too Easy. Mức đánh giá 5/5, ở phần cuối buổi.",4,0.0276
"Bài Cable Kickback dễ setup, cảm giác kiểm soát tốt nên tôi muốn tiếp tục duy trì. Lý do chính: Positive, Appropriate. Mức đánh giá 4/5, khi so với khả năng hiện tại.",4,0.0276
"Tôi thấy Cable Kickback đang hơi nhẹ so với sức hiện tại, có thể tăng độ khó hoặc thêm volume vừa phải. Lý do chính: Positive, Too Easy. Mức đánh giá 5/5, trong buổi tập này.",4,0.0276
"Bài Cable Kickback vào nhịp tốt, tôi muốn progression rõ hơn để tiếp tục tiến bộ. Lý do chính: Positive, Too Easy. Mức đánh giá 5/5, khi theo giáo án hiện tại.",4,0.0276
"Tôi thấy Cable Kickback đang hơi nhẹ so với sức hiện tại, có thể tăng độ khó hoặc thêm volume vừa phải. Lý do chính: Positive, Too Easy. Mức đánh giá 5/5, khi tập với mức hiện tại.",4,0.0276
"Bài Cable Kickback vào nhịp tốt, tôi muốn progression rõ hơn để tiếp tục tiến bộ. Lý do chính: Positive, Too Easy. Mức đánh giá 5/5, ở bối cảnh lịch tập này.",4,0.0276
"Kế hoạch này có vài điểm chưa hợp, tôi muốn change split để dễ theo hơn. Mức đánh giá 2/5, khi so với khả năng hiện tại.",4,0.0276
"Kế hoạch này có vài điểm chưa hợp, tôi muốn change split để dễ theo hơn. Mức đánh giá 2/5, trong buổi tập này.",4,0.0276
"Kế hoạch này có vài điểm chưa hợp, tôi muốn change split để dễ theo hơn. Mức đánh giá 2/5, khi theo giáo án hiện tại.",4,0.0276
"Tôi muốn hệ thống tiếp tục quan sát phản hồi của tôi trước khi thay đổi mạnh giáo án. Mức đánh giá 3/5, sau vài set đầu.",4,0.0276
"Tôi muốn hệ thống tiếp tục quan sát phản hồi của tôi trước khi thay đổi mạnh giáo án. Mức đánh giá 3/5, trong nhịp tập tuần này.",4,0.0276
"Tôi muốn hệ thống tiếp tục quan sát phản hồi của tôi trước khi thay đổi mạnh giáo án. Mức đánh giá 3/5, khi theo giáo án hiện tại.",4,0.0276
"Tôi muốn hệ thống tiếp tục quan sát phản hồi của tôi trước khi thay đổi mạnh giáo án. Mức đánh giá 3/5, ở phần cuối buổi.",4,0.0276
"Tôi muốn hệ thống tiếp tục quan sát phản hồi của tôi trước khi thay đổi mạnh giáo án. Mức đánh giá 3/5, sau khi hoàn thành phần chính.",4,0.0276
"Khi thực hiện Push-Up, vùng Joint discomfort hơi khó chịu; nên ưu tiên phương án Replace Exercise. Mức đánh giá 2/5, khi theo giáo án hiện tại.",3,0.0207
"Push-Up tạo cảm giác không thật ổn ở Joint discomfort, tôi muốn kiểm tra kỹ thuật và điều chỉnh an toàn hơn. Mức đánh giá 1/5, khi tập với mức hiện tại.",3,0.0207
"Khi thực hiện Crab Walk, vùng Knee hơi khó chịu; nên ưu tiên phương án Replace Exercise. Mức đánh giá 1/5, sau khi hoàn thành phần chính.",3,0.0207
"Khi thực hiện Push-Up, vùng Joint discomfort hơi khó chịu; nên ưu tiên phương án Replace Exercise. Mức đánh giá 1/5, khi theo giáo án hiện tại.",3,0.0207
"Tôi cảm thấy mild discomfort ở Joint discomfort khi tập Push-Up, nên muốn replace exercise trước buổi sau. Mức đánh giá 2/5, ở lần ghi nhận gần đây.",3,0.0207
"Tôi không hợp Glute Bridge lắm, cảm giác kiểm soát chưa tốt nên nên cân nhắc thay thế. Lý do chính: Needs adjustment, Too hard. Mức đánh giá 1/5, ở phần cuối buổi.",3,0.0207
"Bài Burpee làm buổi tập nặng hơn dự kiến; tôi muốn giảm độ khó hoặc đổi biến thể. Lý do chính: Needs adjustment, Too hard. Mức đánh giá 2/5, sau khi hoàn thành phần chính.",3,0.0207
"Dead Bug hơi quá sức hoặc khó giữ kỹ thuật, tôi muốn replace exercise để tập ổn hơn. Lý do chính: Needs adjustment, Too hard. Mức đánh giá 2/5, trong nhịp tập tuần này.",3,0.0207
"Lying Leg Raise hơi quá sức hoặc khó giữ kỹ thuật, tôi muốn replace exercise để tập ổn hơn. Lý do chính: Needs adjustment, Too hard. Mức đánh giá 1/5, trong nhịp tập tuần này.",3,0.0207
"Tôi không hợp Plank lắm, cảm giác kiểm soát chưa tốt nên nên cân nhắc thay thế. Lý do chính: Needs adjustment, Too hard. Mức đánh giá 2/5, ở phần cuối buổi.",3,0.0207
"Tôi không hợp Lying Leg Raise lắm, cảm giác kiểm soát chưa tốt nên nên cân nhắc thay thế. Lý do chính: Needs adjustment, Too hard. Mức đánh giá 1/5, ở phần cuối buổi.",3,0.0207
"Tôi không hợp Reverse Crunch lắm, cảm giác kiểm soát chưa tốt nên nên cân nhắc thay thế. Lý do chính: Needs adjustment, Too hard. Mức đánh giá 2/5, khi tập với mức hiện tại.",3,0.0207
"Bài Side Plank làm buổi tập nặng hơn dự kiến; tôi muốn giảm độ khó hoặc đổi biến thể. Lý do chính: Needs adjustment, Too hard. Mức đánh giá 1/5, khi theo giáo án hiện tại.",3,0.0207
"Bài Push-Up làm buổi tập nặng hơn dự kiến; tôi muốn giảm độ khó hoặc đổi biến thể. Lý do chính: Needs adjustment, Too hard. Mức đánh giá 1/5, sau khi hoàn thành phần chính.",3,0.0207
"Tôi không hợp Side Plank lắm, cảm giác kiểm soát chưa tốt nên nên cân nhắc thay thế. Lý do chính: Needs adjustment, Too hard. Mức đánh giá 1/5, ở phần cuối buổi.",3,0.0207
"Mountain Climbers hơi quá sức hoặc khó giữ kỹ thuật, tôi muốn replace exercise để tập ổn hơn. Lý do chính: Needs adjustment, Too hard. Mức đánh giá 1/5, ở lần ghi nhận gần đây.",3,0.0207
"Tôi không hợp Crab Walk lắm, cảm giác kiểm soát chưa tốt nên nên cân nhắc thay thế. Lý do chính: Needs adjustment, Too hard. Mức đánh giá 2/5, ở phần cuối buổi.",3,0.0207
"Band Pull-Apart hơi quá sức hoặc khó giữ kỹ thuật, tôi muốn replace exercise để tập ổn hơn. Lý do chính: Needs adjustment, Too hard. Mức đánh giá 2/5, trong nhịp tập tuần này.",3,0.0207
"Glute Bridge hơi quá sức hoặc khó giữ kỹ thuật, tôi muốn replace exercise để tập ổn hơn. Lý do chính: Needs adjustment, Too hard. Mức đánh giá 1/5, ở lần ghi nhận gần đây.",3,0.0207
"Bài Donkey Kick làm buổi tập nặng hơn dự kiến; tôi muốn giảm độ khó hoặc đổi biến thể. Lý do chính: Needs adjustment, Too hard. Mức đánh giá 1/5, khi theo giáo án hiện tại.",3,0.0207
"Tibialis Raise hơi quá sức hoặc khó giữ kỹ thuật, tôi muốn replace exercise để tập ổn hơn. Lý do chính: Needs adjustment, Too hard. Mức đánh giá 2/5, ở lần ghi nhận gần đây.",3,0.0207
"Machine Lateral Raise hơi quá sức hoặc khó giữ kỹ thuật, tôi muốn replace exercise để tập ổn hơn. Lý do chính: Needs adjustment, Too hard. Mức đánh giá 2/5, ở lần ghi nhận gần đây.",3,0.0207
"Tôi không hợp Machine Chest Press lắm, cảm giác kiểm soát chưa tốt nên nên cân nhắc thay thế. Lý do chính: Needs adjustment, Too hard. Mức đánh giá 1/5, khi tập với mức hiện tại.",3,0.0207
"Bài Seated Machine Chest Press làm buổi tập nặng hơn dự kiến; tôi muốn giảm độ khó hoặc đổi biến thể. Lý do chính: Needs adjustment, Too hard. Mức đánh giá 2/5, sau khi hoàn thành phần chính.",3,0.0207
"Bài Machine Chest Press làm buổi tập nặng hơn dự kiến; tôi muốn giảm độ khó hoặc đổi biến thể. Lý do chính: Needs adjustment, Too hard. Mức đánh giá 1/5, sau khi hoàn thành phần chính.",3,0.0207
"Tôi không hợp Machine Chest Press lắm, cảm giác kiểm soát chưa tốt nên nên cân nhắc thay thế. Lý do chính: Needs adjustment, Too hard. Mức đánh giá 1/5, ở phần cuối buổi.",3,0.0207
"Wall Sit hơi quá sức hoặc khó giữ kỹ thuật, tôi muốn replace exercise để tập ổn hơn. Lý do chính: Needs adjustment, Too hard. Mức đánh giá 1/5, ở lần ghi nhận gần đây.",3,0.0207
"Tôi không hợp Tibialis Raise lắm, cảm giác kiểm soát chưa tốt nên nên cân nhắc thay thế. Lý do chính: Needs adjustment, Too hard. Mức đánh giá 1/5, ở phần cuối buổi.",3,0.0207
"Burpee hơi quá sức hoặc khó giữ kỹ thuật, tôi muốn replace exercise để tập ổn hơn. Lý do chính: Needs adjustment, Too hard. Mức đánh giá 2/5, ở lần ghi nhận gần đây.",3,0.0207
"Tôi không hợp Lateral Band Walk lắm, cảm giác kiểm soát chưa tốt nên nên cân nhắc thay thế. Lý do chính: Needs adjustment, Too hard. Mức đánh giá 1/5, ở phần cuối buổi.",3,0.0207
"Tôi không hợp Machine Row lắm, cảm giác kiểm soát chưa tốt nên nên cân nhắc thay thế. Lý do chính: Needs adjustment, Too hard. Mức đánh giá 1/5, khi tập với mức hiện tại.",3,0.0207
"Tôi thấy Copenhagen Plank bình thường, độ khó tương đối ổn nhưng chưa phải bài tôi thích nhất. Lý do chính: Monitor. Mức đánh giá 3/5, ở phần cuối buổi.",3,0.0207
"Bài Decline Push-Up dùng được, hiện tại tôi muốn giữ lựa chọn mở thay vì đổi ngay. Lý do chính: Monitor. Mức đánh giá 3/5, sau khi hoàn thành phần chính.",3,0.0207
"Tôi thấy TRX Push-Up bình thường, độ khó tương đối ổn nhưng chưa phải bài tôi thích nhất. Lý do chính: Monitor. Mức đánh giá 3/5, ở phần cuối buổi.",3,0.0207
"Machine Hip Thrust ở mức chấp nhận được, tôi chưa có ưu tiên mạnh và muốn theo dõi thêm vài buổi. Lý do chính: Monitor. Mức đánh giá 3/5, trong nhịp tập tuần này.",3,0.0207
"Bài Standing Ab Wheel Rollout dùng được, hiện tại tôi muốn giữ lựa chọn mở thay vì đổi ngay. Lý do chính: Monitor. Mức đánh giá 3/5, khi theo giáo án hiện tại.",3,0.0207
"Tôi thấy Single-Arm TRX Row bình thường, độ khó tương đối ổn nhưng chưa phải bài tôi thích nhất. Lý do chính: Monitor. Mức đánh giá 3/5, khi tập với mức hiện tại.",3,0.0207
"Tôi thấy Hack Squat bình thường, độ khó tương đối ổn nhưng chưa phải bài tôi thích nhất. Lý do chính: Monitor. Mức đánh giá 3/5, khi tập với mức hiện tại.",3,0.0207
"Bài Hack Squat dùng được, hiện tại tôi muốn giữ lựa chọn mở thay vì đổi ngay. Lý do chính: Monitor. Mức đánh giá 3/5, khi theo giáo án hiện tại.",3,0.0207
"Bài Crab Walk dùng được, hiện tại tôi muốn giữ lựa chọn mở thay vì đổi ngay. Lý do chính: Monitor. Mức đánh giá 3/5, sau khi hoàn thành phần chính.",3,0.0207
"Tôi thấy Seated Inner Thigh Adductor Machine bình thường, độ khó tương đối ổn nhưng chưa phải bài tôi thích nhất. Lý do chính: Monitor. Mức đánh giá 3/5, khi tập với mức hiện tại.",3,0.0207
"Bài Hindu Push-Up dùng được, hiện tại tôi muốn giữ lựa chọn mở thay vì đổi ngay. Lý do chính: Monitor. Mức đánh giá 3/5, khi theo giáo án hiện tại.",3,0.0207
"Tôi thấy V-Up bình thường, độ khó tương đối ổn nhưng chưa phải bài tôi thích nhất. Lý do chính: Monitor. Mức đánh giá 3/5, khi tập với mức hiện tại.",3,0.0207
"Glute Bridge March ở mức chấp nhận được, tôi chưa có ưu tiên mạnh và muốn theo dõi thêm vài buổi. Lý do chính: Monitor. Mức đánh giá 3/5, ở lần ghi nhận gần đây.",3,0.0207
"Bài Dead Bug dùng được, hiện tại tôi muốn giữ lựa chọn mở thay vì đổi ngay. Lý do chính: Monitor. Mức đánh giá 3/5, sau khi hoàn thành phần chính.",3,0.0207
"Bài Pike Push-Up dùng được, hiện tại tôi muốn giữ lựa chọn mở thay vì đổi ngay. Lý do chính: Monitor. Mức đánh giá 3/5, sau khi hoàn thành phần chính.",3,0.0207
"Hindu Push-Up ở mức chấp nhận được, tôi chưa có ưu tiên mạnh và muốn theo dõi thêm vài buổi. Lý do chính: Monitor. Mức đánh giá 3/5, ở lần ghi nhận gần đây.",3,0.0207
"V-Up ở mức chấp nhận được, tôi chưa có ưu tiên mạnh và muốn theo dõi thêm vài buổi. Lý do chính: Monitor. Mức đánh giá 3/5, ở lần ghi nhận gần đây.",3,0.0207
"Tôi thấy Pike Push-Up bình thường, độ khó tương đối ổn nhưng chưa phải bài tôi thích nhất. Lý do chính: Monitor. Mức đánh giá 3/5, ở phần cuối buổi.",3,0.0207
"Tôi thấy Bird Dog bình thường, độ khó tương đối ổn nhưng chưa phải bài tôi thích nhất. Lý do chính: Monitor. Mức đánh giá 3/5, khi tập với mức hiện tại.",3,0.0207
"Bài Side-Lying Inner Thigh Raise dùng được, hiện tại tôi muốn giữ lựa chọn mở thay vì đổi ngay. Lý do chính: Monitor. Mức đánh giá 3/5, khi theo giáo án hiện tại.",3,0.0207
"Tôi thấy Single-Leg Glute Bridge bình thường, độ khó tương đối ổn nhưng chưa phải bài tôi thích nhất. Lý do chính: Monitor. Mức đánh giá 3/5, khi tập với mức hiện tại.",3,0.0207
"Tôi thấy Dumbbell Front Raise bình thường, độ khó tương đối ổn nhưng chưa phải bài tôi thích nhất. Lý do chính: Monitor. Mức đánh giá 3/5, ở phần cuối buổi.",3,0.0207
"Bài Tibialis Raise dùng được, hiện tại tôi muốn giữ lựa chọn mở thay vì đổi ngay. Lý do chính: Monitor. Mức đánh giá 3/5, khi theo giáo án hiện tại.",3,0.0207
"Bài Dumbbell Front Raise dùng được, hiện tại tôi muốn giữ lựa chọn mở thay vì đổi ngay. Lý do chính: Monitor. Mức đánh giá 3/5, khi theo giáo án hiện tại.",3,0.0207
"Chest-Supported Dumbbell Row ở mức chấp nhận được, tôi chưa có ưu tiên mạnh và muốn theo dõi thêm vài buổi. Lý do chính: Monitor. Mức đánh giá 3/5, trong nhịp tập tuần này.",3,0.0207
"Bài Donkey Calf Raise dùng được, hiện tại tôi muốn giữ lựa chọn mở thay vì đổi ngay. Lý do chính: Monitor. Mức đánh giá 3/5, sau khi hoàn thành phần chính.",3,0.0207
"Tôi thấy Plank bình thường, độ khó tương đối ổn nhưng chưa phải bài tôi thích nhất. Lý do chính: Monitor. Mức đánh giá 3/5, ở phần cuối buổi.",3,0.0207
"Tôi thấy Smith Machine Shrug bình thường, độ khó tương đối ổn nhưng chưa phải bài tôi thích nhất. Lý do chính: Monitor. Mức đánh giá 3/5, khi tập với mức hiện tại.",3,0.0207
"Bài Copenhagen Adductor Drop dùng được, hiện tại tôi muốn giữ lựa chọn mở thay vì đổi ngay. Lý do chính: Monitor. Mức đánh giá 3/5, khi theo giáo án hiện tại.",3,0.0207
"Decline Push-Up ở mức chấp nhận được, tôi chưa có ưu tiên mạnh và muốn theo dõi thêm vài buổi. Lý do chính: Monitor. Mức đánh giá 3/5, ở lần ghi nhận gần đây.",3,0.0207
"Tôi thấy Chest-Supported T-Bar Row bình thường, độ khó tương đối ổn nhưng chưa phải bài tôi thích nhất. Lý do chính: Monitor. Mức đánh giá 3/5, ở phần cuối buổi.",3,0.0207
"Tôi thấy Smith Machine Upright Row bình thường, độ khó tương đối ổn nhưng chưa phải bài tôi thích nhất. Lý do chính: Monitor. Mức đánh giá 3/5, khi tập với mức hiện tại.",3,0.0207
"Bài Mountain Climbers dùng được, hiện tại tôi muốn giữ lựa chọn mở thay vì đổi ngay. Lý do chính: Monitor. Mức đánh giá 3/5, khi theo giáo án hiện tại.",3,0.0207
"Close-Grip Push-Up ở mức chấp nhận được, tôi chưa có ưu tiên mạnh và muốn theo dõi thêm vài buổi. Lý do chính: Monitor. Mức đánh giá 3/5, trong nhịp tập tuần này.",3,0.0207
"Tôi thấy Mountain Climbers bình thường, độ khó tương đối ổn nhưng chưa phải bài tôi thích nhất. Lý do chính: Monitor. Mức đánh giá 3/5, ở phần cuối buổi.",3,0.0207
"Tôi thấy Side Plank bình thường, độ khó tương đối ổn nhưng chưa phải bài tôi thích nhất. Lý do chính: Monitor. Mức đánh giá 3/5, khi tập với mức hiện tại.",3,0.0207
"Bài Side Plank dùng được, hiện tại tôi muốn giữ lựa chọn mở thay vì đổi ngay. Lý do chính: Monitor. Mức đánh giá 3/5, khi theo giáo án hiện tại.",3,0.0207
"Bài Single-Leg Leg Press dùng được, hiện tại tôi muốn giữ lựa chọn mở thay vì đổi ngay. Lý do chính: Monitor. Mức đánh giá 3/5, sau khi hoàn thành phần chính.",3,0.0207
"Single-Leg Leg Press ở mức chấp nhận được, tôi chưa có ưu tiên mạnh và muốn theo dõi thêm vài buổi. Lý do chính: Monitor. Mức đánh giá 3/5, ở lần ghi nhận gần đây.",3,0.0207
"Machine Hip Abductor ở mức chấp nhận được, tôi chưa có ưu tiên mạnh và muốn theo dõi thêm vài buổi. Lý do chính: Monitor. Mức đánh giá 3/5, ở lần ghi nhận gần đây.",3,0.0207
"Bài Leg Press Calf Raise dùng được, hiện tại tôi muốn giữ lựa chọn mở thay vì đổi ngay. Lý do chính: Monitor. Mức đánh giá 3/5, khi theo giáo án hiện tại.",3,0.0207
"Tôi thấy Glute Kickback Machine bình thường, độ khó tương đối ổn nhưng chưa phải bài tôi thích nhất. Lý do chính: Monitor. Mức đánh giá 3/5, khi tập với mức hiện tại.",3,0.0207
"Seated Outer Thigh Abductor Machine ở mức chấp nhận được, tôi chưa có ưu tiên mạnh và muốn theo dõi thêm vài buổi. Lý do chính: Monitor. Mức đánh giá 3/5, ở lần ghi nhận gần đây.",3,0.0207
"Leg Press ở mức chấp nhận được, tôi chưa có ưu tiên mạnh và muốn theo dõi thêm vài buổi. Lý do chính: Monitor. Mức đánh giá 3/5, ở lần ghi nhận gần đây.",3,0.0207
"Tôi thấy Seated Outer Thigh Abductor Machine bình thường, độ khó tương đối ổn nhưng chưa phải bài tôi thích nhất. Lý do chính: Monitor. Mức đánh giá 3/5, khi tập với mức hiện tại.",3,0.0207
"Reverse Crunch ở mức chấp nhận được, tôi chưa có ưu tiên mạnh và muốn theo dõi thêm vài buổi. Lý do chính: Monitor. Mức đánh giá 3/5, ở lần ghi nhận gần đây.",3,0.0207
"Tôi thấy V-Up bình thường, độ khó tương đối ổn nhưng chưa phải bài tôi thích nhất. Lý do chính: Monitor. Mức đánh giá 3/5, ở phần cuối buổi.",3,0.0207
"Tôi thấy EZ-Bar Preacher Curl bình thường, độ khó tương đối ổn nhưng chưa phải bài tôi thích nhất. Lý do chính: Monitor. Mức đánh giá 3/5, khi tập với mức hiện tại.",3,0.0207
"Tôi thấy Pull-Up bình thường, độ khó tương đối ổn nhưng chưa phải bài tôi thích nhất. Lý do chính: Monitor. Mức đánh giá 3/5, ở phần cuối buổi.",3,0.0207
"Tôi thấy Hanging Leg Raise bình thường, độ khó tương đối ổn nhưng chưa phải bài tôi thích nhất. Lý do chính: Monitor. Mức đánh giá 3/5, ở phần cuối buổi.",3,0.0207
"Bài Chin-Up dùng được, hiện tại tôi muốn giữ lựa chọn mở thay vì đổi ngay. Lý do chính: Monitor. Mức đánh giá 3/5, khi theo giáo án hiện tại.",3,0.0207
"Tôi thấy Chin-Up bình thường, độ khó tương đối ổn nhưng chưa phải bài tôi thích nhất. Lý do chính: Monitor. Mức đánh giá 3/5, khi tập với mức hiện tại.",3,0.0207
"Pull-Up ở mức chấp nhận được, tôi chưa có ưu tiên mạnh và muốn theo dõi thêm vài buổi. Lý do chính: Monitor. Mức đánh giá 3/5, ở lần ghi nhận gần đây.",3,0.0207
"Pull-Up ở mức chấp nhận được, tôi chưa có ưu tiên mạnh và muốn theo dõi thêm vài buổi. Lý do chính: Monitor. Mức đánh giá 3/5, trong nhịp tập tuần này.",3,0.0207
"Tôi thấy Pull-Up bình thường, độ khó tương đối ổn nhưng chưa phải bài tôi thích nhất. Lý do chính: Monitor. Mức đánh giá 3/5, khi tập với mức hiện tại.",3,0.0207
"Bài Pistol Squat dùng được, hiện tại tôi muốn giữ lựa chọn mở thay vì đổi ngay. Lý do chính: Monitor. Mức đánh giá 3/5, sau khi hoàn thành phần chính.",3,0.0207
"Tôi thấy Machine Row bình thường, độ khó tương đối ổn nhưng chưa phải bài tôi thích nhất. Lý do chính: Monitor. Mức đánh giá 3/5, ở phần cuối buổi.",3,0.0207
"Machine Lateral Raise ở mức chấp nhận được, tôi chưa có ưu tiên mạnh và muốn theo dõi thêm vài buổi. Lý do chính: Monitor. Mức đánh giá 3/5, trong nhịp tập tuần này.",3,0.0207
"Tôi thấy Barbell Shrug bình thường, độ khó tương đối ổn nhưng chưa phải bài tôi thích nhất. Lý do chính: Monitor. Mức đánh giá 3/5, khi tập với mức hiện tại.",3,0.0207
"Bài Chest-Supported T-Bar Row dùng được, hiện tại tôi muốn giữ lựa chọn mở thay vì đổi ngay. Lý do chính: Monitor. Mức đánh giá 3/5, khi theo giáo án hiện tại.",3,0.0207
"Bài Ab Crunch Machine dùng được, hiện tại tôi muốn giữ lựa chọn mở thay vì đổi ngay. Lý do chính: Monitor. Mức đánh giá 3/5, sau khi hoàn thành phần chính.",3,0.0207
"Smith Machine Shrug ở mức chấp nhận được, tôi chưa có ưu tiên mạnh và muốn theo dõi thêm vài buổi. Lý do chính: Monitor. Mức đánh giá 3/5, ở lần ghi nhận gần đây.",3,0.0207
"Bài Machine Pec Deck Fly dùng được, hiện tại tôi muốn giữ lựa chọn mở thay vì đổi ngay. Lý do chính: Monitor. Mức đánh giá 3/5, sau khi hoàn thành phần chính.",3,0.0207
"Bài Burpee vào nhịp tốt, tôi muốn progression rõ hơn để tiếp tục tiến bộ. Lý do chính: Good fit, Too easy. Mức đánh giá 5/5, khi theo giáo án hiện tại.",3,0.0207
"Tôi thấy Burpee đang hơi nhẹ so với sức hiện tại, có thể tăng độ khó hoặc thêm volume vừa phải. Lý do chính: Good fit, Too easy. Mức đánh giá 5/5, ở phần cuối buổi.",3,0.0207
"Bài Burpee vào nhịp tốt, tôi muốn progression rõ hơn để tiếp tục tiến bộ. Lý do chính: Good fit, Too easy. Mức đánh giá 5/5, sau khi hoàn thành phần chính.",3,0.0207
"Tôi thấy Standing Ab Wheel Rollout đang hơi nhẹ so với sức hiện tại, có thể tăng độ khó hoặc thêm volume vừa phải. Lý do chính: Good fit, Too easy. Mức đánh giá 4/5, ở phần cuối buổi.",3,0.0207
"Tôi thấy TRX Pistol Squat đang hơi nhẹ so với sức hiện tại, có thể tăng độ khó hoặc thêm volume vừa phải. Lý do chính: Good fit, Too easy. Mức đánh giá 5/5, khi tập với mức hiện tại.",3,0.0207
"Bài Chest-Supported T-Bar Row vào nhịp tốt, tôi muốn progression rõ hơn để tiếp tục tiến bộ. Lý do chính: Good fit, Too easy. Mức đánh giá 5/5, khi theo giáo án hiện tại.",3,0.0207
"Bài TRX Pistol Squat vào nhịp tốt, tôi muốn progression rõ hơn để tiếp tục tiến bộ. Lý do chính: Good fit, Too easy. Mức đánh giá 4/5, khi theo giáo án hiện tại.",3,0.0207
"Bài Machine Shoulder Press vào nhịp tốt, tôi muốn progression rõ hơn để tiếp tục tiến bộ. Lý do chính: Good fit, Too easy. Mức đánh giá 4/5, khi theo giáo án hiện tại.",3,0.0207
"Machine Hip Abductor khá dễ kiểm soát, tôi hoàn thành tốt và muốn tăng thử thách nhẹ ở lần tới. Lý do chính: Good fit, Too easy. Mức đánh giá 4/5, trong nhịp tập tuần này.",3,0.0207
"Tôi thấy Machine Hip Abductor đang hơi nhẹ so với sức hiện tại, có thể tăng độ khó hoặc thêm volume vừa phải. Lý do chính: Good fit, Too easy. Mức đánh giá 4/5, ở phần cuối buổi.",3,0.0207
"Bài Machine Hip Abductor vào nhịp tốt, tôi muốn progression rõ hơn để tiếp tục tiến bộ. Lý do chính: Good fit, Too easy. Mức đánh giá 5/5, sau khi hoàn thành phần chính.",3,0.0207
"Bài Machine Hip Adductor vào nhịp tốt, tôi muốn progression rõ hơn để tiếp tục tiến bộ. Lý do chính: Good fit, Too easy. Mức đánh giá 4/5, khi theo giáo án hiện tại.",3,0.0207
"Tôi thấy Dumbbell Romanian Deadlift đang hơi nhẹ so với sức hiện tại, có thể tăng độ khó hoặc thêm volume vừa phải. Lý do chính: Good fit, Too easy. Mức đánh giá 4/5, ở phần cuối buổi.",3,0.0207
"Dumbbell Lateral Raise khá dễ kiểm soát, tôi hoàn thành tốt và muốn tăng thử thách nhẹ ở lần tới. Lý do chính: Good fit, Too easy. Mức đánh giá 5/5, trong nhịp tập tuần này.",3,0.0207
"Dumbbell Lateral Raise khá dễ kiểm soát, tôi hoàn thành tốt và muốn tăng thử thách nhẹ ở lần tới. Lý do chính: Good fit, Too easy. Mức đánh giá 4/5, trong nhịp tập tuần này.",3,0.0207
"Dumbbell Shrug khá dễ kiểm soát, tôi hoàn thành tốt và muốn tăng thử thách nhẹ ở lần tới. Lý do chính: Good fit, Too easy. Mức đánh giá 5/5, trong nhịp tập tuần này.",3,0.0207
"Tôi thấy Dumbbell Shrug đang hơi nhẹ so với sức hiện tại, có thể tăng độ khó hoặc thêm volume vừa phải. Lý do chính: Good fit, Too easy. Mức đánh giá 5/5, khi tập với mức hiện tại.",3,0.0207
"Bài Wall Slide vào nhịp tốt, tôi muốn progression rõ hơn để tiếp tục tiến bộ. Lý do chính: Good fit, Too easy. Mức đánh giá 4/5, khi theo giáo án hiện tại.",3,0.0207
"Seated Leg Curl khá dễ kiểm soát, tôi hoàn thành tốt và muốn tăng thử thách nhẹ ở lần tới. Lý do chính: Good fit, Too easy. Mức đánh giá 5/5, ở lần ghi nhận gần đây.",3,0.0207
"Tibialis Raise khá dễ kiểm soát, tôi hoàn thành tốt và muốn tăng thử thách nhẹ ở lần tới. Lý do chính: Good fit, Too easy. Mức đánh giá 4/5, ở lần ghi nhận gần đây.",3,0.0207
"Tôi thấy Tibialis Raise đang hơi nhẹ so với sức hiện tại, có thể tăng độ khó hoặc thêm volume vừa phải. Lý do chính: Good fit, Too easy. Mức đánh giá 4/5, khi tập với mức hiện tại.",3,0.0207
"Seated Leg Curl khá dễ kiểm soát, tôi hoàn thành tốt và muốn tăng thử thách nhẹ ở lần tới. Lý do chính: Good fit, Too easy. Mức đánh giá 4/5, trong nhịp tập tuần này.",3,0.0207
"Bài Wall Sit vào nhịp tốt, tôi muốn progression rõ hơn để tiếp tục tiến bộ. Lý do chính: Good fit, Too easy. Mức đánh giá 5/5, sau khi hoàn thành phần chính.",3,0.0207
"Seated Leg Curl khá dễ kiểm soát, tôi hoàn thành tốt và muốn tăng thử thách nhẹ ở lần tới. Lý do chính: Good fit, Too easy. Mức đánh giá 5/5, trong nhịp tập tuần này.",3,0.0207
"Bài Tibialis Raise vào nhịp tốt, tôi muốn progression rõ hơn để tiếp tục tiến bộ. Lý do chính: Good fit, Too easy. Mức đánh giá 4/5, khi theo giáo án hiện tại.",3,0.0207
"Bài Tibialis Raise vào nhịp tốt, tôi muốn progression rõ hơn để tiếp tục tiến bộ. Lý do chính: Good fit, Too easy. Mức đánh giá 4/5, sau khi hoàn thành phần chính.",3,0.0207
"Tôi thấy Wall Sit đang hơi nhẹ so với sức hiện tại, có thể tăng độ khó hoặc thêm volume vừa phải. Lý do chính: Good fit, Too easy. Mức đánh giá 5/5, ở phần cuối buổi.",3,0.0207
"Push-Up khá dễ kiểm soát, tôi hoàn thành tốt và muốn tăng thử thách nhẹ ở lần tới. Lý do chính: Good fit, Too easy. Mức đánh giá 4/5, trong lần đánh giá hôm nay.",3,0.0207
"Tôi thấy Glute Bridge đang hơi nhẹ so với sức hiện tại, có thể tăng độ khó hoặc thêm volume vừa phải. Lý do chính: Good fit, Too easy. Mức đánh giá 4/5, khi tập với mức hiện tại.",3,0.0207
"Bài Pike Push-Up vào nhịp tốt, tôi muốn progression rõ hơn để tiếp tục tiến bộ. Lý do chính: Good fit, Too easy. Mức đánh giá 5/5, sau khi hoàn thành phần chính.",3,0.0207
"Bài Pike Push-Up vào nhịp tốt, tôi muốn progression rõ hơn để tiếp tục tiến bộ. Lý do chính: Good fit, Too easy. Mức đánh giá 4/5, sau khi hoàn thành phần chính.",3,0.0207
"Tôi thấy Hindu Push-Up đang hơi nhẹ so với sức hiện tại, có thể tăng độ khó hoặc thêm volume vừa phải. Lý do chính: Good fit, Too easy. Mức đánh giá 5/5, khi tập với mức hiện tại.",3,0.0207
"Tôi thấy V-Up đang hơi nhẹ so với sức hiện tại, có thể tăng độ khó hoặc thêm volume vừa phải. Lý do chính: Good fit, Too easy. Mức đánh giá 5/5, ở phần cuối buổi.",3,0.0207
"Tôi thấy Glute Bridge March đang hơi nhẹ so với sức hiện tại, có thể tăng độ khó hoặc thêm volume vừa phải. Lý do chính: Good fit, Too easy. Mức đánh giá 5/5, khi xét cảm giác phục hồi.",3,0.0207
"Tôi thấy Machine Assisted Dip đang hơi nhẹ so với sức hiện tại, có thể tăng độ khó hoặc thêm volume vừa phải. Lý do chính: Good fit, Too easy. Mức đánh giá 4/5, khi tập với mức hiện tại.",3,0.0207
"Bài Push-Up vào nhịp tốt, tôi muốn progression rõ hơn để tiếp tục tiến bộ. Lý do chính: Good fit, Too easy. Mức đánh giá 5/5, ở bối cảnh lịch tập này.",3,0.0207
"Cossack Squat khá dễ kiểm soát, tôi hoàn thành tốt và muốn tăng thử thách nhẹ ở lần tới. Lý do chính: Good fit, Too easy. Mức đánh giá 5/5, ở lần ghi nhận gần đây.",3,0.0207
"Tôi thấy Crab Walk đang hơi nhẹ so với sức hiện tại, có thể tăng độ khó hoặc thêm volume vừa phải. Lý do chính: Good fit, Too easy. Mức đánh giá 5/5, ở phần cuối buổi.",3,0.0207
"Tôi thấy Hanging Leg Raise đang hơi nhẹ so với sức hiện tại, có thể tăng độ khó hoặc thêm volume vừa phải. Lý do chính: Good fit, Too easy. Mức đánh giá 4/5, khi tập với mức hiện tại.",3,0.0207
"Tôi thấy Hanging Leg Raise đang hơi nhẹ so với sức hiện tại, có thể tăng độ khó hoặc thêm volume vừa phải. Lý do chính: Good fit, Too easy. Mức đánh giá 5/5, khi tập với mức hiện tại.",3,0.0207
"Hanging Leg Raise khá dễ kiểm soát, tôi hoàn thành tốt và muốn tăng thử thách nhẹ ở lần tới. Lý do chính: Good fit, Too easy. Mức đánh giá 4/5, trong nhịp tập tuần này.",3,0.0207
"Bài Hanging Leg Raise vào nhịp tốt, tôi muốn progression rõ hơn để tiếp tục tiến bộ. Lý do chính: Good fit, Too easy. Mức đánh giá 5/5, sau khi hoàn thành phần chính.",3,0.0207
"Bài Hanging Leg Raise vào nhịp tốt, tôi muốn progression rõ hơn để tiếp tục tiến bộ. Lý do chính: Good fit, Too easy. Mức đánh giá 4/5, khi theo giáo án hiện tại.",3,0.0207
"Tôi thấy Medicine Ball Slam đang hơi nhẹ so với sức hiện tại, có thể tăng độ khó hoặc thêm volume vừa phải. Lý do chính: Good fit, Too easy. Mức đánh giá 4/5, khi tập với mức hiện tại.",3,0.0207
"Tôi thấy Machine Incline Chest Press đang hơi nhẹ so với sức hiện tại, có thể tăng độ khó hoặc thêm volume vừa phải. Lý do chính: Good fit, Too easy. Mức đánh giá 4/5, khi tập với mức hiện tại.",3,0.0207
"TRX Pistol Squat khá dễ kiểm soát, tôi hoàn thành tốt và muốn tăng thử thách nhẹ ở lần tới. Lý do chính: Good fit, Too easy. Mức đánh giá 4/5, trong nhịp tập tuần này.",3,0.0207
"Single-Arm TRX Row khá dễ kiểm soát, tôi hoàn thành tốt và muốn tăng thử thách nhẹ ở lần tới. Lý do chính: Good fit, Too easy. Mức đánh giá 5/5, trong nhịp tập tuần này.",3,0.0207
"V-Up khá dễ kiểm soát, tôi hoàn thành tốt và muốn tăng thử thách nhẹ ở lần tới. Lý do chính: Good fit, Too easy. Mức đánh giá 5/5, ở lần ghi nhận gần đây.",3,0.0207
"Tôi thấy Mountain Climbers đang hơi nhẹ so với sức hiện tại, có thể tăng độ khó hoặc thêm volume vừa phải. Lý do chính: Good fit, Too easy. Mức đánh giá 5/5, khi xét cảm giác phục hồi.",3,0.0207
"Tôi thấy Front Plank with Reach đang hơi nhẹ so với sức hiện tại, có thể tăng độ khó hoặc thêm volume vừa phải. Lý do chính: Good fit, Too easy. Mức đánh giá 5/5, khi tập với mức hiện tại.",3,0.0207
"Tôi thấy Hollow Body Hold đang hơi nhẹ so với sức hiện tại, có thể tăng độ khó hoặc thêm volume vừa phải. Lý do chính: Good fit, Too easy. Mức đánh giá 4/5, ở phần cuối buổi.",3,0.0207
"Tôi thấy Single-Leg Glute Bridge đang hơi nhẹ so với sức hiện tại, có thể tăng độ khó hoặc thêm volume vừa phải. Lý do chính: Good fit, Too easy. Mức đánh giá 4/5, khi tập với mức hiện tại.",3,0.0207
"Tôi thấy Side Plank đang hơi nhẹ so với sức hiện tại, có thể tăng độ khó hoặc thêm volume vừa phải. Lý do chính: Good fit, Too easy. Mức đánh giá 4/5, khi xét cảm giác phục hồi.",3,0.0207
"Bài Single-Leg Glute Bridge vào nhịp tốt, tôi muốn progression rõ hơn để tiếp tục tiến bộ. Lý do chính: Good fit, Too easy. Mức đánh giá 5/5, khi theo giáo án hiện tại.",3,0.0207
"Tôi thấy Lying Leg Raise đang hơi nhẹ so với sức hiện tại, có thể tăng độ khó hoặc thêm volume vừa phải. Lý do chính: Good fit, Too easy. Mức đánh giá 4/5, ở phần cuối buổi.",3,0.0207
"Tôi thấy Side Plank đang hơi nhẹ so với sức hiện tại, có thể tăng độ khó hoặc thêm volume vừa phải. Lý do chính: Good fit, Too easy. Mức đánh giá 5/5, ở phần cuối buổi.",3,0.0207
"Front Plank with Reach khá dễ kiểm soát, tôi hoàn thành tốt và muốn tăng thử thách nhẹ ở lần tới. Lý do chính: Good fit, Too easy. Mức đánh giá 4/5, trong nhịp tập tuần này.",3,0.0207
"Skater Squat khá dễ kiểm soát, tôi hoàn thành tốt và muốn tăng thử thách nhẹ ở lần tới. Lý do chính: Good fit, Too easy. Mức đánh giá 4/5, trong nhịp tập tuần này.",3,0.0207
"Skater Squat khá dễ kiểm soát, tôi hoàn thành tốt và muốn tăng thử thách nhẹ ở lần tới. Lý do chính: Good fit, Too easy. Mức đánh giá 5/5, ở lần ghi nhận gần đây.",3,0.0207
"Bài Lying Leg Raise vào nhịp tốt, tôi muốn progression rõ hơn để tiếp tục tiến bộ. Lý do chính: Good fit, Too easy. Mức đánh giá 5/5, sau khi hoàn thành phần chính.",3,0.0207
"Bài Machine Bicep Curl vào nhịp tốt, tôi muốn progression rõ hơn để tiếp tục tiến bộ. Lý do chính: Good fit, Too easy. Mức đánh giá 5/5, sau khi hoàn thành phần chính.",3,0.0207
"Tôi thấy Pistol Squat đang hơi nhẹ so với sức hiện tại, có thể tăng độ khó hoặc thêm volume vừa phải. Lý do chính: Good fit, Too easy. Mức đánh giá 5/5, khi tập với mức hiện tại.",3,0.0207
"Tôi thấy Pistol Squat đang hơi nhẹ so với sức hiện tại, có thể tăng độ khó hoặc thêm volume vừa phải. Lý do chính: Good fit, Too easy. Mức đánh giá 5/5, ở phần cuối buổi.",3,0.0207
"Bài Chest-Supported T-Bar Row vào nhịp tốt, tôi muốn progression rõ hơn để tiếp tục tiến bộ. Lý do chính: Good fit, Too easy. Mức đánh giá 4/5, khi theo giáo án hiện tại.",3,0.0207
"Bài Plank vào nhịp tốt, tôi muốn progression rõ hơn để tiếp tục tiến bộ. Lý do chính: Good fit, Too easy. Mức đánh giá 4/5, khi theo giáo án hiện tại.",3,0.0207
"Banded Good Morning phù hợp với tôi, không gây khó chịu và giúp buổi tập có nhịp ổn. Lý do chính: Good fit. Mức đánh giá 5/5, khi tập với mức hiện tại.",3,0.0207
"Band Pull-Apart phù hợp với tôi, không gây khó chịu và giúp buổi tập có nhịp ổn. Lý do chính: Good fit. Mức đánh giá 4/5, ở phần cuối buổi.",3,0.0207
"Tôi thích Bird Dog, cảm giác vào cơ tốt và muốn giữ bài này trong lịch. Lý do chính: Good fit. Mức đánh giá 4/5, trong nhịp tập tuần này.",3,0.0207
"Tôi thích Glute Bridge March, cảm giác vào cơ tốt và muốn giữ bài này trong lịch. Lý do chính: Good fit. Mức đánh giá 4/5, trong nhịp tập tuần này.",3,0.0207
"Tôi thích Side-Lying Inner Thigh Raise, cảm giác vào cơ tốt và muốn giữ bài này trong lịch. Lý do chính: Good fit. Mức đánh giá 5/5, trong nhịp tập tuần này.",3,0.0207
"Bài Dead Bug dễ setup, cảm giác kiểm soát tốt nên tôi muốn tiếp tục duy trì. Lý do chính: Good fit. Mức đánh giá 4/5, khi theo giáo án hiện tại.",3,0.0207
"Tôi thích Donkey Kick, cảm giác vào cơ tốt và muốn giữ bài này trong lịch. Lý do chính: Good fit. Mức đánh giá 4/5, ở lần ghi nhận gần đây.",3,0.0207
"Reverse Crunch phù hợp với tôi, không gây khó chịu và giúp buổi tập có nhịp ổn. Lý do chính: Good fit. Mức đánh giá 4/5, khi tập với mức hiện tại.",3,0.0207
"Pike Push-Up phù hợp với tôi, không gây khó chịu và giúp buổi tập có nhịp ổn. Lý do chính: Good fit. Mức đánh giá 5/5, khi tập với mức hiện tại.",3,0.0207
"Bài Side-Lying Inner Thigh Raise dễ setup, cảm giác kiểm soát tốt nên tôi muốn tiếp tục duy trì. Lý do chính: Good fit. Mức đánh giá 5/5, khi theo giáo án hiện tại.",3,0.0207
"V-Up phù hợp với tôi, không gây khó chịu và giúp buổi tập có nhịp ổn. Lý do chính: Good fit. Mức đánh giá 5/5, ở phần cuối buổi.",3,0.0207
"Tôi thích Side-Lying Inner Thigh Raise, cảm giác vào cơ tốt và muốn giữ bài này trong lịch. Lý do chính: Good fit. Mức đánh giá 5/5, ở lần ghi nhận gần đây.",3,0.0207
"Tôi thích Bicycle Crunch, cảm giác vào cơ tốt và muốn giữ bài này trong lịch. Lý do chính: Good fit. Mức đánh giá 5/5, ở lần ghi nhận gần đây.",3,0.0207
"Side-Lying Inner Thigh Raise phù hợp với tôi, không gây khó chịu và giúp buổi tập có nhịp ổn. Lý do chính: Good fit. Mức đánh giá 5/5, khi tập với mức hiện tại.",3,0.0207
"Tôi thích Single-Leg Glute Bridge, cảm giác vào cơ tốt và muốn giữ bài này trong lịch. Lý do chính: Good fit. Mức đánh giá 5/5, ở lần ghi nhận gần đây.",3,0.0207
"Tôi thấy Battle Ropes đang hơi nhẹ so với sức hiện tại, có thể tăng độ khó hoặc thêm volume vừa phải. Lý do chính: Good fit, Too easy. Mức đánh giá 5/5, khi tập với mức hiện tại.",3,0.0207
"Donkey Kick khá dễ kiểm soát, tôi hoàn thành tốt và muốn tăng thử thách nhẹ ở lần tới. Lý do chính: Good fit, Too easy. Mức đánh giá 4/5, ở lần ghi nhận gần đây.",3,0.0207
"Machine Incline Chest Press khá dễ kiểm soát, tôi hoàn thành tốt và muốn tăng thử thách nhẹ ở lần tới. Lý do chính: Good fit, Too easy. Mức đánh giá 4/5, ở lần ghi nhận gần đây.",3,0.0207
"Lying Leg Raise khá dễ kiểm soát, tôi hoàn thành tốt và muốn tăng thử thách nhẹ ở lần tới. Lý do chính: Good fit, Too easy. Mức đánh giá 5/5, trong lần đánh giá hôm nay.",3,0.0207
"Battle Ropes khá dễ kiểm soát, tôi hoàn thành tốt và muốn tăng thử thách nhẹ ở lần tới. Lý do chính: Good fit, Too easy. Mức đánh giá 5/5, trong nhịp tập tuần này.",3,0.0207
"Glute Bridge khá dễ kiểm soát, tôi hoàn thành tốt và muốn tăng thử thách nhẹ ở lần tới. Lý do chính: Good fit, Too easy. Mức đánh giá 4/5, ở lần ghi nhận gần đây.",3,0.0207
"Side-Lying Inner Thigh Raise khá dễ kiểm soát, tôi hoàn thành tốt và muốn tăng thử thách nhẹ ở lần tới. Lý do chính: Good fit, Too easy. Mức đánh giá 4/5, sau vài set đầu.",3,0.0207
"Bài Donkey Kick vào nhịp tốt, tôi muốn progression rõ hơn để tiếp tục tiến bộ. Lý do chính: Good fit, Too easy. Mức đánh giá 5/5, khi theo giáo án hiện tại.",3,0.0207
"Bài Dumbbell Concentration Curl vào nhịp tốt, tôi muốn progression rõ hơn để tiếp tục tiến bộ. Lý do chính: Good fit, Too easy. Mức đánh giá 5/5, khi theo giáo án hiện tại.",3,0.0207
"Tôi thấy Push-Up đang hơi nhẹ so với sức hiện tại, có thể tăng độ khó hoặc thêm volume vừa phải. Lý do chính: Good fit, Too easy. Mức đánh giá 4/5, khi xét cảm giác phục hồi.",3,0.0207
"Bài Dumbbell Lateral Raise vào nhịp tốt, tôi muốn progression rõ hơn để tiếp tục tiến bộ. Lý do chính: Good fit, Too easy. Mức đánh giá 5/5, khi theo giáo án hiện tại.",3,0.0207
"Tôi thấy Dumbbell Shrug đang hơi nhẹ so với sức hiện tại, có thể tăng độ khó hoặc thêm volume vừa phải. Lý do chính: Good fit, Too easy. Mức đánh giá 5/5, trong buổi tập này.",3,0.0207
"Tôi thấy Dumbbell Shrug đang hơi nhẹ so với sức hiện tại, có thể tăng độ khó hoặc thêm volume vừa phải. Lý do chính: Good fit, Too easy. Mức đánh giá 4/5, ở phần cuối buổi.",3,0.0207
"Dumbbell Pullover khá dễ kiểm soát, tôi hoàn thành tốt và muốn tăng thử thách nhẹ ở lần tới. Lý do chính: Good fit, Too easy. Mức đánh giá 4/5, trong nhịp tập tuần này.",3,0.0207
"One-Arm Dumbbell Row khá dễ kiểm soát, tôi hoàn thành tốt và muốn tăng thử thách nhẹ ở lần tới. Lý do chính: Good fit, Too easy. Mức đánh giá 4/5, trong nhịp tập tuần này.",3,0.0207
"V-Up khá dễ kiểm soát, tôi hoàn thành tốt và muốn tăng thử thách nhẹ ở lần tới. Lý do chính: Good fit, Too easy. Mức đánh giá 4/5, ở lần ghi nhận gần đây.",3,0.0207
"Tôi thấy Hindu Push-Up đang hơi nhẹ so với sức hiện tại, có thể tăng độ khó hoặc thêm volume vừa phải. Lý do chính: Good fit, Too easy. Mức đánh giá 4/5, ở phần cuối buổi.",3,0.0207
"Tôi thấy Lying Leg Raise đang hơi nhẹ so với sức hiện tại, có thể tăng độ khó hoặc thêm volume vừa phải. Lý do chính: Good fit, Too easy. Mức đánh giá 5/5, ở phần cuối buổi.",3,0.0207
"Front Plank with Reach khá dễ kiểm soát, tôi hoàn thành tốt và muốn tăng thử thách nhẹ ở lần tới. Lý do chính: Good fit, Too easy. Mức đánh giá 5/5, ở lần ghi nhận gần đây.",3,0.0207
"Tôi thấy Pike Push-Up đang hơi nhẹ so với sức hiện tại, có thể tăng độ khó hoặc thêm volume vừa phải. Lý do chính: Good fit, Too easy. Mức đánh giá 4/5, ở phần cuối buổi.",3,0.0207
"Bài Front Plank with Reach vào nhịp tốt, tôi muốn progression rõ hơn để tiếp tục tiến bộ. Lý do chính: Good fit, Too easy. Mức đánh giá 5/5, khi theo giáo án hiện tại.",3,0.0207
"Bird Dog phù hợp với tôi, không gây khó chịu và giúp buổi tập có nhịp ổn. Lý do chính: Good fit. Mức đánh giá 5/5, khi tập với mức hiện tại.",3,0.0207
"Bài Glute Bridge dễ setup, cảm giác kiểm soát tốt nên tôi muốn tiếp tục duy trì. Lý do chính: Good fit. Mức đánh giá 5/5, khi theo giáo án hiện tại.",3,0.0207
"Reverse Crunch phù hợp với tôi, không gây khó chịu và giúp buổi tập có nhịp ổn. Lý do chính: Good fit. Mức đánh giá 5/5, khi tập với mức hiện tại.",3,0.0207
"V-Up phù hợp với tôi, không gây khó chịu và giúp buổi tập có nhịp ổn. Lý do chính: Good fit. Mức đánh giá 4/5, khi tập với mức hiện tại.",3,0.0207
"Bài Bicycle Crunch dễ setup, cảm giác kiểm soát tốt nên tôi muốn tiếp tục duy trì. Lý do chính: Good fit. Mức đánh giá 4/5, sau khi hoàn thành phần chính.",3,0.0207
"Dead Bug phù hợp với tôi, không gây khó chịu và giúp buổi tập có nhịp ổn. Lý do chính: Good fit. Mức đánh giá 5/5, khi tập với mức hiện tại.",3,0.0207
"Tôi thích Lying Leg Raise, cảm giác vào cơ tốt và muốn giữ bài này trong lịch. Lý do chính: Good fit. Mức đánh giá 4/5, trong nhịp tập tuần này.",3,0.0207
"Pike Push-Up khá dễ kiểm soát, tôi hoàn thành tốt và muốn tăng thử thách nhẹ ở lần tới. Lý do chính: Good fit, Too easy. Mức đánh giá 5/5, trong nhịp tập tuần này.",3,0.0207
"Pike Push-Up khá dễ kiểm soát, tôi hoàn thành tốt và muốn tăng thử thách nhẹ ở lần tới. Lý do chính: Good fit, Too easy. Mức đánh giá 5/5, ở lần ghi nhận gần đây.",3,0.0207
"Bài Donkey Kick vào nhịp tốt, tôi muốn progression rõ hơn để tiếp tục tiến bộ. Lý do chính: Good fit, Too easy. Mức đánh giá 5/5, sau khi hoàn thành phần chính.",3,0.0207
"Hollow Body Hold khá dễ kiểm soát, tôi hoàn thành tốt và muốn tăng thử thách nhẹ ở lần tới. Lý do chính: Good fit, Too easy. Mức đánh giá 5/5, trong nhịp tập tuần này.",3,0.0207
"Side Plank phù hợp với tôi, không gây khó chịu và giúp buổi tập có nhịp ổn. Lý do chính: Good fit. Mức đánh giá 4/5, khi tập với mức hiện tại.",3,0.0207
"Bài Hindu Push-Up dễ setup, cảm giác kiểm soát tốt nên tôi muốn tiếp tục duy trì. Lý do chính: Good fit. Mức đánh giá 5/5, sau khi hoàn thành phần chính.",3,0.0207
"Bài Side Plank dễ setup, cảm giác kiểm soát tốt nên tôi muốn tiếp tục duy trì. Lý do chính: Good fit. Mức đánh giá 4/5, khi theo giáo án hiện tại.",3,0.0207
"Donkey Kick khá dễ kiểm soát, tôi hoàn thành tốt và muốn tăng thử thách nhẹ ở lần tới. Lý do chính: Good fit, Too easy. Mức đánh giá 5/5, trong nhịp tập tuần này.",3,0.0207
"Tôi thấy Lying Leg Raise đang hơi nhẹ so với sức hiện tại, có thể tăng độ khó hoặc thêm volume vừa phải. Lý do chính: Good fit, Too easy. Mức đánh giá 5/5, trong buổi tập này.",3,0.0207
"Bài Side-Lying Inner Thigh Raise dễ setup, cảm giác kiểm soát tốt nên tôi muốn tiếp tục duy trì. Lý do chính: Good fit. Mức đánh giá 4/5, sau khi hoàn thành phần chính.",3,0.0207
"Bài Donkey Kick dễ setup, cảm giác kiểm soát tốt nên tôi muốn tiếp tục duy trì. Lý do chính: Good fit. Mức đánh giá 5/5, khi theo giáo án hiện tại.",3,0.0207
"Bài Glute Bridge dễ setup, cảm giác kiểm soát tốt nên tôi muốn tiếp tục duy trì. Lý do chính: Good fit. Mức đánh giá 5/5, sau khi hoàn thành phần chính.",3,0.0207
"Glute Bridge March phù hợp với tôi, không gây khó chịu và giúp buổi tập có nhịp ổn. Lý do chính: Good fit. Mức đánh giá 4/5, khi tập với mức hiện tại.",3,0.0207
"Bài Donkey Kick dễ setup, cảm giác kiểm soát tốt nên tôi muốn tiếp tục duy trì. Lý do chính: Good fit. Mức đánh giá 5/5, sau khi hoàn thành phần chính.",3,0.0207
"Bài Dead Bug dễ setup, cảm giác kiểm soát tốt nên tôi muốn tiếp tục duy trì. Lý do chính: Good fit. Mức đánh giá 5/5, khi theo giáo án hiện tại.",3,0.0207
"Reverse Pec Deck Fly khá dễ kiểm soát, tôi hoàn thành tốt và muốn tăng thử thách nhẹ ở lần tới. Lý do chính: Good fit, Too easy. Mức đánh giá 5/5, ở lần ghi nhận gần đây.",3,0.0207
"Dumbbell Romanian Deadlift khá dễ kiểm soát, tôi hoàn thành tốt và muốn tăng thử thách nhẹ ở lần tới. Lý do chính: Good fit, Too easy. Mức đánh giá 5/5, ở lần ghi nhận gần đây.",3,0.0207
"Cable Kickback khá dễ kiểm soát, tôi hoàn thành tốt và muốn tăng thử thách nhẹ ở lần tới. Lý do chính: Good fit, Too easy. Mức đánh giá 4/5, trong nhịp tập tuần này.",3,0.0207
"Bài Machine Assisted Pull-Up dễ setup, cảm giác kiểm soát tốt nên tôi muốn tiếp tục duy trì. Lý do chính: Good fit. Mức đánh giá 4/5, khi theo giáo án hiện tại.",3,0.0207
"Star Plank khá dễ kiểm soát, tôi hoàn thành tốt và muốn tăng thử thách nhẹ ở lần tới. Lý do chính: Good fit, Too easy. Mức đánh giá 4/5, trong nhịp tập tuần này.",3,0.0207
"Bài Donkey Kick vào nhịp tốt, tôi muốn progression rõ hơn để tiếp tục tiến bộ. Lý do chính: Good fit, Too easy. Mức đánh giá 4/5, khi theo giáo án hiện tại.",3,0.0207
"Hindu Push-Up khá dễ kiểm soát, tôi hoàn thành tốt và muốn tăng thử thách nhẹ ở lần tới. Lý do chính: Good fit, Too easy. Mức đánh giá 4/5, ở lần ghi nhận gần đây.",3,0.0207
"Bài Star Plank vào nhịp tốt, tôi muốn progression rõ hơn để tiếp tục tiến bộ. Lý do chính: Good fit, Too easy. Mức đánh giá 5/5, sau khi hoàn thành phần chính.",3,0.0207
"Bài Dumbbell Romanian Deadlift vào nhịp tốt, tôi muốn progression rõ hơn để tiếp tục tiến bộ. Lý do chính: Good fit, Too easy. Mức đánh giá 5/5, khi theo giáo án hiện tại.",3,0.0207
"Tôi thấy Donkey Kick đang hơi nhẹ so với sức hiện tại, có thể tăng độ khó hoặc thêm volume vừa phải. Lý do chính: Good fit, Too easy. Mức đánh giá 4/5, khi tập với mức hiện tại.",3,0.0207
"Tibialis Raise khá dễ kiểm soát, tôi hoàn thành tốt và muốn tăng thử thách nhẹ ở lần tới. Lý do chính: Good fit, Too easy. Mức đánh giá 5/5, ở lần ghi nhận gần đây.",3,0.0207
"Side-Lying Inner Thigh Raise phù hợp với tôi, không gây khó chịu và giúp buổi tập có nhịp ổn. Lý do chính: Good fit. Mức đánh giá 4/5, khi tập với mức hiện tại.",3,0.0207
"Plate Pinch Hold khá dễ kiểm soát, tôi hoàn thành tốt và muốn tăng thử thách nhẹ ở lần tới. Lý do chính: Good fit, Too easy. Mức đánh giá 5/5, trong nhịp tập tuần này.",3,0.0207
"Tôi thích Wall Sit, cảm giác vào cơ tốt và muốn giữ bài này trong lịch. Lý do chính: Good fit. Mức đánh giá 5/5, ở lần ghi nhận gần đây.",3,0.0207
"Tôi thấy Reverse Crunch đang hơi nhẹ so với sức hiện tại, có thể tăng độ khó hoặc thêm volume vừa phải. Lý do chính: Good fit, Too easy. Mức đánh giá 4/5, khi xét cảm giác phục hồi.",3,0.0207
"Machine Chest Press khá dễ kiểm soát, tôi hoàn thành tốt và muốn tăng thử thách nhẹ ở lần tới. Lý do chính: Good fit, Too easy. Mức đánh giá 4/5, ở lần ghi nhận gần đây.",3,0.0207
"Tôi thấy Cossack Squat đang hơi nhẹ so với sức hiện tại, có thể tăng độ khó hoặc thêm volume vừa phải. Lý do chính: Good fit, Too easy. Mức đánh giá 5/5, khi tập với mức hiện tại.",3,0.0207
"Cossack Squat khá dễ kiểm soát, tôi hoàn thành tốt và muốn tăng thử thách nhẹ ở lần tới. Lý do chính: Good fit, Too easy. Mức đánh giá 4/5, ở lần ghi nhận gần đây.",3,0.0207
"Bird Dog khá dễ kiểm soát, tôi hoàn thành tốt và muốn tăng thử thách nhẹ ở lần tới. Lý do chính: Good fit, Too easy. Mức đánh giá 5/5, sau vài set đầu.",3,0.0207
"Bài Pike Push-Up vào nhịp tốt, tôi muốn progression rõ hơn để tiếp tục tiến bộ. Lý do chính: Good fit, Too easy. Mức đánh giá 4/5, khi theo giáo án hiện tại.",3,0.0207
"Bài Medicine Ball Slam dễ setup, cảm giác kiểm soát tốt nên tôi muốn tiếp tục duy trì. Lý do chính: Good fit. Mức đánh giá 4/5, sau khi hoàn thành phần chính.",3,0.0207
"Medicine Ball Woodchop phù hợp với tôi, không gây khó chịu và giúp buổi tập có nhịp ổn. Lý do chính: Good fit. Mức đánh giá 5/5, khi tập với mức hiện tại.",3,0.0207
"Medicine Ball Woodchop phù hợp với tôi, không gây khó chịu và giúp buổi tập có nhịp ổn. Lý do chính: Good fit. Mức đánh giá 4/5, khi tập với mức hiện tại.",3,0.0207
"Bài Medicine Ball Woodchop dễ setup, cảm giác kiểm soát tốt nên tôi muốn tiếp tục duy trì. Lý do chính: Good fit. Mức đánh giá 4/5, khi theo giáo án hiện tại.",3,0.0207
"Tôi thấy Bird Dog đang hơi nhẹ so với sức hiện tại, có thể tăng độ khó hoặc thêm volume vừa phải. Lý do chính: Good fit, Too easy. Mức đánh giá 5/5, trong buổi tập này.",3,0.0207
"Bài Neck Bridge vào nhịp tốt, tôi muốn progression rõ hơn để tiếp tục tiến bộ. Lý do chính: Good fit, Too easy. Mức đánh giá 5/5, khi theo giáo án hiện tại.",3,0.0207
"Burpee phù hợp với tôi, không gây khó chịu và giúp buổi tập có nhịp ổn. Lý do chính: Good fit. Mức đánh giá 4/5, khi tập với mức hiện tại.",3,0.0207
"Tôi thích TRX Push-Up, cảm giác vào cơ tốt và muốn giữ bài này trong lịch. Lý do chính: Good fit. Mức đánh giá 4/5, ở lần ghi nhận gần đây.",3,0.0207
"Hanging Windshield Wiper khá dễ kiểm soát, tôi hoàn thành tốt và muốn tăng thử thách nhẹ ở lần tới. Lý do chính: Good fit, Too easy. Mức đánh giá 5/5, trong nhịp tập tuần này.",3,0.0207
"Tôi thấy Chin-Up đang hơi nhẹ so với sức hiện tại, có thể tăng độ khó hoặc thêm volume vừa phải. Lý do chính: Good fit, Too easy. Mức đánh giá 4/5, khi tập với mức hiện tại.",3,0.0207
"Bài Pull-Up vào nhịp tốt, tôi muốn progression rõ hơn để tiếp tục tiến bộ. Lý do chính: Good fit, Too easy. Mức đánh giá 5/5, sau khi hoàn thành phần chính.",3,0.0207
"Tôi thích Glute Bridge March, cảm giác vào cơ tốt và muốn giữ bài này trong lịch. Lý do chính: Good fit. Mức đánh giá 5/5, trong nhịp tập tuần này.",3,0.0207
"Tôi thích Bicycle Crunch, cảm giác vào cơ tốt và muốn giữ bài này trong lịch. Lý do chính: Good fit. Mức đánh giá 5/5, trong nhịp tập tuần này.",3,0.0207
"Tôi thích Battle Ropes, cảm giác vào cơ tốt và muốn giữ bài này trong lịch. Lý do chính: Good fit. Mức đánh giá 5/5, trong nhịp tập tuần này.",3,0.0207
"Bài Machine Lateral Raise vào nhịp tốt, tôi muốn progression rõ hơn để tiếp tục tiến bộ. Lý do chính: Good fit, Too easy. Mức đánh giá 5/5, khi theo giáo án hiện tại.",3,0.0207
"Machine Lateral Raise khá dễ kiểm soát, tôi hoàn thành tốt và muốn tăng thử thách nhẹ ở lần tới. Lý do chính: Good fit, Too easy. Mức đánh giá 4/5, trong nhịp tập tuần này.",3,0.0207
"Tôi thích Burpee, cảm giác vào cơ tốt và muốn giữ bài này trong lịch. Lý do chính: Good fit. Mức đánh giá 4/5, ở lần ghi nhận gần đây.",3,0.0207
"Bài Tibialis Raise dễ setup, cảm giác kiểm soát tốt nên tôi muốn tiếp tục duy trì. Lý do chính: Good fit. Mức đánh giá 4/5, khi theo giáo án hiện tại.",3,0.0207
"Burpee phù hợp với tôi, không gây khó chịu và giúp buổi tập có nhịp ổn. Lý do chính: Good fit. Mức đánh giá 5/5, ở phần cuối buổi.",3,0.0207
"Tôi thấy Zottman Curl đang hơi nhẹ so với sức hiện tại, có thể tăng độ khó hoặc thêm volume vừa phải. Lý do chính: Good fit, Too easy. Mức đánh giá 4/5, khi tập với mức hiện tại.",3,0.0207
"Machine Chest Press khá dễ kiểm soát, tôi hoàn thành tốt và muốn tăng thử thách nhẹ ở lần tới. Lý do chính: Good fit, Too easy. Mức đánh giá 5/5, trong nhịp tập tuần này.",3,0.0207
"Bài Band Resisted Push-Up vào nhịp tốt, tôi muốn progression rõ hơn để tiếp tục tiến bộ. Lý do chính: Good fit, Too easy. Mức đánh giá 4/5, sau khi hoàn thành phần chính.",3,0.0207
"Khi thực hiện bài này, vùng Joint discomfort hơi khó chịu; nên ưu tiên phương án Review Safety. Mức đánh giá 2/5, khi theo giáo án hiện tại.",3,0.0207
"bài này tạo cảm giác không thật ổn ở Knee, tôi muốn kiểm tra kỹ thuật và điều chỉnh an toàn hơn. Mức đánh giá 2/5, khi tập với mức hiện tại.",3,0.0207
"Khi thực hiện bài này, vùng Knee hơi khó chịu; nên ưu tiên phương án Review Safety. Mức đánh giá 1/5, sau khi hoàn thành phần chính.",3,0.0207
"bài này tạo cảm giác không thật ổn ở Joint discomfort, tôi muốn kiểm tra kỹ thuật và điều chỉnh an toàn hơn. Mức đánh giá 2/5, ở phần cuối buổi.",3,0.0207
"bài này tạo cảm giác không thật ổn ở Joint discomfort, tôi muốn kiểm tra kỹ thuật và điều chỉnh an toàn hơn. Mức đánh giá 1/5, khi tập với mức hiện tại.",3,0.0207
"Khi thực hiện bài này, vùng Knee hơi khó chịu; nên ưu tiên phương án Review Safety. Mức đánh giá 1/5, khi theo giáo án hiện tại.",3,0.0207
"Tôi cảm thấy mild discomfort ở Joint discomfort khi tập bài này, nên muốn review safety trước buổi sau. Mức đánh giá 1/5, trong nhịp tập tuần này.",3,0.0207
"Buổi này hơi nặng hoặc too long, tôi muốn reduce session duration cho lần tới. Mức đánh giá 2/5, ở phần cuối buổi.",3,0.0207
"Buổi này hơi nặng hoặc too long, tôi muốn reduce session duration cho lần tới. Mức đánh giá 1/5, ở lần ghi nhận gần đây.",3,0.0207
"Tôi thích Zercher Lunge, cảm giác vào cơ tốt và muốn giữ bài này trong lịch. Lý do chính: Positive, Appropriate. Mức đánh giá 5/5, trong nhịp tập tuần này.",3,0.0207
"Bài Bottoms-Up Squat dễ setup, cảm giác kiểm soát tốt nên tôi muốn tiếp tục duy trì. Lý do chính: Positive, Appropriate. Mức đánh giá 5/5, sau khi hoàn thành phần chính.",3,0.0207
"Copenhagen Adductor Drop phù hợp với tôi, không gây khó chịu và giúp buổi tập có nhịp ổn. Lý do chính: Positive, Appropriate. Mức đánh giá 4/5, trong buổi tập này.",3,0.0207
"Bài Copenhagen Adductor Drop dễ setup, cảm giác kiểm soát tốt nên tôi muốn tiếp tục duy trì. Lý do chính: Positive, Appropriate. Mức đánh giá 4/5, khi so với khả năng hiện tại.",3,0.0207
"Tôi thích Copenhagen Adductor Drop, cảm giác vào cơ tốt và muốn giữ bài này trong lịch. Lý do chính: Positive, Appropriate. Mức đánh giá 5/5, ở lần ghi nhận gần đây.",3,0.0207
"Copenhagen Adductor Drop phù hợp với tôi, không gây khó chịu và giúp buổi tập có nhịp ổn. Lý do chính: Positive, Appropriate. Mức đánh giá 5/5, ở phần cuối buổi.",3,0.0207
"Bài Copenhagen Adductor Drop dễ setup, cảm giác kiểm soát tốt nên tôi muốn tiếp tục duy trì. Lý do chính: Positive, Appropriate. Mức đánh giá 5/5, ở bối cảnh lịch tập này.",3,0.0207
"Bài Seated Inner Thigh Adductor Machine dễ setup, cảm giác kiểm soát tốt nên tôi muốn tiếp tục duy trì. Lý do chính: Positive, Appropriate. Mức đánh giá 5/5, khi so với khả năng hiện tại.",3,0.0207
"Bài Seated Inner Thigh Adductor Machine dễ setup, cảm giác kiểm soát tốt nên tôi muốn tiếp tục duy trì. Lý do chính: Positive, Appropriate. Mức đánh giá 4/5, sau khi hoàn thành phần chính.",3,0.0207
"Tôi thích Seated Inner Thigh Adductor Machine, cảm giác vào cơ tốt và muốn giữ bài này trong lịch. Lý do chính: Positive, Appropriate. Mức đánh giá 4/5, trong lần đánh giá hôm nay.",3,0.0207
"Bài Seated Inner Thigh Adductor Machine dễ setup, cảm giác kiểm soát tốt nên tôi muốn tiếp tục duy trì. Lý do chính: Positive, Appropriate. Mức đánh giá 5/5, sau khi hoàn thành phần chính.",3,0.0207
"Tôi thấy Seated Inner Thigh Adductor Machine bình thường, độ khó tương đối ổn nhưng chưa phải bài tôi thích nhất. Lý do chính: Neutral, Appropriate. Mức đánh giá 3/5, khi tập với mức hiện tại.",3,0.0207
"Tôi thấy Seated Inner Thigh Adductor Machine đang hơi nhẹ so với sức hiện tại, có thể tăng độ khó hoặc thêm volume vừa phải. Lý do chính: Positive, Too Easy. Mức đánh giá 5/5, ở phần cuối buổi.",3,0.0207
"Seated Inner Thigh Adductor Machine phù hợp với tôi, không gây khó chịu và giúp buổi tập có nhịp ổn. Lý do chính: Positive, Appropriate. Mức đánh giá 4/5, khi tập với mức hiện tại.",3,0.0207
"Bài Seated Inner Thigh Adductor Machine làm buổi tập nặng hơn dự kiến; tôi muốn giảm độ khó hoặc đổi biến thể. Lý do chính: Negative, Too Hard. Mức đánh giá 2/5, ở bối cảnh lịch tập này.",3,0.0207
"Tôi thấy Seated Inner Thigh Adductor Machine bình thường, độ khó tương đối ổn nhưng chưa phải bài tôi thích nhất. Lý do chính: Neutral, Appropriate. Mức đánh giá 3/5, khi xét cảm giác phục hồi.",3,0.0207
"Bài Seated Inner Thigh Adductor Machine dùng được, hiện tại tôi muốn giữ lựa chọn mở thay vì đổi ngay. Lý do chính: Neutral, Appropriate. Mức đánh giá 3/5, khi theo giáo án hiện tại.",3,0.0207
"Bài Seated Outer Thigh Abductor Machine dễ setup, cảm giác kiểm soát tốt nên tôi muốn tiếp tục duy trì. Lý do chính: Positive, Appropriate. Mức đánh giá 4/5, ở bối cảnh lịch tập này.",3,0.0207
"Bài Seated Outer Thigh Abductor Machine dễ setup, cảm giác kiểm soát tốt nên tôi muốn tiếp tục duy trì. Lý do chính: Positive, Appropriate. Mức đánh giá 4/5, sau khi hoàn thành phần chính.",3,0.0207
"Seated Outer Thigh Abductor Machine phù hợp với tôi, không gây khó chịu và giúp buổi tập có nhịp ổn. Lý do chính: Positive, Appropriate. Mức đánh giá 4/5, khi xét cảm giác phục hồi.",3,0.0207
"Bài Seated Outer Thigh Abductor Machine làm buổi tập nặng hơn dự kiến; tôi muốn giảm độ khó hoặc đổi biến thể. Lý do chính: Negative, Too Hard. Mức đánh giá 2/5, khi theo giáo án hiện tại.",3,0.0207
"Seated Outer Thigh Abductor Machine phù hợp với tôi, không gây khó chịu và giúp buổi tập có nhịp ổn. Lý do chính: Positive, Appropriate. Mức đánh giá 5/5, khi xét cảm giác phục hồi.",3,0.0207
"Tôi thích Seated Outer Thigh Abductor Machine, cảm giác vào cơ tốt và muốn giữ bài này trong lịch. Lý do chính: Positive, Appropriate. Mức đánh giá 4/5, trong lần đánh giá hôm nay.",3,0.0207
"Tôi thích Seated Outer Thigh Abductor Machine, cảm giác vào cơ tốt và muốn giữ bài này trong lịch. Lý do chính: Positive, Appropriate. Mức đánh giá 4/5, trong nhịp tập tuần này.",3,0.0207
"Tôi thấy Seated Outer Thigh Abductor Machine đang hơi nhẹ so với sức hiện tại, có thể tăng độ khó hoặc thêm volume vừa phải. Lý do chính: Positive, Too Easy. Mức đánh giá 5/5, khi tập với mức hiện tại.",3,0.0207
"Smith Machine Shrug hơi quá sức hoặc khó giữ kỹ thuật, tôi muốn replace exercise để tập ổn hơn. Lý do chính: Negative, Too Hard. Mức đánh giá 2/5, sau vài set đầu.",3,0.0207
"Smith Machine Shrug phù hợp với tôi, không gây khó chịu và giúp buổi tập có nhịp ổn. Lý do chính: Positive, Appropriate. Mức đánh giá 4/5, khi tập với mức hiện tại.",3,0.0207
"Bài Smith Machine Shrug dễ setup, cảm giác kiểm soát tốt nên tôi muốn tiếp tục duy trì. Lý do chính: Positive, Appropriate. Mức đánh giá 5/5, khi so với khả năng hiện tại.",3,0.0207
"Bài Smith Machine Shrug dễ setup, cảm giác kiểm soát tốt nên tôi muốn tiếp tục duy trì. Lý do chính: Positive, Appropriate. Mức đánh giá 4/5, khi so với khả năng hiện tại.",3,0.0207
"Smith Machine Shrug phù hợp với tôi, không gây khó chịu và giúp buổi tập có nhịp ổn. Lý do chính: Positive, Appropriate. Mức đánh giá 4/5, ở phần cuối buổi.",3,0.0207
"Tôi thích Smith Machine Shrug, cảm giác vào cơ tốt và muốn giữ bài này trong lịch. Lý do chính: Positive, Appropriate. Mức đánh giá 4/5, trong nhịp tập tuần này.",3,0.0207
"Bài Smith Machine Shrug dễ setup, cảm giác kiểm soát tốt nên tôi muốn tiếp tục duy trì. Lý do chính: Positive, Appropriate. Mức đánh giá 4/5, sau khi hoàn thành phần chính.",3,0.0207
"Tôi thấy Smith Machine Upright Row bình thường, độ khó tương đối ổn nhưng chưa phải bài tôi thích nhất. Lý do chính: Neutral, Appropriate. Mức đánh giá 3/5, khi xét cảm giác phục hồi.",3,0.0207
"Smith Machine Upright Row phù hợp với tôi, không gây khó chịu và giúp buổi tập có nhịp ổn. Lý do chính: Positive, Appropriate. Mức đánh giá 5/5, trong buổi tập này.",3,0.0207
"Tôi thích Smith Machine Upright Row, cảm giác vào cơ tốt và muốn giữ bài này trong lịch. Lý do chính: Positive, Appropriate. Mức đánh giá 4/5, sau vài set đầu.",3,0.0207
"Smith Machine Upright Row phù hợp với tôi, không gây khó chịu và giúp buổi tập có nhịp ổn. Lý do chính: Positive, Appropriate. Mức đánh giá 5/5, ở phần cuối buổi.",3,0.0207
"Smith Machine Upright Row phù hợp với tôi, không gây khó chịu và giúp buổi tập có nhịp ổn. Lý do chính: Positive, Appropriate. Mức đánh giá 4/5, ở phần cuối buổi.",3,0.0207
"Smith Machine Upright Row phù hợp với tôi, không gây khó chịu và giúp buổi tập có nhịp ổn. Lý do chính: Positive, Appropriate. Mức đánh giá 4/5, trong buổi tập này.",3,0.0207
"Bài Smith Machine Upright Row làm buổi tập nặng hơn dự kiến; tôi muốn giảm độ khó hoặc đổi biến thể. Lý do chính: Negative, Too Hard. Mức đánh giá 2/5, khi theo giáo án hiện tại.",3,0.0207
"Bài Smith Machine Upright Row vào nhịp tốt, tôi muốn progression rõ hơn để tiếp tục tiến bộ. Lý do chính: Positive, Too Easy. Mức đánh giá 5/5, sau khi hoàn thành phần chính.",3,0.0207
"Bài Smith Machine Upright Row dễ setup, cảm giác kiểm soát tốt nên tôi muốn tiếp tục duy trì. Lý do chính: Positive, Appropriate. Mức đánh giá 4/5, khi so với khả năng hiện tại.",3,0.0207
"Smith Machine Upright Row khá dễ kiểm soát, tôi hoàn thành tốt và muốn tăng thử thách nhẹ ở lần tới. Lý do chính: Positive, Too Easy. Mức đánh giá 5/5, ở lần ghi nhận gần đây.",3,0.0207
"Tôi thấy Smith Machine Upright Row bình thường, độ khó tương đối ổn nhưng chưa phải bài tôi thích nhất. Lý do chính: Neutral, Appropriate. Mức đánh giá 3/5, ở phần cuối buổi.",3,0.0207
"Khi thực hiện Glute Bridge March, vùng Knee hơi khó chịu; nên ưu tiên phương án Review Safety. Mức đánh giá 2/5, khi theo giáo án hiện tại.",3,0.0207
"Cable Kickback phù hợp với tôi, không gây khó chịu và giúp buổi tập có nhịp ổn. Lý do chính: Positive, Appropriate. Mức đánh giá 4/5, khi xét cảm giác phục hồi.",3,0.0207
"Cable Kickback hơi quá sức hoặc khó giữ kỹ thuật, tôi muốn reduce difficulty để tập ổn hơn. Lý do chính: Negative, Too Hard. Mức đánh giá 2/5, trong nhịp tập tuần này.",3,0.0207
"Bài Cable Kickback làm buổi tập nặng hơn dự kiến; tôi muốn giảm độ khó hoặc đổi biến thể. Lý do chính: Negative, Too Hard. Mức đánh giá 2/5, sau khi hoàn thành phần chính.",3,0.0207
"Bài Cable Kickback làm buổi tập nặng hơn dự kiến; tôi muốn giảm độ khó hoặc đổi biến thể. Lý do chính: Negative, Too Hard. Mức đánh giá 2/5, ở bối cảnh lịch tập này.",3,0.0207
"Cable Kickback khá dễ kiểm soát, tôi hoàn thành tốt và muốn tăng thử thách nhẹ ở lần tới. Lý do chính: Positive, Too Easy. Mức đánh giá 5/5, trong nhịp tập tuần này.",3,0.0207
"Cable Kickback hơi quá sức hoặc khó giữ kỹ thuật, tôi muốn reduce difficulty để tập ổn hơn. Lý do chính: Negative, Too Hard. Mức đánh giá 2/5, sau vài set đầu.",3,0.0207
"Cable Kickback khá dễ kiểm soát, tôi hoàn thành tốt và muốn tăng thử thách nhẹ ở lần tới. Lý do chính: Positive, Too Easy. Mức đánh giá 5/5, trong lần đánh giá hôm nay.",3,0.0207
"Kế hoạch này có vài điểm chưa hợp, tôi muốn change split để dễ theo hơn. Mức đánh giá 2/5, trong nhịp tập tuần này.",3,0.0207
"Kế hoạch này có vài điểm chưa hợp, tôi muốn change split để dễ theo hơn. Mức đánh giá 2/5, ở bối cảnh lịch tập này.",3,0.0207
"Tôi muốn hệ thống tiếp tục quan sát phản hồi của tôi trước khi thay đổi mạnh giáo án. Mức đánh giá 3/5, trong lần đánh giá hôm nay.",3,0.0207
"Tôi muốn hệ thống tiếp tục quan sát phản hồi của tôi trước khi thay đổi mạnh giáo án. Mức đánh giá 3/5, khi tập với mức hiện tại.",3,0.0207
"Push-Up tạo cảm giác không thật ổn ở Joint discomfort, tôi muốn kiểm tra kỹ thuật và điều chỉnh an toàn hơn. Mức đánh giá 2/5, khi tập với mức hiện tại.",2,0.0138
"Banded Good Morning tạo cảm giác không thật ổn ở Knee, tôi muốn kiểm tra kỹ thuật và điều chỉnh an toàn hơn. Mức đánh giá 2/5, ở phần cuối buổi.",2,0.0138
"Dumbbell Shrug tạo cảm giác không thật ổn ở Joint discomfort, tôi muốn kiểm tra kỹ thuật và điều chỉnh an toàn hơn. Mức đánh giá 2/5, ở phần cuối buổi.",2,0.0138
"Tôi cảm thấy pain ở Joint discomfort khi tập Side-Lying Inner Thigh Raise, nên muốn review safety trước buổi sau. Mức đánh giá 1/5, ở lần ghi nhận gần đây.",2,0.0138
"Tôi cảm thấy mild discomfort ở Joint discomfort khi tập Push-Up, nên muốn replace exercise trước buổi sau. Mức đánh giá 1/5, ở lần ghi nhận gần đây.",2,0.0138
"Mountain Climbers tạo cảm giác không thật ổn ở Joint discomfort, tôi muốn kiểm tra kỹ thuật và điều chỉnh an toàn hơn. Mức đánh giá 2/5, khi tập với mức hiện tại.",2,0.0138
"Push-Up tạo cảm giác không thật ổn ở Joint discomfort, tôi muốn kiểm tra kỹ thuật và điều chỉnh an toàn hơn. Mức đánh giá 2/5, ở phần cuối buổi.",2,0.0138
"Tôi cảm thấy mild discomfort ở Joint discomfort khi tập Push-Up, nên muốn replace exercise trước buổi sau. Mức đánh giá 1/5, trong lần đánh giá hôm nay.",2,0.0138
"Tôi cảm thấy mild discomfort ở Knee khi tập Crab Walk, nên muốn replace exercise trước buổi sau. Mức đánh giá 1/5, ở lần ghi nhận gần đây.",2,0.0138
"Khi thực hiện Sissy Squat, vùng Knee hơi khó chịu; nên ưu tiên phương án Replace Exercise. Mức đánh giá 1/5, sau khi hoàn thành phần chính.",2,0.0138
"Tôi cảm thấy mild discomfort ở Joint discomfort khi tập Push-Up, nên muốn replace exercise trước buổi sau. Mức đánh giá 1/5, trong nhịp tập tuần này.",2,0.0138
"Tôi cảm thấy mild discomfort ở Joint discomfort khi tập Plank, nên muốn replace exercise trước buổi sau. Mức đánh giá 1/5, trong nhịp tập tuần này.",2,0.0138
"Tôi cảm thấy pain ở Joint discomfort khi tập Push-Up, nên muốn review safety trước buổi sau. Mức đánh giá 1/5, trong nhịp tập tuần này.",2,0.0138
"Bài Plank làm buổi tập nặng hơn dự kiến; tôi muốn giảm độ khó hoặc đổi biến thể. Lý do chính: Needs adjustment, Too hard. Mức đánh giá 2/5, sau khi hoàn thành phần chính.",2,0.0138
"Tôi không hợp Leg Extension lắm, cảm giác kiểm soát chưa tốt nên nên cân nhắc thay thế. Lý do chính: Needs adjustment, Too hard. Mức đánh giá 2/5, ở phần cuối buổi.",2,0.0138
"Tôi không hợp Sissy Squat lắm, cảm giác kiểm soát chưa tốt nên nên cân nhắc thay thế. Lý do chính: Needs adjustment, Too hard. Mức đánh giá 2/5, khi tập với mức hiện tại.",2,0.0138
"Tôi không hợp Single-Leg Glute Bridge lắm, cảm giác kiểm soát chưa tốt nên nên cân nhắc thay thế. Lý do chính: Needs adjustment, Too hard. Mức đánh giá 1/5, khi tập với mức hiện tại.",2,0.0138
"Bài Glute Bridge March làm buổi tập nặng hơn dự kiến; tôi muốn giảm độ khó hoặc đổi biến thể. Lý do chính: Needs adjustment, Too hard. Mức đánh giá 1/5, khi theo giáo án hiện tại.",2,0.0138
"Bài V-Up làm buổi tập nặng hơn dự kiến; tôi muốn giảm độ khó hoặc đổi biến thể. Lý do chính: Needs adjustment, Too hard. Mức đánh giá 2/5, khi theo giáo án hiện tại.",2,0.0138
"Tibialis Raise hơi quá sức hoặc khó giữ kỹ thuật, tôi muốn replace exercise để tập ổn hơn. Lý do chính: Needs adjustment, Too hard. Mức đánh giá 2/5, trong nhịp tập tuần này.",2,0.0138
"Tôi không hợp Wall Sit lắm, cảm giác kiểm soát chưa tốt nên nên cân nhắc thay thế. Lý do chính: Needs adjustment, Too hard. Mức đánh giá 2/5, khi tập với mức hiện tại.",2,0.0138
"Bài Tibialis Raise làm buổi tập nặng hơn dự kiến; tôi muốn giảm độ khó hoặc đổi biến thể. Lý do chính: Needs adjustment, Too hard. Mức đánh giá 1/5, khi theo giáo án hiện tại.",2,0.0138
"Lying Leg Raise hơi quá sức hoặc khó giữ kỹ thuật, tôi muốn replace exercise để tập ổn hơn. Lý do chính: Needs adjustment, Too hard. Mức đánh giá 1/5, sau vài set đầu.",2,0.0138
"Tôi không hợp Dead Bug lắm, cảm giác kiểm soát chưa tốt nên nên cân nhắc thay thế. Lý do chính: Needs adjustment, Too hard. Mức đánh giá 1/5, ở phần cuối buổi.",2,0.0138
"Push-Up hơi quá sức hoặc khó giữ kỹ thuật, tôi muốn replace exercise để tập ổn hơn. Lý do chính: Needs adjustment, Too hard. Mức đánh giá 1/5, sau vài set đầu.",2,0.0138
"Bài Dead Bug làm buổi tập nặng hơn dự kiến; tôi muốn giảm độ khó hoặc đổi biến thể. Lý do chính: Needs adjustment, Too hard. Mức đánh giá 2/5, khi theo giáo án hiện tại.",2,0.0138
"Bài Bird Dog làm buổi tập nặng hơn dự kiến; tôi muốn giảm độ khó hoặc đổi biến thể. Lý do chính: Needs adjustment, Too hard. Mức đánh giá 2/5, khi theo giáo án hiện tại.",2,0.0138
"Dead Bug hơi quá sức hoặc khó giữ kỹ thuật, tôi muốn replace exercise để tập ổn hơn. Lý do chính: Needs adjustment, Too hard. Mức đánh giá 2/5, ở lần ghi nhận gần đây.",2,0.0138
"Bài Bird Dog làm buổi tập nặng hơn dự kiến; tôi muốn giảm độ khó hoặc đổi biến thể. Lý do chính: Needs adjustment, Too hard. Mức đánh giá 1/5, khi theo giáo án hiện tại.",2,0.0138
"Tôi không hợp Plank lắm, cảm giác kiểm soát chưa tốt nên nên cân nhắc thay thế. Lý do chính: Needs adjustment, Too hard. Mức đánh giá 1/5, khi tập với mức hiện tại.",2,0.0138
"Crab Walk hơi quá sức hoặc khó giữ kỹ thuật, tôi muốn replace exercise để tập ổn hơn. Lý do chính: Needs adjustment, Too hard. Mức đánh giá 1/5, trong nhịp tập tuần này.",2,0.0138
"Tôi không hợp Chest-Supported T-Bar Row lắm, cảm giác kiểm soát chưa tốt nên nên cân nhắc thay thế. Lý do chính: Needs adjustment, Too hard. Mức đánh giá 2/5, ở phần cuối buổi.",2,0.0138
"Machine Lateral Raise hơi quá sức hoặc khó giữ kỹ thuật, tôi muốn replace exercise để tập ổn hơn. Lý do chính: Needs adjustment, Too hard. Mức đánh giá 1/5, trong nhịp tập tuần này.",2,0.0138
"Bài Single-Leg Glute Bridge làm buổi tập nặng hơn dự kiến; tôi muốn giảm độ khó hoặc đổi biến thể. Lý do chính: Needs adjustment, Too hard. Mức đánh giá 2/5, khi theo giáo án hiện tại.",2,0.0138
"Bài Mountain Climbers làm buổi tập nặng hơn dự kiến; tôi muốn giảm độ khó hoặc đổi biến thể. Lý do chính: Needs adjustment, Too hard. Mức đánh giá 1/5, sau khi hoàn thành phần chính.",2,0.0138
"Side Plank hơi quá sức hoặc khó giữ kỹ thuật, tôi muốn replace exercise để tập ổn hơn. Lý do chính: Needs adjustment, Too hard. Mức đánh giá 1/5, ở lần ghi nhận gần đây.",2,0.0138
"Bài Side Plank làm buổi tập nặng hơn dự kiến; tôi muốn giảm độ khó hoặc đổi biến thể. Lý do chính: Needs adjustment, Too hard. Mức đánh giá 2/5, sau khi hoàn thành phần chính.",2,0.0138
"Mountain Climbers hơi quá sức hoặc khó giữ kỹ thuật, tôi muốn replace exercise để tập ổn hơn. Lý do chính: Needs adjustment, Too hard. Mức đánh giá 2/5, trong nhịp tập tuần này.",2,0.0138
"Tôi không hợp Side Plank lắm, cảm giác kiểm soát chưa tốt nên nên cân nhắc thay thế. Lý do chính: Needs adjustment, Too hard. Mức đánh giá 2/5, khi tập với mức hiện tại.",2,0.0138
"Tôi không hợp Reverse Crunch lắm, cảm giác kiểm soát chưa tốt nên nên cân nhắc thay thế. Lý do chính: Needs adjustment, Too hard. Mức đánh giá 1/5, khi tập với mức hiện tại.",2,0.0138
"Tôi không hợp Mountain Climbers lắm, cảm giác kiểm soát chưa tốt nên nên cân nhắc thay thế. Lý do chính: Needs adjustment, Too hard. Mức đánh giá 1/5, khi tập với mức hiện tại.",2,0.0138
"Bài Reverse Crunch làm buổi tập nặng hơn dự kiến; tôi muốn giảm độ khó hoặc đổi biến thể. Lý do chính: Needs adjustment, Too hard. Mức đánh giá 2/5, sau khi hoàn thành phần chính.",2,0.0138
"Tôi không hợp Bird Dog lắm, cảm giác kiểm soát chưa tốt nên nên cân nhắc thay thế. Lý do chính: Needs adjustment, Too hard. Mức đánh giá 2/5, ở phần cuối buổi.",2,0.0138
"Bicycle Crunch hơi quá sức hoặc khó giữ kỹ thuật, tôi muốn replace exercise để tập ổn hơn. Lý do chính: Needs adjustment, Too hard. Mức đánh giá 2/5, ở lần ghi nhận gần đây.",2,0.0138
"Bài Glute Bridge March làm buổi tập nặng hơn dự kiến; tôi muốn giảm độ khó hoặc đổi biến thể. Lý do chính: Needs adjustment, Too hard. Mức đánh giá 2/5, sau khi hoàn thành phần chính.",2,0.0138
"Bird Dog hơi quá sức hoặc khó giữ kỹ thuật, tôi muốn replace exercise để tập ổn hơn. Lý do chính: Needs adjustment, Too hard. Mức đánh giá 2/5, ở lần ghi nhận gần đây.",2,0.0138
"Tôi không hợp Bicycle Crunch lắm, cảm giác kiểm soát chưa tốt nên nên cân nhắc thay thế. Lý do chính: Needs adjustment, Too hard. Mức đánh giá 2/5, khi tập với mức hiện tại.",2,0.0138
"Tôi không hợp Push-Up lắm, cảm giác kiểm soát chưa tốt nên nên cân nhắc thay thế. Lý do chính: Needs adjustment, Too hard. Mức đánh giá 2/5, trong buổi tập này.",2,0.0138
"Tôi không hợp Push-Up lắm, cảm giác kiểm soát chưa tốt nên nên cân nhắc thay thế. Lý do chính: Needs adjustment, Too hard. Mức đánh giá 1/5, trong buổi tập này.",2,0.0138
"Bài Pull-Up làm buổi tập nặng hơn dự kiến; tôi muốn giảm độ khó hoặc đổi biến thể. Lý do chính: Needs adjustment, Too hard. Mức đánh giá 2/5, khi theo giáo án hiện tại.",2,0.0138
"Bài Lying Leg Raise làm buổi tập nặng hơn dự kiến; tôi muốn giảm độ khó hoặc đổi biến thể. Lý do chính: Needs adjustment, Too hard. Mức đánh giá 1/5, khi theo giáo án hiện tại.",2,0.0138
"Lateral Band Walk hơi quá sức hoặc khó giữ kỹ thuật, tôi muốn replace exercise để tập ổn hơn. Lý do chính: Needs adjustment, Too hard. Mức đánh giá 1/5, trong nhịp tập tuần này.",2,0.0138
"V-Up hơi quá sức hoặc khó giữ kỹ thuật, tôi muốn replace exercise để tập ổn hơn. Lý do chính: Needs adjustment, Too hard. Mức đánh giá 1/5, ở lần ghi nhận gần đây.",2,0.0138
"Tôi không hợp Hindu Push-Up lắm, cảm giác kiểm soát chưa tốt nên nên cân nhắc thay thế. Lý do chính: Needs adjustment, Too hard. Mức đánh giá 2/5, ở phần cuối buổi.",2,0.0138
"Bài Bicycle Crunch làm buổi tập nặng hơn dự kiến; tôi muốn giảm độ khó hoặc đổi biến thể. Lý do chính: Needs adjustment, Too hard. Mức đánh giá 1/5, sau khi hoàn thành phần chính.",2,0.0138
"Tôi không hợp Cable Kickback lắm, cảm giác kiểm soát chưa tốt nên nên cân nhắc thay thế. Lý do chính: Needs adjustment, Too hard. Mức đánh giá 1/5, khi tập với mức hiện tại.",2,0.0138
"Bài Smith Machine Squat làm buổi tập nặng hơn dự kiến; tôi muốn giảm độ khó hoặc đổi biến thể. Lý do chính: Needs adjustment, Too hard. Mức đánh giá 1/5, khi theo giáo án hiện tại.",2,0.0138
"Tôi không hợp Smith Machine Shrug lắm, cảm giác kiểm soát chưa tốt nên nên cân nhắc thay thế. Lý do chính: Needs adjustment, Too hard. Mức đánh giá 2/5, ở phần cuối buổi.",2,0.0138
"Smith Machine Upright Row hơi quá sức hoặc khó giữ kỹ thuật, tôi muốn replace exercise để tập ổn hơn. Lý do chính: Needs adjustment, Too hard. Mức đánh giá 1/5, trong nhịp tập tuần này.",2,0.0138
"Bài Machine Assisted Dip làm buổi tập nặng hơn dự kiến; tôi muốn giảm độ khó hoặc đổi biến thể. Lý do chính: Needs adjustment, Too hard. Mức đánh giá 2/5, sau khi hoàn thành phần chính.",2,0.0138
"Tôi không hợp Single-Arm Smith Machine Row lắm, cảm giác kiểm soát chưa tốt nên nên cân nhắc thay thế. Lý do chính: Needs adjustment, Too hard. Mức đánh giá 1/5, ở phần cuối buổi.",2,0.0138
"Pistol Squat hơi quá sức hoặc khó giữ kỹ thuật, tôi muốn replace exercise để tập ổn hơn. Lý do chính: Needs adjustment, Too hard. Mức đánh giá 1/5, ở lần ghi nhận gần đây.",2,0.0138
"Tôi không hợp Smith Machine Shrug lắm, cảm giác kiểm soát chưa tốt nên nên cân nhắc thay thế. Lý do chính: Needs adjustment, Too hard. Mức đánh giá 1/5, khi tập với mức hiện tại.",2,0.0138
"Bài Smith Machine Reverse Lunge làm buổi tập nặng hơn dự kiến; tôi muốn giảm độ khó hoặc đổi biến thể. Lý do chính: Needs adjustment, Too hard. Mức đánh giá 1/5, khi theo giáo án hiện tại.",2,0.0138
"Bài Machine Assisted Dip làm buổi tập nặng hơn dự kiến; tôi muốn giảm độ khó hoặc đổi biến thể. Lý do chính: Needs adjustment, Too hard. Mức đánh giá 1/5, khi theo giáo án hiện tại.",2,0.0138
"Bài Machine Row làm buổi tập nặng hơn dự kiến; tôi muốn giảm độ khó hoặc đổi biến thể. Lý do chính: Needs adjustment, Too hard. Mức đánh giá 1/5, ở bối cảnh lịch tập này.",2,0.0138
"Bài Standing Ab Wheel Rollout làm buổi tập nặng hơn dự kiến; tôi muốn giảm độ khó hoặc đổi biến thể. Lý do chính: Needs adjustment, Too hard. Mức đánh giá 2/5, sau khi hoàn thành phần chính.",2,0.0138
"Tôi không hợp Machine Row lắm, cảm giác kiểm soát chưa tốt nên nên cân nhắc thay thế. Lý do chính: Needs adjustment, Too hard. Mức đánh giá 2/5, khi tập với mức hiện tại.",2,0.0138
"Dead Bug hơi quá sức hoặc khó giữ kỹ thuật, tôi muốn replace exercise để tập ổn hơn. Lý do chính: Needs adjustment, Too hard. Mức đánh giá 1/5, ở lần ghi nhận gần đây.",2,0.0138
"Tôi không hợp Bird Dog lắm, cảm giác kiểm soát chưa tốt nên nên cân nhắc thay thế. Lý do chính: Needs adjustment, Too hard. Mức đánh giá 2/5, khi tập với mức hiện tại.",2,0.0138
"Glute Bridge hơi quá sức hoặc khó giữ kỹ thuật, tôi muốn replace exercise để tập ổn hơn. Lý do chính: Needs adjustment, Too hard. Mức đánh giá 2/5, trong nhịp tập tuần này.",2,0.0138
"Tôi không hợp Dumbbell Front Raise lắm, cảm giác kiểm soát chưa tốt nên nên cân nhắc thay thế. Lý do chính: Needs adjustment, Too hard. Mức đánh giá 2/5, ở phần cuối buổi.",2,0.0138
"Tôi không hợp Glute Bridge March lắm, cảm giác kiểm soát chưa tốt nên nên cân nhắc thay thế. Lý do chính: Needs adjustment, Too hard. Mức đánh giá 2/5, ở phần cuối buổi.",2,0.0138
"Dumbbell Hammer Curl hơi quá sức hoặc khó giữ kỹ thuật, tôi muốn replace exercise để tập ổn hơn. Lý do chính: Needs adjustment, Too hard. Mức đánh giá 1/5, ở lần ghi nhận gần đây.",2,0.0138
"Tôi không hợp Bent-Over Dumbbell Reverse Fly lắm, cảm giác kiểm soát chưa tốt nên nên cân nhắc thay thế. Lý do chính: Needs adjustment, Too hard. Mức đánh giá 1/5, ở phần cuối buổi.",2,0.0138
"Bài Single-Arm Smith Machine Row làm buổi tập nặng hơn dự kiến; tôi muốn giảm độ khó hoặc đổi biến thể. Lý do chính: Needs adjustment, Too hard. Mức đánh giá 1/5, sau khi hoàn thành phần chính.",2,0.0138
"Tôi không hợp Side Plank lắm, cảm giác kiểm soát chưa tốt nên nên cân nhắc thay thế. Lý do chính: Needs adjustment, Too hard. Mức đánh giá 1/5, khi tập với mức hiện tại.",2,0.0138
"Bài Cossack Squat làm buổi tập nặng hơn dự kiến; tôi muốn giảm độ khó hoặc đổi biến thể. Lý do chính: Needs adjustment, Too hard. Mức đánh giá 1/5, khi theo giáo án hiện tại.",2,0.0138
"Side-Lying Inner Thigh Raise hơi quá sức hoặc khó giữ kỹ thuật, tôi muốn replace exercise để tập ổn hơn. Lý do chính: Needs adjustment, Too hard. Mức đánh giá 2/5, ở lần ghi nhận gần đây.",2,0.0138
"Banded Good Morning hơi quá sức hoặc khó giữ kỹ thuật, tôi muốn replace exercise để tập ổn hơn. Lý do chính: Needs adjustment, Too hard. Mức đánh giá 2/5, trong nhịp tập tuần này.",2,0.0138
"Bài Band Resisted Push-Up làm buổi tập nặng hơn dự kiến; tôi muốn giảm độ khó hoặc đổi biến thể. Lý do chính: Needs adjustment, Too hard. Mức đánh giá 1/5, khi theo giáo án hiện tại.",2,0.0138
"Tôi không hợp Band Resisted Push-Up lắm, cảm giác kiểm soát chưa tốt nên nên cân nhắc thay thế. Lý do chính: Needs adjustment, Too hard. Mức đánh giá 1/5, khi tập với mức hiện tại.",2,0.0138
"Banded Good Morning hơi quá sức hoặc khó giữ kỹ thuật, tôi muốn replace exercise để tập ổn hơn. Lý do chính: Needs adjustment, Too hard. Mức đánh giá 2/5, ở lần ghi nhận gần đây.",2,0.0138
"Donkey Calf Raise hơi quá sức hoặc khó giữ kỹ thuật, tôi muốn replace exercise để tập ổn hơn. Lý do chính: Needs adjustment, Too hard. Mức đánh giá 2/5, ở lần ghi nhận gần đây.",2,0.0138
"Tôi không hợp Donkey Calf Raise lắm, cảm giác kiểm soát chưa tốt nên nên cân nhắc thay thế. Lý do chính: Needs adjustment, Too hard. Mức đánh giá 2/5, ở phần cuối buổi.",2,0.0138
"Band Resisted Push-Up hơi quá sức hoặc khó giữ kỹ thuật, tôi muốn replace exercise để tập ổn hơn. Lý do chính: Needs adjustment, Too hard. Mức đánh giá 1/5, trong nhịp tập tuần này.",2,0.0138
"Push-Up hơi quá sức hoặc khó giữ kỹ thuật, tôi muốn replace exercise để tập ổn hơn. Lý do chính: Needs adjustment, Too hard. Mức đánh giá 1/5, trong lần đánh giá hôm nay.",2,0.0138
"Bài Pull-Up làm buổi tập nặng hơn dự kiến; tôi muốn giảm độ khó hoặc đổi biến thể. Lý do chính: Needs adjustment, Too hard. Mức đánh giá 1/5, sau khi hoàn thành phần chính.",2,0.0138
"Tôi không hợp Single-Arm Smith Machine Row lắm, cảm giác kiểm soát chưa tốt nên nên cân nhắc thay thế. Lý do chính: Needs adjustment, Too hard. Mức đánh giá 2/5, khi tập với mức hiện tại.",2,0.0138
"Bài Machine Lateral Raise làm buổi tập nặng hơn dự kiến; tôi muốn giảm độ khó hoặc đổi biến thể. Lý do chính: Needs adjustment, Too hard. Mức đánh giá 2/5, khi theo giáo án hiện tại.",2,0.0138
"Smith Machine Shrug hơi quá sức hoặc khó giữ kỹ thuật, tôi muốn replace exercise để tập ổn hơn. Lý do chính: Needs adjustment, Too hard. Mức đánh giá 2/5, ở lần ghi nhận gần đây.",2,0.0138
"Ab Crunch Machine hơi quá sức hoặc khó giữ kỹ thuật, tôi muốn replace exercise để tập ổn hơn. Lý do chính: Needs adjustment, Too hard. Mức đánh giá 2/5, ở lần ghi nhận gần đây.",2,0.0138
"Tôi không hợp Donkey Kick lắm, cảm giác kiểm soát chưa tốt nên nên cân nhắc thay thế. Lý do chính: Needs adjustment, Too hard. Mức đánh giá 2/5, khi tập với mức hiện tại.",2,0.0138
"Bài Side-Lying Inner Thigh Raise làm buổi tập nặng hơn dự kiến; tôi muốn giảm độ khó hoặc đổi biến thể. Lý do chính: Needs adjustment, Too hard. Mức đánh giá 1/5, khi theo giáo án hiện tại.",2,0.0138
"Leg Extension hơi quá sức hoặc khó giữ kỹ thuật, tôi muốn replace exercise để tập ổn hơn. Lý do chính: Needs adjustment, Too hard. Mức đánh giá 2/5, ở lần ghi nhận gần đây.",2,0.0138
"Bài Machine Hip Thrust làm buổi tập nặng hơn dự kiến; tôi muốn giảm độ khó hoặc đổi biến thể. Lý do chính: Needs adjustment, Too hard. Mức đánh giá 2/5, sau khi hoàn thành phần chính.",2,0.0138
"Tôi không hợp Standing Ab Wheel Rollout lắm, cảm giác kiểm soát chưa tốt nên nên cân nhắc thay thế. Lý do chính: Needs adjustment, Too hard. Mức đánh giá 2/5, ở phần cuối buổi.",2,0.0138
"Seated Machine Chest Press hơi quá sức hoặc khó giữ kỹ thuật, tôi muốn replace exercise để tập ổn hơn. Lý do chính: Needs adjustment, Too hard. Mức đánh giá 2/5, trong nhịp tập tuần này.",2,0.0138
"Bài Ab Crunch Machine làm buổi tập nặng hơn dự kiến; tôi muốn giảm độ khó hoặc đổi biến thể. Lý do chính: Needs adjustment, Too hard. Mức đánh giá 2/5, khi theo giáo án hiện tại.",2,0.0138
"Bài Machine Hip Thrust làm buổi tập nặng hơn dự kiến; tôi muốn giảm độ khó hoặc đổi biến thể. Lý do chính: Needs adjustment, Too hard. Mức đánh giá 1/5, ở bối cảnh lịch tập này.",2,0.0138
"Bài Donkey Calf Raise làm buổi tập nặng hơn dự kiến; tôi muốn giảm độ khó hoặc đổi biến thể. Lý do chính: Needs adjustment, Too hard. Mức đánh giá 1/5, sau khi hoàn thành phần chính.",2,0.0138
"Bài Machine Chest Press làm buổi tập nặng hơn dự kiến; tôi muốn giảm độ khó hoặc đổi biến thể. Lý do chính: Needs adjustment, Too hard. Mức đánh giá 2/5, sau khi hoàn thành phần chính.",2,0.0138
"Bài Machine Chest Press làm buổi tập nặng hơn dự kiến; tôi muốn giảm độ khó hoặc đổi biến thể. Lý do chính: Needs adjustment, Too hard. Mức đánh giá 1/5, khi theo giáo án hiện tại.",2,0.0138
"Bài Standing Ab Wheel Rollout làm buổi tập nặng hơn dự kiến; tôi muốn giảm độ khó hoặc đổi biến thể. Lý do chính: Needs adjustment, Too hard. Mức đánh giá 1/5, sau khi hoàn thành phần chính.",2,0.0138
"Machine Hip Thrust hơi quá sức hoặc khó giữ kỹ thuật, tôi muốn replace exercise để tập ổn hơn. Lý do chính: Needs adjustment, Too hard. Mức đánh giá 2/5, ở lần ghi nhận gần đây.",2,0.0138
"Burpee hơi quá sức hoặc khó giữ kỹ thuật, tôi muốn replace exercise để tập ổn hơn. Lý do chính: Needs adjustment, Too hard. Mức đánh giá 1/5, ở lần ghi nhận gần đây.",2,0.0138
"Burpee hơi quá sức hoặc khó giữ kỹ thuật, tôi muốn replace exercise để tập ổn hơn. Lý do chính: Needs adjustment, Too hard. Mức đánh giá 1/5, trong nhịp tập tuần này.",2,0.0138
"Tôi không hợp Burpee lắm, cảm giác kiểm soát chưa tốt nên nên cân nhắc thay thế. Lý do chính: Needs adjustment, Too hard. Mức đánh giá 1/5, khi tập với mức hiện tại.",2,0.0138
"Bài Pseudo Planche Push-Up làm buổi tập nặng hơn dự kiến; tôi muốn giảm độ khó hoặc đổi biến thể. Lý do chính: Needs adjustment, Too hard. Mức đánh giá 1/5, sau khi hoàn thành phần chính.",2,0.0138
"Tôi không hợp Glute Bridge March lắm, cảm giác kiểm soát chưa tốt nên nên cân nhắc thay thế. Lý do chính: Needs adjustment, Too hard. Mức đánh giá 1/5, khi tập với mức hiện tại.",2,0.0138
"Glute Bridge March hơi quá sức hoặc khó giữ kỹ thuật, tôi muốn replace exercise để tập ổn hơn. Lý do chính: Needs adjustment, Too hard. Mức đánh giá 2/5, trong nhịp tập tuần này.",2,0.0138
"Lateral Band Walk hơi quá sức hoặc khó giữ kỹ thuật, tôi muốn replace exercise để tập ổn hơn. Lý do chính: Needs adjustment, Too hard. Mức đánh giá 2/5, trong nhịp tập tuần này.",2,0.0138
"Lateral Band Walk hơi quá sức hoặc khó giữ kỹ thuật, tôi muốn replace exercise để tập ổn hơn. Lý do chính: Needs adjustment, Too hard. Mức đánh giá 2/5, ở lần ghi nhận gần đây.",2,0.0138
"Lateral Band Walk hơi quá sức hoặc khó giữ kỹ thuật, tôi muốn replace exercise để tập ổn hơn. Lý do chính: Needs adjustment, Too hard. Mức đánh giá 1/5, ở lần ghi nhận gần đây.",2,0.0138
"Tôi không hợp Lateral Band Walk lắm, cảm giác kiểm soát chưa tốt nên nên cân nhắc thay thế. Lý do chính: Needs adjustment, Too hard. Mức đánh giá 2/5, ở phần cuối buổi.",2,0.0138
"Reverse Crunch hơi quá sức hoặc khó giữ kỹ thuật, tôi muốn replace exercise để tập ổn hơn. Lý do chính: Needs adjustment, Too hard. Mức đánh giá 2/5, sau vài set đầu.",2,0.0138
"Tôi không hợp Tibialis Raise lắm, cảm giác kiểm soát chưa tốt nên nên cân nhắc thay thế. Lý do chính: Needs adjustment, Too hard. Mức đánh giá 1/5, khi tập với mức hiện tại.",2,0.0138
"Bài Lateral Band Walk làm buổi tập nặng hơn dự kiến; tôi muốn giảm độ khó hoặc đổi biến thể. Lý do chính: Needs adjustment, Too hard. Mức đánh giá 2/5, khi theo giáo án hiện tại.",2,0.0138
"Bài Single-Leg Leg Press làm buổi tập nặng hơn dự kiến; tôi muốn giảm độ khó hoặc đổi biến thể. Lý do chính: Needs adjustment, Too hard. Mức đánh giá 2/5, sau khi hoàn thành phần chính.",2,0.0138
"Tôi không hợp Wall Sit lắm, cảm giác kiểm soát chưa tốt nên nên cân nhắc thay thế. Lý do chính: Needs adjustment, Too hard. Mức đánh giá 2/5, ở phần cuối buổi.",2,0.0138
"Bài Close-Grip Push-Up làm buổi tập nặng hơn dự kiến; tôi muốn giảm độ khó hoặc đổi biến thể. Lý do chính: Needs adjustment, Too hard. Mức đánh giá 2/5, khi theo giáo án hiện tại.",2,0.0138
"Bài Copenhagen Plank dùng được, hiện tại tôi muốn giữ lựa chọn mở thay vì đổi ngay. Lý do chính: Monitor. Mức đánh giá 3/5, khi theo giáo án hiện tại.",2,0.0138
"Bài Machine Hip Thrust dùng được, hiện tại tôi muốn giữ lựa chọn mở thay vì đổi ngay. Lý do chính: Monitor. Mức đánh giá 3/5, khi theo giáo án hiện tại.",2,0.0138
"Machine Hip Thrust ở mức chấp nhận được, tôi chưa có ưu tiên mạnh và muốn theo dõi thêm vài buổi. Lý do chính: Monitor. Mức đánh giá 3/5, ở lần ghi nhận gần đây.",2,0.0138
"Bài Copenhagen Plank dùng được, hiện tại tôi muốn giữ lựa chọn mở thay vì đổi ngay. Lý do chính: Monitor. Mức đánh giá 3/5, sau khi hoàn thành phần chính.",2,0.0138
"Tôi thấy Crab Walk bình thường, độ khó tương đối ổn nhưng chưa phải bài tôi thích nhất. Lý do chính: Monitor. Mức đánh giá 3/5, khi tập với mức hiện tại.",2,0.0138
"Ab Crunch Machine ở mức chấp nhận được, tôi chưa có ưu tiên mạnh và muốn theo dõi thêm vài buổi. Lý do chính: Monitor. Mức đánh giá 3/5, ở lần ghi nhận gần đây.",2,0.0138
"Tôi thấy Seated Machine Chest Press bình thường, độ khó tương đối ổn nhưng chưa phải bài tôi thích nhất. Lý do chính: Monitor. Mức đánh giá 3/5, ở phần cuối buổi.",2,0.0138
"Tôi thấy Ab Crunch Machine bình thường, độ khó tương đối ổn nhưng chưa phải bài tôi thích nhất. Lý do chính: Monitor. Mức đánh giá 3/5, ở phần cuối buổi.",2,0.0138
"Bài Push-Up dùng được, hiện tại tôi muốn giữ lựa chọn mở thay vì đổi ngay. Lý do chính: Monitor. Mức đánh giá 3/5, ở bối cảnh lịch tập này.",2,0.0138
"Bài Side-Lying Inner Thigh Raise dùng được, hiện tại tôi muốn giữ lựa chọn mở thay vì đổi ngay. Lý do chính: Monitor. Mức đánh giá 3/5, sau khi hoàn thành phần chính.",2,0.0138
"Sissy Squat ở mức chấp nhận được, tôi chưa có ưu tiên mạnh và muốn theo dõi thêm vài buổi. Lý do chính: Monitor. Mức đánh giá 3/5, trong nhịp tập tuần này.",2,0.0138
"Tôi thấy Glute Bridge March bình thường, độ khó tương đối ổn nhưng chưa phải bài tôi thích nhất. Lý do chính: Monitor. Mức đánh giá 3/5, ở phần cuối buổi.",2,0.0138
"Tôi thấy Dead Bug bình thường, độ khó tương đối ổn nhưng chưa phải bài tôi thích nhất. Lý do chính: Monitor. Mức đánh giá 3/5, ở phần cuối buổi.",2,0.0138
"Side-Lying Inner Thigh Raise ở mức chấp nhận được, tôi chưa có ưu tiên mạnh và muốn theo dõi thêm vài buổi. Lý do chính: Monitor. Mức đánh giá 3/5, ở lần ghi nhận gần đây.",2,0.0138
"Bài V-Up dùng được, hiện tại tôi muốn giữ lựa chọn mở thay vì đổi ngay. Lý do chính: Monitor. Mức đánh giá 3/5, khi theo giáo án hiện tại.",2,0.0138
"Bài Single-Leg Glute Bridge dùng được, hiện tại tôi muốn giữ lựa chọn mở thay vì đổi ngay. Lý do chính: Monitor. Mức đánh giá 3/5, sau khi hoàn thành phần chính.",2,0.0138
"Bài Glute Bridge March dùng được, hiện tại tôi muốn giữ lựa chọn mở thay vì đổi ngay. Lý do chính: Monitor. Mức đánh giá 3/5, ở bối cảnh lịch tập này.",2,0.0138
"V-Up ở mức chấp nhận được, tôi chưa có ưu tiên mạnh và muốn theo dõi thêm vài buổi. Lý do chính: Monitor. Mức đánh giá 3/5, trong nhịp tập tuần này.",2,0.0138
"Bài Lying Leg Raise dùng được, hiện tại tôi muốn giữ lựa chọn mở thay vì đổi ngay. Lý do chính: Monitor. Mức đánh giá 3/5, ở bối cảnh lịch tập này.",2,0.0138
"Tôi thấy Glute Bridge bình thường, độ khó tương đối ổn nhưng chưa phải bài tôi thích nhất. Lý do chính: Monitor. Mức đánh giá 3/5, trong buổi tập này.",2,0.0138
"Tôi thấy Bicycle Crunch bình thường, độ khó tương đối ổn nhưng chưa phải bài tôi thích nhất. Lý do chính: Monitor. Mức đánh giá 3/5, khi xét cảm giác phục hồi.",2,0.0138
"Bài Glute Bridge March dùng được, hiện tại tôi muốn giữ lựa chọn mở thay vì đổi ngay. Lý do chính: Monitor. Mức đánh giá 3/5, khi theo giáo án hiện tại.",2,0.0138
"Bài Wall Slide dùng được, hiện tại tôi muốn giữ lựa chọn mở thay vì đổi ngay. Lý do chính: Monitor. Mức đánh giá 3/5, sau khi hoàn thành phần chính.",2,0.0138
"Tôi thấy Chest-Supported Dumbbell Row bình thường, độ khó tương đối ổn nhưng chưa phải bài tôi thích nhất. Lý do chính: Monitor. Mức đánh giá 3/5, ở phần cuối buổi.",2,0.0138
"Bài Chest-Supported Dumbbell Row dùng được, hiện tại tôi muốn giữ lựa chọn mở thay vì đổi ngay. Lý do chính: Monitor. Mức đánh giá 3/5, khi theo giáo án hiện tại.",2,0.0138
"Bài Machine Hip Thrust dùng được, hiện tại tôi muốn giữ lựa chọn mở thay vì đổi ngay. Lý do chính: Monitor. Mức đánh giá 3/5, sau khi hoàn thành phần chính.",2,0.0138
"Chest-Supported Dumbbell Row ở mức chấp nhận được, tôi chưa có ưu tiên mạnh và muốn theo dõi thêm vài buổi. Lý do chính: Monitor. Mức đánh giá 3/5, ở lần ghi nhận gần đây.",2,0.0138
"Tôi thấy Tibialis Raise bình thường, độ khó tương đối ổn nhưng chưa phải bài tôi thích nhất. Lý do chính: Monitor. Mức đánh giá 3/5, ở phần cuối buổi.",2,0.0138
"Tôi thấy Chest-Supported Dumbbell Row bình thường, độ khó tương đối ổn nhưng chưa phải bài tôi thích nhất. Lý do chính: Monitor. Mức đánh giá 3/5, khi tập với mức hiện tại.",2,0.0138
"Bài Burpee dùng được, hiện tại tôi muốn giữ lựa chọn mở thay vì đổi ngay. Lý do chính: Monitor. Mức đánh giá 3/5, sau khi hoàn thành phần chính.",2,0.0138
"Bài Plank dùng được, hiện tại tôi muốn giữ lựa chọn mở thay vì đổi ngay. Lý do chính: Monitor. Mức đánh giá 3/5, khi theo giáo án hiện tại.",2,0.0138
"Tôi thấy Dumbbell Hammer Curl bình thường, độ khó tương đối ổn nhưng chưa phải bài tôi thích nhất. Lý do chính: Monitor. Mức đánh giá 3/5, ở phần cuối buổi.",2,0.0138
"Bài Dumbbell Romanian Deadlift dùng được, hiện tại tôi muốn giữ lựa chọn mở thay vì đổi ngay. Lý do chính: Monitor. Mức đánh giá 3/5, sau khi hoàn thành phần chính.",2,0.0138
"Dumbbell Hammer Curl ở mức chấp nhận được, tôi chưa có ưu tiên mạnh và muốn theo dõi thêm vài buổi. Lý do chính: Monitor. Mức đánh giá 3/5, ở lần ghi nhận gần đây.",2,0.0138
"Tôi thấy Chest-Supported T-Bar Row bình thường, độ khó tương đối ổn nhưng chưa phải bài tôi thích nhất. Lý do chính: Monitor. Mức đánh giá 3/5, khi xét cảm giác phục hồi.",2,0.0138
"Copenhagen Plank ở mức chấp nhận được, tôi chưa có ưu tiên mạnh và muốn theo dõi thêm vài buổi. Lý do chính: Monitor. Mức đánh giá 3/5, ở lần ghi nhận gần đây.",2,0.0138
"Bài Plank dùng được, hiện tại tôi muốn giữ lựa chọn mở thay vì đổi ngay. Lý do chính: Monitor. Mức đánh giá 3/5, sau khi hoàn thành phần chính.",2,0.0138
"Machine Lateral Raise ở mức chấp nhận được, tôi chưa có ưu tiên mạnh và muốn theo dõi thêm vài buổi. Lý do chính: Monitor. Mức đánh giá 3/5, ở lần ghi nhận gần đây.",2,0.0138
"Tôi thấy Burpee bình thường, độ khó tương đối ổn nhưng chưa phải bài tôi thích nhất. Lý do chính: Monitor. Mức đánh giá 3/5, khi tập với mức hiện tại.",2,0.0138
"Tôi thấy Spiderman Push-Up bình thường, độ khó tương đối ổn nhưng chưa phải bài tôi thích nhất. Lý do chính: Monitor. Mức đánh giá 3/5, khi tập với mức hiện tại.",2,0.0138
"Tôi thấy Plank bình thường, độ khó tương đối ổn nhưng chưa phải bài tôi thích nhất. Lý do chính: Monitor. Mức đánh giá 3/5, khi tập với mức hiện tại.",2,0.0138
"Close-Grip Push-Up ở mức chấp nhận được, tôi chưa có ưu tiên mạnh và muốn theo dõi thêm vài buổi. Lý do chính: Monitor. Mức đánh giá 3/5, ở lần ghi nhận gần đây.",2,0.0138
"Bài Donkey Kick dùng được, hiện tại tôi muốn giữ lựa chọn mở thay vì đổi ngay. Lý do chính: Monitor. Mức đánh giá 3/5, sau khi hoàn thành phần chính.",2,0.0138
"Bài Front Plank with Reach dùng được, hiện tại tôi muốn giữ lựa chọn mở thay vì đổi ngay. Lý do chính: Monitor. Mức đánh giá 3/5, sau khi hoàn thành phần chính.",2,0.0138
"Tôi thấy Dead Bug bình thường, độ khó tương đối ổn nhưng chưa phải bài tôi thích nhất. Lý do chính: Monitor. Mức đánh giá 3/5, khi tập với mức hiện tại.",2,0.0138
"Bài Reverse Crunch dùng được, hiện tại tôi muốn giữ lựa chọn mở thay vì đổi ngay. Lý do chính: Monitor. Mức đánh giá 3/5, khi theo giáo án hiện tại.",2,0.0138
"Leg Press Calf Raise ở mức chấp nhận được, tôi chưa có ưu tiên mạnh và muốn theo dõi thêm vài buổi. Lý do chính: Monitor. Mức đánh giá 3/5, ở lần ghi nhận gần đây.",2,0.0138
"Bài Leg Press dùng được, hiện tại tôi muốn giữ lựa chọn mở thay vì đổi ngay. Lý do chính: Monitor. Mức đánh giá 3/5, sau khi hoàn thành phần chính.",2,0.0138
"Bài Leg Press Calf Raise dùng được, hiện tại tôi muốn giữ lựa chọn mở thay vì đổi ngay. Lý do chính: Monitor. Mức đánh giá 3/5, sau khi hoàn thành phần chính.",2,0.0138
"Tôi thấy Leg Press bình thường, độ khó tương đối ổn nhưng chưa phải bài tôi thích nhất. Lý do chính: Monitor. Mức đánh giá 3/5, khi tập với mức hiện tại.",2,0.0138
"Bài Glute Kickback Machine dùng được, hiện tại tôi muốn giữ lựa chọn mở thay vì đổi ngay. Lý do chính: Monitor. Mức đánh giá 3/5, sau khi hoàn thành phần chính.",2,0.0138
"Bài Seated Outer Thigh Abductor Machine dùng được, hiện tại tôi muốn giữ lựa chọn mở thay vì đổi ngay. Lý do chính: Monitor. Mức đánh giá 3/5, khi theo giáo án hiện tại.",2,0.0138
"Bài Machine Hip Abductor dùng được, hiện tại tôi muốn giữ lựa chọn mở thay vì đổi ngay. Lý do chính: Monitor. Mức đánh giá 3/5, khi theo giáo án hiện tại.",2,0.0138
"Glute Kickback Machine ở mức chấp nhận được, tôi chưa có ưu tiên mạnh và muốn theo dõi thêm vài buổi. Lý do chính: Monitor. Mức đánh giá 3/5, ở lần ghi nhận gần đây.",2,0.0138
"Single-Leg Leg Press ở mức chấp nhận được, tôi chưa có ưu tiên mạnh và muốn theo dõi thêm vài buổi. Lý do chính: Monitor. Mức đánh giá 3/5, sau vài set đầu.",2,0.0138
"Tôi thấy Bicycle Crunch bình thường, độ khó tương đối ổn nhưng chưa phải bài tôi thích nhất. Lý do chính: Monitor. Mức đánh giá 3/5, ở phần cuối buổi.",2,0.0138
"Reverse Nordic Curl ở mức chấp nhận được, tôi chưa có ưu tiên mạnh và muốn theo dõi thêm vài buổi. Lý do chính: Monitor. Mức đánh giá 3/5, trong nhịp tập tuần này.",2,0.0138
"Glute Bridge March ở mức chấp nhận được, tôi chưa có ưu tiên mạnh và muốn theo dõi thêm vài buổi. Lý do chính: Monitor. Mức đánh giá 3/5, trong nhịp tập tuần này.",2,0.0138
"Reverse Crunch ở mức chấp nhận được, tôi chưa có ưu tiên mạnh và muốn theo dõi thêm vài buổi. Lý do chính: Monitor. Mức đánh giá 3/5, trong nhịp tập tuần này.",2,0.0138
"EZ-Bar Preacher Curl ở mức chấp nhận được, tôi chưa có ưu tiên mạnh và muốn theo dõi thêm vài buổi. Lý do chính: Monitor. Mức đánh giá 3/5, ở lần ghi nhận gần đây.",2,0.0138
"Chin-Up ở mức chấp nhận được, tôi chưa có ưu tiên mạnh và muốn theo dõi thêm vài buổi. Lý do chính: Monitor. Mức đánh giá 3/5, trong nhịp tập tuần này.",2,0.0138
"Tôi thấy Pistol Squat bình thường, độ khó tương đối ổn nhưng chưa phải bài tôi thích nhất. Lý do chính: Monitor. Mức đánh giá 3/5, khi tập với mức hiện tại.",2,0.0138
"Tôi thấy Hanging Windshield Wiper bình thường, độ khó tương đối ổn nhưng chưa phải bài tôi thích nhất. Lý do chính: Monitor. Mức đánh giá 3/5, ở phần cuối buổi.",2,0.0138
"Bài Hanging Leg Raise dùng được, hiện tại tôi muốn giữ lựa chọn mở thay vì đổi ngay. Lý do chính: Monitor. Mức đánh giá 3/5, sau khi hoàn thành phần chính.",2,0.0138
"Bài Chin-Up dùng được, hiện tại tôi muốn giữ lựa chọn mở thay vì đổi ngay. Lý do chính: Monitor. Mức đánh giá 3/5, sau khi hoàn thành phần chính.",2,0.0138
"Tôi thấy Chin-Up bình thường, độ khó tương đối ổn nhưng chưa phải bài tôi thích nhất. Lý do chính: Monitor. Mức đánh giá 3/5, ở phần cuối buổi.",2,0.0138
"Tôi thấy Pistol Squat bình thường, độ khó tương đối ổn nhưng chưa phải bài tôi thích nhất. Lý do chính: Monitor. Mức đánh giá 3/5, ở phần cuối buổi.",2,0.0138
"Bài Hanging Leg Raise dùng được, hiện tại tôi muốn giữ lựa chọn mở thay vì đổi ngay. Lý do chính: Monitor. Mức đánh giá 3/5, khi theo giáo án hiện tại.",2,0.0138
"Tôi thấy Machine Lateral Raise bình thường, độ khó tương đối ổn nhưng chưa phải bài tôi thích nhất. Lý do chính: Monitor. Mức đánh giá 3/5, khi tập với mức hiện tại.",2,0.0138
"Tôi thấy B-Stance Barbell RDL bình thường, độ khó tương đối ổn nhưng chưa phải bài tôi thích nhất. Lý do chính: Monitor. Mức đánh giá 3/5, ở phần cuối buổi.",2,0.0138
"Tôi thấy Donkey Kick bình thường, độ khó tương đối ổn nhưng chưa phải bài tôi thích nhất. Lý do chính: Monitor. Mức đánh giá 3/5, ở phần cuối buổi.",2,0.0138
"Donkey Calf Raise ở mức chấp nhận được, tôi chưa có ưu tiên mạnh và muốn theo dõi thêm vài buổi. Lý do chính: Monitor. Mức đánh giá 3/5, trong nhịp tập tuần này.",2,0.0138
"Glute Bridge ở mức chấp nhận được, tôi chưa có ưu tiên mạnh và muốn theo dõi thêm vài buổi. Lý do chính: Monitor. Mức đánh giá 3/5, ở lần ghi nhận gần đây.",2,0.0138
"Tôi thấy Machine Assisted Dip bình thường, độ khó tương đối ổn nhưng chưa phải bài tôi thích nhất. Lý do chính: Monitor. Mức đánh giá 3/5, ở phần cuối buổi.",2,0.0138
"Bài Barbell Biceps Curl dùng được, hiện tại tôi muốn giữ lựa chọn mở thay vì đổi ngay. Lý do chính: Monitor. Mức đánh giá 3/5, khi theo giáo án hiện tại.",2,0.0138
"Machine Assisted Dip ở mức chấp nhận được, tôi chưa có ưu tiên mạnh và muốn theo dõi thêm vài buổi. Lý do chính: Monitor. Mức đánh giá 3/5, trong nhịp tập tuần này.",2,0.0138
"Tôi thấy Ab Crunch Machine bình thường, độ khó tương đối ổn nhưng chưa phải bài tôi thích nhất. Lý do chính: Monitor. Mức đánh giá 3/5, khi tập với mức hiện tại.",2,0.0138
"Smith Machine Upright Row ở mức chấp nhận được, tôi chưa có ưu tiên mạnh và muốn theo dõi thêm vài buổi. Lý do chính: Monitor. Mức đánh giá 3/5, ở lần ghi nhận gần đây.",2,0.0138
"Tôi thấy Chest-Supported T-Bar Row bình thường, độ khó tương đối ổn nhưng chưa phải bài tôi thích nhất. Lý do chính: Monitor. Mức đánh giá 3/5, khi tập với mức hiện tại.",2,0.0138
"Ab Crunch Machine ở mức chấp nhận được, tôi chưa có ưu tiên mạnh và muốn theo dõi thêm vài buổi. Lý do chính: Monitor. Mức đánh giá 3/5, trong nhịp tập tuần này.",2,0.0138
"Smith Machine Reverse Lunge ở mức chấp nhận được, tôi chưa có ưu tiên mạnh và muốn theo dõi thêm vài buổi. Lý do chính: Monitor. Mức đánh giá 3/5, trong nhịp tập tuần này.",2,0.0138
"Bài Medicine Ball Woodchop dùng được, hiện tại tôi muốn giữ lựa chọn mở thay vì đổi ngay. Lý do chính: Monitor. Mức đánh giá 3/5, sau khi hoàn thành phần chính.",2,0.0138
"Bài Machine Row dùng được, hiện tại tôi muốn giữ lựa chọn mở thay vì đổi ngay. Lý do chính: Monitor. Mức đánh giá 3/5, khi theo giáo án hiện tại.",2,0.0138
"Bài Burpee vào nhịp tốt, tôi muốn progression rõ hơn để tiếp tục tiến bộ. Lý do chính: Good fit, Too easy. Mức đánh giá 4/5, khi theo giáo án hiện tại.",2,0.0138
"Tôi thấy Burpee đang hơi nhẹ so với sức hiện tại, có thể tăng độ khó hoặc thêm volume vừa phải. Lý do chính: Good fit, Too easy. Mức đánh giá 4/5, khi tập với mức hiện tại.",2,0.0138
"Bài Machine Leg Extension vào nhịp tốt, tôi muốn progression rõ hơn để tiếp tục tiến bộ. Lý do chính: Good fit, Too easy. Mức đánh giá 4/5, khi theo giáo án hiện tại.",2,0.0138
"Chest-Supported T-Bar Row khá dễ kiểm soát, tôi hoàn thành tốt và muốn tăng thử thách nhẹ ở lần tới. Lý do chính: Good fit, Too easy. Mức đánh giá 5/5, ở lần ghi nhận gần đây.",2,0.0138
"Chest-Supported T-Bar Row khá dễ kiểm soát, tôi hoàn thành tốt và muốn tăng thử thách nhẹ ở lần tới. Lý do chính: Good fit, Too easy. Mức đánh giá 4/5, trong nhịp tập tuần này.",2,0.0138
"TRX Fallouts khá dễ kiểm soát, tôi hoàn thành tốt và muốn tăng thử thách nhẹ ở lần tới. Lý do chính: Good fit, Too easy. Mức đánh giá 4/5, ở lần ghi nhận gần đây.",2,0.0138
"Bài TRX Suspension Row vào nhịp tốt, tôi muốn progression rõ hơn để tiếp tục tiến bộ. Lý do chính: Good fit, Too easy. Mức đánh giá 5/5, sau khi hoàn thành phần chính.",2,0.0138
"Bài Single-Leg Leg Extension vào nhịp tốt, tôi muốn progression rõ hơn để tiếp tục tiến bộ. Lý do chính: Good fit, Too easy. Mức đánh giá 4/5, khi theo giáo án hiện tại.",2,0.0138
"Bài Copenhagen Adductor Drop vào nhịp tốt, tôi muốn progression rõ hơn để tiếp tục tiến bộ. Lý do chính: Good fit, Too easy. Mức đánh giá 4/5, sau khi hoàn thành phần chính.",2,0.0138
"Bài TRX Suspension Row vào nhịp tốt, tôi muốn progression rõ hơn để tiếp tục tiến bộ. Lý do chính: Good fit, Too easy. Mức đánh giá 5/5, khi theo giáo án hiện tại.",2,0.0138
"TRX Fallouts khá dễ kiểm soát, tôi hoàn thành tốt và muốn tăng thử thách nhẹ ở lần tới. Lý do chính: Good fit, Too easy. Mức đánh giá 5/5, trong nhịp tập tuần này.",2,0.0138
"Leg Press khá dễ kiểm soát, tôi hoàn thành tốt và muốn tăng thử thách nhẹ ở lần tới. Lý do chính: Good fit, Too easy. Mức đánh giá 4/5, trong nhịp tập tuần này.",2,0.0138
"Bài Leg Extension vào nhịp tốt, tôi muốn progression rõ hơn để tiếp tục tiến bộ. Lý do chính: Good fit, Too easy. Mức đánh giá 4/5, khi theo giáo án hiện tại.",2,0.0138
"Chest-Supported T-Bar Row khá dễ kiểm soát, tôi hoàn thành tốt và muốn tăng thử thách nhẹ ở lần tới. Lý do chính: Good fit, Too easy. Mức đánh giá 4/5, ở lần ghi nhận gần đây.",2,0.0138
"Copenhagen Adductor Drop khá dễ kiểm soát, tôi hoàn thành tốt và muốn tăng thử thách nhẹ ở lần tới. Lý do chính: Good fit, Too easy. Mức đánh giá 4/5, ở lần ghi nhận gần đây.",2,0.0138
"Tôi thấy TRX Suspension Row đang hơi nhẹ so với sức hiện tại, có thể tăng độ khó hoặc thêm volume vừa phải. Lý do chính: Good fit, Too easy. Mức đánh giá 5/5, ở phần cuối buổi.",2,0.0138
"Tôi thấy Decline Push-Up đang hơi nhẹ so với sức hiện tại, có thể tăng độ khó hoặc thêm volume vừa phải. Lý do chính: Good fit, Too easy. Mức đánh giá 5/5, ở phần cuối buổi.",2,0.0138
"TRX Fallouts khá dễ kiểm soát, tôi hoàn thành tốt và muốn tăng thử thách nhẹ ở lần tới. Lý do chính: Good fit, Too easy. Mức đánh giá 5/5, ở lần ghi nhận gần đây.",2,0.0138
"Bài Seated Outer Thigh Abductor Machine vào nhịp tốt, tôi muốn progression rõ hơn để tiếp tục tiến bộ. Lý do chính: Good fit, Too easy. Mức đánh giá 5/5, khi theo giáo án hiện tại.",2,0.0138
"Tôi thấy Machine Shoulder Press đang hơi nhẹ so với sức hiện tại, có thể tăng độ khó hoặc thêm volume vừa phải. Lý do chính: Good fit, Too easy. Mức đánh giá 5/5, ở phần cuối buổi.",2,0.0138
"Tôi thấy Machine Hip Abductor đang hơi nhẹ so với sức hiện tại, có thể tăng độ khó hoặc thêm volume vừa phải. Lý do chính: Good fit, Too easy. Mức đánh giá 4/5, khi tập với mức hiện tại.",2,0.0138
"Bài Hack Squat vào nhịp tốt, tôi muốn progression rõ hơn để tiếp tục tiến bộ. Lý do chính: Good fit, Too easy. Mức đánh giá 5/5, khi theo giáo án hiện tại.",2,0.0138
"Seated Outer Thigh Abductor Machine khá dễ kiểm soát, tôi hoàn thành tốt và muốn tăng thử thách nhẹ ở lần tới. Lý do chính: Good fit, Too easy. Mức đánh giá 4/5, ở lần ghi nhận gần đây.",2,0.0138
"Machine Hip Abductor khá dễ kiểm soát, tôi hoàn thành tốt và muốn tăng thử thách nhẹ ở lần tới. Lý do chính: Good fit, Too easy. Mức đánh giá 5/5, trong nhịp tập tuần này.",2,0.0138
"Tôi thấy Machine Shoulder Press đang hơi nhẹ so với sức hiện tại, có thể tăng độ khó hoặc thêm volume vừa phải. Lý do chính: Good fit, Too easy. Mức đánh giá 5/5, khi tập với mức hiện tại.",2,0.0138
"Tôi thấy Machine Hip Abductor đang hơi nhẹ so với sức hiện tại, có thể tăng độ khó hoặc thêm volume vừa phải. Lý do chính: Good fit, Too easy. Mức đánh giá 5/5, ở phần cuối buổi.",2,0.0138
"Seated Outer Thigh Abductor Machine khá dễ kiểm soát, tôi hoàn thành tốt và muốn tăng thử thách nhẹ ở lần tới. Lý do chính: Good fit, Too easy. Mức đánh giá 4/5, trong lần đánh giá hôm nay.",2,0.0138
"Machine Hip Abductor khá dễ kiểm soát, tôi hoàn thành tốt và muốn tăng thử thách nhẹ ở lần tới. Lý do chính: Good fit, Too easy. Mức đánh giá 5/5, ở lần ghi nhận gần đây.",2,0.0138
"Machine Shoulder Press khá dễ kiểm soát, tôi hoàn thành tốt và muốn tăng thử thách nhẹ ở lần tới. Lý do chính: Good fit, Too easy. Mức đánh giá 5/5, ở lần ghi nhận gần đây.",2,0.0138
"Tôi thấy Machine Hip Abductor đang hơi nhẹ so với sức hiện tại, có thể tăng độ khó hoặc thêm volume vừa phải. Lý do chính: Good fit, Too easy. Mức đánh giá 5/5, khi tập với mức hiện tại.",2,0.0138
"Hack Squat khá dễ kiểm soát, tôi hoàn thành tốt và muốn tăng thử thách nhẹ ở lần tới. Lý do chính: Good fit, Too easy. Mức đánh giá 4/5, trong nhịp tập tuần này.",2,0.0138
"Tôi thấy Hack Squat đang hơi nhẹ so với sức hiện tại, có thể tăng độ khó hoặc thêm volume vừa phải. Lý do chính: Good fit, Too easy. Mức đánh giá 4/5, ở phần cuối buổi.",2,0.0138
"Tôi thấy Machine Chest Press đang hơi nhẹ so với sức hiện tại, có thể tăng độ khó hoặc thêm volume vừa phải. Lý do chính: Good fit, Too easy. Mức đánh giá 5/5, khi tập với mức hiện tại.",2,0.0138
"Donkey Calf Raise khá dễ kiểm soát, tôi hoàn thành tốt và muốn tăng thử thách nhẹ ở lần tới. Lý do chính: Good fit, Too easy. Mức đánh giá 4/5, trong nhịp tập tuần này.",2,0.0138
"Tôi thấy Machine Hip Adductor đang hơi nhẹ so với sức hiện tại, có thể tăng độ khó hoặc thêm volume vừa phải. Lý do chính: Good fit, Too easy. Mức đánh giá 5/5, khi tập với mức hiện tại.",2,0.0138
"Tôi thấy Machine Chest Press đang hơi nhẹ so với sức hiện tại, có thể tăng độ khó hoặc thêm volume vừa phải. Lý do chính: Good fit, Too easy. Mức đánh giá 4/5, khi xét cảm giác phục hồi.",2,0.0138
"Tôi thấy Machine Hip Adductor đang hơi nhẹ so với sức hiện tại, có thể tăng độ khó hoặc thêm volume vừa phải. Lý do chính: Good fit, Too easy. Mức đánh giá 4/5, khi tập với mức hiện tại.",2,0.0138
"Bài Machine Chest Press vào nhịp tốt, tôi muốn progression rõ hơn để tiếp tục tiến bộ. Lý do chính: Good fit, Too easy. Mức đánh giá 5/5, ở bối cảnh lịch tập này.",2,0.0138
"Bài Donkey Calf Raise vào nhịp tốt, tôi muốn progression rõ hơn để tiếp tục tiến bộ. Lý do chính: Good fit, Too easy. Mức đánh giá 4/5, khi theo giáo án hiện tại.",2,0.0138
"Tôi thấy Seated Machine Chest Press đang hơi nhẹ so với sức hiện tại, có thể tăng độ khó hoặc thêm volume vừa phải. Lý do chính: Good fit, Too easy. Mức đánh giá 5/5, ở phần cuối buổi.",2,0.0138
"Bài Machine Chest Press vào nhịp tốt, tôi muốn progression rõ hơn để tiếp tục tiến bộ. Lý do chính: Good fit, Too easy. Mức đánh giá 4/5, ở bối cảnh lịch tập này.",2,0.0138
"Incline Dumbbell Bench Press khá dễ kiểm soát, tôi hoàn thành tốt và muốn tăng thử thách nhẹ ở lần tới. Lý do chính: Good fit, Too easy. Mức đánh giá 4/5, ở lần ghi nhận gần đây.",2,0.0138
"Machine Hip Thrust khá dễ kiểm soát, tôi hoàn thành tốt và muốn tăng thử thách nhẹ ở lần tới. Lý do chính: Good fit, Too easy. Mức đánh giá 5/5, trong nhịp tập tuần này.",2,0.0138
"Tôi thấy Push-Up đang hơi nhẹ so với sức hiện tại, có thể tăng độ khó hoặc thêm volume vừa phải. Lý do chính: Good fit, Too easy. Mức đánh giá 4/5, trong buổi tập này.",2,0.0138
"Bài Dumbbell Hammer Curl vào nhịp tốt, tôi muốn progression rõ hơn để tiếp tục tiến bộ. Lý do chính: Good fit, Too easy. Mức đánh giá 5/5, khi theo giáo án hiện tại.",2,0.0138
"Dumbbell Lateral Raise khá dễ kiểm soát, tôi hoàn thành tốt và muốn tăng thử thách nhẹ ở lần tới. Lý do chính: Good fit, Too easy. Mức đánh giá 4/5, ở lần ghi nhận gần đây.",2,0.0138
"Dumbbell Front Raise khá dễ kiểm soát, tôi hoàn thành tốt và muốn tăng thử thách nhẹ ở lần tới. Lý do chính: Good fit, Too easy. Mức đánh giá 5/5, trong nhịp tập tuần này.",2,0.0138
"Tôi thấy Machine Hip Thrust đang hơi nhẹ so với sức hiện tại, có thể tăng độ khó hoặc thêm volume vừa phải. Lý do chính: Good fit, Too easy. Mức đánh giá 4/5, khi tập với mức hiện tại.",2,0.0138
"Tôi thấy Machine Shrug đang hơi nhẹ so với sức hiện tại, có thể tăng độ khó hoặc thêm volume vừa phải. Lý do chính: Good fit, Too easy. Mức đánh giá 5/5, ở phần cuối buổi.",2,0.0138
"Incline Dumbbell Bench Press khá dễ kiểm soát, tôi hoàn thành tốt và muốn tăng thử thách nhẹ ở lần tới. Lý do chính: Good fit, Too easy. Mức đánh giá 5/5, ở lần ghi nhận gần đây.",2,0.0138
"Tôi thấy Dumbbell Lateral Raise đang hơi nhẹ so với sức hiện tại, có thể tăng độ khó hoặc thêm volume vừa phải. Lý do chính: Good fit, Too easy. Mức đánh giá 4/5, ở phần cuối buổi.",2,0.0138
"Bài Seated Leg Curl vào nhịp tốt, tôi muốn progression rõ hơn để tiếp tục tiến bộ. Lý do chính: Good fit, Too easy. Mức đánh giá 5/5, khi theo giáo án hiện tại.",2,0.0138
"Bài Tibialis Raise vào nhịp tốt, tôi muốn progression rõ hơn để tiếp tục tiến bộ. Lý do chính: Good fit, Too easy. Mức đánh giá 5/5, sau khi hoàn thành phần chính.",2,0.0138
"Bài Tibialis Raise vào nhịp tốt, tôi muốn progression rõ hơn để tiếp tục tiến bộ. Lý do chính: Good fit, Too easy. Mức đánh giá 5/5, khi theo giáo án hiện tại.",2,0.0138
"Bài Seated Leg Curl vào nhịp tốt, tôi muốn progression rõ hơn để tiếp tục tiến bộ. Lý do chính: Good fit, Too easy. Mức đánh giá 5/5, sau khi hoàn thành phần chính.",2,0.0138
"Bài Seated Leg Curl vào nhịp tốt, tôi muốn progression rõ hơn để tiếp tục tiến bộ. Lý do chính: Good fit, Too easy. Mức đánh giá 4/5, sau khi hoàn thành phần chính.",2,0.0138
"Bài Seated Leg Curl vào nhịp tốt, tôi muốn progression rõ hơn để tiếp tục tiến bộ. Lý do chính: Good fit, Too easy. Mức đánh giá 4/5, khi theo giáo án hiện tại.",2,0.0138
"Tôi thấy Seated Leg Curl đang hơi nhẹ so với sức hiện tại, có thể tăng độ khó hoặc thêm volume vừa phải. Lý do chính: Good fit, Too easy. Mức đánh giá 4/5, ở phần cuối buổi.",2,0.0138
"Wall Sit khá dễ kiểm soát, tôi hoàn thành tốt và muốn tăng thử thách nhẹ ở lần tới. Lý do chính: Good fit, Too easy. Mức đánh giá 5/5, trong nhịp tập tuần này.",2,0.0138
"Spiderman Push-Up khá dễ kiểm soát, tôi hoàn thành tốt và muốn tăng thử thách nhẹ ở lần tới. Lý do chính: Good fit, Too easy. Mức đánh giá 4/5, trong nhịp tập tuần này.",2,0.0138
"Burpee khá dễ kiểm soát, tôi hoàn thành tốt và muốn tăng thử thách nhẹ ở lần tới. Lý do chính: Good fit, Too easy. Mức đánh giá 4/5, ở lần ghi nhận gần đây.",2,0.0138
"Bài Hindu Push-Up vào nhịp tốt, tôi muốn progression rõ hơn để tiếp tục tiến bộ. Lý do chính: Good fit, Too easy. Mức đánh giá 5/5, khi theo giáo án hiện tại.",2,0.0138
"Tôi thấy Hindu Push-Up đang hơi nhẹ so với sức hiện tại, có thể tăng độ khó hoặc thêm volume vừa phải. Lý do chính: Good fit, Too easy. Mức đánh giá 5/5, khi xét cảm giác phục hồi.",2,0.0138
"Tôi thấy Side Plank đang hơi nhẹ so với sức hiện tại, có thể tăng độ khó hoặc thêm volume vừa phải. Lý do chính: Good fit, Too easy. Mức đánh giá 5/5, trong buổi tập này.",2,0.0138
"Reverse Nordic Curl khá dễ kiểm soát, tôi hoàn thành tốt và muốn tăng thử thách nhẹ ở lần tới. Lý do chính: Good fit, Too easy. Mức đánh giá 5/5, trong nhịp tập tuần này.",2,0.0138
"Tôi thấy Reverse Nordic Curl đang hơi nhẹ so với sức hiện tại, có thể tăng độ khó hoặc thêm volume vừa phải. Lý do chính: Good fit, Too easy. Mức đánh giá 5/5, ở phần cuối buổi.",2,0.0138
"Bài Glute Bridge March vào nhịp tốt, tôi muốn progression rõ hơn để tiếp tục tiến bộ. Lý do chính: Good fit, Too easy. Mức đánh giá 5/5, ở bối cảnh lịch tập này.",2,0.0138
"Bài Bicycle Crunch vào nhịp tốt, tôi muốn progression rõ hơn để tiếp tục tiến bộ. Lý do chính: Good fit, Too easy. Mức đánh giá 4/5, sau khi hoàn thành phần chính.",2,0.0138
"Mountain Climbers khá dễ kiểm soát, tôi hoàn thành tốt và muốn tăng thử thách nhẹ ở lần tới. Lý do chính: Good fit, Too easy. Mức đánh giá 4/5, trong lần đánh giá hôm nay.",2,0.0138
"Glute Bridge khá dễ kiểm soát, tôi hoàn thành tốt và muốn tăng thử thách nhẹ ở lần tới. Lý do chính: Good fit, Too easy. Mức đánh giá 5/5, trong nhịp tập tuần này.",2,0.0138
"Bài Machine Assisted Dip vào nhịp tốt, tôi muốn progression rõ hơn để tiếp tục tiến bộ. Lý do chính: Good fit, Too easy. Mức đánh giá 4/5, khi theo giáo án hiện tại.",2,0.0138
"Tôi thấy Machine Assisted Dip đang hơi nhẹ so với sức hiện tại, có thể tăng độ khó hoặc thêm volume vừa phải. Lý do chính: Good fit, Too easy. Mức đánh giá 5/5, khi tập với mức hiện tại.",2,0.0138
"Bài Cossack Squat vào nhịp tốt, tôi muốn progression rõ hơn để tiếp tục tiến bộ. Lý do chính: Good fit, Too easy. Mức đánh giá 4/5, sau khi hoàn thành phần chính.",2,0.0138
"Tôi thấy Plank đang hơi nhẹ so với sức hiện tại, có thể tăng độ khó hoặc thêm volume vừa phải. Lý do chính: Good fit, Too easy. Mức đánh giá 5/5, ở phần cuối buổi.",2,0.0138
"Tôi thấy Hanging Leg Raise đang hơi nhẹ so với sức hiện tại, có thể tăng độ khó hoặc thêm volume vừa phải. Lý do chính: Good fit, Too easy. Mức đánh giá 5/5, ở phần cuối buổi.",2,0.0138
"Machine Incline Chest Press khá dễ kiểm soát, tôi hoàn thành tốt và muốn tăng thử thách nhẹ ở lần tới. Lý do chính: Good fit, Too easy. Mức đánh giá 4/5, trong nhịp tập tuần này.",2,0.0138
"Kettlebell Clean khá dễ kiểm soát, tôi hoàn thành tốt và muốn tăng thử thách nhẹ ở lần tới. Lý do chính: Good fit, Too easy. Mức đánh giá 5/5, trong nhịp tập tuần này.",2,0.0138
"Bài TRX Fallouts vào nhịp tốt, tôi muốn progression rõ hơn để tiếp tục tiến bộ. Lý do chính: Good fit, Too easy. Mức đánh giá 5/5, khi theo giáo án hiện tại.",2,0.0138
"Tôi thấy TRX Suspension Row đang hơi nhẹ so với sức hiện tại, có thể tăng độ khó hoặc thêm volume vừa phải. Lý do chính: Good fit, Too easy. Mức đánh giá 5/5, khi tập với mức hiện tại.",2,0.0138
"Tôi thấy Single-Arm Kettlebell Press đang hơi nhẹ so với sức hiện tại, có thể tăng độ khó hoặc thêm volume vừa phải. Lý do chính: Good fit, Too easy. Mức đánh giá 4/5, khi tập với mức hiện tại.",2,0.0138
"Bài Medicine Ball Slam vào nhịp tốt, tôi muốn progression rõ hơn để tiếp tục tiến bộ. Lý do chính: Good fit, Too easy. Mức đánh giá 5/5, khi theo giáo án hiện tại.",2,0.0138
"Machine Incline Chest Press khá dễ kiểm soát, tôi hoàn thành tốt và muốn tăng thử thách nhẹ ở lần tới. Lý do chính: Good fit, Too easy. Mức đánh giá 5/5, ở lần ghi nhận gần đây.",2,0.0138
"Machine Incline Chest Press khá dễ kiểm soát, tôi hoàn thành tốt và muốn tăng thử thách nhẹ ở lần tới. Lý do chính: Good fit, Too easy. Mức đánh giá 5/5, trong nhịp tập tuần này.",2,0.0138
"Bài TRX Pistol Squat vào nhịp tốt, tôi muốn progression rõ hơn để tiếp tục tiến bộ. Lý do chính: Good fit, Too easy. Mức đánh giá 5/5, khi theo giáo án hiện tại.",2,0.0138
"Bài Single-Arm TRX Row vào nhịp tốt, tôi muốn progression rõ hơn để tiếp tục tiến bộ. Lý do chính: Good fit, Too easy. Mức đánh giá 5/5, sau khi hoàn thành phần chính.",2,0.0138
"Tôi thấy Machine Pec Deck Fly đang hơi nhẹ so với sức hiện tại, có thể tăng độ khó hoặc thêm volume vừa phải. Lý do chính: Good fit, Too easy. Mức đánh giá 4/5, ở phần cuối buổi.",2,0.0138
"Bài Medicine Ball Slam vào nhịp tốt, tôi muốn progression rõ hơn để tiếp tục tiến bộ. Lý do chính: Good fit, Too easy. Mức đánh giá 5/5, sau khi hoàn thành phần chính.",2,0.0138
"Tôi thấy Skater Squat đang hơi nhẹ so với sức hiện tại, có thể tăng độ khó hoặc thêm volume vừa phải. Lý do chính: Good fit, Too easy. Mức đánh giá 5/5, khi tập với mức hiện tại.",2,0.0138
"Hollow Body Hold khá dễ kiểm soát, tôi hoàn thành tốt và muốn tăng thử thách nhẹ ở lần tới. Lý do chính: Good fit, Too easy. Mức đánh giá 5/5, ở lần ghi nhận gần đây.",2,0.0138
"Skater Squat khá dễ kiểm soát, tôi hoàn thành tốt và muốn tăng thử thách nhẹ ở lần tới. Lý do chính: Good fit, Too easy. Mức đánh giá 4/5, ở lần ghi nhận gần đây.",2,0.0138
"Lying Leg Raise khá dễ kiểm soát, tôi hoàn thành tốt và muốn tăng thử thách nhẹ ở lần tới. Lý do chính: Good fit, Too easy. Mức đánh giá 4/5, ở lần ghi nhận gần đây.",2,0.0138
"Bài Front Plank with Reach vào nhịp tốt, tôi muốn progression rõ hơn để tiếp tục tiến bộ. Lý do chính: Good fit, Too easy. Mức đánh giá 5/5, khi so với khả năng hiện tại.",2,0.0138
"Tôi thấy Hollow Body Hold đang hơi nhẹ so với sức hiện tại, có thể tăng độ khó hoặc thêm volume vừa phải. Lý do chính: Good fit, Too easy. Mức đánh giá 5/5, khi tập với mức hiện tại.",2,0.0138
"Tôi thấy Glute Bridge đang hơi nhẹ so với sức hiện tại, có thể tăng độ khó hoặc thêm volume vừa phải. Lý do chính: Good fit, Too easy. Mức đánh giá 5/5, ở phần cuối buổi.",2,0.0138
"Hollow Body Hold khá dễ kiểm soát, tôi hoàn thành tốt và muốn tăng thử thách nhẹ ở lần tới. Lý do chính: Good fit, Too easy. Mức đánh giá 4/5, trong nhịp tập tuần này.",2,0.0138
"Bài Bird Dog vào nhịp tốt, tôi muốn progression rõ hơn để tiếp tục tiến bộ. Lý do chính: Good fit, Too easy. Mức đánh giá 5/5, khi so với khả năng hiện tại.",2,0.0138
"Tôi thấy Pistol Squat đang hơi nhẹ so với sức hiện tại, có thể tăng độ khó hoặc thêm volume vừa phải. Lý do chính: Good fit, Too easy. Mức đánh giá 4/5, khi tập với mức hiện tại.",2,0.0138
"Bài Sissy Squat vào nhịp tốt, tôi muốn progression rõ hơn để tiếp tục tiến bộ. Lý do chính: Good fit, Too easy. Mức đánh giá 4/5, khi theo giáo án hiện tại.",2,0.0138
"Tôi thấy Plank đang hơi nhẹ so với sức hiện tại, có thể tăng độ khó hoặc thêm volume vừa phải. Lý do chính: Good fit, Too easy. Mức đánh giá 4/5, khi xét cảm giác phục hồi.",2,0.0138
"Chest-Supported T-Bar Row khá dễ kiểm soát, tôi hoàn thành tốt và muốn tăng thử thách nhẹ ở lần tới. Lý do chính: Good fit, Too easy. Mức đánh giá 5/5, trong nhịp tập tuần này.",2,0.0138
"Bài Sissy Squat vào nhịp tốt, tôi muốn progression rõ hơn để tiếp tục tiến bộ. Lý do chính: Good fit, Too easy. Mức đánh giá 5/5, khi theo giáo án hiện tại.",2,0.0138
"Push-Up khá dễ kiểm soát, tôi hoàn thành tốt và muốn tăng thử thách nhẹ ở lần tới. Lý do chính: Good fit, Too easy. Mức đánh giá 5/5, sau vài set đầu.",2,0.0138
"Machine Bicep Curl khá dễ kiểm soát, tôi hoàn thành tốt và muốn tăng thử thách nhẹ ở lần tới. Lý do chính: Good fit, Too easy. Mức đánh giá 5/5, ở lần ghi nhận gần đây.",2,0.0138
"Bài Machine Bicep Curl vào nhịp tốt, tôi muốn progression rõ hơn để tiếp tục tiến bộ. Lý do chính: Good fit, Too easy. Mức đánh giá 5/5, khi theo giáo án hiện tại.",2,0.0138
"Tôi thích Lateral Band Walk, cảm giác vào cơ tốt và muốn giữ bài này trong lịch. Lý do chính: Good fit. Mức đánh giá 4/5, ở lần ghi nhận gần đây.",2,0.0138
"Banded Good Morning phù hợp với tôi, không gây khó chịu và giúp buổi tập có nhịp ổn. Lý do chính: Good fit. Mức đánh giá 4/5, ở phần cuối buổi.",2,0.0138
"Bài Band Resisted Push-Up dễ setup, cảm giác kiểm soát tốt nên tôi muốn tiếp tục duy trì. Lý do chính: Good fit. Mức đánh giá 5/5, khi theo giáo án hiện tại.",2,0.0138
"Pistol Squat phù hợp với tôi, không gây khó chịu và giúp buổi tập có nhịp ổn. Lý do chính: Good fit. Mức đánh giá 4/5, khi tập với mức hiện tại.",2,0.0138
"Band Pull-Apart phù hợp với tôi, không gây khó chịu và giúp buổi tập có nhịp ổn. Lý do chính: Good fit. Mức đánh giá 4/5, khi tập với mức hiện tại.",2,0.0138
"Tôi thích Band Resisted Push-Up, cảm giác vào cơ tốt và muốn giữ bài này trong lịch. Lý do chính: Good fit. Mức đánh giá 4/5, ở lần ghi nhận gần đây.",2,0.0138
"Tôi thích Lateral Band Walk, cảm giác vào cơ tốt và muốn giữ bài này trong lịch. Lý do chính: Good fit. Mức đánh giá 5/5, trong nhịp tập tuần này.",2,0.0138
"Bài Banded Good Morning dễ setup, cảm giác kiểm soát tốt nên tôi muốn tiếp tục duy trì. Lý do chính: Good fit. Mức đánh giá 5/5, khi theo giáo án hiện tại.",2,0.0138
"Band Resisted Push-Up phù hợp với tôi, không gây khó chịu và giúp buổi tập có nhịp ổn. Lý do chính: Good fit. Mức đánh giá 4/5, khi xét cảm giác phục hồi.",2,0.0138
"Bài Banded Good Morning dễ setup, cảm giác kiểm soát tốt nên tôi muốn tiếp tục duy trì. Lý do chính: Good fit. Mức đánh giá 4/5, khi theo giáo án hiện tại.",2,0.0138
"Bài Push-Up dễ setup, cảm giác kiểm soát tốt nên tôi muốn tiếp tục duy trì. Lý do chính: Good fit. Mức đánh giá 5/5, khi so với khả năng hiện tại.",2,0.0138
"Band Pull-Apart phù hợp với tôi, không gây khó chịu và giúp buổi tập có nhịp ổn. Lý do chính: Good fit. Mức đánh giá 5/5, ở phần cuối buổi.",2,0.0138
"Bài Band Pull-Apart dễ setup, cảm giác kiểm soát tốt nên tôi muốn tiếp tục duy trì. Lý do chính: Good fit. Mức đánh giá 4/5, khi theo giáo án hiện tại.",2,0.0138
"Tôi thích Banded Good Morning, cảm giác vào cơ tốt và muốn giữ bài này trong lịch. Lý do chính: Good fit. Mức đánh giá 4/5, trong nhịp tập tuần này.",2,0.0138
"Tôi thích Lateral Band Walk, cảm giác vào cơ tốt và muốn giữ bài này trong lịch. Lý do chính: Good fit. Mức đánh giá 4/5, trong nhịp tập tuần này.",2,0.0138
"Machine Hip Adductor phù hợp với tôi, không gây khó chịu và giúp buổi tập có nhịp ổn. Lý do chính: Good fit. Mức đánh giá 5/5, khi tập với mức hiện tại.",2,0.0138
"Bài Bird Dog dễ setup, cảm giác kiểm soát tốt nên tôi muốn tiếp tục duy trì. Lý do chính: Good fit. Mức đánh giá 4/5, sau khi hoàn thành phần chính.",2,0.0138
"Glute Bridge phù hợp với tôi, không gây khó chịu và giúp buổi tập có nhịp ổn. Lý do chính: Good fit. Mức đánh giá 5/5, khi tập với mức hiện tại.",2,0.0138
"Hindu Push-Up phù hợp với tôi, không gây khó chịu và giúp buổi tập có nhịp ổn. Lý do chính: Good fit. Mức đánh giá 5/5, ở phần cuối buổi.",2,0.0138
"Tôi thích Side-Lying Inner Thigh Raise, cảm giác vào cơ tốt và muốn giữ bài này trong lịch. Lý do chính: Good fit. Mức đánh giá 4/5, ở lần ghi nhận gần đây.",2,0.0138
"Lying Leg Raise phù hợp với tôi, không gây khó chịu và giúp buổi tập có nhịp ổn. Lý do chính: Good fit. Mức đánh giá 5/5, khi tập với mức hiện tại.",2,0.0138
"Mountain Climbers phù hợp với tôi, không gây khó chịu và giúp buổi tập có nhịp ổn. Lý do chính: Good fit. Mức đánh giá 5/5, khi tập với mức hiện tại.",2,0.0138
"Hindu Push-Up phù hợp với tôi, không gây khó chịu và giúp buổi tập có nhịp ổn. Lý do chính: Good fit. Mức đánh giá 4/5, ở phần cuối buổi.",2,0.0138
"Tôi thích Hollow Body Hold, cảm giác vào cơ tốt và muốn giữ bài này trong lịch. Lý do chính: Good fit. Mức đánh giá 4/5, ở lần ghi nhận gần đây.",2,0.0138
"Bài Single-Leg Glute Bridge dễ setup, cảm giác kiểm soát tốt nên tôi muốn tiếp tục duy trì. Lý do chính: Good fit. Mức đánh giá 4/5, khi theo giáo án hiện tại.",2,0.0138
"Tôi thích Side Plank, cảm giác vào cơ tốt và muốn giữ bài này trong lịch. Lý do chính: Good fit. Mức đánh giá 4/5, ở lần ghi nhận gần đây.",2,0.0138
"Tôi thích Glute Bridge March, cảm giác vào cơ tốt và muốn giữ bài này trong lịch. Lý do chính: Good fit. Mức đánh giá 5/5, sau vài set đầu.",2,0.0138
"Tôi thích Front Plank with Reach, cảm giác vào cơ tốt và muốn giữ bài này trong lịch. Lý do chính: Good fit. Mức đánh giá 5/5, ở lần ghi nhận gần đây.",2,0.0138
"Bài Neck Bridge dễ setup, cảm giác kiểm soát tốt nên tôi muốn tiếp tục duy trì. Lý do chính: Good fit. Mức đánh giá 4/5, sau khi hoàn thành phần chính.",2,0.0138
"Bài Donkey Kick dễ setup, cảm giác kiểm soát tốt nên tôi muốn tiếp tục duy trì. Lý do chính: Good fit. Mức đánh giá 4/5, sau khi hoàn thành phần chính.",2,0.0138
"Front Plank with Reach phù hợp với tôi, không gây khó chịu và giúp buổi tập có nhịp ổn. Lý do chính: Good fit. Mức đánh giá 5/5, ở phần cuối buổi.",2,0.0138
"Bài Hindu Push-Up dễ setup, cảm giác kiểm soát tốt nên tôi muốn tiếp tục duy trì. Lý do chính: Good fit. Mức đánh giá 4/5, khi theo giáo án hiện tại.",2,0.0138
"Single-Leg Glute Bridge phù hợp với tôi, không gây khó chịu và giúp buổi tập có nhịp ổn. Lý do chính: Good fit. Mức đánh giá 4/5, khi tập với mức hiện tại.",2,0.0138
"Tôi thích Push-Up, cảm giác vào cơ tốt và muốn giữ bài này trong lịch. Lý do chính: Good fit. Mức đánh giá 5/5, sau vài set đầu.",2,0.0138
"Barbell Shrug khá dễ kiểm soát, tôi hoàn thành tốt và muốn tăng thử thách nhẹ ở lần tới. Lý do chính: Good fit, Too easy. Mức đánh giá 5/5, ở lần ghi nhận gần đây.",2,0.0138
"Bài Side Plank vào nhịp tốt, tôi muốn progression rõ hơn để tiếp tục tiến bộ. Lý do chính: Good fit, Too easy. Mức đánh giá 5/5, sau khi hoàn thành phần chính.",2,0.0138
"Bài Barbell Biceps Curl vào nhịp tốt, tôi muốn progression rõ hơn để tiếp tục tiến bộ. Lý do chính: Good fit, Too easy. Mức đánh giá 5/5, khi theo giáo án hiện tại.",2,0.0138
"Push Press khá dễ kiểm soát, tôi hoàn thành tốt và muốn tăng thử thách nhẹ ở lần tới. Lý do chính: Good fit, Too easy. Mức đánh giá 4/5, trong nhịp tập tuần này.",2,0.0138
"Tôi thấy Machine Incline Chest Press đang hơi nhẹ so với sức hiện tại, có thể tăng độ khó hoặc thêm volume vừa phải. Lý do chính: Good fit, Too easy. Mức đánh giá 5/5, ở phần cuối buổi.",2,0.0138
"Tôi thích Wrist Roller, cảm giác vào cơ tốt và muốn giữ bài này trong lịch. Lý do chính: Good fit. Mức đánh giá 4/5, trong nhịp tập tuần này.",2,0.0138
"Tôi thích Tibialis Raise, cảm giác vào cơ tốt và muốn giữ bài này trong lịch. Lý do chính: Good fit. Mức đánh giá 5/5, trong nhịp tập tuần này.",2,0.0138
"Tôi thích Decline EZ-Bar Skull Crusher, cảm giác vào cơ tốt và muốn giữ bài này trong lịch. Lý do chính: Good fit. Mức đánh giá 5/5, trong nhịp tập tuần này.",2,0.0138
"Tôi thích Machine Hip Abductor, cảm giác vào cơ tốt và muốn giữ bài này trong lịch. Lý do chính: Good fit. Mức đánh giá 5/5, trong nhịp tập tuần này.",2,0.0138
"Tôi thấy Dumbbell Pullover đang hơi nhẹ so với sức hiện tại, có thể tăng độ khó hoặc thêm volume vừa phải. Lý do chính: Good fit, Too easy. Mức đánh giá 4/5, khi tập với mức hiện tại.",2,0.0138
"One-Arm Dumbbell Row khá dễ kiểm soát, tôi hoàn thành tốt và muốn tăng thử thách nhẹ ở lần tới. Lý do chính: Good fit, Too easy. Mức đánh giá 5/5, ở lần ghi nhận gần đây.",2,0.0138
"Seated Dumbbell Curl khá dễ kiểm soát, tôi hoàn thành tốt và muốn tăng thử thách nhẹ ở lần tới. Lý do chính: Good fit, Too easy. Mức đánh giá 4/5, trong nhịp tập tuần này.",2,0.0138
"Tôi thấy Bent-Over Dumbbell Reverse Fly đang hơi nhẹ so với sức hiện tại, có thể tăng độ khó hoặc thêm volume vừa phải. Lý do chính: Good fit, Too easy. Mức đánh giá 4/5, ở phần cuối buổi.",2,0.0138
"Bài Dumbbell Shrug vào nhịp tốt, tôi muốn progression rõ hơn để tiếp tục tiến bộ. Lý do chính: Good fit, Too easy. Mức đánh giá 4/5, sau khi hoàn thành phần chính.",2,0.0138
"Bài One-Arm Dumbbell Row vào nhịp tốt, tôi muốn progression rõ hơn để tiếp tục tiến bộ. Lý do chính: Good fit, Too easy. Mức đánh giá 4/5, khi theo giáo án hiện tại.",2,0.0138
"Tôi thấy Bent-Over Dumbbell Reverse Fly đang hơi nhẹ so với sức hiện tại, có thể tăng độ khó hoặc thêm volume vừa phải. Lý do chính: Good fit, Too easy. Mức đánh giá 5/5, ở phần cuối buổi.",2,0.0138
"Bài One-Arm Dumbbell Row vào nhịp tốt, tôi muốn progression rõ hơn để tiếp tục tiến bộ. Lý do chính: Good fit, Too easy. Mức đánh giá 4/5, sau khi hoàn thành phần chính.",2,0.0138
"Bài Bent-Over Dumbbell Reverse Fly vào nhịp tốt, tôi muốn progression rõ hơn để tiếp tục tiến bộ. Lý do chính: Good fit, Too easy. Mức đánh giá 5/5, khi theo giáo án hiện tại.",2,0.0138
"Dumbbell Concentration Curl khá dễ kiểm soát, tôi hoàn thành tốt và muốn tăng thử thách nhẹ ở lần tới. Lý do chính: Good fit, Too easy. Mức đánh giá 4/5, trong nhịp tập tuần này.",2,0.0138
"Tôi thấy Dumbbell Lateral Raise đang hơi nhẹ so với sức hiện tại, có thể tăng độ khó hoặc thêm volume vừa phải. Lý do chính: Good fit, Too easy. Mức đánh giá 4/5, khi tập với mức hiện tại.",2,0.0138
"Tôi thấy Dumbbell Concentration Curl đang hơi nhẹ so với sức hiện tại, có thể tăng độ khó hoặc thêm volume vừa phải. Lý do chính: Good fit, Too easy. Mức đánh giá 5/5, khi tập với mức hiện tại.",2,0.0138
"Tôi thấy Seated Dumbbell Curl đang hơi nhẹ so với sức hiện tại, có thể tăng độ khó hoặc thêm volume vừa phải. Lý do chính: Good fit, Too easy. Mức đánh giá 4/5, khi tập với mức hiện tại.",2,0.0138
"Push-Up khá dễ kiểm soát, tôi hoàn thành tốt và muốn tăng thử thách nhẹ ở lần tới. Lý do chính: Good fit, Too easy. Mức đánh giá 5/5, trong lần đánh giá hôm nay.",2,0.0138
"Tôi thấy Single-Leg Glute Bridge đang hơi nhẹ so với sức hiện tại, có thể tăng độ khó hoặc thêm volume vừa phải. Lý do chính: Good fit, Too easy. Mức đánh giá 5/5, khi tập với mức hiện tại.",2,0.0138
"Tôi thấy Hollow Body Hold đang hơi nhẹ so với sức hiện tại, có thể tăng độ khó hoặc thêm volume vừa phải. Lý do chính: Good fit, Too easy. Mức đánh giá 4/5, khi tập với mức hiện tại.",2,0.0138
"Tôi thấy Front Plank with Reach đang hơi nhẹ so với sức hiện tại, có thể tăng độ khó hoặc thêm volume vừa phải. Lý do chính: Good fit, Too easy. Mức đánh giá 4/5, ở phần cuối buổi.",2,0.0138
"Bài Pike Push-Up vào nhịp tốt, tôi muốn progression rõ hơn để tiếp tục tiến bộ. Lý do chính: Good fit, Too easy. Mức đánh giá 5/5, khi theo giáo án hiện tại.",2,0.0138
"Tôi thấy Bird Dog đang hơi nhẹ so với sức hiện tại, có thể tăng độ khó hoặc thêm volume vừa phải. Lý do chính: Good fit, Too easy. Mức đánh giá 4/5, trong buổi tập này.",2,0.0138
"Pike Push-Up khá dễ kiểm soát, tôi hoàn thành tốt và muốn tăng thử thách nhẹ ở lần tới. Lý do chính: Good fit, Too easy. Mức đánh giá 4/5, trong nhịp tập tuần này.",2,0.0138
"Bài Reverse Crunch dễ setup, cảm giác kiểm soát tốt nên tôi muốn tiếp tục duy trì. Lý do chính: Good fit. Mức đánh giá 5/5, sau khi hoàn thành phần chính.",2,0.0138
"Tôi thích Side Plank, cảm giác vào cơ tốt và muốn giữ bài này trong lịch. Lý do chính: Good fit. Mức đánh giá 5/5, ở lần ghi nhận gần đây.",2,0.0138
"Bird Dog phù hợp với tôi, không gây khó chịu và giúp buổi tập có nhịp ổn. Lý do chính: Good fit. Mức đánh giá 4/5, khi xét cảm giác phục hồi.",2,0.0138
"Tôi thích Bird Dog, cảm giác vào cơ tốt và muốn giữ bài này trong lịch. Lý do chính: Good fit. Mức đánh giá 4/5, ở lần ghi nhận gần đây.",2,0.0138
"Bài Pike Push-Up dễ setup, cảm giác kiểm soát tốt nên tôi muốn tiếp tục duy trì. Lý do chính: Good fit. Mức đánh giá 4/5, khi theo giáo án hiện tại.",2,0.0138
"Bài Donkey Kick dễ setup, cảm giác kiểm soát tốt nên tôi muốn tiếp tục duy trì. Lý do chính: Good fit. Mức đánh giá 4/5, khi theo giáo án hiện tại.",2,0.0138
"Bài Standing Calf Raise vào nhịp tốt, tôi muốn progression rõ hơn để tiếp tục tiến bộ. Lý do chính: Good fit, Too easy. Mức đánh giá 4/5, sau khi hoàn thành phần chính.",2,0.0138
"Bài Standing Calf Raise vào nhịp tốt, tôi muốn progression rõ hơn để tiếp tục tiến bộ. Lý do chính: Good fit, Too easy. Mức đánh giá 4/5, khi theo giáo án hiện tại.",2,0.0138
"Single-Arm TRX Row khá dễ kiểm soát, tôi hoàn thành tốt và muốn tăng thử thách nhẹ ở lần tới. Lý do chính: Good fit, Too easy. Mức đánh giá 4/5, trong nhịp tập tuần này.",2,0.0138
"TRX Push-Up khá dễ kiểm soát, tôi hoàn thành tốt và muốn tăng thử thách nhẹ ở lần tới. Lý do chính: Good fit, Too easy. Mức đánh giá 5/5, trong nhịp tập tuần này.",2,0.0138
"Tôi thấy Box Jump đang hơi nhẹ so với sức hiện tại, có thể tăng độ khó hoặc thêm volume vừa phải. Lý do chính: Good fit, Too easy. Mức đánh giá 5/5, khi tập với mức hiện tại.",2,0.0138
"Tôi thấy TRX Fallouts đang hơi nhẹ so với sức hiện tại, có thể tăng độ khó hoặc thêm volume vừa phải. Lý do chính: Good fit, Too easy. Mức đánh giá 5/5, ở phần cuối buổi.",2,0.0138
"Tôi thấy Chest-Supported T-Bar Row đang hơi nhẹ so với sức hiện tại, có thể tăng độ khó hoặc thêm volume vừa phải. Lý do chính: Good fit, Too easy. Mức đánh giá 5/5, ở phần cuối buổi.",2,0.0138
"Tôi thấy Machine Leg Extension đang hơi nhẹ so với sức hiện tại, có thể tăng độ khó hoặc thêm volume vừa phải. Lý do chính: Good fit, Too easy. Mức đánh giá 5/5, khi tập với mức hiện tại.",2,0.0138
"Tôi thấy Standing Calf Raise đang hơi nhẹ so với sức hiện tại, có thể tăng độ khó hoặc thêm volume vừa phải. Lý do chính: Good fit, Too easy. Mức đánh giá 5/5, ở phần cuối buổi.",2,0.0138
"Standing Calf Raise khá dễ kiểm soát, tôi hoàn thành tốt và muốn tăng thử thách nhẹ ở lần tới. Lý do chính: Good fit, Too easy. Mức đánh giá 5/5, trong nhịp tập tuần này.",2,0.0138
"Burpee khá dễ kiểm soát, tôi hoàn thành tốt và muốn tăng thử thách nhẹ ở lần tới. Lý do chính: Good fit, Too easy. Mức đánh giá 4/5, trong nhịp tập tuần này.",2,0.0138
"Tôi thấy Plank đang hơi nhẹ so với sức hiện tại, có thể tăng độ khó hoặc thêm volume vừa phải. Lý do chính: Good fit, Too easy. Mức đánh giá 5/5, khi tập với mức hiện tại.",2,0.0138
"Burpee khá dễ kiểm soát, tôi hoàn thành tốt và muốn tăng thử thách nhẹ ở lần tới. Lý do chính: Good fit, Too easy. Mức đánh giá 5/5, trong nhịp tập tuần này.",2,0.0138
"Bài Burpee dễ setup, cảm giác kiểm soát tốt nên tôi muốn tiếp tục duy trì. Lý do chính: Good fit. Mức đánh giá 4/5, sau khi hoàn thành phần chính.",2,0.0138
"Crab Walk phù hợp với tôi, không gây khó chịu và giúp buổi tập có nhịp ổn. Lý do chính: Good fit. Mức đánh giá 4/5, khi tập với mức hiện tại.",2,0.0138
"Bài Side Plank vào nhịp tốt, tôi muốn progression rõ hơn để tiếp tục tiến bộ. Lý do chính: Good fit, Too easy. Mức đánh giá 5/5, ở bối cảnh lịch tập này.",2,0.0138
"Tôi thích Mountain Climbers, cảm giác vào cơ tốt và muốn giữ bài này trong lịch. Lý do chính: Good fit. Mức đánh giá 4/5, trong nhịp tập tuần này.",2,0.0138
"Single-Leg Glute Bridge khá dễ kiểm soát, tôi hoàn thành tốt và muốn tăng thử thách nhẹ ở lần tới. Lý do chính: Good fit, Too easy. Mức đánh giá 5/5, ở lần ghi nhận gần đây.",2,0.0138
"Bài Front Plank with Reach dễ setup, cảm giác kiểm soát tốt nên tôi muốn tiếp tục duy trì. Lý do chính: Good fit. Mức đánh giá 5/5, khi theo giáo án hiện tại.",2,0.0138
"Tôi thích Side Plank, cảm giác vào cơ tốt và muốn giữ bài này trong lịch. Lý do chính: Good fit. Mức đánh giá 4/5, trong nhịp tập tuần này.",2,0.0138
"Bài Front Plank with Reach vào nhịp tốt, tôi muốn progression rõ hơn để tiếp tục tiến bộ. Lý do chính: Good fit, Too easy. Mức đánh giá 5/5, sau khi hoàn thành phần chính.",2,0.0138
"Donkey Kick khá dễ kiểm soát, tôi hoàn thành tốt và muốn tăng thử thách nhẹ ở lần tới. Lý do chính: Good fit, Too easy. Mức đánh giá 4/5, trong nhịp tập tuần này.",2,0.0138
"Single-Leg Glute Bridge khá dễ kiểm soát, tôi hoàn thành tốt và muốn tăng thử thách nhẹ ở lần tới. Lý do chính: Good fit, Too easy. Mức đánh giá 4/5, trong nhịp tập tuần này.",2,0.0138
"Bài Side Plank vào nhịp tốt, tôi muốn progression rõ hơn để tiếp tục tiến bộ. Lý do chính: Good fit, Too easy. Mức đánh giá 4/5, ở bối cảnh lịch tập này.",2,0.0138
"Single-Leg Glute Bridge phù hợp với tôi, không gây khó chịu và giúp buổi tập có nhịp ổn. Lý do chính: Good fit. Mức đánh giá 4/5, ở phần cuối buổi.",2,0.0138
"Tôi thích Bicycle Crunch, cảm giác vào cơ tốt và muốn giữ bài này trong lịch. Lý do chính: Good fit. Mức đánh giá 4/5, ở lần ghi nhận gần đây.",2,0.0138
"Bài Glute Bridge March dễ setup, cảm giác kiểm soát tốt nên tôi muốn tiếp tục duy trì. Lý do chính: Good fit. Mức đánh giá 5/5, khi theo giáo án hiện tại.",2,0.0138
"Tôi thích Glute Bridge, cảm giác vào cơ tốt và muốn giữ bài này trong lịch. Lý do chính: Good fit. Mức đánh giá 4/5, ở lần ghi nhận gần đây.",2,0.0138
"Tôi thấy Machine Pec Deck Fly đang hơi nhẹ so với sức hiện tại, có thể tăng độ khó hoặc thêm volume vừa phải. Lý do chính: Good fit, Too easy. Mức đánh giá 5/5, ở phần cuối buổi.",2,0.0138
"Tôi thấy Cable Kickback đang hơi nhẹ so với sức hiện tại, có thể tăng độ khó hoặc thêm volume vừa phải. Lý do chính: Good fit, Too easy. Mức đánh giá 5/5, khi xét cảm giác phục hồi.",2,0.0138
"Bài Sissy Squat vào nhịp tốt, tôi muốn progression rõ hơn để tiếp tục tiến bộ. Lý do chính: Good fit, Too easy. Mức đánh giá 5/5, sau khi hoàn thành phần chính.",2,0.0138
"Bài Pistol Squat vào nhịp tốt, tôi muốn progression rõ hơn để tiếp tục tiến bộ. Lý do chính: Good fit, Too easy. Mức đánh giá 4/5, khi theo giáo án hiện tại.",2,0.0138
"Cable Kickback khá dễ kiểm soát, tôi hoàn thành tốt và muốn tăng thử thách nhẹ ở lần tới. Lý do chính: Good fit, Too easy. Mức đánh giá 5/5, ở lần ghi nhận gần đây.",2,0.0138
"Tôi thấy Reverse Pec Deck Fly đang hơi nhẹ so với sức hiện tại, có thể tăng độ khó hoặc thêm volume vừa phải. Lý do chính: Good fit, Too easy. Mức đánh giá 5/5, ở phần cuối buổi.",2,0.0138
"Reverse Pec Deck Fly khá dễ kiểm soát, tôi hoàn thành tốt và muốn tăng thử thách nhẹ ở lần tới. Lý do chính: Good fit, Too easy. Mức đánh giá 4/5, trong nhịp tập tuần này.",2,0.0138
"Bài Cable Kickback vào nhịp tốt, tôi muốn progression rõ hơn để tiếp tục tiến bộ. Lý do chính: Good fit, Too easy. Mức đánh giá 5/5, khi theo giáo án hiện tại.",2,0.0138
"Tôi thấy Dumbbell Shrug đang hơi nhẹ so với sức hiện tại, có thể tăng độ khó hoặc thêm volume vừa phải. Lý do chính: Good fit, Too easy. Mức đánh giá 4/5, khi tập với mức hiện tại.",2,0.0138
"Bài Machine Bicep Curl vào nhịp tốt, tôi muốn progression rõ hơn để tiếp tục tiến bộ. Lý do chính: Good fit, Too easy. Mức đánh giá 4/5, khi theo giáo án hiện tại.",2,0.0138
"Sissy Squat khá dễ kiểm soát, tôi hoàn thành tốt và muốn tăng thử thách nhẹ ở lần tới. Lý do chính: Good fit, Too easy. Mức đánh giá 4/5, ở lần ghi nhận gần đây.",2,0.0138
"Tôi thấy Cable Kickback đang hơi nhẹ so với sức hiện tại, có thể tăng độ khó hoặc thêm volume vừa phải. Lý do chính: Good fit, Too easy. Mức đánh giá 4/5, ở phần cuối buổi.",2,0.0138
"Tôi thấy Dumbbell Front Raise đang hơi nhẹ so với sức hiện tại, có thể tăng độ khó hoặc thêm volume vừa phải. Lý do chính: Good fit, Too easy. Mức đánh giá 5/5, khi tập với mức hiện tại.",2,0.0138
"Tôi thấy Sissy Squat đang hơi nhẹ so với sức hiện tại, có thể tăng độ khó hoặc thêm volume vừa phải. Lý do chính: Good fit, Too easy. Mức đánh giá 4/5, ở phần cuối buổi.",2,0.0138
"Tôi thấy Reverse Pec Deck Fly đang hơi nhẹ so với sức hiện tại, có thể tăng độ khó hoặc thêm volume vừa phải. Lý do chính: Good fit, Too easy. Mức đánh giá 4/5, khi tập với mức hiện tại.",2,0.0138
"Tôi thấy Dumbbell Front Raise đang hơi nhẹ so với sức hiện tại, có thể tăng độ khó hoặc thêm volume vừa phải. Lý do chính: Good fit, Too easy. Mức đánh giá 4/5, ở phần cuối buổi.",2,0.0138
"Tôi thấy Sissy Squat đang hơi nhẹ so với sức hiện tại, có thể tăng độ khó hoặc thêm volume vừa phải. Lý do chính: Good fit, Too easy. Mức đánh giá 5/5, khi tập với mức hiện tại.",2,0.0138
"Lying Leg Raise khá dễ kiểm soát, tôi hoàn thành tốt và muốn tăng thử thách nhẹ ở lần tới. Lý do chính: Good fit, Too easy. Mức đánh giá 4/5, sau vài set đầu.",2,0.0138
"Tôi thấy Neck Bridge đang hơi nhẹ so với sức hiện tại, có thể tăng độ khó hoặc thêm volume vừa phải. Lý do chính: Good fit, Too easy. Mức đánh giá 5/5, trong buổi tập này.",2,0.0138
"Tôi thấy Pike Push-Up đang hơi nhẹ so với sức hiện tại, có thể tăng độ khó hoặc thêm volume vừa phải. Lý do chính: Good fit, Too easy. Mức đánh giá 4/5, khi tập với mức hiện tại.",2,0.0138
"V-Up khá dễ kiểm soát, tôi hoàn thành tốt và muốn tăng thử thách nhẹ ở lần tới. Lý do chính: Good fit, Too easy. Mức đánh giá 5/5, trong nhịp tập tuần này.",2,0.0138
"Pike Push-Up khá dễ kiểm soát, tôi hoàn thành tốt và muốn tăng thử thách nhẹ ở lần tới. Lý do chính: Good fit, Too easy. Mức đánh giá 4/5, ở lần ghi nhận gần đây.",2,0.0138
"Bài Star Plank vào nhịp tốt, tôi muốn progression rõ hơn để tiếp tục tiến bộ. Lý do chính: Good fit, Too easy. Mức đánh giá 4/5, khi theo giáo án hiện tại.",2,0.0138
"Tôi thấy Star Plank đang hơi nhẹ so với sức hiện tại, có thể tăng độ khó hoặc thêm volume vừa phải. Lý do chính: Good fit, Too easy. Mức đánh giá 5/5, ở phần cuối buổi.",2,0.0138
"Bài Dumbbell Front Squat vào nhịp tốt, tôi muốn progression rõ hơn để tiếp tục tiến bộ. Lý do chính: Good fit, Too easy. Mức đánh giá 5/5, khi theo giáo án hiện tại.",2,0.0138
"Bài Dumbbell Floor Press vào nhịp tốt, tôi muốn progression rõ hơn để tiếp tục tiến bộ. Lý do chính: Good fit, Too easy. Mức đánh giá 5/5, khi theo giáo án hiện tại.",2,0.0138
"Dumbbell Z-Press khá dễ kiểm soát, tôi hoàn thành tốt và muốn tăng thử thách nhẹ ở lần tới. Lý do chính: Good fit, Too easy. Mức đánh giá 4/5, ở lần ghi nhận gần đây.",2,0.0138
"Dumbbell Hammer Curl khá dễ kiểm soát, tôi hoàn thành tốt và muốn tăng thử thách nhẹ ở lần tới. Lý do chính: Good fit, Too easy. Mức đánh giá 5/5, trong nhịp tập tuần này.",2,0.0138
"Dumbbell Floor Press khá dễ kiểm soát, tôi hoàn thành tốt và muốn tăng thử thách nhẹ ở lần tới. Lý do chính: Good fit, Too easy. Mức đánh giá 5/5, trong nhịp tập tuần này.",2,0.0138
"Bài Dumbbell Z-Press vào nhịp tốt, tôi muốn progression rõ hơn để tiếp tục tiến bộ. Lý do chính: Good fit, Too easy. Mức đánh giá 4/5, sau khi hoàn thành phần chính.",2,0.0138
"Tôi thấy Bent-Over Dumbbell Reverse Fly đang hơi nhẹ so với sức hiện tại, có thể tăng độ khó hoặc thêm volume vừa phải. Lý do chính: Good fit, Too easy. Mức đánh giá 4/5, khi tập với mức hiện tại.",2,0.0138
"Tôi thích Tibialis Raise, cảm giác vào cơ tốt và muốn giữ bài này trong lịch. Lý do chính: Good fit. Mức đánh giá 5/5, ở lần ghi nhận gần đây.",2,0.0138
"Tibialis Raise khá dễ kiểm soát, tôi hoàn thành tốt và muốn tăng thử thách nhẹ ở lần tới. Lý do chính: Good fit, Too easy. Mức đánh giá 4/5, trong nhịp tập tuần này.",2,0.0138
"Tôi thích Wall Slide, cảm giác vào cơ tốt và muốn giữ bài này trong lịch. Lý do chính: Good fit. Mức đánh giá 4/5, ở lần ghi nhận gần đây.",2,0.0138
"Tibialis Raise phù hợp với tôi, không gây khó chịu và giúp buổi tập có nhịp ổn. Lý do chính: Good fit. Mức đánh giá 5/5, khi tập với mức hiện tại.",2,0.0138
"Tôi thích Reverse Crunch, cảm giác vào cơ tốt và muốn giữ bài này trong lịch. Lý do chính: Good fit. Mức đánh giá 5/5, ở lần ghi nhận gần đây.",2,0.0138
"Bài Bicycle Crunch dễ setup, cảm giác kiểm soát tốt nên tôi muốn tiếp tục duy trì. Lý do chính: Good fit. Mức đánh giá 5/5, khi theo giáo án hiện tại.",2,0.0138
"Tibialis Raise khá dễ kiểm soát, tôi hoàn thành tốt và muốn tăng thử thách nhẹ ở lần tới. Lý do chính: Good fit, Too easy. Mức đánh giá 5/5, trong nhịp tập tuần này.",2,0.0138
"Bài Mountain Climbers vào nhịp tốt, tôi muốn progression rõ hơn để tiếp tục tiến bộ. Lý do chính: Good fit, Too easy. Mức đánh giá 4/5, ở bối cảnh lịch tập này.",2,0.0138
"Donkey Kick khá dễ kiểm soát, tôi hoàn thành tốt và muốn tăng thử thách nhẹ ở lần tới. Lý do chính: Good fit, Too easy. Mức đánh giá 5/5, ở lần ghi nhận gần đây.",2,0.0138
"Bài Donkey Kick vào nhịp tốt, tôi muốn progression rõ hơn để tiếp tục tiến bộ. Lý do chính: Good fit, Too easy. Mức đánh giá 4/5, sau khi hoàn thành phần chính.",2,0.0138
"Bài Cable Kickback dễ setup, cảm giác kiểm soát tốt nên tôi muốn tiếp tục duy trì. Lý do chính: Good fit. Mức đánh giá 4/5, khi theo giáo án hiện tại.",2,0.0138
"Bài Plate Pinch Hold vào nhịp tốt, tôi muốn progression rõ hơn để tiếp tục tiến bộ. Lý do chính: Good fit, Too easy. Mức đánh giá 4/5, khi theo giáo án hiện tại.",2,0.0138
"Bài Seated Leg Curl dễ setup, cảm giác kiểm soát tốt nên tôi muốn tiếp tục duy trì. Lý do chính: Good fit. Mức đánh giá 4/5, khi theo giáo án hiện tại.",2,0.0138
"Bài Cable Kickback vào nhịp tốt, tôi muốn progression rõ hơn để tiếp tục tiến bộ. Lý do chính: Good fit, Too easy. Mức đánh giá 5/5, sau khi hoàn thành phần chính.",2,0.0138
"Tôi thích Plate Pinch Hold, cảm giác vào cơ tốt và muốn giữ bài này trong lịch. Lý do chính: Good fit. Mức đánh giá 5/5, ở lần ghi nhận gần đây.",2,0.0138
"Bài Machine Chest Press vào nhịp tốt, tôi muốn progression rõ hơn để tiếp tục tiến bộ. Lý do chính: Good fit, Too easy. Mức đánh giá 5/5, sau khi hoàn thành phần chính.",2,0.0138
"Wall Slide khá dễ kiểm soát, tôi hoàn thành tốt và muốn tăng thử thách nhẹ ở lần tới. Lý do chính: Good fit, Too easy. Mức đánh giá 4/5, trong nhịp tập tuần này.",2,0.0138
"Tôi thích Machine Hip Adductor, cảm giác vào cơ tốt và muốn giữ bài này trong lịch. Lý do chính: Good fit. Mức đánh giá 5/5, trong nhịp tập tuần này.",2,0.0138
"Bài Medicine Ball Slam dễ setup, cảm giác kiểm soát tốt nên tôi muốn tiếp tục duy trì. Lý do chính: Good fit. Mức đánh giá 5/5, khi theo giáo án hiện tại.",2,0.0138
"Ab Crunch Machine phù hợp với tôi, không gây khó chịu và giúp buổi tập có nhịp ổn. Lý do chính: Good fit. Mức đánh giá 5/5, khi tập với mức hiện tại.",2,0.0138
"Bài Chin-Up dễ setup, cảm giác kiểm soát tốt nên tôi muốn tiếp tục duy trì. Lý do chính: Good fit. Mức đánh giá 4/5, sau khi hoàn thành phần chính.",2,0.0138
"Tôi thích Box Jump, cảm giác vào cơ tốt và muốn giữ bài này trong lịch. Lý do chính: Good fit. Mức đánh giá 4/5, ở lần ghi nhận gần đây.",2,0.0138
"Bài Reverse Nordic Curl dễ setup, cảm giác kiểm soát tốt nên tôi muốn tiếp tục duy trì. Lý do chính: Good fit. Mức đánh giá 5/5, sau khi hoàn thành phần chính.",2,0.0138
"Tôi thích Donkey Kick, cảm giác vào cơ tốt và muốn giữ bài này trong lịch. Lý do chính: Good fit. Mức đánh giá 5/5, ở lần ghi nhận gần đây.",2,0.0138
"Bài Lying Leg Raise dễ setup, cảm giác kiểm soát tốt nên tôi muốn tiếp tục duy trì. Lý do chính: Good fit. Mức đánh giá 4/5, khi theo giáo án hiện tại.",2,0.0138
"Reverse Nordic Curl phù hợp với tôi, không gây khó chịu và giúp buổi tập có nhịp ổn. Lý do chính: Good fit. Mức đánh giá 5/5, ở phần cuối buổi.",2,0.0138
"Bài Bicycle Crunch dễ setup, cảm giác kiểm soát tốt nên tôi muốn tiếp tục duy trì. Lý do chính: Good fit. Mức đánh giá 4/5, khi theo giáo án hiện tại.",2,0.0138
"Donkey Kick phù hợp với tôi, không gây khó chịu và giúp buổi tập có nhịp ổn. Lý do chính: Good fit. Mức đánh giá 4/5, ở phần cuối buổi.",2,0.0138
"Bài Hack Squat vào nhịp tốt, tôi muốn progression rõ hơn để tiếp tục tiến bộ. Lý do chính: Good fit, Too easy. Mức đánh giá 4/5, khi theo giáo án hiện tại.",2,0.0138
"Tôi thấy Band Pull-Apart đang hơi nhẹ so với sức hiện tại, có thể tăng độ khó hoặc thêm volume vừa phải. Lý do chính: Good fit, Too easy. Mức đánh giá 5/5, ở phần cuối buổi.",2,0.0138
"Tôi thấy Lateral Band Walk đang hơi nhẹ so với sức hiện tại, có thể tăng độ khó hoặc thêm volume vừa phải. Lý do chính: Good fit, Too easy. Mức đánh giá 4/5, ở phần cuối buổi.",2,0.0138
"Bài Hack Squat dễ setup, cảm giác kiểm soát tốt nên tôi muốn tiếp tục duy trì. Lý do chính: Good fit. Mức đánh giá 4/5, khi theo giáo án hiện tại.",2,0.0138
"Band Pull-Apart khá dễ kiểm soát, tôi hoàn thành tốt và muốn tăng thử thách nhẹ ở lần tới. Lý do chính: Good fit, Too easy. Mức đánh giá 5/5, ở lần ghi nhận gần đây.",2,0.0138
"Tôi thích Medicine Ball Woodchop, cảm giác vào cơ tốt và muốn giữ bài này trong lịch. Lý do chính: Good fit. Mức đánh giá 5/5, trong nhịp tập tuần này.",2,0.0138
"Tôi thích Medicine Ball Woodchop, cảm giác vào cơ tốt và muốn giữ bài này trong lịch. Lý do chính: Good fit. Mức đánh giá 4/5, trong nhịp tập tuần này.",2,0.0138
"Bài Dumbbell Floor Press dễ setup, cảm giác kiểm soát tốt nên tôi muốn tiếp tục duy trì. Lý do chính: Good fit. Mức đánh giá 5/5, sau khi hoàn thành phần chính.",2,0.0138
"Bài Dumbbell Hammer Curl dễ setup, cảm giác kiểm soát tốt nên tôi muốn tiếp tục duy trì. Lý do chính: Good fit. Mức đánh giá 4/5, sau khi hoàn thành phần chính.",2,0.0138
"Tôi thích Zottman Curl, cảm giác vào cơ tốt và muốn giữ bài này trong lịch. Lý do chính: Good fit. Mức đánh giá 5/5, ở lần ghi nhận gần đây.",2,0.0138
"Bài Mountain Climbers vào nhịp tốt, tôi muốn progression rõ hơn để tiếp tục tiến bộ. Lý do chính: Good fit, Too easy. Mức đánh giá 5/5, khi so với khả năng hiện tại.",2,0.0138
"Bài Lying Leg Raise vào nhịp tốt, tôi muốn progression rõ hơn để tiếp tục tiến bộ. Lý do chính: Good fit, Too easy. Mức đánh giá 4/5, ở bối cảnh lịch tập này.",2,0.0138
"Tôi thấy Neck Bridge đang hơi nhẹ so với sức hiện tại, có thể tăng độ khó hoặc thêm volume vừa phải. Lý do chính: Good fit, Too easy. Mức đánh giá 4/5, ở phần cuối buổi.",2,0.0138
"Bài Swiss Ball Crunch vào nhịp tốt, tôi muốn progression rõ hơn để tiếp tục tiến bộ. Lý do chính: Good fit, Too easy. Mức đánh giá 5/5, khi theo giáo án hiện tại.",2,0.0138
"Burpee khá dễ kiểm soát, tôi hoàn thành tốt và muốn tăng thử thách nhẹ ở lần tới. Lý do chính: Good fit, Too easy. Mức đánh giá 5/5, ở lần ghi nhận gần đây.",2,0.0138
"Tôi thích Crab Walk, cảm giác vào cơ tốt và muốn giữ bài này trong lịch. Lý do chính: Good fit. Mức đánh giá 4/5, ở lần ghi nhận gần đây.",2,0.0138
"Band Pull-Apart phù hợp với tôi, không gây khó chịu và giúp buổi tập có nhịp ổn. Lý do chính: Good fit. Mức đánh giá 5/5, khi tập với mức hiện tại.",2,0.0138
"TRX Suspension Row phù hợp với tôi, không gây khó chịu và giúp buổi tập có nhịp ổn. Lý do chính: Good fit. Mức đánh giá 4/5, ở phần cuối buổi.",2,0.0138
"Single-Arm TRX Row phù hợp với tôi, không gây khó chịu và giúp buổi tập có nhịp ổn. Lý do chính: Good fit. Mức đánh giá 5/5, khi tập với mức hiện tại.",2,0.0138
"Tôi thích TRX Push-Up, cảm giác vào cơ tốt và muốn giữ bài này trong lịch. Lý do chính: Good fit. Mức đánh giá 5/5, trong nhịp tập tuần này.",2,0.0138
"Tôi thấy Chin-Up đang hơi nhẹ so với sức hiện tại, có thể tăng độ khó hoặc thêm volume vừa phải. Lý do chính: Good fit, Too easy. Mức đánh giá 5/5, khi tập với mức hiện tại.",2,0.0138
"Pull-Up khá dễ kiểm soát, tôi hoàn thành tốt và muốn tăng thử thách nhẹ ở lần tới. Lý do chính: Good fit, Too easy. Mức đánh giá 4/5, trong nhịp tập tuần này.",2,0.0138
"Bài Hanging Windshield Wiper vào nhịp tốt, tôi muốn progression rõ hơn để tiếp tục tiến bộ. Lý do chính: Good fit, Too easy. Mức đánh giá 5/5, sau khi hoàn thành phần chính.",2,0.0138
"Chin-Up khá dễ kiểm soát, tôi hoàn thành tốt và muốn tăng thử thách nhẹ ở lần tới. Lý do chính: Good fit, Too easy. Mức đánh giá 4/5, trong nhịp tập tuần này.",2,0.0138
"Hanging Windshield Wiper khá dễ kiểm soát, tôi hoàn thành tốt và muốn tăng thử thách nhẹ ở lần tới. Lý do chính: Good fit, Too easy. Mức đánh giá 4/5, trong nhịp tập tuần này.",2,0.0138
"Tôi thấy Hanging Windshield Wiper đang hơi nhẹ so với sức hiện tại, có thể tăng độ khó hoặc thêm volume vừa phải. Lý do chính: Good fit, Too easy. Mức đánh giá 4/5, khi tập với mức hiện tại.",2,0.0138
"Pull-Up khá dễ kiểm soát, tôi hoàn thành tốt và muốn tăng thử thách nhẹ ở lần tới. Lý do chính: Good fit, Too easy. Mức đánh giá 5/5, ở lần ghi nhận gần đây.",2,0.0138
"Bài Hanging Windshield Wiper vào nhịp tốt, tôi muốn progression rõ hơn để tiếp tục tiến bộ. Lý do chính: Good fit, Too easy. Mức đánh giá 4/5, khi theo giáo án hiện tại.",2,0.0138
"Hanging Leg Raise khá dễ kiểm soát, tôi hoàn thành tốt và muốn tăng thử thách nhẹ ở lần tới. Lý do chính: Good fit, Too easy. Mức đánh giá 5/5, ở lần ghi nhận gần đây.",2,0.0138
"Bài Pull-Up vào nhịp tốt, tôi muốn progression rõ hơn để tiếp tục tiến bộ. Lý do chính: Good fit, Too easy. Mức đánh giá 4/5, sau khi hoàn thành phần chính.",2,0.0138
"Bài Hanging Windshield Wiper vào nhịp tốt, tôi muốn progression rõ hơn để tiếp tục tiến bộ. Lý do chính: Good fit, Too easy. Mức đánh giá 5/5, khi theo giáo án hiện tại.",2,0.0138
"Tôi thấy Chin-Up đang hơi nhẹ so với sức hiện tại, có thể tăng độ khó hoặc thêm volume vừa phải. Lý do chính: Good fit, Too easy. Mức đánh giá 4/5, ở phần cuối buổi.",2,0.0138
"Bài Pull-Up vào nhịp tốt, tôi muốn progression rõ hơn để tiếp tục tiến bộ. Lý do chính: Good fit, Too easy. Mức đánh giá 5/5, khi theo giáo án hiện tại.",2,0.0138
"Tôi thích Burpee, cảm giác vào cơ tốt và muốn giữ bài này trong lịch. Lý do chính: Good fit. Mức đánh giá 5/5, ở lần ghi nhận gần đây.",2,0.0138
"Standing Calf Raise phù hợp với tôi, không gây khó chịu và giúp buổi tập có nhịp ổn. Lý do chính: Good fit. Mức đánh giá 4/5, khi tập với mức hiện tại.",2,0.0138
"Bird Dog phù hợp với tôi, không gây khó chịu và giúp buổi tập có nhịp ổn. Lý do chính: Good fit. Mức đánh giá 5/5, ở phần cuối buổi.",2,0.0138
"Glute Bridge March phù hợp với tôi, không gây khó chịu và giúp buổi tập có nhịp ổn. Lý do chính: Good fit. Mức đánh giá 5/5, khi tập với mức hiện tại.",2,0.0138
"Tôi thích Burpee, cảm giác vào cơ tốt và muốn giữ bài này trong lịch. Lý do chính: Good fit. Mức đánh giá 5/5, trong nhịp tập tuần này.",2,0.0138
"Bài Standing Calf Raise dễ setup, cảm giác kiểm soát tốt nên tôi muốn tiếp tục duy trì. Lý do chính: Good fit. Mức đánh giá 4/5, sau khi hoàn thành phần chính.",2,0.0138
"Bài Single-Leg Leg Extension dễ setup, cảm giác kiểm soát tốt nên tôi muốn tiếp tục duy trì. Lý do chính: Good fit. Mức đánh giá 4/5, khi theo giáo án hiện tại.",2,0.0138
"Bài Chest-Supported T-Bar Row dễ setup, cảm giác kiểm soát tốt nên tôi muốn tiếp tục duy trì. Lý do chính: Good fit. Mức đánh giá 4/5, sau khi hoàn thành phần chính.",2,0.0138
"Bài Battle Ropes dễ setup, cảm giác kiểm soát tốt nên tôi muốn tiếp tục duy trì. Lý do chính: Good fit. Mức đánh giá 5/5, khi theo giáo án hiện tại.",2,0.0138
"Bài Machine Leg Extension dễ setup, cảm giác kiểm soát tốt nên tôi muốn tiếp tục duy trì. Lý do chính: Good fit. Mức đánh giá 4/5, khi theo giáo án hiện tại.",2,0.0138
"Battle Ropes phù hợp với tôi, không gây khó chịu và giúp buổi tập có nhịp ổn. Lý do chính: Good fit. Mức đánh giá 4/5, khi tập với mức hiện tại.",2,0.0138
"Chest-Supported T-Bar Row phù hợp với tôi, không gây khó chịu và giúp buổi tập có nhịp ổn. Lý do chính: Good fit. Mức đánh giá 5/5, ở phần cuối buổi.",2,0.0138
"Bài Chest-Supported T-Bar Row dễ setup, cảm giác kiểm soát tốt nên tôi muốn tiếp tục duy trì. Lý do chính: Good fit. Mức đánh giá 5/5, sau khi hoàn thành phần chính.",2,0.0138
"Tôi thích Single-Leg Leg Extension, cảm giác vào cơ tốt và muốn giữ bài này trong lịch. Lý do chính: Good fit. Mức đánh giá 5/5, trong nhịp tập tuần này.",2,0.0138
"Machine Leg Extension phù hợp với tôi, không gây khó chịu và giúp buổi tập có nhịp ổn. Lý do chính: Good fit. Mức đánh giá 5/5, khi tập với mức hiện tại.",2,0.0138
"Tôi thích Battle Ropes, cảm giác vào cơ tốt và muốn giữ bài này trong lịch. Lý do chính: Good fit. Mức đánh giá 4/5, trong nhịp tập tuần này.",2,0.0138
"Tôi thấy Cable Kickback đang hơi nhẹ so với sức hiện tại, có thể tăng độ khó hoặc thêm volume vừa phải. Lý do chính: Good fit, Too easy. Mức đánh giá 5/5, khi tập với mức hiện tại.",2,0.0138
"Tôi thấy Cable Kickback đang hơi nhẹ so với sức hiện tại, có thể tăng độ khó hoặc thêm volume vừa phải. Lý do chính: Good fit, Too easy. Mức đánh giá 5/5, ở phần cuối buổi.",2,0.0138
"Machine Leg Extension khá dễ kiểm soát, tôi hoàn thành tốt và muốn tăng thử thách nhẹ ở lần tới. Lý do chính: Good fit, Too easy. Mức đánh giá 5/5, trong nhịp tập tuần này.",2,0.0138
"Tôi thấy Dumbbell Hammer Curl đang hơi nhẹ so với sức hiện tại, có thể tăng độ khó hoặc thêm volume vừa phải. Lý do chính: Good fit, Too easy. Mức đánh giá 4/5, khi tập với mức hiện tại.",2,0.0138
"Bài Machine Lateral Raise vào nhịp tốt, tôi muốn progression rõ hơn để tiếp tục tiến bộ. Lý do chính: Good fit, Too easy. Mức đánh giá 4/5, khi theo giáo án hiện tại.",2,0.0138
"Bài Cable Kickback vào nhịp tốt, tôi muốn progression rõ hơn để tiếp tục tiến bộ. Lý do chính: Good fit, Too easy. Mức đánh giá 4/5, khi theo giáo án hiện tại.",2,0.0138
"Cable Kickback khá dễ kiểm soát, tôi hoàn thành tốt và muốn tăng thử thách nhẹ ở lần tới. Lý do chính: Good fit, Too easy. Mức đánh giá 4/5, ở lần ghi nhận gần đây.",2,0.0138
"Bài Machine Lateral Raise vào nhịp tốt, tôi muốn progression rõ hơn để tiếp tục tiến bộ. Lý do chính: Good fit, Too easy. Mức đánh giá 5/5, sau khi hoàn thành phần chính.",2,0.0138
"Dumbbell Shrug khá dễ kiểm soát, tôi hoàn thành tốt và muốn tăng thử thách nhẹ ở lần tới. Lý do chính: Good fit, Too easy. Mức đánh giá 5/5, ở lần ghi nhận gần đây.",2,0.0138
"Bài Cable Kickback vào nhịp tốt, tôi muốn progression rõ hơn để tiếp tục tiến bộ. Lý do chính: Good fit, Too easy. Mức đánh giá 4/5, khi so với khả năng hiện tại.",2,0.0138
"Bài Machine Row vào nhịp tốt, tôi muốn progression rõ hơn để tiếp tục tiến bộ. Lý do chính: Good fit, Too easy. Mức đánh giá 5/5, khi theo giáo án hiện tại.",2,0.0138
"Tôi thích Ab Crunch Machine, cảm giác vào cơ tốt và muốn giữ bài này trong lịch. Lý do chính: Good fit. Mức đánh giá 4/5, ở lần ghi nhận gần đây.",2,0.0138
"Tôi thích Wall Sit, cảm giác vào cơ tốt và muốn giữ bài này trong lịch. Lý do chính: Good fit. Mức đánh giá 4/5, trong nhịp tập tuần này.",2,0.0138
"Bài Tibialis Raise dễ setup, cảm giác kiểm soát tốt nên tôi muốn tiếp tục duy trì. Lý do chính: Good fit. Mức đánh giá 4/5, sau khi hoàn thành phần chính.",2,0.0138
"Bài Wall Sit dễ setup, cảm giác kiểm soát tốt nên tôi muốn tiếp tục duy trì. Lý do chính: Good fit. Mức đánh giá 4/5, khi theo giáo án hiện tại.",2,0.0138
"Burpee phù hợp với tôi, không gây khó chịu và giúp buổi tập có nhịp ổn. Lý do chính: Good fit. Mức đánh giá 5/5, khi tập với mức hiện tại.",2,0.0138
"Reverse Hack Squat phù hợp với tôi, không gây khó chịu và giúp buổi tập có nhịp ổn. Lý do chính: Good fit. Mức đánh giá 4/5, khi tập với mức hiện tại.",2,0.0138
"Tôi thấy Zottman Curl đang hơi nhẹ so với sức hiện tại, có thể tăng độ khó hoặc thêm volume vừa phải. Lý do chính: Good fit, Too easy. Mức đánh giá 4/5, ở phần cuối buổi.",2,0.0138
"Bài Wall Slide vào nhịp tốt, tôi muốn progression rõ hơn để tiếp tục tiến bộ. Lý do chính: Good fit, Too easy. Mức đánh giá 5/5, sau khi hoàn thành phần chính.",2,0.0138
"Tôi thấy Zottman Curl đang hơi nhẹ so với sức hiện tại, có thể tăng độ khó hoặc thêm volume vừa phải. Lý do chính: Good fit, Too easy. Mức đánh giá 5/5, khi tập với mức hiện tại.",2,0.0138
"Neck Bridge khá dễ kiểm soát, tôi hoàn thành tốt và muốn tăng thử thách nhẹ ở lần tới. Lý do chính: Good fit, Too easy. Mức đánh giá 4/5, ở lần ghi nhận gần đây.",2,0.0138
"Band Resisted Push-Up khá dễ kiểm soát, tôi hoàn thành tốt và muốn tăng thử thách nhẹ ở lần tới. Lý do chính: Good fit, Too easy. Mức đánh giá 4/5, ở lần ghi nhận gần đây.",2,0.0138
"Bài TRX Fallouts dễ setup, cảm giác kiểm soát tốt nên tôi muốn tiếp tục duy trì. Lý do chính: Good fit. Mức đánh giá 4/5, khi theo giáo án hiện tại.",2,0.0138
"Bài TRX Push-Up vào nhịp tốt, tôi muốn progression rõ hơn để tiếp tục tiến bộ. Lý do chính: Good fit, Too easy. Mức đánh giá 5/5, khi theo giáo án hiện tại.",2,0.0138
"Bài TRX Push-Up vào nhịp tốt, tôi muốn progression rõ hơn để tiếp tục tiến bộ. Lý do chính: Good fit, Too easy. Mức đánh giá 4/5, sau khi hoàn thành phần chính.",2,0.0138
"Tôi thấy Band Pull-Through đang hơi nhẹ so với sức hiện tại, có thể tăng độ khó hoặc thêm volume vừa phải. Lý do chính: Good fit, Too easy. Mức đánh giá 4/5, khi tập với mức hiện tại.",2,0.0138
"bài này tạo cảm giác không thật ổn ở Joint discomfort, tôi muốn kiểm tra kỹ thuật và điều chỉnh an toàn hơn. Mức đánh giá 2/5, khi tập với mức hiện tại.",2,0.0138
"Khi thực hiện bài này, vùng Knee hơi khó chịu; nên ưu tiên phương án Review Safety. Mức đánh giá 2/5, khi theo giáo án hiện tại.",2,0.0138
"Tôi cảm thấy mild discomfort ở Back khi tập bài này, nên muốn review safety trước buổi sau. Mức đánh giá 2/5, ở lần ghi nhận gần đây.",2,0.0138
"bài này tạo cảm giác không thật ổn ở Knee, tôi muốn kiểm tra kỹ thuật và điều chỉnh an toàn hơn. Mức đánh giá 2/5, ở phần cuối buổi.",2,0.0138
"Tôi cảm thấy mild discomfort ở Back khi tập bài này, nên muốn review safety trước buổi sau. Mức đánh giá 2/5, trong nhịp tập tuần này.",2,0.0138
"bài này tạo cảm giác không thật ổn ở Knee, tôi muốn kiểm tra kỹ thuật và điều chỉnh an toàn hơn. Mức đánh giá 1/5, ở phần cuối buổi.",2,0.0138
"Khi thực hiện bài này, vùng Knee hơi khó chịu; nên ưu tiên phương án Review Safety. Mức đánh giá 2/5, ở bối cảnh lịch tập này.",2,0.0138
"bài này tạo cảm giác không thật ổn ở Joint discomfort, tôi muốn kiểm tra kỹ thuật và điều chỉnh an toàn hơn. Mức đánh giá 1/5, ở phần cuối buổi.",2,0.0138
"Buổi này hơi nặng hoặc appropriate, tôi muốn reduce volume cho lần tới. Mức đánh giá 2/5, trong buổi tập này.",2,0.0138
"Buổi này hơi nặng hoặc too long, tôi muốn reduce session duration cho lần tới. Mức đánh giá 1/5, ở bối cảnh lịch tập này.",2,0.0138
"Buổi này hơi nặng hoặc appropriate, tôi muốn reduce volume cho lần tới. Mức đánh giá 1/5, trong buổi tập này.",2,0.0138
"Buổi này hơi nặng hoặc appropriate, tôi muốn reduce volume cho lần tới. Mức đánh giá 2/5, khi so với khả năng hiện tại.",2,0.0138
"Buổi này hơi nặng hoặc appropriate, tôi muốn reduce volume cho lần tới. Mức đánh giá 2/5, trong lần đánh giá hôm nay.",2,0.0138
"Bài Decline Dumbbell Pullover dễ setup, cảm giác kiểm soát tốt nên tôi muốn tiếp tục duy trì. Lý do chính: Positive, Appropriate. Mức đánh giá 4/5, ở bối cảnh lịch tập này.",2,0.0138
"Bài Zercher Lunge dễ setup, cảm giác kiểm soát tốt nên tôi muốn tiếp tục duy trì. Lý do chính: Positive, Appropriate. Mức đánh giá 5/5, khi so với khả năng hiện tại.",2,0.0138
"Tôi thấy Zercher Lunge đang hơi nhẹ so với sức hiện tại, có thể tăng độ khó hoặc thêm volume vừa phải. Lý do chính: Positive, Too Easy. Mức đánh giá 5/5, ở phần cuối buổi.",2,0.0138
"Tôi thích Bottoms-Up Squat, cảm giác vào cơ tốt và muốn giữ bài này trong lịch. Lý do chính: Positive, Appropriate. Mức đánh giá 5/5, trong nhịp tập tuần này.",2,0.0138
"Tôi thấy Bottoms-Up Squat đang hơi nhẹ so với sức hiện tại, có thể tăng độ khó hoặc thêm volume vừa phải. Lý do chính: Positive, Too Easy. Mức đánh giá 5/5, trong buổi tập này.",2,0.0138
"Bottoms-Up Squat phù hợp với tôi, không gây khó chịu và giúp buổi tập có nhịp ổn. Lý do chính: Positive, Appropriate. Mức đánh giá 5/5, ở phần cuối buổi.",2,0.0138
"Tôi thích Bottoms-Up Squat, cảm giác vào cơ tốt và muốn giữ bài này trong lịch. Lý do chính: Positive, Appropriate. Mức đánh giá 4/5, trong nhịp tập tuần này.",2,0.0138
"Tôi thích Bottoms-Up Squat, cảm giác vào cơ tốt và muốn giữ bài này trong lịch. Lý do chính: Positive, Appropriate. Mức đánh giá 5/5, ở lần ghi nhận gần đây.",2,0.0138
"Tôi thích Bottoms-Up Squat, cảm giác vào cơ tốt và muốn giữ bài này trong lịch. Lý do chính: Positive, Appropriate. Mức đánh giá 4/5, ở lần ghi nhận gần đây.",2,0.0138
"Copenhagen Adductor Drop khá dễ kiểm soát, tôi hoàn thành tốt và muốn tăng thử thách nhẹ ở lần tới. Lý do chính: Positive, Too Easy. Mức đánh giá 5/5, trong lần đánh giá hôm nay.",2,0.0138
"Bài Copenhagen Adductor Drop làm buổi tập nặng hơn dự kiến; tôi muốn giảm độ khó hoặc đổi biến thể. Lý do chính: Negative, Too Hard. Mức đánh giá 2/5, khi theo giáo án hiện tại.",2,0.0138
"Bài Copenhagen Adductor Drop làm buổi tập nặng hơn dự kiến; tôi muốn giảm độ khó hoặc đổi biến thể. Lý do chính: Negative, Too Hard. Mức đánh giá 2/5, ở bối cảnh lịch tập này.",2,0.0138
"Tôi thích Copenhagen Adductor Drop, cảm giác vào cơ tốt và muốn giữ bài này trong lịch. Lý do chính: Positive, Appropriate. Mức đánh giá 4/5, sau vài set đầu.",2,0.0138
"Copenhagen Adductor Drop hơi quá sức hoặc khó giữ kỹ thuật, tôi muốn replace exercise để tập ổn hơn. Lý do chính: Negative, Too Hard. Mức đánh giá 2/5, trong lần đánh giá hôm nay.",2,0.0138
"Bài Copenhagen Adductor Drop dễ setup, cảm giác kiểm soát tốt nên tôi muốn tiếp tục duy trì. Lý do chính: Positive, Appropriate. Mức đánh giá 4/5, sau khi hoàn thành phần chính.",2,0.0138
"Copenhagen Adductor Drop khá dễ kiểm soát, tôi hoàn thành tốt và muốn tăng thử thách nhẹ ở lần tới. Lý do chính: Positive, Too Easy. Mức đánh giá 5/5, sau vài set đầu.",2,0.0138
"Tôi thích Copenhagen Adductor Drop, cảm giác vào cơ tốt và muốn giữ bài này trong lịch. Lý do chính: Positive, Appropriate. Mức đánh giá 5/5, trong lần đánh giá hôm nay.",2,0.0138
"Copenhagen Adductor Drop phù hợp với tôi, không gây khó chịu và giúp buổi tập có nhịp ổn. Lý do chính: Positive, Appropriate. Mức đánh giá 4/5, ở phần cuối buổi.",2,0.0138
"Copenhagen Adductor Drop phù hợp với tôi, không gây khó chịu và giúp buổi tập có nhịp ổn. Lý do chính: Positive, Appropriate. Mức đánh giá 5/5, khi xét cảm giác phục hồi.",2,0.0138
"Bài Copenhagen Adductor Drop dễ setup, cảm giác kiểm soát tốt nên tôi muốn tiếp tục duy trì. Lý do chính: Positive, Appropriate. Mức đánh giá 5/5, khi theo giáo án hiện tại.",2,0.0138
"Seated Inner Thigh Adductor Machine phù hợp với tôi, không gây khó chịu và giúp buổi tập có nhịp ổn. Lý do chính: Positive, Appropriate. Mức đánh giá 4/5, ở phần cuối buổi.",2,0.0138
"Bài Seated Inner Thigh Adductor Machine dễ setup, cảm giác kiểm soát tốt nên tôi muốn tiếp tục duy trì. Lý do chính: Positive, Appropriate. Mức đánh giá 4/5, khi theo giáo án hiện tại.",2,0.0138
"Seated Inner Thigh Adductor Machine hơi quá sức hoặc khó giữ kỹ thuật, tôi muốn replace exercise để tập ổn hơn. Lý do chính: Negative, Too Hard. Mức đánh giá 2/5, trong lần đánh giá hôm nay.",2,0.0138
"Bài Seated Inner Thigh Adductor Machine vào nhịp tốt, tôi muốn progression rõ hơn để tiếp tục tiến bộ. Lý do chính: Positive, Too Easy. Mức đánh giá 5/5, ở bối cảnh lịch tập này.",2,0.0138
"Bài Seated Inner Thigh Adductor Machine làm buổi tập nặng hơn dự kiến; tôi muốn giảm độ khó hoặc đổi biến thể. Lý do chính: Negative, Too Hard. Mức đánh giá 2/5, khi theo giáo án hiện tại.",2,0.0138
"Bài Seated Inner Thigh Adductor Machine vào nhịp tốt, tôi muốn progression rõ hơn để tiếp tục tiến bộ. Lý do chính: Positive, Too Easy. Mức đánh giá 5/5, khi theo giáo án hiện tại.",2,0.0138
"Seated Inner Thigh Adductor Machine hơi quá sức hoặc khó giữ kỹ thuật, tôi muốn reduce difficulty để tập ổn hơn. Lý do chính: Negative, Too Hard. Mức đánh giá 2/5, trong nhịp tập tuần này.",2,0.0138
"Bài Seated Inner Thigh Adductor Machine vào nhịp tốt, tôi muốn progression rõ hơn để tiếp tục tiến bộ. Lý do chính: Positive, Too Easy. Mức đánh giá 5/5, sau khi hoàn thành phần chính.",2,0.0138
"Tôi không hợp Seated Inner Thigh Adductor Machine lắm, cảm giác kiểm soát chưa tốt nên nên cân nhắc thay thế. Lý do chính: Negative, Too Hard. Mức đánh giá 2/5, khi tập với mức hiện tại.",2,0.0138
"Tôi thích Seated Inner Thigh Adductor Machine, cảm giác vào cơ tốt và muốn giữ bài này trong lịch. Lý do chính: Positive, Appropriate. Mức đánh giá 4/5, ở lần ghi nhận gần đây.",2,0.0138
"Tôi thích Seated Inner Thigh Adductor Machine, cảm giác vào cơ tốt và muốn giữ bài này trong lịch. Lý do chính: Positive, Appropriate. Mức đánh giá 4/5, sau vài set đầu.",2,0.0138
"Seated Inner Thigh Adductor Machine phù hợp với tôi, không gây khó chịu và giúp buổi tập có nhịp ổn. Lý do chính: Positive, Appropriate. Mức đánh giá 4/5, trong buổi tập này.",2,0.0138
"Bài Seated Outer Thigh Abductor Machine vào nhịp tốt, tôi muốn progression rõ hơn để tiếp tục tiến bộ. Lý do chính: Positive, Too Easy. Mức đánh giá 5/5, khi so với khả năng hiện tại.",2,0.0138
"Seated Outer Thigh Abductor Machine hơi quá sức hoặc khó giữ kỹ thuật, tôi muốn replace exercise để tập ổn hơn. Lý do chính: Negative, Too Hard. Mức đánh giá 2/5, trong lần đánh giá hôm nay.",2,0.0138
"Seated Outer Thigh Abductor Machine ở mức chấp nhận được, tôi chưa có ưu tiên mạnh và muốn theo dõi thêm vài buổi. Lý do chính: Neutral, Appropriate. Mức đánh giá 3/5, trong lần đánh giá hôm nay.",2,0.0138
"Seated Outer Thigh Abductor Machine khá dễ kiểm soát, tôi hoàn thành tốt và muốn tăng thử thách nhẹ ở lần tới. Lý do chính: Positive, Too Easy. Mức đánh giá 5/5, ở lần ghi nhận gần đây.",2,0.0138
"Seated Outer Thigh Abductor Machine khá dễ kiểm soát, tôi hoàn thành tốt và muốn tăng thử thách nhẹ ở lần tới. Lý do chính: Positive, Too Easy. Mức đánh giá 5/5, sau vài set đầu.",2,0.0138
"Tôi không hợp Seated Outer Thigh Abductor Machine lắm, cảm giác kiểm soát chưa tốt nên nên cân nhắc thay thế. Lý do chính: Negative, Too Hard. Mức đánh giá 2/5, trong buổi tập này.",2,0.0138
"Seated Outer Thigh Abductor Machine phù hợp với tôi, không gây khó chịu và giúp buổi tập có nhịp ổn. Lý do chính: Positive, Appropriate. Mức đánh giá 4/5, ở phần cuối buổi.",2,0.0138
"Bài Seated Outer Thigh Abductor Machine vào nhịp tốt, tôi muốn progression rõ hơn để tiếp tục tiến bộ. Lý do chính: Positive, Too Easy. Mức đánh giá 5/5, khi theo giáo án hiện tại.",2,0.0138
"Tôi thích Seated Outer Thigh Abductor Machine, cảm giác vào cơ tốt và muốn giữ bài này trong lịch. Lý do chính: Positive, Appropriate. Mức đánh giá 5/5, trong nhịp tập tuần này.",2,0.0138
"Smith Machine Shrug khá dễ kiểm soát, tôi hoàn thành tốt và muốn tăng thử thách nhẹ ở lần tới. Lý do chính: Positive, Too Easy. Mức đánh giá 5/5, trong lần đánh giá hôm nay.",2,0.0138
"Smith Machine Shrug khá dễ kiểm soát, tôi hoàn thành tốt và muốn tăng thử thách nhẹ ở lần tới. Lý do chính: Positive, Too Easy. Mức đánh giá 5/5, trong nhịp tập tuần này.",2,0.0138
"Tôi thích Smith Machine Shrug, cảm giác vào cơ tốt và muốn giữ bài này trong lịch. Lý do chính: Positive, Appropriate. Mức đánh giá 4/5, trong lần đánh giá hôm nay.",2,0.0138
"Tôi thích Smith Machine Shrug, cảm giác vào cơ tốt và muốn giữ bài này trong lịch. Lý do chính: Positive, Appropriate. Mức đánh giá 4/5, sau vài set đầu.",2,0.0138
"Smith Machine Shrug khá dễ kiểm soát, tôi hoàn thành tốt và muốn tăng thử thách nhẹ ở lần tới. Lý do chính: Positive, Too Easy. Mức đánh giá 5/5, sau vài set đầu.",2,0.0138
"Bài Smith Machine Shrug vào nhịp tốt, tôi muốn progression rõ hơn để tiếp tục tiến bộ. Lý do chính: Positive, Too Easy. Mức đánh giá 5/5, sau khi hoàn thành phần chính.",2,0.0138
"Tôi thấy Smith Machine Shrug đang hơi nhẹ so với sức hiện tại, có thể tăng độ khó hoặc thêm volume vừa phải. Lý do chính: Positive, Too Easy. Mức đánh giá 5/5, trong buổi tập này.",2,0.0138
"Smith Machine Shrug hơi quá sức hoặc khó giữ kỹ thuật, tôi muốn reduce difficulty để tập ổn hơn. Lý do chính: Negative, Too Hard. Mức đánh giá 2/5, trong lần đánh giá hôm nay.",2,0.0138
"Bài Smith Machine Shrug vào nhịp tốt, tôi muốn progression rõ hơn để tiếp tục tiến bộ. Lý do chính: Positive, Too Easy. Mức đánh giá 5/5, khi so với khả năng hiện tại.",2,0.0138
"Smith Machine Shrug hơi quá sức hoặc khó giữ kỹ thuật, tôi muốn reduce difficulty để tập ổn hơn. Lý do chính: Negative, Too Hard. Mức đánh giá 2/5, trong nhịp tập tuần này.",2,0.0138
"Smith Machine Shrug hơi quá sức hoặc khó giữ kỹ thuật, tôi muốn replace exercise để tập ổn hơn. Lý do chính: Negative, Too Hard. Mức đánh giá 2/5, ở lần ghi nhận gần đây.",2,0.0138
"Tôi không hợp Smith Machine Shrug lắm, cảm giác kiểm soát chưa tốt nên nên cân nhắc thay thế. Lý do chính: Negative, Too Hard. Mức đánh giá 2/5, khi xét cảm giác phục hồi.",2,0.0138
"Tôi thấy Smith Machine Shrug đang hơi nhẹ so với sức hiện tại, có thể tăng độ khó hoặc thêm volume vừa phải. Lý do chính: Positive, Too Easy. Mức đánh giá 5/5, khi xét cảm giác phục hồi.",2,0.0138
"Smith Machine Upright Row hơi quá sức hoặc khó giữ kỹ thuật, tôi muốn replace exercise để tập ổn hơn. Lý do chính: Negative, Too Hard. Mức đánh giá 2/5, trong lần đánh giá hôm nay.",2,0.0138
"Tôi thích Smith Machine Upright Row, cảm giác vào cơ tốt và muốn giữ bài này trong lịch. Lý do chính: Positive, Appropriate. Mức đánh giá 4/5, ở lần ghi nhận gần đây.",2,0.0138
"Tôi thấy Smith Machine Upright Row đang hơi nhẹ so với sức hiện tại, có thể tăng độ khó hoặc thêm volume vừa phải. Lý do chính: Positive, Too Easy. Mức đánh giá 5/5, khi tập với mức hiện tại.",2,0.0138
"Tôi thấy Smith Machine Upright Row đang hơi nhẹ so với sức hiện tại, có thể tăng độ khó hoặc thêm volume vừa phải. Lý do chính: Positive, Too Easy. Mức đánh giá 5/5, trong buổi tập này.",2,0.0138
"Smith Machine Upright Row khá dễ kiểm soát, tôi hoàn thành tốt và muốn tăng thử thách nhẹ ở lần tới. Lý do chính: Positive, Too Easy. Mức đánh giá 5/5, trong lần đánh giá hôm nay.",2,0.0138
"Bài Smith Machine Upright Row dễ setup, cảm giác kiểm soát tốt nên tôi muốn tiếp tục duy trì. Lý do chính: Positive, Appropriate. Mức đánh giá 5/5, sau khi hoàn thành phần chính.",2,0.0138
"Tôi thấy Smith Machine Upright Row đang hơi nhẹ so với sức hiện tại, có thể tăng độ khó hoặc thêm volume vừa phải. Lý do chính: Positive, Too Easy. Mức đánh giá 5/5, khi xét cảm giác phục hồi.",2,0.0138
"Tôi thích Smith Machine Upright Row, cảm giác vào cơ tốt và muốn giữ bài này trong lịch. Lý do chính: Positive, Appropriate. Mức đánh giá 5/5, ở lần ghi nhận gần đây.",2,0.0138
"Tôi thích Smith Machine Upright Row, cảm giác vào cơ tốt và muốn giữ bài này trong lịch. Lý do chính: Positive, Appropriate. Mức đánh giá 5/5, trong lần đánh giá hôm nay.",2,0.0138
"Bài Smith Machine Upright Row dễ setup, cảm giác kiểm soát tốt nên tôi muốn tiếp tục duy trì. Lý do chính: Positive, Appropriate. Mức đánh giá 5/5, khi so với khả năng hiện tại.",2,0.0138
"Bài Smith Machine Upright Row dùng được, hiện tại tôi muốn giữ lựa chọn mở thay vì đổi ngay. Lý do chính: Neutral, Appropriate. Mức đánh giá 3/5, sau khi hoàn thành phần chính.",2,0.0138
"Cable Kickback hơi quá sức hoặc khó giữ kỹ thuật, tôi muốn reduce difficulty để tập ổn hơn. Lý do chính: Negative, Too Hard. Mức đánh giá 2/5, ở lần ghi nhận gần đây.",2,0.0138
"Tôi không hợp Cable Kickback lắm, cảm giác kiểm soát chưa tốt nên nên cân nhắc thay thế. Lý do chính: Negative, Too Hard. Mức đánh giá 2/5, trong buổi tập này.",2,0.0138
"Bài Cable Kickback vào nhịp tốt, tôi muốn progression rõ hơn để tiếp tục tiến bộ. Lý do chính: Positive, Too Easy. Mức đánh giá 5/5, khi so với khả năng hiện tại.",2,0.0138
"Cable Kickback tạo cảm giác không thật ổn ở Joint discomfort, tôi muốn kiểm tra kỹ thuật và điều chỉnh an toàn hơn. Mức đánh giá 2/5, ở phần cuối buổi.",2,0.0138
"Cable Kickback hơi quá sức hoặc khó giữ kỹ thuật, tôi muốn replace exercise để tập ổn hơn. Lý do chính: Negative, Too Hard. Mức đánh giá 2/5, ở lần ghi nhận gần đây.",2,0.0138
"Khi thực hiện bài này, vùng Joint discomfort hơi khó chịu; nên ưu tiên phương án Review Safety. Mức đánh giá 2/5, khi so với khả năng hiện tại.",2,0.0138
"Khi thực hiện bài này, vùng Joint discomfort hơi khó chịu; nên ưu tiên phương án Review Safety. Mức đánh giá 2/5, ở bối cảnh lịch tập này.",2,0.0138
"Kế hoạch này có vài điểm chưa hợp, tôi muốn change split để dễ theo hơn. Mức đánh giá 2/5, sau khi hoàn thành phần chính.",2,0.0138
"Tổng thể giáo án hợp với lịch và mục tiêu của tôi, nên tôi muốn giữ cấu trúc này thêm vài tuần. Mức đánh giá 4/5, trong lần đánh giá hôm nay.",2,0.0138
"Tôi muốn hệ thống tiếp tục quan sát phản hồi của tôi trước khi thay đổi mạnh giáo án. Mức đánh giá 3/5, trong buổi tập này.",2,0.0138
"Tôi muốn hệ thống tiếp tục quan sát phản hồi của tôi trước khi thay đổi mạnh giáo án. Mức đánh giá 3/5, ở bối cảnh lịch tập này.",2,0.0138
"Standing Ab Wheel Rollout tạo cảm giác không thật ổn ở Joint discomfort, tôi muốn kiểm tra kỹ thuật và điều chỉnh an toàn hơn. Mức đánh giá 2/5, khi tập với mức hiện tại.",1,0.0069
"Tôi cảm thấy mild discomfort ở Knee khi tập Machine Hip Thrust, nên muốn replace exercise trước buổi sau. Mức đánh giá 2/5, trong nhịp tập tuần này.",1,0.0069
"Khi thực hiện Copenhagen Plank, vùng Joint discomfort hơi khó chịu; nên ưu tiên phương án Replace Exercise. Mức đánh giá 1/5, khi theo giáo án hiện tại.",1,0.0069
"Khi thực hiện Machine Lateral Raise, vùng Back hơi khó chịu; nên ưu tiên phương án Review Safety. Mức đánh giá 2/5, khi theo giáo án hiện tại.",1,0.0069
"Side Plank tạo cảm giác không thật ổn ở Knee, tôi muốn kiểm tra kỹ thuật và điều chỉnh an toàn hơn. Mức đánh giá 2/5, khi tập với mức hiện tại.",1,0.0069
"Single-Leg Leg Press tạo cảm giác không thật ổn ở Knee, tôi muốn kiểm tra kỹ thuật và điều chỉnh an toàn hơn. Mức đánh giá 1/5, khi tập với mức hiện tại.",1,0.0069
"Tôi cảm thấy mild discomfort ở Joint discomfort khi tập Plank, nên muốn replace exercise trước buổi sau. Mức đánh giá 2/5, trong nhịp tập tuần này.",1,0.0069
"Khi thực hiện Hanging Leg Raise, vùng Joint discomfort hơi khó chịu; nên ưu tiên phương án Review Safety. Mức đánh giá 2/5, ở bối cảnh lịch tập này.",1,0.0069
"Tôi cảm thấy pain ở Back khi tập Machine Row, nên muốn review safety trước buổi sau. Mức đánh giá 2/5, trong nhịp tập tuần này.",1,0.0069
"Machine Assisted Pull-Up tạo cảm giác không thật ổn ở Back, tôi muốn kiểm tra kỹ thuật và điều chỉnh an toàn hơn. Mức đánh giá 1/5, khi tập với mức hiện tại.",1,0.0069
"Khi thực hiện V-Up, vùng Joint discomfort hơi khó chịu; nên ưu tiên phương án Replace Exercise. Mức đánh giá 1/5, sau khi hoàn thành phần chính.",1,0.0069
"Tôi cảm thấy mild discomfort ở Knee khi tập Side Plank, nên muốn replace exercise trước buổi sau. Mức đánh giá 1/5, trong nhịp tập tuần này.",1,0.0069
"Tôi cảm thấy mild discomfort ở Knee khi tập Single-Leg Glute Bridge, nên muốn replace exercise trước buổi sau. Mức đánh giá 1/5, trong nhịp tập tuần này.",1,0.0069
"Push-Up tạo cảm giác không thật ổn ở Joint discomfort, tôi muốn kiểm tra kỹ thuật và điều chỉnh an toàn hơn. Mức đánh giá 2/5, trong buổi tập này.",1,0.0069
"Khi thực hiện Single-Arm Smith Machine Row, vùng Back hơi khó chịu; nên ưu tiên phương án Replace Exercise. Mức đánh giá 1/5, khi theo giáo án hiện tại.",1,0.0069
"Front Plank with Reach tạo cảm giác không thật ổn ở Joint discomfort, tôi muốn kiểm tra kỹ thuật và điều chỉnh an toàn hơn. Mức đánh giá 1/5, ở phần cuối buổi.",1,0.0069
"Khi thực hiện Hollow Body Hold, vùng Joint discomfort hơi khó chịu; nên ưu tiên phương án Replace Exercise. Mức đánh giá 1/5, khi theo giáo án hiện tại.",1,0.0069
"Khi thực hiện Machine Bicep Curl, vùng Joint discomfort hơi khó chịu; nên ưu tiên phương án Replace Exercise. Mức đánh giá 1/5, khi theo giáo án hiện tại.",1,0.0069
"Tôi cảm thấy mild discomfort ở Knee khi tập Smith Machine Squat, nên muốn replace exercise trước buổi sau. Mức đánh giá 1/5, ở lần ghi nhận gần đây.",1,0.0069
"Tôi cảm thấy mild discomfort ở Joint discomfort khi tập Mountain Climbers, nên muốn replace exercise trước buổi sau. Mức đánh giá 1/5, trong nhịp tập tuần này.",1,0.0069
"Khi thực hiện Pull-Up, vùng Back hơi khó chịu; nên ưu tiên phương án Replace Exercise. Mức đánh giá 2/5, sau khi hoàn thành phần chính.",1,0.0069
"Tôi cảm thấy mild discomfort ở Knee khi tập Skater Squat, nên muốn replace exercise trước buổi sau. Mức đánh giá 2/5, trong nhịp tập tuần này.",1,0.0069
"Tôi cảm thấy mild discomfort ở Knee khi tập Burpee, nên muốn replace exercise trước buổi sau. Mức đánh giá 2/5, sau vài set đầu.",1,0.0069
"Khi thực hiện Battle Ropes, vùng Joint discomfort hơi khó chịu; nên ưu tiên phương án Replace Exercise. Mức đánh giá 1/5, khi theo giáo án hiện tại.",1,0.0069
"Tôi cảm thấy mild discomfort ở Joint discomfort khi tập Hindu Push-Up, nên muốn replace exercise trước buổi sau. Mức đánh giá 2/5, ở lần ghi nhận gần đây.",1,0.0069
"Khi thực hiện Machine Lateral Raise, vùng Back hơi khó chịu; nên ưu tiên phương án Replace Exercise. Mức đánh giá 1/5, sau khi hoàn thành phần chính.",1,0.0069
"Tôi cảm thấy pain ở Joint discomfort khi tập Decline EZ-Bar Skull Crusher, nên muốn review safety trước buổi sau. Mức đánh giá 1/5, trong nhịp tập tuần này.",1,0.0069
"Tôi cảm thấy mild discomfort ở Knee khi tập Burpee, nên muốn replace exercise trước buổi sau. Mức đánh giá 2/5, trong nhịp tập tuần này.",1,0.0069
"Hindu Push-Up tạo cảm giác không thật ổn ở Joint discomfort, tôi muốn kiểm tra kỹ thuật và điều chỉnh an toàn hơn. Mức đánh giá 2/5, trong buổi tập này.",1,0.0069
"Khi thực hiện Pike Push-Up, vùng Back hơi khó chịu; nên ưu tiên phương án Review Safety. Mức đánh giá 1/5, khi theo giáo án hiện tại.",1,0.0069
"Khi thực hiện Machine Chest Press, vùng Joint discomfort hơi khó chịu; nên ưu tiên phương án Review Safety. Mức đánh giá 2/5, sau khi hoàn thành phần chính.",1,0.0069
"Khi thực hiện Barbell Shrug, vùng Joint discomfort hơi khó chịu; nên ưu tiên phương án Replace Exercise. Mức đánh giá 2/5, khi theo giáo án hiện tại.",1,0.0069
"Tôi cảm thấy mild discomfort ở Joint discomfort khi tập Donkey Calf Raise, nên muốn replace exercise trước buổi sau. Mức đánh giá 1/5, trong nhịp tập tuần này.",1,0.0069
"Khi thực hiện Standing Ab Wheel Rollout, vùng Joint discomfort hơi khó chịu; nên ưu tiên phương án Replace Exercise. Mức đánh giá 1/5, khi theo giáo án hiện tại.",1,0.0069
"Khi thực hiện Push-Up, vùng Joint discomfort hơi khó chịu; nên ưu tiên phương án Replace Exercise. Mức đánh giá 2/5, ở bối cảnh lịch tập này.",1,0.0069
"Machine Row tạo cảm giác không thật ổn ở Back, tôi muốn kiểm tra kỹ thuật và điều chỉnh an toàn hơn. Mức đánh giá 1/5, khi tập với mức hiện tại.",1,0.0069
"Crab Walk tạo cảm giác không thật ổn ở Knee, tôi muốn kiểm tra kỹ thuật và điều chỉnh an toàn hơn. Mức đánh giá 1/5, khi tập với mức hiện tại.",1,0.0069
"Donkey Kick tạo cảm giác không thật ổn ở Knee, tôi muốn kiểm tra kỹ thuật và điều chỉnh an toàn hơn. Mức đánh giá 1/5, ở phần cuối buổi.",1,0.0069
"Khi thực hiện Band Pull-Apart, vùng Joint discomfort hơi khó chịu; nên ưu tiên phương án Review Safety. Mức đánh giá 2/5, khi theo giáo án hiện tại.",1,0.0069
"Machine Lateral Raise tạo cảm giác không thật ổn ở Back, tôi muốn kiểm tra kỹ thuật và điều chỉnh an toàn hơn. Mức đánh giá 2/5, ở phần cuối buổi.",1,0.0069
"Khi thực hiện Burpee, vùng Knee hơi khó chịu; nên ưu tiên phương án Replace Exercise. Mức đánh giá 1/5, khi theo giáo án hiện tại.",1,0.0069
"Tôi cảm thấy mild discomfort ở Knee khi tập Crab Walk, nên muốn replace exercise trước buổi sau. Mức đánh giá 2/5, trong nhịp tập tuần này.",1,0.0069
"Khi thực hiện Mountain Climbers, vùng Joint discomfort hơi khó chịu; nên ưu tiên phương án Review Safety. Mức đánh giá 2/5, sau khi hoàn thành phần chính.",1,0.0069
"Tôi cảm thấy mild discomfort ở Joint discomfort khi tập Reverse Crunch, nên muốn replace exercise trước buổi sau. Mức đánh giá 1/5, trong nhịp tập tuần này.",1,0.0069
"Seated Outer Thigh Abductor Machine tạo cảm giác không thật ổn ở Knee, tôi muốn kiểm tra kỹ thuật và điều chỉnh an toàn hơn. Mức đánh giá 2/5, ở phần cuối buổi.",1,0.0069
"Plank tạo cảm giác không thật ổn ở Joint discomfort, tôi muốn kiểm tra kỹ thuật và điều chỉnh an toàn hơn. Mức đánh giá 2/5, khi tập với mức hiện tại.",1,0.0069
"Khi thực hiện Reverse Crunch, vùng Joint discomfort hơi khó chịu; nên ưu tiên phương án Replace Exercise. Mức đánh giá 2/5, sau khi hoàn thành phần chính.",1,0.0069
"Khi thực hiện Glute Kickback Machine, vùng Knee hơi khó chịu; nên ưu tiên phương án Replace Exercise. Mức đánh giá 1/5, khi theo giáo án hiện tại.",1,0.0069
"Khi thực hiện Machine Hip Abductor, vùng Knee hơi khó chịu; nên ưu tiên phương án Replace Exercise. Mức đánh giá 1/5, sau khi hoàn thành phần chính.",1,0.0069
"Khi thực hiện Machine Assisted Dip, vùng Joint discomfort hơi khó chịu; nên ưu tiên phương án Replace Exercise. Mức đánh giá 1/5, ở bối cảnh lịch tập này.",1,0.0069
"Tôi cảm thấy mild discomfort ở Joint discomfort khi tập Dumbbell Hammer Curl, nên muốn replace exercise trước buổi sau. Mức đánh giá 2/5, trong nhịp tập tuần này.",1,0.0069
"Tôi cảm thấy mild discomfort ở Knee khi tập Single-Leg Leg Press, nên muốn replace exercise trước buổi sau. Mức đánh giá 2/5, ở lần ghi nhận gần đây.",1,0.0069
"Khi thực hiện Dead Bug, vùng Joint discomfort hơi khó chịu; nên ưu tiên phương án Replace Exercise. Mức đánh giá 2/5, khi theo giáo án hiện tại.",1,0.0069
"Khi thực hiện Push-Up, vùng Joint discomfort hơi khó chịu; nên ưu tiên phương án Replace Exercise. Mức đánh giá 2/5, sau khi hoàn thành phần chính.",1,0.0069
"Khi thực hiện Mountain Climbers, vùng Joint discomfort hơi khó chịu; nên ưu tiên phương án Replace Exercise. Mức đánh giá 2/5, sau khi hoàn thành phần chính.",1,0.0069
"Cross-Body Cable Triceps Extension tạo cảm giác không thật ổn ở Joint discomfort, tôi muốn kiểm tra kỹ thuật và điều chỉnh an toàn hơn. Mức đánh giá 1/5, trong buổi tập này.",1,0.0069
"Tôi cảm thấy mild discomfort ở Knee khi tập Glute Bridge March, nên muốn replace exercise trước buổi sau. Mức đánh giá 1/5, trong nhịp tập tuần này.",1,0.0069
"Khi thực hiện Machine Hip Adductor, vùng Joint discomfort hơi khó chịu; nên ưu tiên phương án Replace Exercise. Mức đánh giá 2/5, sau khi hoàn thành phần chính.",1,0.0069
"Khi thực hiện Crab Walk, vùng Knee hơi khó chịu; nên ưu tiên phương án Replace Exercise. Mức đánh giá 1/5, khi theo giáo án hiện tại.",1,0.0069
"Tôi cảm thấy mild discomfort ở Back khi tập Machine Lateral Raise, nên muốn replace exercise trước buổi sau. Mức đánh giá 1/5, ở lần ghi nhận gần đây.",1,0.0069
"Machine Row tạo cảm giác không thật ổn ở Back, tôi muốn kiểm tra kỹ thuật và điều chỉnh an toàn hơn. Mức đánh giá 2/5, khi tập với mức hiện tại.",1,0.0069
"Tôi cảm thấy mild discomfort ở Back khi tập Chest-Supported T-Bar Row, nên muốn replace exercise trước buổi sau. Mức đánh giá 2/5, ở lần ghi nhận gần đây.",1,0.0069
"Skater Squat tạo cảm giác không thật ổn ở Knee, tôi muốn kiểm tra kỹ thuật và điều chỉnh an toàn hơn. Mức đánh giá 1/5, ở phần cuối buổi.",1,0.0069
"Khi thực hiện Machine Assisted Pull-Up, vùng Back hơi khó chịu; nên ưu tiên phương án Replace Exercise. Mức đánh giá 1/5, khi theo giáo án hiện tại.",1,0.0069
"Tôi cảm thấy mild discomfort ở Joint discomfort khi tập Push-Up, nên muốn replace exercise trước buổi sau. Mức đánh giá 2/5, sau vài set đầu.",1,0.0069
"Khi thực hiện Machine Bicep Curl, vùng Joint discomfort hơi khó chịu; nên ưu tiên phương án Replace Exercise. Mức đánh giá 2/5, khi theo giáo án hiện tại.",1,0.0069
"Tôi cảm thấy pain ở Joint discomfort khi tập Dumbbell Floor Press, nên muốn review safety trước buổi sau. Mức đánh giá 1/5, ở lần ghi nhận gần đây.",1,0.0069
"Cossack Squat tạo cảm giác không thật ổn ở Knee, tôi muốn kiểm tra kỹ thuật và điều chỉnh an toàn hơn. Mức đánh giá 1/5, khi tập với mức hiện tại.",1,0.0069
"Band Pull-Apart tạo cảm giác không thật ổn ở Joint discomfort, tôi muốn kiểm tra kỹ thuật và điều chỉnh an toàn hơn. Mức đánh giá 2/5, khi tập với mức hiện tại.",1,0.0069
"Khi thực hiện Swiss Ball Crunch, vùng Joint discomfort hơi khó chịu; nên ưu tiên phương án Replace Exercise. Mức đánh giá 1/5, sau khi hoàn thành phần chính.",1,0.0069
"Tôi cảm thấy mild discomfort ở Knee khi tập Machine Hip Abductor, nên muốn replace exercise trước buổi sau. Mức đánh giá 1/5, trong nhịp tập tuần này.",1,0.0069
"Khi thực hiện Crab Walk, vùng Knee hơi khó chịu; nên ưu tiên phương án Replace Exercise. Mức đánh giá 2/5, sau khi hoàn thành phần chính.",1,0.0069
"Tôi cảm thấy pain ở Knee khi tập Barbell Thruster, nên muốn review safety trước buổi sau. Mức đánh giá 1/5, trong nhịp tập tuần này.",1,0.0069
"Khi thực hiện Smith Machine Reverse Lunge, vùng Knee hơi khó chịu; nên ưu tiên phương án Replace Exercise. Mức đánh giá 1/5, sau khi hoàn thành phần chính.",1,0.0069
"Khi thực hiện Burpee, vùng Knee hơi khó chịu; nên ưu tiên phương án Replace Exercise. Mức đánh giá 1/5, sau khi hoàn thành phần chính.",1,0.0069
"Tôi cảm thấy pain ở Knee khi tập Glute Bridge March, nên muốn review safety trước buổi sau. Mức đánh giá 1/5, ở lần ghi nhận gần đây.",1,0.0069
"Tôi cảm thấy mild discomfort ở Back khi tập Machine Lateral Raise, nên muốn replace exercise trước buổi sau. Mức đánh giá 2/5, ở lần ghi nhận gần đây.",1,0.0069
"Khi thực hiện Machine Leg Extension, vùng Knee hơi khó chịu; nên ưu tiên phương án Replace Exercise. Mức đánh giá 2/5, sau khi hoàn thành phần chính.",1,0.0069
"Tôi cảm thấy mild discomfort ở Joint discomfort khi tập Mountain Climbers, nên muốn replace exercise trước buổi sau. Mức đánh giá 2/5, ở lần ghi nhận gần đây.",1,0.0069
"Tôi cảm thấy mild discomfort ở Knee khi tập Crab Walk, nên muốn replace exercise trước buổi sau. Mức đánh giá 1/5, trong lần đánh giá hôm nay.",1,0.0069
"Dumbbell Floor Press tạo cảm giác không thật ổn ở Joint discomfort, tôi muốn kiểm tra kỹ thuật và điều chỉnh an toàn hơn. Mức đánh giá 2/5, khi tập với mức hiện tại.",1,0.0069
"Tôi cảm thấy mild discomfort ở Joint discomfort khi tập Dumbbell Front Raise, nên muốn replace exercise trước buổi sau. Mức đánh giá 2/5, trong nhịp tập tuần này.",1,0.0069
"Tôi cảm thấy mild discomfort ở Knee khi tập Bird Dog, nên muốn replace exercise trước buổi sau. Mức đánh giá 1/5, trong nhịp tập tuần này.",1,0.0069
"Bird Dog tạo cảm giác không thật ổn ở Knee, tôi muốn kiểm tra kỹ thuật và điều chỉnh an toàn hơn. Mức đánh giá 2/5, khi tập với mức hiện tại.",1,0.0069
"Khi thực hiện Bicycle Crunch, vùng Joint discomfort hơi khó chịu; nên ưu tiên phương án Replace Exercise. Mức đánh giá 1/5, khi theo giáo án hiện tại.",1,0.0069
"Plate Pinch Hold tạo cảm giác không thật ổn ở Joint discomfort, tôi muốn kiểm tra kỹ thuật và điều chỉnh an toàn hơn. Mức đánh giá 1/5, trong buổi tập này.",1,0.0069
"Tôi cảm thấy mild discomfort ở Knee khi tập Crab Walk, nên muốn replace exercise trước buổi sau. Mức đánh giá 2/5, ở lần ghi nhận gần đây.",1,0.0069
"Khi thực hiện Bird Dog, vùng Knee hơi khó chịu; nên ưu tiên phương án Replace Exercise. Mức đánh giá 2/5, sau khi hoàn thành phần chính.",1,0.0069
"Glute Bridge tạo cảm giác không thật ổn ở Knee, tôi muốn kiểm tra kỹ thuật và điều chỉnh an toàn hơn. Mức đánh giá 2/5, ở phần cuối buổi.",1,0.0069
"Tôi cảm thấy pain ở Knee khi tập Bird Dog, nên muốn review safety trước buổi sau. Mức đánh giá 1/5, ở lần ghi nhận gần đây.",1,0.0069
"Dumbbell Front Squat tạo cảm giác không thật ổn ở Knee, tôi muốn kiểm tra kỹ thuật và điều chỉnh an toàn hơn. Mức đánh giá 2/5, ở phần cuối buổi.",1,0.0069
"Chest-Supported T-Bar Row tạo cảm giác không thật ổn ở Back, tôi muốn kiểm tra kỹ thuật và điều chỉnh an toàn hơn. Mức đánh giá 2/5, ở phần cuối buổi.",1,0.0069
"Tôi cảm thấy pain ở Knee khi tập Burpee, nên muốn review safety trước buổi sau. Mức đánh giá 1/5, ở lần ghi nhận gần đây.",1,0.0069
"Single-Arm Dumbbell Push Press tạo cảm giác không thật ổn ở Joint discomfort, tôi muốn kiểm tra kỹ thuật và điều chỉnh an toàn hơn. Mức đánh giá 1/5, khi tập với mức hiện tại.",1,0.0069
"Tôi cảm thấy pain ở Joint discomfort khi tập Overhead Dumbbell Triceps Extension, nên muốn review safety trước buổi sau. Mức đánh giá 2/5, trong nhịp tập tuần này.",1,0.0069
"Close-Grip Push-Up tạo cảm giác không thật ổn ở Joint discomfort, tôi muốn kiểm tra kỹ thuật và điều chỉnh an toàn hơn. Mức đánh giá 1/5, khi tập với mức hiện tại.",1,0.0069
"Tôi cảm thấy mild discomfort ở Joint discomfort khi tập Hindu Push-Up, nên muốn replace exercise trước buổi sau. Mức đánh giá 2/5, trong nhịp tập tuần này.",1,0.0069
"Khi thực hiện Barbell Wrist Curl, vùng Joint discomfort hơi khó chịu; nên ưu tiên phương án Replace Exercise. Mức đánh giá 1/5, khi theo giáo án hiện tại.",1,0.0069
"Side Plank tạo cảm giác không thật ổn ở Knee, tôi muốn kiểm tra kỹ thuật và điều chỉnh an toàn hơn. Mức đánh giá 1/5, khi tập với mức hiện tại.",1,0.0069
"Khi thực hiện Front Plank with Reach, vùng Joint discomfort hơi khó chịu; nên ưu tiên phương án Replace Exercise. Mức đánh giá 1/5, khi theo giáo án hiện tại.",1,0.0069
"Glute Bridge tạo cảm giác không thật ổn ở Knee, tôi muốn kiểm tra kỹ thuật và điều chỉnh an toàn hơn. Mức đánh giá 1/5, trong buổi tập này.",1,0.0069
"Wall Sit tạo cảm giác không thật ổn ở Knee, tôi muốn kiểm tra kỹ thuật và điều chỉnh an toàn hơn. Mức đánh giá 2/5, ở phần cuối buổi.",1,0.0069
"Hanging Leg Raise tạo cảm giác không thật ổn ở Joint discomfort, tôi muốn kiểm tra kỹ thuật và điều chỉnh an toàn hơn. Mức đánh giá 2/5, ở phần cuối buổi.",1,0.0069
"Sissy Squat tạo cảm giác không thật ổn ở Knee, tôi muốn kiểm tra kỹ thuật và điều chỉnh an toàn hơn. Mức đánh giá 2/5, ở phần cuối buổi.",1,0.0069
"Tôi cảm thấy mild discomfort ở Knee khi tập Seated Leg Curl, nên muốn replace exercise trước buổi sau. Mức đánh giá 2/5, ở lần ghi nhận gần đây.",1,0.0069
"Cossack Squat tạo cảm giác không thật ổn ở Knee, tôi muốn kiểm tra kỹ thuật và điều chỉnh an toàn hơn. Mức đánh giá 2/5, ở phần cuối buổi.",1,0.0069
"Side-Lying Inner Thigh Raise tạo cảm giác không thật ổn ở Joint discomfort, tôi muốn kiểm tra kỹ thuật và điều chỉnh an toàn hơn. Mức đánh giá 2/5, ở phần cuối buổi.",1,0.0069
"Burpee tạo cảm giác không thật ổn ở Knee, tôi muốn kiểm tra kỹ thuật và điều chỉnh an toàn hơn. Mức đánh giá 1/5, ở phần cuối buổi.",1,0.0069
"V-Up tạo cảm giác không thật ổn ở Joint discomfort, tôi muốn kiểm tra kỹ thuật và điều chỉnh an toàn hơn. Mức đánh giá 1/5, trong buổi tập này.",1,0.0069
"Band Pull-Apart tạo cảm giác không thật ổn ở Joint discomfort, tôi muốn kiểm tra kỹ thuật và điều chỉnh an toàn hơn. Mức đánh giá 1/5, khi tập với mức hiện tại.",1,0.0069
"Tôi cảm thấy pain ở Joint discomfort khi tập Push Press, nên muốn review safety trước buổi sau. Mức đánh giá 2/5, trong nhịp tập tuần này.",1,0.0069
"Mountain Climbers tạo cảm giác không thật ổn ở Joint discomfort, tôi muốn kiểm tra kỹ thuật và điều chỉnh an toàn hơn. Mức đánh giá 1/5, khi tập với mức hiện tại.",1,0.0069
"Khi thực hiện Burpee, vùng Knee hơi khó chịu; nên ưu tiên phương án Review Safety. Mức đánh giá 2/5, khi theo giáo án hiện tại.",1,0.0069
"Dead Bug tạo cảm giác không thật ổn ở Joint discomfort, tôi muốn kiểm tra kỹ thuật và điều chỉnh an toàn hơn. Mức đánh giá 1/5, khi tập với mức hiện tại.",1,0.0069
"Machine Shoulder Press tạo cảm giác không thật ổn ở Joint discomfort, tôi muốn kiểm tra kỹ thuật và điều chỉnh an toàn hơn. Mức đánh giá 2/5, trong buổi tập này.",1,0.0069
"Barbell Biceps Curl tạo cảm giác không thật ổn ở Joint discomfort, tôi muốn kiểm tra kỹ thuật và điều chỉnh an toàn hơn. Mức đánh giá 2/5, ở phần cuối buổi.",1,0.0069
"Khi thực hiện Glute Bridge, vùng Knee hơi khó chịu; nên ưu tiên phương án Replace Exercise. Mức đánh giá 2/5, sau khi hoàn thành phần chính.",1,0.0069
"Tôi cảm thấy mild discomfort ở Back khi tập Single-Arm Smith Machine Row, nên muốn replace exercise trước buổi sau. Mức đánh giá 2/5, ở lần ghi nhận gần đây.",1,0.0069
"Khi thực hiện Dumbbell Shrug (Seated), vùng Joint discomfort hơi khó chịu; nên ưu tiên phương án Replace Exercise. Mức đánh giá 2/5, sau khi hoàn thành phần chính.",1,0.0069
"Khi thực hiện Dumbbell Lateral Raise, vùng Back hơi khó chịu; nên ưu tiên phương án Replace Exercise. Mức đánh giá 1/5, sau khi hoàn thành phần chính.",1,0.0069
"Chest-Supported T-Bar Row tạo cảm giác không thật ổn ở Back, tôi muốn kiểm tra kỹ thuật và điều chỉnh an toàn hơn. Mức đánh giá 1/5, trong buổi tập này.",1,0.0069
"Tôi cảm thấy mild discomfort ở Knee khi tập Glute Kickback Machine, nên muốn replace exercise trước buổi sau. Mức đánh giá 1/5, trong nhịp tập tuần này.",1,0.0069
"Khi thực hiện B-Stance Barbell RDL, vùng Knee hơi khó chịu; nên ưu tiên phương án Replace Exercise. Mức đánh giá 1/5, khi theo giáo án hiện tại.",1,0.0069
"Tôi cảm thấy pain ở Joint discomfort khi tập Barbell Biceps Curl, nên muốn review safety trước buổi sau. Mức đánh giá 1/5, trong nhịp tập tuần này.",1,0.0069
"Khi thực hiện Machine Hip Adductor, vùng Joint discomfort hơi khó chịu; nên ưu tiên phương án Replace Exercise. Mức đánh giá 1/5, khi theo giáo án hiện tại.",1,0.0069
"Khi thực hiện Burpee, vùng Knee hơi khó chịu; nên ưu tiên phương án Replace Exercise. Mức đánh giá 2/5, khi theo giáo án hiện tại.",1,0.0069
"Tôi cảm thấy mild discomfort ở Knee khi tập Dumbbell Reverse Lunge, nên muốn replace exercise trước buổi sau. Mức đánh giá 1/5, trong nhịp tập tuần này.",1,0.0069
"Barbell Reverse Wrist Curl tạo cảm giác không thật ổn ở Joint discomfort, tôi muốn kiểm tra kỹ thuật và điều chỉnh an toàn hơn. Mức đánh giá 2/5, khi tập với mức hiện tại.",1,0.0069
"Tôi cảm thấy pain ở Joint discomfort khi tập Barbell Wrist Curl, nên muốn review safety trước buổi sau. Mức đánh giá 1/5, trong nhịp tập tuần này.",1,0.0069
"Khi thực hiện Push-Up, vùng Joint discomfort hơi khó chịu; nên ưu tiên phương án Replace Exercise. Mức đánh giá 2/5, khi so với khả năng hiện tại.",1,0.0069
"Machine Leg Extension hơi quá sức hoặc khó giữ kỹ thuật, tôi muốn replace exercise để tập ổn hơn. Lý do chính: Needs adjustment, Too hard. Mức đánh giá 1/5, ở lần ghi nhận gần đây.",1,0.0069
"Bài Copenhagen Plank làm buổi tập nặng hơn dự kiến; tôi muốn giảm độ khó hoặc đổi biến thể. Lý do chính: Needs adjustment, Too hard. Mức đánh giá 1/5, sau khi hoàn thành phần chính.",1,0.0069
"Tôi không hợp Single-Leg Leg Press lắm, cảm giác kiểm soát chưa tốt nên nên cân nhắc thay thế. Lý do chính: Needs adjustment, Too hard. Mức đánh giá 2/5, ở phần cuối buổi.",1,0.0069
"Tôi không hợp Decline Push-Up lắm, cảm giác kiểm soát chưa tốt nên nên cân nhắc thay thế. Lý do chính: Needs adjustment, Too hard. Mức đánh giá 1/5, ở phần cuối buổi.",1,0.0069
"Tôi không hợp TRX Push-Up lắm, cảm giác kiểm soát chưa tốt nên nên cân nhắc thay thế. Lý do chính: Needs adjustment, Too hard. Mức đánh giá 2/5, ở phần cuối buổi.",1,0.0069
"Machine Assisted Pull-Up hơi quá sức hoặc khó giữ kỹ thuật, tôi muốn replace exercise để tập ổn hơn. Lý do chính: Needs adjustment, Too hard. Mức đánh giá 2/5, ở lần ghi nhận gần đây.",1,0.0069
"Side-Lying Inner Thigh Raise hơi quá sức hoặc khó giữ kỹ thuật, tôi muốn replace exercise để tập ổn hơn. Lý do chính: Needs adjustment, Too hard. Mức đánh giá 2/5, trong lần đánh giá hôm nay.",1,0.0069
"Hindu Push-Up hơi quá sức hoặc khó giữ kỹ thuật, tôi muốn replace exercise để tập ổn hơn. Lý do chính: Needs adjustment, Too hard. Mức đánh giá 2/5, trong nhịp tập tuần này.",1,0.0069
"Tôi không hợp Dumbbell Front Raise lắm, cảm giác kiểm soát chưa tốt nên nên cân nhắc thay thế. Lý do chính: Needs adjustment, Too hard. Mức đánh giá 2/5, khi tập với mức hiện tại.",1,0.0069
"Bài Wall Slide làm buổi tập nặng hơn dự kiến; tôi muốn giảm độ khó hoặc đổi biến thể. Lý do chính: Needs adjustment, Too hard. Mức đánh giá 1/5, khi theo giáo án hiện tại.",1,0.0069
"Bài Machine Hip Thrust làm buổi tập nặng hơn dự kiến; tôi muốn giảm độ khó hoặc đổi biến thể. Lý do chính: Needs adjustment, Too hard. Mức đánh giá 1/5, sau khi hoàn thành phần chính.",1,0.0069
"Tôi không hợp Dumbbell Romanian Deadlift lắm, cảm giác kiểm soát chưa tốt nên nên cân nhắc thay thế. Lý do chính: Needs adjustment, Too hard. Mức đánh giá 2/5, khi tập với mức hiện tại.",1,0.0069
"Bài Dumbbell Front Raise làm buổi tập nặng hơn dự kiến; tôi muốn giảm độ khó hoặc đổi biến thể. Lý do chính: Needs adjustment, Too hard. Mức đánh giá 2/5, khi theo giáo án hiện tại.",1,0.0069
"Tôi không hợp Wall Slide lắm, cảm giác kiểm soát chưa tốt nên nên cân nhắc thay thế. Lý do chính: Needs adjustment, Too hard. Mức đánh giá 1/5, khi tập với mức hiện tại.",1,0.0069
"Bài Wall Sit làm buổi tập nặng hơn dự kiến; tôi muốn giảm độ khó hoặc đổi biến thể. Lý do chính: Needs adjustment, Too hard. Mức đánh giá 2/5, khi theo giáo án hiện tại.",1,0.0069
"Bài Machine Hip Thrust làm buổi tập nặng hơn dự kiến; tôi muốn giảm độ khó hoặc đổi biến thể. Lý do chính: Needs adjustment, Too hard. Mức đánh giá 1/5, khi theo giáo án hiện tại.",1,0.0069
"Bài Dumbbell Romanian Deadlift làm buổi tập nặng hơn dự kiến; tôi muốn giảm độ khó hoặc đổi biến thể. Lý do chính: Needs adjustment, Too hard. Mức đánh giá 1/5, khi theo giáo án hiện tại.",1,0.0069
"Bird Dog hơi quá sức hoặc khó giữ kỹ thuật, tôi muốn replace exercise để tập ổn hơn. Lý do chính: Needs adjustment, Too hard. Mức đánh giá 1/5, ở lần ghi nhận gần đây.",1,0.0069
"Plank hơi quá sức hoặc khó giữ kỹ thuật, tôi muốn replace exercise để tập ổn hơn. Lý do chính: Needs adjustment, Too hard. Mức đánh giá 1/5, ở lần ghi nhận gần đây.",1,0.0069
"Bài Crab Walk làm buổi tập nặng hơn dự kiến; tôi muốn giảm độ khó hoặc đổi biến thể. Lý do chính: Needs adjustment, Too hard. Mức đánh giá 2/5, sau khi hoàn thành phần chính.",1,0.0069
"Bài Burpee làm buổi tập nặng hơn dự kiến; tôi muốn giảm độ khó hoặc đổi biến thể. Lý do chính: Needs adjustment, Too hard. Mức đánh giá 1/5, khi theo giáo án hiện tại.",1,0.0069
"Tôi không hợp Bird Dog lắm, cảm giác kiểm soát chưa tốt nên nên cân nhắc thay thế. Lý do chính: Needs adjustment, Too hard. Mức đánh giá 1/5, khi xét cảm giác phục hồi.",1,0.0069
"Tôi không hợp Burpee lắm, cảm giác kiểm soát chưa tốt nên nên cân nhắc thay thế. Lý do chính: Needs adjustment, Too hard. Mức đánh giá 1/5, ở phần cuối buổi.",1,0.0069
"Tôi không hợp Crab Walk lắm, cảm giác kiểm soát chưa tốt nên nên cân nhắc thay thế. Lý do chính: Needs adjustment, Too hard. Mức đánh giá 1/5, ở phần cuối buổi.",1,0.0069
"Dead Bug hơi quá sức hoặc khó giữ kỹ thuật, tôi muốn replace exercise để tập ổn hơn. Lý do chính: Needs adjustment, Too hard. Mức đánh giá 2/5, sau vài set đầu.",1,0.0069
"Dumbbell Shrug hơi quá sức hoặc khó giữ kỹ thuật, tôi muốn replace exercise để tập ổn hơn. Lý do chính: Needs adjustment, Too hard. Mức đánh giá 1/5, trong nhịp tập tuần này.",1,0.0069
"Bài Dumbbell Hammer Curl làm buổi tập nặng hơn dự kiến; tôi muốn giảm độ khó hoặc đổi biến thể. Lý do chính: Needs adjustment, Too hard. Mức đánh giá 2/5, khi theo giáo án hiện tại.",1,0.0069
"Copenhagen Plank hơi quá sức hoặc khó giữ kỹ thuật, tôi muốn replace exercise để tập ổn hơn. Lý do chính: Needs adjustment, Too hard. Mức đánh giá 1/5, trong nhịp tập tuần này.",1,0.0069
"Tôi không hợp Copenhagen Adductor Drop lắm, cảm giác kiểm soát chưa tốt nên nên cân nhắc thay thế. Lý do chính: Needs adjustment, Too hard. Mức đánh giá 1/5, khi tập với mức hiện tại.",1,0.0069
"Push-Up hơi quá sức hoặc khó giữ kỹ thuật, tôi muốn replace exercise để tập ổn hơn. Lý do chính: Needs adjustment, Too hard. Mức đánh giá 2/5, sau vài set đầu.",1,0.0069
"Machine Shoulder Press hơi quá sức hoặc khó giữ kỹ thuật, tôi muốn replace exercise để tập ổn hơn. Lý do chính: Needs adjustment, Too hard. Mức đánh giá 1/5, ở lần ghi nhận gần đây.",1,0.0069
"Bài Smith Machine Upright Row làm buổi tập nặng hơn dự kiến; tôi muốn giảm độ khó hoặc đổi biến thể. Lý do chính: Needs adjustment, Too hard. Mức đánh giá 1/5, sau khi hoàn thành phần chính.",1,0.0069
"Bài Decline Push-Up làm buổi tập nặng hơn dự kiến; tôi muốn giảm độ khó hoặc đổi biến thể. Lý do chính: Needs adjustment, Too hard. Mức đánh giá 2/5, sau khi hoàn thành phần chính.",1,0.0069
"Smith Machine Shrug hơi quá sức hoặc khó giữ kỹ thuật, tôi muốn replace exercise để tập ổn hơn. Lý do chính: Needs adjustment, Too hard. Mức đánh giá 1/5, ở lần ghi nhận gần đây.",1,0.0069
"Smith Machine Squat hơi quá sức hoặc khó giữ kỹ thuật, tôi muốn replace exercise để tập ổn hơn. Lý do chính: Needs adjustment, Too hard. Mức đánh giá 1/5, ở lần ghi nhận gần đây.",1,0.0069
"Bài Single-Arm Smith Machine Row làm buổi tập nặng hơn dự kiến; tôi muốn giảm độ khó hoặc đổi biến thể. Lý do chính: Needs adjustment, Too hard. Mức đánh giá 2/5, sau khi hoàn thành phần chính.",1,0.0069
"Tôi không hợp Smith Machine Reverse Lunge lắm, cảm giác kiểm soát chưa tốt nên nên cân nhắc thay thế. Lý do chính: Needs adjustment, Too hard. Mức đánh giá 2/5, ở phần cuối buổi.",1,0.0069
"Tôi không hợp Push-Up lắm, cảm giác kiểm soát chưa tốt nên nên cân nhắc thay thế. Lý do chính: Needs adjustment, Too hard. Mức đánh giá 1/5, khi xét cảm giác phục hồi.",1,0.0069
"Machine Shoulder Press hơi quá sức hoặc khó giữ kỹ thuật, tôi muốn replace exercise để tập ổn hơn. Lý do chính: Needs adjustment, Too hard. Mức đánh giá 2/5, trong nhịp tập tuần này.",1,0.0069
"Bài Mountain Climbers làm buổi tập nặng hơn dự kiến; tôi muốn giảm độ khó hoặc đổi biến thể. Lý do chính: Needs adjustment, Too hard. Mức đánh giá 1/5, khi theo giáo án hiện tại.",1,0.0069
"Tôi không hợp Side-Lying Inner Thigh Raise lắm, cảm giác kiểm soát chưa tốt nên nên cân nhắc thay thế. Lý do chính: Needs adjustment, Too hard. Mức đánh giá 2/5, khi tập với mức hiện tại.",1,0.0069
"Tôi không hợp Donkey Kick lắm, cảm giác kiểm soát chưa tốt nên nên cân nhắc thay thế. Lý do chính: Needs adjustment, Too hard. Mức đánh giá 1/5, khi tập với mức hiện tại.",1,0.0069
"Bài Dead Bug làm buổi tập nặng hơn dự kiến; tôi muốn giảm độ khó hoặc đổi biến thể. Lý do chính: Needs adjustment, Too hard. Mức đánh giá 1/5, ở bối cảnh lịch tập này.",1,0.0069
"V-Up hơi quá sức hoặc khó giữ kỹ thuật, tôi muốn replace exercise để tập ổn hơn. Lý do chính: Needs adjustment, Too hard. Mức đánh giá 2/5, ở lần ghi nhận gần đây.",1,0.0069
"Tôi không hợp Mountain Climbers lắm, cảm giác kiểm soát chưa tốt nên nên cân nhắc thay thế. Lý do chính: Needs adjustment, Too hard. Mức đánh giá 1/5, ở phần cuối buổi.",1,0.0069
"Bài Reverse Crunch làm buổi tập nặng hơn dự kiến; tôi muốn giảm độ khó hoặc đổi biến thể. Lý do chính: Needs adjustment, Too hard. Mức đánh giá 1/5, khi theo giáo án hiện tại.",1,0.0069
"Tôi không hợp Bird Dog lắm, cảm giác kiểm soát chưa tốt nên nên cân nhắc thay thế. Lý do chính: Needs adjustment, Too hard. Mức đánh giá 1/5, khi tập với mức hiện tại.",1,0.0069
"Bài Side Plank làm buổi tập nặng hơn dự kiến; tôi muốn giảm độ khó hoặc đổi biến thể. Lý do chính: Needs adjustment, Too hard. Mức đánh giá 2/5, khi theo giáo án hiện tại.",1,0.0069
"Tôi không hợp Side Plank lắm, cảm giác kiểm soát chưa tốt nên nên cân nhắc thay thế. Lý do chính: Needs adjustment, Too hard. Mức đánh giá 1/5, khi xét cảm giác phục hồi.",1,0.0069
"Lying Leg Raise hơi quá sức hoặc khó giữ kỹ thuật, tôi muốn replace exercise để tập ổn hơn. Lý do chính: Needs adjustment, Too hard. Mức đánh giá 2/5, ở lần ghi nhận gần đây.",1,0.0069
"Tôi không hợp Donkey Kick lắm, cảm giác kiểm soát chưa tốt nên nên cân nhắc thay thế. Lý do chính: Needs adjustment, Too hard. Mức đánh giá 1/5, ở phần cuối buổi.",1,0.0069
"Tôi không hợp Lying Leg Raise lắm, cảm giác kiểm soát chưa tốt nên nên cân nhắc thay thế. Lý do chính: Needs adjustment, Too hard. Mức đánh giá 2/5, ở phần cuối buổi.",1,0.0069
"Bài Side-Lying Inner Thigh Raise làm buổi tập nặng hơn dự kiến; tôi muốn giảm độ khó hoặc đổi biến thể. Lý do chính: Needs adjustment, Too hard. Mức đánh giá 2/5, sau khi hoàn thành phần chính.",1,0.0069
"Bài Glute Bridge March làm buổi tập nặng hơn dự kiến; tôi muốn giảm độ khó hoặc đổi biến thể. Lý do chính: Needs adjustment, Too hard. Mức đánh giá 1/5, sau khi hoàn thành phần chính.",1,0.0069
"Glute Bridge hơi quá sức hoặc khó giữ kỹ thuật, tôi muốn replace exercise để tập ổn hơn. Lý do chính: Needs adjustment, Too hard. Mức đánh giá 2/5, ở lần ghi nhận gần đây.",1,0.0069
"Tôi không hợp Bicycle Crunch lắm, cảm giác kiểm soát chưa tốt nên nên cân nhắc thay thế. Lý do chính: Needs adjustment, Too hard. Mức đánh giá 1/5, trong buổi tập này.",1,0.0069
"Tôi không hợp Mountain Climbers lắm, cảm giác kiểm soát chưa tốt nên nên cân nhắc thay thế. Lý do chính: Needs adjustment, Too hard. Mức đánh giá 2/5, khi tập với mức hiện tại.",1,0.0069
"Bài Donkey Kick làm buổi tập nặng hơn dự kiến; tôi muốn giảm độ khó hoặc đổi biến thể. Lý do chính: Needs adjustment, Too hard. Mức đánh giá 2/5, khi theo giáo án hiện tại.",1,0.0069
"Tôi không hợp Lying Leg Raise lắm, cảm giác kiểm soát chưa tốt nên nên cân nhắc thay thế. Lý do chính: Needs adjustment, Too hard. Mức đánh giá 1/5, khi tập với mức hiện tại.",1,0.0069
"Bài Mountain Climbers làm buổi tập nặng hơn dự kiến; tôi muốn giảm độ khó hoặc đổi biến thể. Lý do chính: Needs adjustment, Too hard. Mức đánh giá 2/5, khi theo giáo án hiện tại.",1,0.0069
"Side Plank hơi quá sức hoặc khó giữ kỹ thuật, tôi muốn replace exercise để tập ổn hơn. Lý do chính: Needs adjustment, Too hard. Mức đánh giá 2/5, ở lần ghi nhận gần đây.",1,0.0069
"Bài EZ-Bar Preacher Curl làm buổi tập nặng hơn dự kiến; tôi muốn giảm độ khó hoặc đổi biến thể. Lý do chính: Needs adjustment, Too hard. Mức đánh giá 2/5, sau khi hoàn thành phần chính.",1,0.0069
"EZ-Bar Preacher Curl hơi quá sức hoặc khó giữ kỹ thuật, tôi muốn replace exercise để tập ổn hơn. Lý do chính: Needs adjustment, Too hard. Mức đánh giá 1/5, ở lần ghi nhận gần đây.",1,0.0069
"Chin-Up hơi quá sức hoặc khó giữ kỹ thuật, tôi muốn replace exercise để tập ổn hơn. Lý do chính: Needs adjustment, Too hard. Mức đánh giá 1/5, trong nhịp tập tuần này.",1,0.0069
"Hanging Windshield Wiper hơi quá sức hoặc khó giữ kỹ thuật, tôi muốn replace exercise để tập ổn hơn. Lý do chính: Needs adjustment, Too hard. Mức đánh giá 2/5, trong nhịp tập tuần này.",1,0.0069
"Hanging Leg Raise hơi quá sức hoặc khó giữ kỹ thuật, tôi muốn replace exercise để tập ổn hơn. Lý do chính: Needs adjustment, Too hard. Mức đánh giá 2/5, trong nhịp tập tuần này.",1,0.0069
"Pistol Squat hơi quá sức hoặc khó giữ kỹ thuật, tôi muốn replace exercise để tập ổn hơn. Lý do chính: Needs adjustment, Too hard. Mức đánh giá 1/5, trong nhịp tập tuần này.",1,0.0069
"Bài Single-Leg Glute Bridge làm buổi tập nặng hơn dự kiến; tôi muốn giảm độ khó hoặc đổi biến thể. Lý do chính: Needs adjustment, Too hard. Mức đánh giá 1/5, khi theo giáo án hiện tại.",1,0.0069
"Bài Crab Walk làm buổi tập nặng hơn dự kiến; tôi muốn giảm độ khó hoặc đổi biến thể. Lý do chính: Needs adjustment, Too hard. Mức đánh giá 1/5, sau khi hoàn thành phần chính.",1,0.0069
"Tôi không hợp Close-Grip Push-Up lắm, cảm giác kiểm soát chưa tốt nên nên cân nhắc thay thế. Lý do chính: Needs adjustment, Too hard. Mức đánh giá 1/5, ở phần cuối buổi.",1,0.0069
"Bài Hanging Leg Raise làm buổi tập nặng hơn dự kiến; tôi muốn giảm độ khó hoặc đổi biến thể. Lý do chính: Needs adjustment, Too hard. Mức đánh giá 1/5, sau khi hoàn thành phần chính.",1,0.0069
"Tôi không hợp Plank lắm, cảm giác kiểm soát chưa tốt nên nên cân nhắc thay thế. Lý do chính: Needs adjustment, Too hard. Mức đánh giá 1/5, ở phần cuối buổi.",1,0.0069
"Bài Close-Grip Push-Up làm buổi tập nặng hơn dự kiến; tôi muốn giảm độ khó hoặc đổi biến thể. Lý do chính: Needs adjustment, Too hard. Mức đánh giá 2/5, sau khi hoàn thành phần chính.",1,0.0069
"Tôi không hợp Crab Walk lắm, cảm giác kiểm soát chưa tốt nên nên cân nhắc thay thế. Lý do chính: Needs adjustment, Too hard. Mức đánh giá 1/5, trong buổi tập này.",1,0.0069
"Bài Hanging Leg Raise làm buổi tập nặng hơn dự kiến; tôi muốn giảm độ khó hoặc đổi biến thể. Lý do chính: Needs adjustment, Too hard. Mức đánh giá 2/5, khi theo giáo án hiện tại.",1,0.0069
"Tôi không hợp Machine Bicep Curl lắm, cảm giác kiểm soát chưa tốt nên nên cân nhắc thay thế. Lý do chính: Needs adjustment, Too hard. Mức đánh giá 2/5, khi tập với mức hiện tại.",1,0.0069
"Bài Band Resisted Push-Up làm buổi tập nặng hơn dự kiến; tôi muốn giảm độ khó hoặc đổi biến thể. Lý do chính: Needs adjustment, Too hard. Mức đánh giá 2/5, khi theo giáo án hiện tại.",1,0.0069
"Tôi không hợp Banded Good Morning lắm, cảm giác kiểm soát chưa tốt nên nên cân nhắc thay thế. Lý do chính: Needs adjustment, Too hard. Mức đánh giá 1/5, khi tập với mức hiện tại.",1,0.0069
"Lateral Band Walk hơi quá sức hoặc khó giữ kỹ thuật, tôi muốn replace exercise để tập ổn hơn. Lý do chính: Needs adjustment, Too hard. Mức đánh giá 1/5, trong lần đánh giá hôm nay.",1,0.0069
"Tôi không hợp Band Resisted Push-Up lắm, cảm giác kiểm soát chưa tốt nên nên cân nhắc thay thế. Lý do chính: Needs adjustment, Too hard. Mức đánh giá 2/5, ở phần cuối buổi.",1,0.0069
"Banded Good Morning hơi quá sức hoặc khó giữ kỹ thuật, tôi muốn replace exercise để tập ổn hơn. Lý do chính: Needs adjustment, Too hard. Mức đánh giá 1/5, ở lần ghi nhận gần đây.",1,0.0069
"Tôi không hợp Glute Bridge March lắm, cảm giác kiểm soát chưa tốt nên nên cân nhắc thay thế. Lý do chính: Needs adjustment, Too hard. Mức đánh giá 1/5, ở phần cuối buổi.",1,0.0069
"Tôi không hợp Machine Incline Chest Press lắm, cảm giác kiểm soát chưa tốt nên nên cân nhắc thay thế. Lý do chính: Needs adjustment, Too hard. Mức đánh giá 2/5, ở phần cuối buổi.",1,0.0069
"Bài Single-Leg Glute Bridge làm buổi tập nặng hơn dự kiến; tôi muốn giảm độ khó hoặc đổi biến thể. Lý do chính: Needs adjustment, Too hard. Mức đánh giá 1/5, sau khi hoàn thành phần chính.",1,0.0069
"Tôi không hợp Lying Leg Raise lắm, cảm giác kiểm soát chưa tốt nên nên cân nhắc thay thế. Lý do chính: Needs adjustment, Too hard. Mức đánh giá 2/5, trong buổi tập này.",1,0.0069
"Machine Hip Abductor hơi quá sức hoặc khó giữ kỹ thuật, tôi muốn replace exercise để tập ổn hơn. Lý do chính: Needs adjustment, Too hard. Mức đánh giá 2/5, trong nhịp tập tuần này.",1,0.0069
"Tibialis Raise hơi quá sức hoặc khó giữ kỹ thuật, tôi muốn replace exercise để tập ổn hơn. Lý do chính: Needs adjustment, Too hard. Mức đánh giá 1/5, trong nhịp tập tuần này.",1,0.0069
"Ab Crunch Machine hơi quá sức hoặc khó giữ kỹ thuật, tôi muốn replace exercise để tập ổn hơn. Lý do chính: Needs adjustment, Too hard. Mức đánh giá 2/5, trong nhịp tập tuần này.",1,0.0069
"Banded Good Morning hơi quá sức hoặc khó giữ kỹ thuật, tôi muốn replace exercise để tập ổn hơn. Lý do chính: Needs adjustment, Too hard. Mức đánh giá 1/5, trong nhịp tập tuần này.",1,0.0069
"Machine Hip Thrust hơi quá sức hoặc khó giữ kỹ thuật, tôi muốn replace exercise để tập ổn hơn. Lý do chính: Needs adjustment, Too hard. Mức đánh giá 2/5, trong nhịp tập tuần này.",1,0.0069
"Bài Seated Dumbbell Curl làm buổi tập nặng hơn dự kiến; tôi muốn giảm độ khó hoặc đổi biến thể. Lý do chính: Needs adjustment, Too hard. Mức đánh giá 2/5, khi theo giáo án hiện tại.",1,0.0069
"Bài Dumbbell Shrug làm buổi tập nặng hơn dự kiến; tôi muốn giảm độ khó hoặc đổi biến thể. Lý do chính: Needs adjustment, Too hard. Mức đánh giá 1/5, khi theo giáo án hiện tại.",1,0.0069
"Tôi không hợp Dumbbell Pullover lắm, cảm giác kiểm soát chưa tốt nên nên cân nhắc thay thế. Lý do chính: Needs adjustment, Too hard. Mức đánh giá 2/5, khi tập với mức hiện tại.",1,0.0069
"Bài Dumbbell Hammer Curl làm buổi tập nặng hơn dự kiến; tôi muốn giảm độ khó hoặc đổi biến thể. Lý do chính: Needs adjustment, Too hard. Mức đánh giá 1/5, khi theo giáo án hiện tại.",1,0.0069
"Bài Dumbbell Concentration Curl làm buổi tập nặng hơn dự kiến; tôi muốn giảm độ khó hoặc đổi biến thể. Lý do chính: Needs adjustment, Too hard. Mức đánh giá 1/5, khi so với khả năng hiện tại.",1,0.0069
"Tôi không hợp One-Arm Dumbbell Row lắm, cảm giác kiểm soát chưa tốt nên nên cân nhắc thay thế. Lý do chính: Needs adjustment, Too hard. Mức đánh giá 1/5, ở phần cuối buổi.",1,0.0069
"Donkey Kick hơi quá sức hoặc khó giữ kỹ thuật, tôi muốn replace exercise để tập ổn hơn. Lý do chính: Needs adjustment, Too hard. Mức đánh giá 2/5, ở lần ghi nhận gần đây.",1,0.0069
"Bài V-Up làm buổi tập nặng hơn dự kiến; tôi muốn giảm độ khó hoặc đổi biến thể. Lý do chính: Needs adjustment, Too hard. Mức đánh giá 2/5, sau khi hoàn thành phần chính.",1,0.0069
"Single-Leg Glute Bridge hơi quá sức hoặc khó giữ kỹ thuật, tôi muốn replace exercise để tập ổn hơn. Lý do chính: Needs adjustment, Too hard. Mức đánh giá 1/5, ở lần ghi nhận gần đây.",1,0.0069
"Bài Single-Arm Smith Machine Row làm buổi tập nặng hơn dự kiến; tôi muốn giảm độ khó hoặc đổi biến thể. Lý do chính: Needs adjustment, Too hard. Mức đánh giá 1/5, khi so với khả năng hiện tại.",1,0.0069
"Tôi không hợp Smith Machine Reverse Lunge lắm, cảm giác kiểm soát chưa tốt nên nên cân nhắc thay thế. Lý do chính: Needs adjustment, Too hard. Mức đánh giá 2/5, khi tập với mức hiện tại.",1,0.0069
"Tôi không hợp Cross-Body Cable Triceps Extension lắm, cảm giác kiểm soát chưa tốt nên nên cân nhắc thay thế. Lý do chính: Needs adjustment, Too hard. Mức đánh giá 1/5, khi tập với mức hiện tại.",1,0.0069
"Tôi không hợp Cable Kickback lắm, cảm giác kiểm soát chưa tốt nên nên cân nhắc thay thế. Lý do chính: Needs adjustment, Too hard. Mức đánh giá 2/5, khi tập với mức hiện tại.",1,0.0069
"Machine Pullover hơi quá sức hoặc khó giữ kỹ thuật, tôi muốn replace exercise để tập ổn hơn. Lý do chính: Needs adjustment, Too hard. Mức đánh giá 1/5, trong nhịp tập tuần này.",1,0.0069
"Tôi không hợp Glute-Ham Raise lắm, cảm giác kiểm soát chưa tốt nên nên cân nhắc thay thế. Lý do chính: Needs adjustment, Too hard. Mức đánh giá 2/5, khi tập với mức hiện tại.",1,0.0069
"Tôi không hợp Machine Assisted Dip lắm, cảm giác kiểm soát chưa tốt nên nên cân nhắc thay thế. Lý do chính: Needs adjustment, Too hard. Mức đánh giá 2/5, khi tập với mức hiện tại.",1,0.0069
"Standing Ab Wheel Rollout hơi quá sức hoặc khó giữ kỹ thuật, tôi muốn replace exercise để tập ổn hơn. Lý do chính: Needs adjustment, Too hard. Mức đánh giá 2/5, trong nhịp tập tuần này.",1,0.0069
"Cross-Body Cable Triceps Extension hơi quá sức hoặc khó giữ kỹ thuật, tôi muốn replace exercise để tập ổn hơn. Lý do chính: Needs adjustment, Too hard. Mức đánh giá 2/5, trong nhịp tập tuần này.",1,0.0069
"Bài Machine Assisted Dip làm buổi tập nặng hơn dự kiến; tôi muốn giảm độ khó hoặc đổi biến thể. Lý do chính: Needs adjustment, Too hard. Mức đánh giá 2/5, khi theo giáo án hiện tại.",1,0.0069
"Tôi không hợp Smith Machine Shrug lắm, cảm giác kiểm soát chưa tốt nên nên cân nhắc thay thế. Lý do chính: Needs adjustment, Too hard. Mức đánh giá 2/5, khi xét cảm giác phục hồi.",1,0.0069
"Bài Machine Assisted Dip làm buổi tập nặng hơn dự kiến; tôi muốn giảm độ khó hoặc đổi biến thể. Lý do chính: Needs adjustment, Too hard. Mức đánh giá 1/5, sau khi hoàn thành phần chính.",1,0.0069
"Tôi không hợp Smith Machine Shrug lắm, cảm giác kiểm soát chưa tốt nên nên cân nhắc thay thế. Lý do chính: Needs adjustment, Too hard. Mức đánh giá 1/5, ở phần cuối buổi.",1,0.0069
"Tôi không hợp Cable Kickback lắm, cảm giác kiểm soát chưa tốt nên nên cân nhắc thay thế. Lý do chính: Needs adjustment, Too hard. Mức đánh giá 2/5, ở phần cuối buổi.",1,0.0069
"Machine Pullover hơi quá sức hoặc khó giữ kỹ thuật, tôi muốn replace exercise để tập ổn hơn. Lý do chính: Needs adjustment, Too hard. Mức đánh giá 1/5, ở lần ghi nhận gần đây.",1,0.0069
"Smith Machine Shrug hơi quá sức hoặc khó giữ kỹ thuật, tôi muốn replace exercise để tập ổn hơn. Lý do chính: Needs adjustment, Too hard. Mức đánh giá 2/5, sau vài set đầu.",1,0.0069
"Cross-Body Cable Triceps Extension hơi quá sức hoặc khó giữ kỹ thuật, tôi muốn replace exercise để tập ổn hơn. Lý do chính: Needs adjustment, Too hard. Mức đánh giá 1/5, trong nhịp tập tuần này.",1,0.0069
"Tôi không hợp Glute-Ham Raise lắm, cảm giác kiểm soát chưa tốt nên nên cân nhắc thay thế. Lý do chính: Needs adjustment, Too hard. Mức đánh giá 1/5, khi tập với mức hiện tại.",1,0.0069
"Tôi không hợp Smith Machine Reverse Lunge lắm, cảm giác kiểm soát chưa tốt nên nên cân nhắc thay thế. Lý do chính: Needs adjustment, Too hard. Mức đánh giá 1/5, khi tập với mức hiện tại.",1,0.0069
"Bài Machine Pullover làm buổi tập nặng hơn dự kiến; tôi muốn giảm độ khó hoặc đổi biến thể. Lý do chính: Needs adjustment, Too hard. Mức đánh giá 2/5, khi theo giáo án hiện tại.",1,0.0069
"Tôi không hợp Machine Assisted Dip lắm, cảm giác kiểm soát chưa tốt nên nên cân nhắc thay thế. Lý do chính: Needs adjustment, Too hard. Mức đánh giá 1/5, ở phần cuối buổi.",1,0.0069
"Bài Machine Pullover làm buổi tập nặng hơn dự kiến; tôi muốn giảm độ khó hoặc đổi biến thể. Lý do chính: Needs adjustment, Too hard. Mức đánh giá 1/5, sau khi hoàn thành phần chính.",1,0.0069
"Bài Smith Machine Shrug làm buổi tập nặng hơn dự kiến; tôi muốn giảm độ khó hoặc đổi biến thể. Lý do chính: Needs adjustment, Too hard. Mức đánh giá 2/5, sau khi hoàn thành phần chính.",1,0.0069
"Glute-Ham Raise hơi quá sức hoặc khó giữ kỹ thuật, tôi muốn replace exercise để tập ổn hơn. Lý do chính: Needs adjustment, Too hard. Mức đánh giá 1/5, ở lần ghi nhận gần đây.",1,0.0069
"Machine Assisted Dip hơi quá sức hoặc khó giữ kỹ thuật, tôi muốn replace exercise để tập ổn hơn. Lý do chính: Needs adjustment, Too hard. Mức đánh giá 2/5, ở lần ghi nhận gần đây.",1,0.0069
"Tôi không hợp Smith Machine Squat lắm, cảm giác kiểm soát chưa tốt nên nên cân nhắc thay thế. Lý do chính: Needs adjustment, Too hard. Mức đánh giá 2/5, ở phần cuối buổi.",1,0.0069
"Single-Arm Smith Machine Row hơi quá sức hoặc khó giữ kỹ thuật, tôi muốn replace exercise để tập ổn hơn. Lý do chính: Needs adjustment, Too hard. Mức đánh giá 1/5, ở lần ghi nhận gần đây.",1,0.0069
"Bài Pistol Squat làm buổi tập nặng hơn dự kiến; tôi muốn giảm độ khó hoặc đổi biến thể. Lý do chính: Needs adjustment, Too hard. Mức đánh giá 2/5, khi theo giáo án hiện tại.",1,0.0069
"Bài Machine Pullover làm buổi tập nặng hơn dự kiến; tôi muốn giảm độ khó hoặc đổi biến thể. Lý do chính: Needs adjustment, Too hard. Mức đánh giá 1/5, khi theo giáo án hiện tại.",1,0.0069
"Bài Smith Machine Shrug làm buổi tập nặng hơn dự kiến; tôi muốn giảm độ khó hoặc đổi biến thể. Lý do chính: Needs adjustment, Too hard. Mức đánh giá 2/5, khi theo giáo án hiện tại.",1,0.0069
"Bài Glute-Ham Raise làm buổi tập nặng hơn dự kiến; tôi muốn giảm độ khó hoặc đổi biến thể. Lý do chính: Needs adjustment, Too hard. Mức đánh giá 1/5, khi theo giáo án hiện tại.",1,0.0069
"Bài Single-Arm Smith Machine Row làm buổi tập nặng hơn dự kiến; tôi muốn giảm độ khó hoặc đổi biến thể. Lý do chính: Needs adjustment, Too hard. Mức đánh giá 1/5, khi theo giáo án hiện tại.",1,0.0069
"Smith Machine Reverse Lunge hơi quá sức hoặc khó giữ kỹ thuật, tôi muốn replace exercise để tập ổn hơn. Lý do chính: Needs adjustment, Too hard. Mức đánh giá 2/5, trong nhịp tập tuần này.",1,0.0069
"Side Plank hơi quá sức hoặc khó giữ kỹ thuật, tôi muốn replace exercise để tập ổn hơn. Lý do chính: Needs adjustment, Too hard. Mức đánh giá 2/5, sau vài set đầu.",1,0.0069
"Bài Dead Bug làm buổi tập nặng hơn dự kiến; tôi muốn giảm độ khó hoặc đổi biến thể. Lý do chính: Needs adjustment, Too hard. Mức đánh giá 2/5, sau khi hoàn thành phần chính.",1,0.0069
"Tôi không hợp Bicycle Crunch lắm, cảm giác kiểm soát chưa tốt nên nên cân nhắc thay thế. Lý do chính: Needs adjustment, Too hard. Mức đánh giá 2/5, ở phần cuối buổi.",1,0.0069
"Bài Pike Push-Up làm buổi tập nặng hơn dự kiến; tôi muốn giảm độ khó hoặc đổi biến thể. Lý do chính: Needs adjustment, Too hard. Mức đánh giá 1/5, sau khi hoàn thành phần chính.",1,0.0069
"Tôi không hợp Push-Up lắm, cảm giác kiểm soát chưa tốt nên nên cân nhắc thay thế. Lý do chính: Needs adjustment, Too hard. Mức đánh giá 2/5, khi xét cảm giác phục hồi.",1,0.0069
"Tôi không hợp Glute Bridge March lắm, cảm giác kiểm soát chưa tốt nên nên cân nhắc thay thế. Lý do chính: Needs adjustment, Too hard. Mức đánh giá 2/5, khi tập với mức hiện tại.",1,0.0069
"Bird Dog hơi quá sức hoặc khó giữ kỹ thuật, tôi muốn replace exercise để tập ổn hơn. Lý do chính: Needs adjustment, Too hard. Mức đánh giá 1/5, trong nhịp tập tuần này.",1,0.0069
"Tôi không hợp Mountain Climbers lắm, cảm giác kiểm soát chưa tốt nên nên cân nhắc thay thế. Lý do chính: Needs adjustment, Too hard. Mức đánh giá 1/5, khi xét cảm giác phục hồi.",1,0.0069
"Tôi không hợp Sissy Squat lắm, cảm giác kiểm soát chưa tốt nên nên cân nhắc thay thế. Lý do chính: Needs adjustment, Too hard. Mức đánh giá 2/5, ở phần cuối buổi.",1,0.0069
"Reverse Pec Deck Fly hơi quá sức hoặc khó giữ kỹ thuật, tôi muốn replace exercise để tập ổn hơn. Lý do chính: Needs adjustment, Too hard. Mức đánh giá 1/5, ở lần ghi nhận gần đây.",1,0.0069
"Tôi không hợp Dumbbell Romanian Deadlift lắm, cảm giác kiểm soát chưa tốt nên nên cân nhắc thay thế. Lý do chính: Needs adjustment, Too hard. Mức đánh giá 2/5, ở phần cuối buổi.",1,0.0069
"Crab Walk hơi quá sức hoặc khó giữ kỹ thuật, tôi muốn replace exercise để tập ổn hơn. Lý do chính: Needs adjustment, Too hard. Mức đánh giá 1/5, ở lần ghi nhận gần đây.",1,0.0069
"Machine Bicep Curl hơi quá sức hoặc khó giữ kỹ thuật, tôi muốn replace exercise để tập ổn hơn. Lý do chính: Needs adjustment, Too hard. Mức đánh giá 1/5, ở lần ghi nhận gần đây.",1,0.0069
"Tôi không hợp Reverse Pec Deck Fly lắm, cảm giác kiểm soát chưa tốt nên nên cân nhắc thay thế. Lý do chính: Needs adjustment, Too hard. Mức đánh giá 2/5, ở phần cuối buổi.",1,0.0069
"Machine Pec Deck Fly hơi quá sức hoặc khó giữ kỹ thuật, tôi muốn replace exercise để tập ổn hơn. Lý do chính: Needs adjustment, Too hard. Mức đánh giá 2/5, sau vài set đầu.",1,0.0069
"Bài Dumbbell Front Raise làm buổi tập nặng hơn dự kiến; tôi muốn giảm độ khó hoặc đổi biến thể. Lý do chính: Needs adjustment, Too hard. Mức đánh giá 1/5, khi theo giáo án hiện tại.",1,0.0069
"Bài Cable Kickback làm buổi tập nặng hơn dự kiến; tôi muốn giảm độ khó hoặc đổi biến thể. Lý do chính: Needs adjustment, Too hard. Mức đánh giá 2/5, khi theo giáo án hiện tại.",1,0.0069
"Bài Reverse Pec Deck Fly làm buổi tập nặng hơn dự kiến; tôi muốn giảm độ khó hoặc đổi biến thể. Lý do chính: Needs adjustment, Too hard. Mức đánh giá 2/5, khi theo giáo án hiện tại.",1,0.0069
"Tôi không hợp Dumbbell Shrug lắm, cảm giác kiểm soát chưa tốt nên nên cân nhắc thay thế. Lý do chính: Needs adjustment, Too hard. Mức đánh giá 1/5, khi tập với mức hiện tại.",1,0.0069
"EZ-Bar Preacher Curl hơi quá sức hoặc khó giữ kỹ thuật, tôi muốn replace exercise để tập ổn hơn. Lý do chính: Needs adjustment, Too hard. Mức đánh giá 1/5, trong nhịp tập tuần này.",1,0.0069
"Bài Machine Assisted Pull-Up làm buổi tập nặng hơn dự kiến; tôi muốn giảm độ khó hoặc đổi biến thể. Lý do chính: Needs adjustment, Too hard. Mức đánh giá 2/5, khi theo giáo án hiện tại.",1,0.0069
"Tôi không hợp Lying Leg Raise lắm, cảm giác kiểm soát chưa tốt nên nên cân nhắc thay thế. Lý do chính: Needs adjustment, Too hard. Mức đánh giá 1/5, khi xét cảm giác phục hồi.",1,0.0069
"Bài Bird Dog làm buổi tập nặng hơn dự kiến; tôi muốn giảm độ khó hoặc đổi biến thể. Lý do chính: Needs adjustment, Too hard. Mức đánh giá 2/5, sau khi hoàn thành phần chính.",1,0.0069
"Bài Dumbbell Shrug làm buổi tập nặng hơn dự kiến; tôi muốn giảm độ khó hoặc đổi biến thể. Lý do chính: Needs adjustment, Too hard. Mức đánh giá 2/5, sau khi hoàn thành phần chính.",1,0.0069
"Machine Shrug hơi quá sức hoặc khó giữ kỹ thuật, tôi muốn replace exercise để tập ổn hơn. Lý do chính: Needs adjustment, Too hard. Mức đánh giá 2/5, ở lần ghi nhận gần đây.",1,0.0069
"Bài Renegade Row làm buổi tập nặng hơn dự kiến; tôi muốn giảm độ khó hoặc đổi biến thể. Lý do chính: Needs adjustment, Too hard. Mức đánh giá 2/5, sau khi hoàn thành phần chính.",1,0.0069
"Tôi không hợp Side-Lying Inner Thigh Raise lắm, cảm giác kiểm soát chưa tốt nên nên cân nhắc thay thế. Lý do chính: Needs adjustment, Too hard. Mức đánh giá 1/5, ở phần cuối buổi.",1,0.0069
"Bài Wall Slide làm buổi tập nặng hơn dự kiến; tôi muốn giảm độ khó hoặc đổi biến thể. Lý do chính: Needs adjustment, Too hard. Mức đánh giá 2/5, sau khi hoàn thành phần chính.",1,0.0069
"Bài Donkey Kick làm buổi tập nặng hơn dự kiến; tôi muốn giảm độ khó hoặc đổi biến thể. Lý do chính: Needs adjustment, Too hard. Mức đánh giá 1/5, sau khi hoàn thành phần chính.",1,0.0069
"Reverse Crunch hơi quá sức hoặc khó giữ kỹ thuật, tôi muốn replace exercise để tập ổn hơn. Lý do chính: Needs adjustment, Too hard. Mức đánh giá 1/5, ở lần ghi nhận gần đây.",1,0.0069
"Wall Slide hơi quá sức hoặc khó giữ kỹ thuật, tôi muốn replace exercise để tập ổn hơn. Lý do chính: Needs adjustment, Too hard. Mức đánh giá 2/5, ở lần ghi nhận gần đây.",1,0.0069
"Seated Leg Curl hơi quá sức hoặc khó giữ kỹ thuật, tôi muốn replace exercise để tập ổn hơn. Lý do chính: Needs adjustment, Too hard. Mức đánh giá 2/5, ở lần ghi nhận gần đây.",1,0.0069
"Tôi không hợp Cable Kickback lắm, cảm giác kiểm soát chưa tốt nên nên cân nhắc thay thế. Lý do chính: Needs adjustment, Too hard. Mức đánh giá 1/5, ở phần cuối buổi.",1,0.0069
"Cable Glute Kickback hơi quá sức hoặc khó giữ kỹ thuật, tôi muốn replace exercise để tập ổn hơn. Lý do chính: Needs adjustment, Too hard. Mức đánh giá 2/5, trong lần đánh giá hôm nay.",1,0.0069
"Plate Pinch Hold hơi quá sức hoặc khó giữ kỹ thuật, tôi muốn replace exercise để tập ổn hơn. Lý do chính: Needs adjustment, Too hard. Mức đánh giá 1/5, trong nhịp tập tuần này.",1,0.0069
"Wall Sit hơi quá sức hoặc khó giữ kỹ thuật, tôi muốn replace exercise để tập ổn hơn. Lý do chính: Needs adjustment, Too hard. Mức đánh giá 2/5, trong nhịp tập tuần này.",1,0.0069
"Tôi không hợp Dead Bug lắm, cảm giác kiểm soát chưa tốt nên nên cân nhắc thay thế. Lý do chính: Needs adjustment, Too hard. Mức đánh giá 2/5, khi tập với mức hiện tại.",1,0.0069
"Tôi không hợp Crab Walk lắm, cảm giác kiểm soát chưa tốt nên nên cân nhắc thay thế. Lý do chính: Needs adjustment, Too hard. Mức đánh giá 2/5, khi tập với mức hiện tại.",1,0.0069
"Tôi không hợp Reverse Crunch lắm, cảm giác kiểm soát chưa tốt nên nên cân nhắc thay thế. Lý do chính: Needs adjustment, Too hard. Mức đánh giá 1/5, trong buổi tập này.",1,0.0069
"Bài Plank làm buổi tập nặng hơn dự kiến; tôi muốn giảm độ khó hoặc đổi biến thể. Lý do chính: Needs adjustment, Too hard. Mức đánh giá 1/5, sau khi hoàn thành phần chính.",1,0.0069
"Bài Bicycle Crunch làm buổi tập nặng hơn dự kiến; tôi muốn giảm độ khó hoặc đổi biến thể. Lý do chính: Needs adjustment, Too hard. Mức đánh giá 2/5, sau khi hoàn thành phần chính.",1,0.0069
"Cossack Squat hơi quá sức hoặc khó giữ kỹ thuật, tôi muốn replace exercise để tập ổn hơn. Lý do chính: Needs adjustment, Too hard. Mức đánh giá 1/5, ở lần ghi nhận gần đây.",1,0.0069
"Tôi không hợp Reverse Nordic Curl lắm, cảm giác kiểm soát chưa tốt nên nên cân nhắc thay thế. Lý do chính: Needs adjustment, Too hard. Mức đánh giá 1/5, ở phần cuối buổi.",1,0.0069
"Bài Donkey Kick làm buổi tập nặng hơn dự kiến; tôi muốn giảm độ khó hoặc đổi biến thể. Lý do chính: Needs adjustment, Too hard. Mức đánh giá 1/5, khi so với khả năng hiện tại.",1,0.0069
"Tôi không hợp Donkey Calf Raise lắm, cảm giác kiểm soát chưa tốt nên nên cân nhắc thay thế. Lý do chính: Needs adjustment, Too hard. Mức đánh giá 1/5, khi tập với mức hiện tại.",1,0.0069
"Donkey Calf Raise hơi quá sức hoặc khó giữ kỹ thuật, tôi muốn replace exercise để tập ổn hơn. Lý do chính: Needs adjustment, Too hard. Mức đánh giá 1/5, trong nhịp tập tuần này.",1,0.0069
"Tôi không hợp Banded Good Morning lắm, cảm giác kiểm soát chưa tốt nên nên cân nhắc thay thế. Lý do chính: Needs adjustment, Too hard. Mức đánh giá 2/5, khi tập với mức hiện tại.",1,0.0069
"Bài Lateral Band Walk làm buổi tập nặng hơn dự kiến; tôi muốn giảm độ khó hoặc đổi biến thể. Lý do chính: Needs adjustment, Too hard. Mức đánh giá 1/5, khi theo giáo án hiện tại.",1,0.0069
"Bài Donkey Calf Raise làm buổi tập nặng hơn dự kiến; tôi muốn giảm độ khó hoặc đổi biến thể. Lý do chính: Needs adjustment, Too hard. Mức đánh giá 1/5, khi so với khả năng hiện tại.",1,0.0069
"Reverse Hack Squat hơi quá sức hoặc khó giữ kỹ thuật, tôi muốn replace exercise để tập ổn hơn. Lý do chính: Needs adjustment, Too hard. Mức đánh giá 2/5, ở lần ghi nhận gần đây.",1,0.0069
"Standing Ab Wheel Rollout hơi quá sức hoặc khó giữ kỹ thuật, tôi muốn replace exercise để tập ổn hơn. Lý do chính: Needs adjustment, Too hard. Mức đánh giá 1/5, ở lần ghi nhận gần đây.",1,0.0069
"Bài Hack Squat làm buổi tập nặng hơn dự kiến; tôi muốn giảm độ khó hoặc đổi biến thể. Lý do chính: Needs adjustment, Too hard. Mức đánh giá 1/5, sau khi hoàn thành phần chính.",1,0.0069
"Tôi không hợp Band Resisted Push-Up lắm, cảm giác kiểm soát chưa tốt nên nên cân nhắc thay thế. Lý do chính: Needs adjustment, Too hard. Mức đánh giá 1/5, ở phần cuối buổi.",1,0.0069
"Bài Band Resisted Push-Up làm buổi tập nặng hơn dự kiến; tôi muốn giảm độ khó hoặc đổi biến thể. Lý do chính: Needs adjustment, Too hard. Mức đánh giá 1/5, sau khi hoàn thành phần chính.",1,0.0069
"Banded Good Morning hơi quá sức hoặc khó giữ kỹ thuật, tôi muốn replace exercise để tập ổn hơn. Lý do chính: Needs adjustment, Too hard. Mức đánh giá 2/5, trong lần đánh giá hôm nay.",1,0.0069
"Tôi không hợp Donkey Calf Raise lắm, cảm giác kiểm soát chưa tốt nên nên cân nhắc thay thế. Lý do chính: Needs adjustment, Too hard. Mức đánh giá 2/5, khi tập với mức hiện tại.",1,0.0069
"Bài Banded Good Morning làm buổi tập nặng hơn dự kiến; tôi muốn giảm độ khó hoặc đổi biến thể. Lý do chính: Needs adjustment, Too hard. Mức đánh giá 2/5, khi theo giáo án hiện tại.",1,0.0069
"Tôi không hợp Medicine Ball Slam lắm, cảm giác kiểm soát chưa tốt nên nên cân nhắc thay thế. Lý do chính: Needs adjustment, Too hard. Mức đánh giá 2/5, khi tập với mức hiện tại.",1,0.0069
"Medicine Ball Woodchop hơi quá sức hoặc khó giữ kỹ thuật, tôi muốn replace exercise để tập ổn hơn. Lý do chính: Needs adjustment, Too hard. Mức đánh giá 1/5, trong nhịp tập tuần này.",1,0.0069
"Bài Medicine Ball Slam làm buổi tập nặng hơn dự kiến; tôi muốn giảm độ khó hoặc đổi biến thể. Lý do chính: Needs adjustment, Too hard. Mức đánh giá 1/5, khi theo giáo án hiện tại.",1,0.0069
"Bài Medicine Ball Woodchop làm buổi tập nặng hơn dự kiến; tôi muốn giảm độ khó hoặc đổi biến thể. Lý do chính: Needs adjustment, Too hard. Mức đánh giá 2/5, khi so với khả năng hiện tại.",1,0.0069
"Tôi không hợp Dumbbell Hammer Curl lắm, cảm giác kiểm soát chưa tốt nên nên cân nhắc thay thế. Lý do chính: Needs adjustment, Too hard. Mức đánh giá 1/5, ở phần cuối buổi.",1,0.0069
"Dumbbell Shrug hơi quá sức hoặc khó giữ kỹ thuật, tôi muốn replace exercise để tập ổn hơn. Lý do chính: Needs adjustment, Too hard. Mức đánh giá 2/5, ở lần ghi nhận gần đây.",1,0.0069
"Zottman Curl hơi quá sức hoặc khó giữ kỹ thuật, tôi muốn replace exercise để tập ổn hơn. Lý do chính: Needs adjustment, Too hard. Mức đánh giá 2/5, ở lần ghi nhận gần đây.",1,0.0069
"Bài Lying Dumbbell Leg Curl làm buổi tập nặng hơn dự kiến; tôi muốn giảm độ khó hoặc đổi biến thể. Lý do chính: Needs adjustment, Too hard. Mức đánh giá 1/5, sau khi hoàn thành phần chính.",1,0.0069
"Tôi không hợp Dumbbell Walking Lunge lắm, cảm giác kiểm soát chưa tốt nên nên cân nhắc thay thế. Lý do chính: Needs adjustment, Too hard. Mức đánh giá 2/5, ở phần cuối buổi.",1,0.0069
"Tôi không hợp Dumbbell Front Squat lắm, cảm giác kiểm soát chưa tốt nên nên cân nhắc thay thế. Lý do chính: Needs adjustment, Too hard. Mức đánh giá 1/5, ở phần cuối buổi.",1,0.0069
"Tôi không hợp Alternating Dumbbell Walking Lunge lắm, cảm giác kiểm soát chưa tốt nên nên cân nhắc thay thế. Lý do chính: Needs adjustment, Too hard. Mức đánh giá 2/5, ở phần cuối buổi.",1,0.0069
"Tôi không hợp Dumbbell Floor Press lắm, cảm giác kiểm soát chưa tốt nên nên cân nhắc thay thế. Lý do chính: Needs adjustment, Too hard. Mức đánh giá 2/5, khi tập với mức hiện tại.",1,0.0069
"Battle Ropes hơi quá sức hoặc khó giữ kỹ thuật, tôi muốn replace exercise để tập ổn hơn. Lý do chính: Needs adjustment, Too hard. Mức đánh giá 2/5, trong nhịp tập tuần này.",1,0.0069
"Tôi không hợp Swiss Ball Crunch lắm, cảm giác kiểm soát chưa tốt nên nên cân nhắc thay thế. Lý do chính: Needs adjustment, Too hard. Mức đánh giá 2/5, khi tập với mức hiện tại.",1,0.0069
"Band Pull-Apart hơi quá sức hoặc khó giữ kỹ thuật, tôi muốn replace exercise để tập ổn hơn. Lý do chính: Needs adjustment, Too hard. Mức đánh giá 1/5, trong nhịp tập tuần này.",1,0.0069
"Tôi không hợp TRX Push-Up lắm, cảm giác kiểm soát chưa tốt nên nên cân nhắc thay thế. Lý do chính: Needs adjustment, Too hard. Mức đánh giá 1/5, khi tập với mức hiện tại.",1,0.0069
"Machine Incline Chest Press hơi quá sức hoặc khó giữ kỹ thuật, tôi muốn replace exercise để tập ổn hơn. Lý do chính: Needs adjustment, Too hard. Mức đánh giá 1/5, trong nhịp tập tuần này.",1,0.0069
"Bài Hanging Leg Raise làm buổi tập nặng hơn dự kiến; tôi muốn giảm độ khó hoặc đổi biến thể. Lý do chính: Needs adjustment, Too hard. Mức đánh giá 2/5, sau khi hoàn thành phần chính.",1,0.0069
"Chin-Up hơi quá sức hoặc khó giữ kỹ thuật, tôi muốn replace exercise để tập ổn hơn. Lý do chính: Needs adjustment, Too hard. Mức đánh giá 2/5, ở lần ghi nhận gần đây.",1,0.0069
"Tôi không hợp Hanging Windshield Wiper lắm, cảm giác kiểm soát chưa tốt nên nên cân nhắc thay thế. Lý do chính: Needs adjustment, Too hard. Mức đánh giá 2/5, ở phần cuối buổi.",1,0.0069
"Tôi không hợp Smith Machine Squat lắm, cảm giác kiểm soát chưa tốt nên nên cân nhắc thay thế. Lý do chính: Needs adjustment, Too hard. Mức đánh giá 1/5, ở phần cuối buổi.",1,0.0069
"Tôi không hợp Smith Machine Shrug lắm, cảm giác kiểm soát chưa tốt nên nên cân nhắc thay thế. Lý do chính: Needs adjustment, Too hard. Mức đánh giá 2/5, trong buổi tập này.",1,0.0069
"Bài Machine Bicep Curl làm buổi tập nặng hơn dự kiến; tôi muốn giảm độ khó hoặc đổi biến thể. Lý do chính: Needs adjustment, Too hard. Mức đánh giá 2/5, khi theo giáo án hiện tại.",1,0.0069
"Tôi không hợp Machine Lateral Raise lắm, cảm giác kiểm soát chưa tốt nên nên cân nhắc thay thế. Lý do chính: Needs adjustment, Too hard. Mức đánh giá 2/5, khi tập với mức hiện tại.",1,0.0069
"Tôi không hợp Ab Crunch Machine lắm, cảm giác kiểm soát chưa tốt nên nên cân nhắc thay thế. Lý do chính: Needs adjustment, Too hard. Mức đánh giá 2/5, khi tập với mức hiện tại.",1,0.0069
"Smith Machine Squat hơi quá sức hoặc khó giữ kỹ thuật, tôi muốn replace exercise để tập ổn hơn. Lý do chính: Needs adjustment, Too hard. Mức đánh giá 1/5, trong nhịp tập tuần này.",1,0.0069
"Bài Machine Bicep Curl làm buổi tập nặng hơn dự kiến; tôi muốn giảm độ khó hoặc đổi biến thể. Lý do chính: Needs adjustment, Too hard. Mức đánh giá 1/5, sau khi hoàn thành phần chính.",1,0.0069
"Tôi không hợp Smith Machine Shrug lắm, cảm giác kiểm soát chưa tốt nên nên cân nhắc thay thế. Lý do chính: Needs adjustment, Too hard. Mức đánh giá 2/5, khi tập với mức hiện tại.",1,0.0069
"Single-Arm Smith Machine Row hơi quá sức hoặc khó giữ kỹ thuật, tôi muốn replace exercise để tập ổn hơn. Lý do chính: Needs adjustment, Too hard. Mức đánh giá 1/5, trong nhịp tập tuần này.",1,0.0069
"Machine Lateral Raise hơi quá sức hoặc khó giữ kỹ thuật, tôi muốn replace exercise để tập ổn hơn. Lý do chính: Needs adjustment, Too hard. Mức đánh giá 2/5, trong nhịp tập tuần này.",1,0.0069
"Chin-Up hơi quá sức hoặc khó giữ kỹ thuật, tôi muốn replace exercise để tập ổn hơn. Lý do chính: Needs adjustment, Too hard. Mức đánh giá 2/5, trong nhịp tập tuần này.",1,0.0069
"Pull-Up hơi quá sức hoặc khó giữ kỹ thuật, tôi muốn replace exercise để tập ổn hơn. Lý do chính: Needs adjustment, Too hard. Mức đánh giá 1/5, trong nhịp tập tuần này.",1,0.0069
"Bài Chin-Up làm buổi tập nặng hơn dự kiến; tôi muốn giảm độ khó hoặc đổi biến thể. Lý do chính: Needs adjustment, Too hard. Mức đánh giá 2/5, ở bối cảnh lịch tập này.",1,0.0069
"Tôi không hợp Machine Lateral Raise lắm, cảm giác kiểm soát chưa tốt nên nên cân nhắc thay thế. Lý do chính: Needs adjustment, Too hard. Mức đánh giá 1/5, ở phần cuối buổi.",1,0.0069
"Bài Smith Machine Squat làm buổi tập nặng hơn dự kiến; tôi muốn giảm độ khó hoặc đổi biến thể. Lý do chính: Needs adjustment, Too hard. Mức đánh giá 1/5, sau khi hoàn thành phần chính.",1,0.0069
"Smith Machine Reverse Lunge hơi quá sức hoặc khó giữ kỹ thuật, tôi muốn replace exercise để tập ổn hơn. Lý do chính: Needs adjustment, Too hard. Mức đánh giá 2/5, ở lần ghi nhận gần đây.",1,0.0069
"Single-Arm Smith Machine Row hơi quá sức hoặc khó giữ kỹ thuật, tôi muốn replace exercise để tập ổn hơn. Lý do chính: Needs adjustment, Too hard. Mức đánh giá 1/5, sau vài set đầu.",1,0.0069
"Tôi không hợp Standing Calf Raise lắm, cảm giác kiểm soát chưa tốt nên nên cân nhắc thay thế. Lý do chính: Needs adjustment, Too hard. Mức đánh giá 1/5, khi tập với mức hiện tại.",1,0.0069
"Reverse Crunch hơi quá sức hoặc khó giữ kỹ thuật, tôi muốn replace exercise để tập ổn hơn. Lý do chính: Needs adjustment, Too hard. Mức đánh giá 2/5, trong nhịp tập tuần này.",1,0.0069
"Tôi không hợp Bicycle Crunch lắm, cảm giác kiểm soát chưa tốt nên nên cân nhắc thay thế. Lý do chính: Needs adjustment, Too hard. Mức đánh giá 1/5, khi tập với mức hiện tại.",1,0.0069
"Burpee hơi quá sức hoặc khó giữ kỹ thuật, tôi muốn replace exercise để tập ổn hơn. Lý do chính: Needs adjustment, Too hard. Mức đánh giá 2/5, trong nhịp tập tuần này.",1,0.0069
"Tôi không hợp Standing Calf Raise lắm, cảm giác kiểm soát chưa tốt nên nên cân nhắc thay thế. Lý do chính: Needs adjustment, Too hard. Mức đánh giá 2/5, khi xét cảm giác phục hồi.",1,0.0069
"Lying Leg Raise hơi quá sức hoặc khó giữ kỹ thuật, tôi muốn replace exercise để tập ổn hơn. Lý do chính: Needs adjustment, Too hard. Mức đánh giá 1/5, ở lần ghi nhận gần đây.",1,0.0069
"Tôi không hợp Machine Leg Extension lắm, cảm giác kiểm soát chưa tốt nên nên cân nhắc thay thế. Lý do chính: Needs adjustment, Too hard. Mức đánh giá 1/5, ở phần cuối buổi.",1,0.0069
"Bài Battle Ropes làm buổi tập nặng hơn dự kiến; tôi muốn giảm độ khó hoặc đổi biến thể. Lý do chính: Needs adjustment, Too hard. Mức đánh giá 1/5, sau khi hoàn thành phần chính.",1,0.0069
"Chest-Supported T-Bar Row hơi quá sức hoặc khó giữ kỹ thuật, tôi muốn replace exercise để tập ổn hơn. Lý do chính: Needs adjustment, Too hard. Mức đánh giá 1/5, sau vài set đầu.",1,0.0069
"Tôi không hợp Machine Leg Extension lắm, cảm giác kiểm soát chưa tốt nên nên cân nhắc thay thế. Lý do chính: Needs adjustment, Too hard. Mức đánh giá 1/5, khi tập với mức hiện tại.",1,0.0069
"Bài Leg Extension làm buổi tập nặng hơn dự kiến; tôi muốn giảm độ khó hoặc đổi biến thể. Lý do chính: Needs adjustment, Too hard. Mức đánh giá 2/5, khi theo giáo án hiện tại.",1,0.0069
"Battle Ropes hơi quá sức hoặc khó giữ kỹ thuật, tôi muốn replace exercise để tập ổn hơn. Lý do chính: Needs adjustment, Too hard. Mức đánh giá 1/5, trong nhịp tập tuần này.",1,0.0069
"Tôi không hợp Chest-Supported T-Bar Row lắm, cảm giác kiểm soát chưa tốt nên nên cân nhắc thay thế. Lý do chính: Needs adjustment, Too hard. Mức đánh giá 1/5, khi tập với mức hiện tại.",1,0.0069
"Copenhagen Adductor Drop hơi quá sức hoặc khó giữ kỹ thuật, tôi muốn replace exercise để tập ổn hơn. Lý do chính: Needs adjustment, Too hard. Mức đánh giá 2/5, trong nhịp tập tuần này.",1,0.0069
"Tôi không hợp Crab Walk lắm, cảm giác kiểm soát chưa tốt nên nên cân nhắc thay thế. Lý do chính: Needs adjustment, Too hard. Mức đánh giá 1/5, khi tập với mức hiện tại.",1,0.0069
"Tôi không hợp Lying Leg Curl lắm, cảm giác kiểm soát chưa tốt nên nên cân nhắc thay thế. Lý do chính: Needs adjustment, Too hard. Mức đánh giá 2/5, khi tập với mức hiện tại.",1,0.0069
"Tôi không hợp Seated Machine Chest Press lắm, cảm giác kiểm soát chưa tốt nên nên cân nhắc thay thế. Lý do chính: Needs adjustment, Too hard. Mức đánh giá 2/5, khi xét cảm giác phục hồi.",1,0.0069
"Tôi không hợp Standing Ab Wheel Rollout lắm, cảm giác kiểm soát chưa tốt nên nên cân nhắc thay thế. Lý do chính: Needs adjustment, Too hard. Mức đánh giá 1/5, ở phần cuối buổi.",1,0.0069
"Bài Ab Crunch Machine làm buổi tập nặng hơn dự kiến; tôi muốn giảm độ khó hoặc đổi biến thể. Lý do chính: Needs adjustment, Too hard. Mức đánh giá 2/5, sau khi hoàn thành phần chính.",1,0.0069
"Bài Ab Crunch Machine làm buổi tập nặng hơn dự kiến; tôi muốn giảm độ khó hoặc đổi biến thể. Lý do chính: Needs adjustment, Too hard. Mức đánh giá 1/5, khi theo giáo án hiện tại.",1,0.0069
"Bài Seated Machine Chest Press làm buổi tập nặng hơn dự kiến; tôi muốn giảm độ khó hoặc đổi biến thể. Lý do chính: Needs adjustment, Too hard. Mức đánh giá 2/5, khi theo giáo án hiện tại.",1,0.0069
"Lying Leg Curl hơi quá sức hoặc khó giữ kỹ thuật, tôi muốn replace exercise để tập ổn hơn. Lý do chính: Needs adjustment, Too hard. Mức đánh giá 2/5, trong nhịp tập tuần này.",1,0.0069
"Tôi không hợp Machine Lateral Raise lắm, cảm giác kiểm soát chưa tốt nên nên cân nhắc thay thế. Lý do chính: Needs adjustment, Too hard. Mức đánh giá 2/5, ở phần cuối buổi.",1,0.0069
"Bài Ab Crunch Machine làm buổi tập nặng hơn dự kiến; tôi muốn giảm độ khó hoặc đổi biến thể. Lý do chính: Needs adjustment, Too hard. Mức đánh giá 1/5, sau khi hoàn thành phần chính.",1,0.0069
"Machine Hip Thrust hơi quá sức hoặc khó giữ kỹ thuật, tôi muốn replace exercise để tập ổn hơn. Lý do chính: Needs adjustment, Too hard. Mức đánh giá 1/5, ở lần ghi nhận gần đây.",1,0.0069
"Bài Seated Machine Chest Press làm buổi tập nặng hơn dự kiến; tôi muốn giảm độ khó hoặc đổi biến thể. Lý do chính: Needs adjustment, Too hard. Mức đánh giá 1/5, sau khi hoàn thành phần chính.",1,0.0069
"Bài Donkey Calf Raise làm buổi tập nặng hơn dự kiến; tôi muốn giảm độ khó hoặc đổi biến thể. Lý do chính: Needs adjustment, Too hard. Mức đánh giá 2/5, khi theo giáo án hiện tại.",1,0.0069
"Bài Machine Hip Thrust làm buổi tập nặng hơn dự kiến; tôi muốn giảm độ khó hoặc đổi biến thể. Lý do chính: Needs adjustment, Too hard. Mức đánh giá 2/5, khi theo giáo án hiện tại.",1,0.0069
"Lying Leg Curl hơi quá sức hoặc khó giữ kỹ thuật, tôi muốn replace exercise để tập ổn hơn. Lý do chính: Needs adjustment, Too hard. Mức đánh giá 1/5, trong nhịp tập tuần này.",1,0.0069
"Seated Machine Chest Press hơi quá sức hoặc khó giữ kỹ thuật, tôi muốn replace exercise để tập ổn hơn. Lý do chính: Needs adjustment, Too hard. Mức đánh giá 1/5, trong nhịp tập tuần này.",1,0.0069
"Tôi không hợp Standing Ab Wheel Rollout lắm, cảm giác kiểm soát chưa tốt nên nên cân nhắc thay thế. Lý do chính: Needs adjustment, Too hard. Mức đánh giá 2/5, khi tập với mức hiện tại.",1,0.0069
"Tôi không hợp Machine Lateral Raise lắm, cảm giác kiểm soát chưa tốt nên nên cân nhắc thay thế. Lý do chính: Needs adjustment, Too hard. Mức đánh giá 1/5, khi tập với mức hiện tại.",1,0.0069
"Machine Lateral Raise hơi quá sức hoặc khó giữ kỹ thuật, tôi muốn replace exercise để tập ổn hơn. Lý do chính: Needs adjustment, Too hard. Mức đánh giá 2/5, sau vài set đầu.",1,0.0069
"Machine Chest Press hơi quá sức hoặc khó giữ kỹ thuật, tôi muốn replace exercise để tập ổn hơn. Lý do chính: Needs adjustment, Too hard. Mức đánh giá 1/5, ở lần ghi nhận gần đây.",1,0.0069
"Tôi không hợp Lying Leg Curl lắm, cảm giác kiểm soát chưa tốt nên nên cân nhắc thay thế. Lý do chính: Needs adjustment, Too hard. Mức đánh giá 1/5, ở phần cuối buổi.",1,0.0069
"Bài Machine Lateral Raise làm buổi tập nặng hơn dự kiến; tôi muốn giảm độ khó hoặc đổi biến thể. Lý do chính: Needs adjustment, Too hard. Mức đánh giá 1/5, sau khi hoàn thành phần chính.",1,0.0069
"Tôi không hợp Seated Machine Chest Press lắm, cảm giác kiểm soát chưa tốt nên nên cân nhắc thay thế. Lý do chính: Needs adjustment, Too hard. Mức đánh giá 1/5, trong buổi tập này.",1,0.0069
"Bài Standing Ab Wheel Rollout làm buổi tập nặng hơn dự kiến; tôi muốn giảm độ khó hoặc đổi biến thể. Lý do chính: Needs adjustment, Too hard. Mức đánh giá 2/5, khi theo giáo án hiện tại.",1,0.0069
"Tôi không hợp Ab Crunch Machine lắm, cảm giác kiểm soát chưa tốt nên nên cân nhắc thay thế. Lý do chính: Needs adjustment, Too hard. Mức đánh giá 1/5, khi tập với mức hiện tại.",1,0.0069
"Tôi không hợp Machine Chest Press lắm, cảm giác kiểm soát chưa tốt nên nên cân nhắc thay thế. Lý do chính: Needs adjustment, Too hard. Mức đánh giá 2/5, khi tập với mức hiện tại.",1,0.0069
"Bài Seated Machine Chest Press làm buổi tập nặng hơn dự kiến; tôi muốn giảm độ khó hoặc đổi biến thể. Lý do chính: Needs adjustment, Too hard. Mức đánh giá 1/5, khi theo giáo án hiện tại.",1,0.0069
"Decline EZ-Bar Skull Crusher hơi quá sức hoặc khó giữ kỹ thuật, tôi muốn replace exercise để tập ổn hơn. Lý do chính: Needs adjustment, Too hard. Mức đánh giá 2/5, trong lần đánh giá hôm nay.",1,0.0069
"Tôi không hợp Tibialis Raise lắm, cảm giác kiểm soát chưa tốt nên nên cân nhắc thay thế. Lý do chính: Needs adjustment, Too hard. Mức đánh giá 2/5, ở phần cuối buổi.",1,0.0069
"Tôi không hợp Burpee lắm, cảm giác kiểm soát chưa tốt nên nên cân nhắc thay thế. Lý do chính: Needs adjustment, Too hard. Mức đánh giá 2/5, ở phần cuối buổi.",1,0.0069
"Tôi không hợp Plank lắm, cảm giác kiểm soát chưa tốt nên nên cân nhắc thay thế. Lý do chính: Needs adjustment, Too hard. Mức đánh giá 2/5, khi tập với mức hiện tại.",1,0.0069
"Pseudo Planche Push-Up hơi quá sức hoặc khó giữ kỹ thuật, tôi muốn replace exercise để tập ổn hơn. Lý do chính: Needs adjustment, Too hard. Mức đánh giá 2/5, trong nhịp tập tuần này.",1,0.0069
"Tôi không hợp Pseudo Planche Push-Up lắm, cảm giác kiểm soát chưa tốt nên nên cân nhắc thay thế. Lý do chính: Needs adjustment, Too hard. Mức đánh giá 2/5, trong buổi tập này.",1,0.0069
"Bài Burpee làm buổi tập nặng hơn dự kiến; tôi muốn giảm độ khó hoặc đổi biến thể. Lý do chính: Needs adjustment, Too hard. Mức đánh giá 1/5, sau khi hoàn thành phần chính.",1,0.0069
"Tôi không hợp Pseudo Planche Push-Up lắm, cảm giác kiểm soát chưa tốt nên nên cân nhắc thay thế. Lý do chính: Needs adjustment, Too hard. Mức đánh giá 2/5, ở phần cuối buổi.",1,0.0069
"Pseudo Planche Push-Up hơi quá sức hoặc khó giữ kỹ thuật, tôi muốn replace exercise để tập ổn hơn. Lý do chính: Needs adjustment, Too hard. Mức đánh giá 1/5, ở lần ghi nhận gần đây.",1,0.0069
"Bài Glute Bridge làm buổi tập nặng hơn dự kiến; tôi muốn giảm độ khó hoặc đổi biến thể. Lý do chính: Needs adjustment, Too hard. Mức đánh giá 1/5, sau khi hoàn thành phần chính.",1,0.0069
"Bài Side-Lying Inner Thigh Raise làm buổi tập nặng hơn dự kiến; tôi muốn giảm độ khó hoặc đổi biến thể. Lý do chính: Needs adjustment, Too hard. Mức đánh giá 2/5, khi so với khả năng hiện tại.",1,0.0069
"Bài V-Up làm buổi tập nặng hơn dự kiến; tôi muốn giảm độ khó hoặc đổi biến thể. Lý do chính: Needs adjustment, Too hard. Mức đánh giá 1/5, khi theo giáo án hiện tại.",1,0.0069
"Tôi không hợp Single-Leg Glute Bridge lắm, cảm giác kiểm soát chưa tốt nên nên cân nhắc thay thế. Lý do chính: Needs adjustment, Too hard. Mức đánh giá 2/5, khi tập với mức hiện tại.",1,0.0069
"Bài Lying Leg Raise làm buổi tập nặng hơn dự kiến; tôi muốn giảm độ khó hoặc đổi biến thể. Lý do chính: Needs adjustment, Too hard. Mức đánh giá 2/5, khi theo giáo án hiện tại.",1,0.0069
"Tôi không hợp Hack Squat lắm, cảm giác kiểm soát chưa tốt nên nên cân nhắc thay thế. Lý do chính: Needs adjustment, Too hard. Mức đánh giá 1/5, khi tập với mức hiện tại.",1,0.0069
"Tôi không hợp Reverse Hack Squat lắm, cảm giác kiểm soát chưa tốt nên nên cân nhắc thay thế. Lý do chính: Needs adjustment, Too hard. Mức đánh giá 2/5, trong buổi tập này.",1,0.0069
"Machine Incline Chest Press hơi quá sức hoặc khó giữ kỹ thuật, tôi muốn replace exercise để tập ổn hơn. Lý do chính: Needs adjustment, Too hard. Mức đánh giá 2/5, ở lần ghi nhận gần đây.",1,0.0069
"Bài Zottman Curl làm buổi tập nặng hơn dự kiến; tôi muốn giảm độ khó hoặc đổi biến thể. Lý do chính: Needs adjustment, Too hard. Mức đánh giá 2/5, sau khi hoàn thành phần chính.",1,0.0069
"Tôi không hợp Dumbbell Shrug lắm, cảm giác kiểm soát chưa tốt nên nên cân nhắc thay thế. Lý do chính: Needs adjustment, Too hard. Mức đánh giá 1/5, ở phần cuối buổi.",1,0.0069
"Bài Bent-Over Dumbbell Reverse Fly làm buổi tập nặng hơn dự kiến; tôi muốn giảm độ khó hoặc đổi biến thể. Lý do chính: Needs adjustment, Too hard. Mức đánh giá 2/5, sau khi hoàn thành phần chính.",1,0.0069
"Bài Machine Incline Chest Press làm buổi tập nặng hơn dự kiến; tôi muốn giảm độ khó hoặc đổi biến thể. Lý do chính: Needs adjustment, Too hard. Mức đánh giá 1/5, sau khi hoàn thành phần chính.",1,0.0069
"Band Resisted Push-Up hơi quá sức hoặc khó giữ kỹ thuật, tôi muốn replace exercise để tập ổn hơn. Lý do chính: Needs adjustment, Too hard. Mức đánh giá 1/5, trong lần đánh giá hôm nay.",1,0.0069
"TRX Push-Up hơi quá sức hoặc khó giữ kỹ thuật, tôi muốn replace exercise để tập ổn hơn. Lý do chính: Needs adjustment, Too hard. Mức đánh giá 2/5, trong nhịp tập tuần này.",1,0.0069
"Glute Bridge hơi quá sức hoặc khó giữ kỹ thuật, tôi muốn replace exercise để tập ổn hơn. Lý do chính: Needs adjustment, Too hard. Mức đánh giá 1/5, trong nhịp tập tuần này.",1,0.0069
"Bài Side-Lying Inner Thigh Raise làm buổi tập nặng hơn dự kiến; tôi muốn giảm độ khó hoặc đổi biến thể. Lý do chính: Needs adjustment, Too hard. Mức đánh giá 2/5, khi theo giáo án hiện tại.",1,0.0069
"Lateral Band Walk hơi quá sức hoặc khó giữ kỹ thuật, tôi muốn replace exercise để tập ổn hơn. Lý do chính: Needs adjustment, Too hard. Mức đánh giá 2/5, trong lần đánh giá hôm nay.",1,0.0069
"Tôi không hợp Lateral Band Walk lắm, cảm giác kiểm soát chưa tốt nên nên cân nhắc thay thế. Lý do chính: Needs adjustment, Too hard. Mức đánh giá 1/5, trong buổi tập này.",1,0.0069
"Tôi không hợp Lateral Band Walk lắm, cảm giác kiểm soát chưa tốt nên nên cân nhắc thay thế. Lý do chính: Needs adjustment, Too hard. Mức đánh giá 1/5, khi tập với mức hiện tại.",1,0.0069
"Bài Machine Row làm buổi tập nặng hơn dự kiến; tôi muốn giảm độ khó hoặc đổi biến thể. Lý do chính: Needs adjustment, Too hard. Mức đánh giá 2/5, sau khi hoàn thành phần chính.",1,0.0069
"Bài Machine Row làm buổi tập nặng hơn dự kiến; tôi muốn giảm độ khó hoặc đổi biến thể. Lý do chính: Needs adjustment, Too hard. Mức đánh giá 1/5, khi theo giáo án hiện tại.",1,0.0069
"Tôi không hợp Machine Row lắm, cảm giác kiểm soát chưa tốt nên nên cân nhắc thay thế. Lý do chính: Needs adjustment, Too hard. Mức đánh giá 2/5, khi xét cảm giác phục hồi.",1,0.0069
"Machine Row hơi quá sức hoặc khó giữ kỹ thuật, tôi muốn replace exercise để tập ổn hơn. Lý do chính: Needs adjustment, Too hard. Mức đánh giá 2/5, ở lần ghi nhận gần đây.",1,0.0069
"Bài Machine Row làm buổi tập nặng hơn dự kiến; tôi muốn giảm độ khó hoặc đổi biến thể. Lý do chính: Needs adjustment, Too hard. Mức đánh giá 1/5, sau khi hoàn thành phần chính.",1,0.0069
"Tôi không hợp Star Plank lắm, cảm giác kiểm soát chưa tốt nên nên cân nhắc thay thế. Lý do chính: Needs adjustment, Too hard. Mức đánh giá 2/5, ở phần cuối buổi.",1,0.0069
"Tôi không hợp Neck Bridge lắm, cảm giác kiểm soát chưa tốt nên nên cân nhắc thay thế. Lý do chính: Needs adjustment, Too hard. Mức đánh giá 1/5, ở phần cuối buổi.",1,0.0069
"Mountain Climbers hơi quá sức hoặc khó giữ kỹ thuật, tôi muốn replace exercise để tập ổn hơn. Lý do chính: Needs adjustment, Too hard. Mức đánh giá 2/5, ở lần ghi nhận gần đây.",1,0.0069
"Tôi không hợp Skater Squat lắm, cảm giác kiểm soát chưa tốt nên nên cân nhắc thay thế. Lý do chính: Needs adjustment, Too hard. Mức đánh giá 2/5, khi xét cảm giác phục hồi.",1,0.0069
"Dead Bug hơi quá sức hoặc khó giữ kỹ thuật, tôi muốn replace exercise để tập ổn hơn. Lý do chính: Needs adjustment, Too hard. Mức đánh giá 1/5, trong nhịp tập tuần này.",1,0.0069
"Hindu Push-Up hơi quá sức hoặc khó giữ kỹ thuật, tôi muốn replace exercise để tập ổn hơn. Lý do chính: Needs adjustment, Too hard. Mức đánh giá 1/5, trong nhịp tập tuần này.",1,0.0069
"Bird Dog hơi quá sức hoặc khó giữ kỹ thuật, tôi muốn replace exercise để tập ổn hơn. Lý do chính: Needs adjustment, Too hard. Mức đánh giá 2/5, trong nhịp tập tuần này.",1,0.0069
"Side-Lying Inner Thigh Raise hơi quá sức hoặc khó giữ kỹ thuật, tôi muốn replace exercise để tập ổn hơn. Lý do chính: Needs adjustment, Too hard. Mức đánh giá 2/5, trong nhịp tập tuần này.",1,0.0069
"Bài Front Plank with Reach làm buổi tập nặng hơn dự kiến; tôi muốn giảm độ khó hoặc đổi biến thể. Lý do chính: Needs adjustment, Too hard. Mức đánh giá 2/5, sau khi hoàn thành phần chính.",1,0.0069
"Bài Single-Leg Glute Bridge làm buổi tập nặng hơn dự kiến; tôi muốn giảm độ khó hoặc đổi biến thể. Lý do chính: Needs adjustment, Too hard. Mức đánh giá 2/5, sau khi hoàn thành phần chính.",1,0.0069
"Tôi không hợp Seated Machine Chest Press lắm, cảm giác kiểm soát chưa tốt nên nên cân nhắc thay thế. Lý do chính: Needs adjustment, Too hard. Mức đánh giá 2/5, ở phần cuối buổi.",1,0.0069
"Bài Push-Up làm buổi tập nặng hơn dự kiến; tôi muốn giảm độ khó hoặc đổi biến thể. Lý do chính: Needs adjustment, Too hard. Mức đánh giá 2/5, ở bối cảnh lịch tập này.",1,0.0069
"Bài Push Press làm buổi tập nặng hơn dự kiến; tôi muốn giảm độ khó hoặc đổi biến thể. Lý do chính: Needs adjustment, Too hard. Mức đánh giá 2/5, khi theo giáo án hiện tại.",1,0.0069
"Machine Assisted Dip hơi quá sức hoặc khó giữ kỹ thuật, tôi muốn replace exercise để tập ổn hơn. Lý do chính: Needs adjustment, Too hard. Mức đánh giá 2/5, trong nhịp tập tuần này.",1,0.0069
"Tôi không hợp Push Press lắm, cảm giác kiểm soát chưa tốt nên nên cân nhắc thay thế. Lý do chính: Needs adjustment, Too hard. Mức đánh giá 1/5, khi tập với mức hiện tại.",1,0.0069
"Bài Glute Bridge làm buổi tập nặng hơn dự kiến; tôi muốn giảm độ khó hoặc đổi biến thể. Lý do chính: Needs adjustment, Too hard. Mức đánh giá 2/5, khi theo giáo án hiện tại.",1,0.0069
"Tôi không hợp Side-Lying Inner Thigh Raise lắm, cảm giác kiểm soát chưa tốt nên nên cân nhắc thay thế. Lý do chính: Needs adjustment, Too hard. Mức đánh giá 1/5, khi tập với mức hiện tại.",1,0.0069
"Tôi không hợp Machine Hip Adductor lắm, cảm giác kiểm soát chưa tốt nên nên cân nhắc thay thế. Lý do chính: Needs adjustment, Too hard. Mức đánh giá 2/5, ở phần cuối buổi.",1,0.0069
"Tôi không hợp Barbell Wrist Curl lắm, cảm giác kiểm soát chưa tốt nên nên cân nhắc thay thế. Lý do chính: Needs adjustment, Too hard. Mức đánh giá 1/5, ở phần cuối buổi.",1,0.0069
"Bài Barbell Reverse Wrist Curl làm buổi tập nặng hơn dự kiến; tôi muốn giảm độ khó hoặc đổi biến thể. Lý do chính: Needs adjustment, Too hard. Mức đánh giá 2/5, sau khi hoàn thành phần chính.",1,0.0069
"Bài Tibialis Raise làm buổi tập nặng hơn dự kiến; tôi muốn giảm độ khó hoặc đổi biến thể. Lý do chính: Needs adjustment, Too hard. Mức đánh giá 2/5, sau khi hoàn thành phần chính.",1,0.0069
"Tôi không hợp Wall Slide lắm, cảm giác kiểm soát chưa tốt nên nên cân nhắc thay thế. Lý do chính: Needs adjustment, Too hard. Mức đánh giá 1/5, ở phần cuối buổi.",1,0.0069
"Reverse Pec Deck Fly hơi quá sức hoặc khó giữ kỹ thuật, tôi muốn replace exercise để tập ổn hơn. Lý do chính: Needs adjustment, Too hard. Mức đánh giá 2/5, sau vài set đầu.",1,0.0069
"Bài Seated Calf Raise làm buổi tập nặng hơn dự kiến; tôi muốn giảm độ khó hoặc đổi biến thể. Lý do chính: Needs adjustment, Too hard. Mức đánh giá 1/5, khi theo giáo án hiện tại.",1,0.0069
"Machine Hip Adductor hơi quá sức hoặc khó giữ kỹ thuật, tôi muốn replace exercise để tập ổn hơn. Lý do chính: Needs adjustment, Too hard. Mức đánh giá 2/5, trong nhịp tập tuần này.",1,0.0069
"Tôi không hợp Barbell Wrist Curl lắm, cảm giác kiểm soát chưa tốt nên nên cân nhắc thay thế. Lý do chính: Needs adjustment, Too hard. Mức đánh giá 1/5, khi tập với mức hiện tại.",1,0.0069
"Bài Barbell Reverse Wrist Curl làm buổi tập nặng hơn dự kiến; tôi muốn giảm độ khó hoặc đổi biến thể. Lý do chính: Needs adjustment, Too hard. Mức đánh giá 2/5, khi theo giáo án hiện tại.",1,0.0069
"Tôi không hợp Wall Slide lắm, cảm giác kiểm soát chưa tốt nên nên cân nhắc thay thế. Lý do chính: Needs adjustment, Too hard. Mức đánh giá 2/5, khi tập với mức hiện tại.",1,0.0069
"Tôi không hợp Reverse Pec Deck Fly lắm, cảm giác kiểm soát chưa tốt nên nên cân nhắc thay thế. Lý do chính: Needs adjustment, Too hard. Mức đánh giá 1/5, khi tập với mức hiện tại.",1,0.0069
"Tôi không hợp Seated Calf Raise lắm, cảm giác kiểm soát chưa tốt nên nên cân nhắc thay thế. Lý do chính: Needs adjustment, Too hard. Mức đánh giá 2/5, khi tập với mức hiện tại.",1,0.0069
"Side-Lying Inner Thigh Raise hơi quá sức hoặc khó giữ kỹ thuật, tôi muốn replace exercise để tập ổn hơn. Lý do chính: Needs adjustment, Too hard. Mức đánh giá 1/5, trong nhịp tập tuần này.",1,0.0069
"Mountain Climbers hơi quá sức hoặc khó giữ kỹ thuật, tôi muốn replace exercise để tập ổn hơn. Lý do chính: Needs adjustment, Too hard. Mức đánh giá 2/5, sau vài set đầu.",1,0.0069
"Glute Bridge March hơi quá sức hoặc khó giữ kỹ thuật, tôi muốn replace exercise để tập ổn hơn. Lý do chính: Needs adjustment, Too hard. Mức đánh giá 2/5, ở lần ghi nhận gần đây.",1,0.0069
"Donkey Kick hơi quá sức hoặc khó giữ kỹ thuật, tôi muốn replace exercise để tập ổn hơn. Lý do chính: Needs adjustment, Too hard. Mức đánh giá 1/5, ở lần ghi nhận gần đây.",1,0.0069
"Tôi không hợp Dead Bug lắm, cảm giác kiểm soát chưa tốt nên nên cân nhắc thay thế. Lý do chính: Needs adjustment, Too hard. Mức đánh giá 2/5, khi xét cảm giác phục hồi.",1,0.0069
"Bài Glute Bridge March làm buổi tập nặng hơn dự kiến; tôi muốn giảm độ khó hoặc đổi biến thể. Lý do chính: Needs adjustment, Too hard. Mức đánh giá 2/5, khi theo giáo án hiện tại.",1,0.0069
"Band Resisted Push-Up hơi quá sức hoặc khó giữ kỹ thuật, tôi muốn replace exercise để tập ổn hơn. Lý do chính: Needs adjustment, Too hard. Mức đánh giá 2/5, trong nhịp tập tuần này.",1,0.0069
"Tôi không hợp Lateral Band Walk lắm, cảm giác kiểm soát chưa tốt nên nên cân nhắc thay thế. Lý do chính: Needs adjustment, Too hard. Mức đánh giá 2/5, khi tập với mức hiện tại.",1,0.0069
"Bài Lateral Band Walk làm buổi tập nặng hơn dự kiến; tôi muốn giảm độ khó hoặc đổi biến thể. Lý do chính: Needs adjustment, Too hard. Mức đánh giá 1/5, ở bối cảnh lịch tập này.",1,0.0069
"Band Resisted Push-Up hơi quá sức hoặc khó giữ kỹ thuật, tôi muốn replace exercise để tập ổn hơn. Lý do chính: Needs adjustment, Too hard. Mức đánh giá 2/5, ở lần ghi nhận gần đây.",1,0.0069
"Tôi không hợp Wall Sit lắm, cảm giác kiểm soát chưa tốt nên nên cân nhắc thay thế. Lý do chính: Needs adjustment, Too hard. Mức đánh giá 1/5, ở phần cuối buổi.",1,0.0069
"Single-Leg Leg Press hơi quá sức hoặc khó giữ kỹ thuật, tôi muốn replace exercise để tập ổn hơn. Lý do chính: Needs adjustment, Too hard. Mức đánh giá 1/5, ở lần ghi nhận gần đây.",1,0.0069
"Bài Leg Extension làm buổi tập nặng hơn dự kiến; tôi muốn giảm độ khó hoặc đổi biến thể. Lý do chính: Needs adjustment, Too hard. Mức đánh giá 1/5, sau khi hoàn thành phần chính.",1,0.0069
"Bài Wall Slide làm buổi tập nặng hơn dự kiến; tôi muốn giảm độ khó hoặc đổi biến thể. Lý do chính: Needs adjustment, Too hard. Mức đánh giá 1/5, sau khi hoàn thành phần chính.",1,0.0069
"Bài Leg Press Calf Raise làm buổi tập nặng hơn dự kiến; tôi muốn giảm độ khó hoặc đổi biến thể. Lý do chính: Needs adjustment, Too hard. Mức đánh giá 2/5, sau khi hoàn thành phần chính.",1,0.0069
"Leg Extension hơi quá sức hoặc khó giữ kỹ thuật, tôi muốn replace exercise để tập ổn hơn. Lý do chính: Needs adjustment, Too hard. Mức đánh giá 1/5, ở lần ghi nhận gần đây.",1,0.0069
"Single-Leg Leg Extension hơi quá sức hoặc khó giữ kỹ thuật, tôi muốn replace exercise để tập ổn hơn. Lý do chính: Needs adjustment, Too hard. Mức đánh giá 2/5, ở lần ghi nhận gần đây.",1,0.0069
"Tôi không hợp Plate Pinch Hold lắm, cảm giác kiểm soát chưa tốt nên nên cân nhắc thay thế. Lý do chính: Needs adjustment, Too hard. Mức đánh giá 1/5, ở phần cuối buổi.",1,0.0069
"Bài Wall Sit làm buổi tập nặng hơn dự kiến; tôi muốn giảm độ khó hoặc đổi biến thể. Lý do chính: Needs adjustment, Too hard. Mức đánh giá 2/5, sau khi hoàn thành phần chính.",1,0.0069
"Bài Leg Press làm buổi tập nặng hơn dự kiến; tôi muốn giảm độ khó hoặc đổi biến thể. Lý do chính: Needs adjustment, Too hard. Mức đánh giá 1/5, sau khi hoàn thành phần chính.",1,0.0069
"Bài Tibialis Raise làm buổi tập nặng hơn dự kiến; tôi muốn giảm độ khó hoặc đổi biến thể. Lý do chính: Needs adjustment, Too hard. Mức đánh giá 1/5, sau khi hoàn thành phần chính.",1,0.0069
"Single-Leg Leg Press hơi quá sức hoặc khó giữ kỹ thuật, tôi muốn replace exercise để tập ổn hơn. Lý do chính: Needs adjustment, Too hard. Mức đánh giá 2/5, ở lần ghi nhận gần đây.",1,0.0069
"Bài Leg Extension làm buổi tập nặng hơn dự kiến; tôi muốn giảm độ khó hoặc đổi biến thể. Lý do chính: Needs adjustment, Too hard. Mức đánh giá 2/5, sau khi hoàn thành phần chính.",1,0.0069
"Tôi không hợp Wall Sit lắm, cảm giác kiểm soát chưa tốt nên nên cân nhắc thay thế. Lý do chính: Needs adjustment, Too hard. Mức đánh giá 2/5, trong buổi tập này.",1,0.0069
"Bài Single-Leg Leg Press làm buổi tập nặng hơn dự kiến; tôi muốn giảm độ khó hoặc đổi biến thể. Lý do chính: Needs adjustment, Too hard. Mức đánh giá 1/5, khi theo giáo án hiện tại.",1,0.0069
"Tôi không hợp Leg Extension lắm, cảm giác kiểm soát chưa tốt nên nên cân nhắc thay thế. Lý do chính: Needs adjustment, Too hard. Mức đánh giá 2/5, khi tập với mức hiện tại.",1,0.0069
"Tôi không hợp Wall Sit lắm, cảm giác kiểm soát chưa tốt nên nên cân nhắc thay thế. Lý do chính: Needs adjustment, Too hard. Mức đánh giá 1/5, khi tập với mức hiện tại.",1,0.0069
"Single-Leg Leg Press hơi quá sức hoặc khó giữ kỹ thuật, tôi muốn replace exercise để tập ổn hơn. Lý do chính: Needs adjustment, Too hard. Mức đánh giá 1/5, trong nhịp tập tuần này.",1,0.0069
"Bài Leg Extension làm buổi tập nặng hơn dự kiến; tôi muốn giảm độ khó hoặc đổi biến thể. Lý do chính: Needs adjustment, Too hard. Mức đánh giá 1/5, khi theo giáo án hiện tại.",1,0.0069
"Tôi không hợp Single-Leg Leg Press lắm, cảm giác kiểm soát chưa tốt nên nên cân nhắc thay thế. Lý do chính: Needs adjustment, Too hard. Mức đánh giá 2/5, trong buổi tập này.",1,0.0069
"Tôi không hợp Single-Leg Leg Press lắm, cảm giác kiểm soát chưa tốt nên nên cân nhắc thay thế. Lý do chính: Needs adjustment, Too hard. Mức đánh giá 1/5, ở phần cuối buổi.",1,0.0069
"Tôi không hợp Leg Extension lắm, cảm giác kiểm soát chưa tốt nên nên cân nhắc thay thế. Lý do chính: Needs adjustment, Too hard. Mức đánh giá 1/5, ở phần cuối buổi.",1,0.0069
"Sissy Squat hơi quá sức hoặc khó giữ kỹ thuật, tôi muốn replace exercise để tập ổn hơn. Lý do chính: Needs adjustment, Too hard. Mức đánh giá 1/5, ở lần ghi nhận gần đây.",1,0.0069
"TRX Pistol Squat hơi quá sức hoặc khó giữ kỹ thuật, tôi muốn replace exercise để tập ổn hơn. Lý do chính: Needs adjustment, Too hard. Mức đánh giá 2/5, trong lần đánh giá hôm nay.",1,0.0069
"Tôi không hợp Sissy Squat lắm, cảm giác kiểm soát chưa tốt nên nên cân nhắc thay thế. Lý do chính: Needs adjustment, Too hard. Mức đánh giá 1/5, khi tập với mức hiện tại.",1,0.0069
"Bài TRX Pistol Squat làm buổi tập nặng hơn dự kiến; tôi muốn giảm độ khó hoặc đổi biến thể. Lý do chính: Needs adjustment, Too hard. Mức đánh giá 2/5, khi theo giáo án hiện tại.",1,0.0069
"Cossack Squat hơi quá sức hoặc khó giữ kỹ thuật, tôi muốn replace exercise để tập ổn hơn. Lý do chính: Needs adjustment, Too hard. Mức đánh giá 1/5, trong nhịp tập tuần này.",1,0.0069
"Tôi không hợp TRX Pistol Squat lắm, cảm giác kiểm soát chưa tốt nên nên cân nhắc thay thế. Lý do chính: Needs adjustment, Too hard. Mức đánh giá 1/5, trong buổi tập này.",1,0.0069
"Close-Grip Push-Up hơi quá sức hoặc khó giữ kỹ thuật, tôi muốn replace exercise để tập ổn hơn. Lý do chính: Needs adjustment, Too hard. Mức đánh giá 1/5, ở lần ghi nhận gần đây.",1,0.0069
"Bài Cossack Squat làm buổi tập nặng hơn dự kiến; tôi muốn giảm độ khó hoặc đổi biến thể. Lý do chính: Needs adjustment, Too hard. Mức đánh giá 2/5, sau khi hoàn thành phần chính.",1,0.0069
"Tôi không hợp Close-Grip Push-Up lắm, cảm giác kiểm soát chưa tốt nên nên cân nhắc thay thế. Lý do chính: Needs adjustment, Too hard. Mức đánh giá 2/5, ở phần cuối buổi.",1,0.0069
"Machine Lateral Raise hơi quá sức hoặc khó giữ kỹ thuật, tôi muốn replace exercise để tập ổn hơn. Lý do chính: Needs adjustment, Too hard. Mức đánh giá 1/5, ở lần ghi nhận gần đây.",1,0.0069
"Tôi không hợp Machine Bicep Curl lắm, cảm giác kiểm soát chưa tốt nên nên cân nhắc thay thế. Lý do chính: Needs adjustment, Too hard. Mức đánh giá 2/5, trong buổi tập này.",1,0.0069
"Neck Bridge hơi quá sức hoặc khó giữ kỹ thuật, tôi muốn replace exercise để tập ổn hơn. Lý do chính: Needs adjustment, Too hard. Mức đánh giá 1/5, trong nhịp tập tuần này.",1,0.0069
"Bài Machine Row làm buổi tập nặng hơn dự kiến; tôi muốn giảm độ khó hoặc đổi biến thể. Lý do chính: Needs adjustment, Too hard. Mức đánh giá 2/5, khi theo giáo án hiện tại.",1,0.0069
"Bài Chin-Up làm buổi tập nặng hơn dự kiến; tôi muốn giảm độ khó hoặc đổi biến thể. Lý do chính: Needs adjustment, Too hard. Mức đánh giá 1/5, khi theo giáo án hiện tại.",1,0.0069
"Bài Machine Row làm buổi tập nặng hơn dự kiến; tôi muốn giảm độ khó hoặc đổi biến thể. Lý do chính: Needs adjustment, Too hard. Mức đánh giá 1/5, khi so với khả năng hiện tại.",1,0.0069
"Leg Extension ở mức chấp nhận được, tôi chưa có ưu tiên mạnh và muốn theo dõi thêm vài buổi. Lý do chính: Monitor. Mức đánh giá 3/5, ở lần ghi nhận gần đây.",1,0.0069
"Single-Arm TRX Row ở mức chấp nhận được, tôi chưa có ưu tiên mạnh và muốn theo dõi thêm vài buổi. Lý do chính: Monitor. Mức đánh giá 3/5, ở lần ghi nhận gần đây.",1,0.0069
"Bài TRX Pistol Squat dùng được, hiện tại tôi muốn giữ lựa chọn mở thay vì đổi ngay. Lý do chính: Monitor. Mức đánh giá 3/5, sau khi hoàn thành phần chính.",1,0.0069
"Bài Single-Leg Leg Extension dùng được, hiện tại tôi muốn giữ lựa chọn mở thay vì đổi ngay. Lý do chính: Monitor. Mức đánh giá 3/5, sau khi hoàn thành phần chính.",1,0.0069
"Tôi thấy Machine Hip Thrust bình thường, độ khó tương đối ổn nhưng chưa phải bài tôi thích nhất. Lý do chính: Monitor. Mức đánh giá 3/5, trong buổi tập này.",1,0.0069
"TRX Suspension Row ở mức chấp nhận được, tôi chưa có ưu tiên mạnh và muốn theo dõi thêm vài buổi. Lý do chính: Monitor. Mức đánh giá 3/5, trong nhịp tập tuần này.",1,0.0069
"Bài Machine Leg Extension dùng được, hiện tại tôi muốn giữ lựa chọn mở thay vì đổi ngay. Lý do chính: Monitor. Mức đánh giá 3/5, khi theo giáo án hiện tại.",1,0.0069
"Tôi thấy TRX Push-Up bình thường, độ khó tương đối ổn nhưng chưa phải bài tôi thích nhất. Lý do chính: Monitor. Mức đánh giá 3/5, khi tập với mức hiện tại.",1,0.0069
"Tôi thấy Machine Assisted Pull-Up bình thường, độ khó tương đối ổn nhưng chưa phải bài tôi thích nhất. Lý do chính: Monitor. Mức đánh giá 3/5, khi tập với mức hiện tại.",1,0.0069
"Single-Arm TRX Row ở mức chấp nhận được, tôi chưa có ưu tiên mạnh và muốn theo dõi thêm vài buổi. Lý do chính: Monitor. Mức đánh giá 3/5, trong lần đánh giá hôm nay.",1,0.0069
"Bài TRX Fallouts dùng được, hiện tại tôi muốn giữ lựa chọn mở thay vì đổi ngay. Lý do chính: Monitor. Mức đánh giá 3/5, sau khi hoàn thành phần chính.",1,0.0069
"TRX Pistol Squat ở mức chấp nhận được, tôi chưa có ưu tiên mạnh và muốn theo dõi thêm vài buổi. Lý do chính: Monitor. Mức đánh giá 3/5, ở lần ghi nhận gần đây.",1,0.0069
"Bài TRX Suspension Row dùng được, hiện tại tôi muốn giữ lựa chọn mở thay vì đổi ngay. Lý do chính: Monitor. Mức đánh giá 3/5, sau khi hoàn thành phần chính.",1,0.0069
"Tôi thấy Single-Arm TRX Row bình thường, độ khó tương đối ổn nhưng chưa phải bài tôi thích nhất. Lý do chính: Monitor. Mức đánh giá 3/5, ở phần cuối buổi.",1,0.0069
"TRX Pistol Squat ở mức chấp nhận được, tôi chưa có ưu tiên mạnh và muốn theo dõi thêm vài buổi. Lý do chính: Monitor. Mức đánh giá 3/5, trong nhịp tập tuần này.",1,0.0069
"Single-Leg Leg Extension ở mức chấp nhận được, tôi chưa có ưu tiên mạnh và muốn theo dõi thêm vài buổi. Lý do chính: Monitor. Mức đánh giá 3/5, trong nhịp tập tuần này.",1,0.0069
"Machine Hip Thrust ở mức chấp nhận được, tôi chưa có ưu tiên mạnh và muốn theo dõi thêm vài buổi. Lý do chính: Monitor. Mức đánh giá 3/5, trong lần đánh giá hôm nay.",1,0.0069
"Bài TRX Suspension Row dùng được, hiện tại tôi muốn giữ lựa chọn mở thay vì đổi ngay. Lý do chính: Monitor. Mức đánh giá 3/5, khi theo giáo án hiện tại.",1,0.0069
"Tôi thấy Machine Leg Extension bình thường, độ khó tương đối ổn nhưng chưa phải bài tôi thích nhất. Lý do chính: Monitor. Mức đánh giá 3/5, ở phần cuối buổi.",1,0.0069
"Copenhagen Plank ở mức chấp nhận được, tôi chưa có ưu tiên mạnh và muốn theo dõi thêm vài buổi. Lý do chính: Monitor. Mức đánh giá 3/5, trong nhịp tập tuần này.",1,0.0069
"Bài Decline Push-Up dùng được, hiện tại tôi muốn giữ lựa chọn mở thay vì đổi ngay. Lý do chính: Monitor. Mức đánh giá 3/5, khi theo giáo án hiện tại.",1,0.0069
"Bài Machine Assisted Pull-Up dùng được, hiện tại tôi muốn giữ lựa chọn mở thay vì đổi ngay. Lý do chính: Monitor. Mức đánh giá 3/5, khi theo giáo án hiện tại.",1,0.0069
"Tôi thấy Machine Hip Thrust bình thường, độ khó tương đối ổn nhưng chưa phải bài tôi thích nhất. Lý do chính: Monitor. Mức đánh giá 3/5, khi xét cảm giác phục hồi.",1,0.0069
"Tôi thấy TRX Fallouts bình thường, độ khó tương đối ổn nhưng chưa phải bài tôi thích nhất. Lý do chính: Monitor. Mức đánh giá 3/5, ở phần cuối buổi.",1,0.0069
"Tôi thấy TRX Suspension Row bình thường, độ khó tương đối ổn nhưng chưa phải bài tôi thích nhất. Lý do chính: Monitor. Mức đánh giá 3/5, ở phần cuối buổi.",1,0.0069
"TRX Push-Up ở mức chấp nhận được, tôi chưa có ưu tiên mạnh và muốn theo dõi thêm vài buổi. Lý do chính: Monitor. Mức đánh giá 3/5, ở lần ghi nhận gần đây.",1,0.0069
"Tôi thấy Hack Squat bình thường, độ khó tương đối ổn nhưng chưa phải bài tôi thích nhất. Lý do chính: Monitor. Mức đánh giá 3/5, ở phần cuối buổi.",1,0.0069
"Bài Hack Squat dùng được, hiện tại tôi muốn giữ lựa chọn mở thay vì đổi ngay. Lý do chính: Monitor. Mức đánh giá 3/5, ở bối cảnh lịch tập này.",1,0.0069
"Bài Hack Squat dùng được, hiện tại tôi muốn giữ lựa chọn mở thay vì đổi ngay. Lý do chính: Monitor. Mức đánh giá 3/5, sau khi hoàn thành phần chính.",1,0.0069
"Hack Squat ở mức chấp nhận được, tôi chưa có ưu tiên mạnh và muốn theo dõi thêm vài buổi. Lý do chính: Monitor. Mức đánh giá 3/5, ở lần ghi nhận gần đây.",1,0.0069
"Tôi thấy Hack Squat bình thường, độ khó tương đối ổn nhưng chưa phải bài tôi thích nhất. Lý do chính: Monitor. Mức đánh giá 3/5, trong buổi tập này.",1,0.0069
"Hack Squat ở mức chấp nhận được, tôi chưa có ưu tiên mạnh và muốn theo dõi thêm vài buổi. Lý do chính: Monitor. Mức đánh giá 3/5, trong nhịp tập tuần này.",1,0.0069
"Tôi thấy Crab Walk bình thường, độ khó tương đối ổn nhưng chưa phải bài tôi thích nhất. Lý do chính: Monitor. Mức đánh giá 3/5, khi xét cảm giác phục hồi.",1,0.0069
"Seated Inner Thigh Adductor Machine ở mức chấp nhận được, tôi chưa có ưu tiên mạnh và muốn theo dõi thêm vài buổi. Lý do chính: Monitor. Mức đánh giá 3/5, trong nhịp tập tuần này.",1,0.0069
"Seated Machine Chest Press ở mức chấp nhận được, tôi chưa có ưu tiên mạnh và muốn theo dõi thêm vài buổi. Lý do chính: Monitor. Mức đánh giá 3/5, ở lần ghi nhận gần đây.",1,0.0069
"Tôi thấy Single-Leg Glute Bridge bình thường, độ khó tương đối ổn nhưng chưa phải bài tôi thích nhất. Lý do chính: Monitor. Mức đánh giá 3/5, ở phần cuối buổi.",1,0.0069
"Tôi thấy Bird Dog bình thường, độ khó tương đối ổn nhưng chưa phải bài tôi thích nhất. Lý do chính: Monitor. Mức đánh giá 3/5, khi xét cảm giác phục hồi.",1,0.0069
"Tôi thấy Sissy Squat bình thường, độ khó tương đối ổn nhưng chưa phải bài tôi thích nhất. Lý do chính: Monitor. Mức đánh giá 3/5, khi tập với mức hiện tại.",1,0.0069
"Hindu Push-Up ở mức chấp nhận được, tôi chưa có ưu tiên mạnh và muốn theo dõi thêm vài buổi. Lý do chính: Monitor. Mức đánh giá 3/5, trong nhịp tập tuần này.",1,0.0069
"Bài Side-Lying Inner Thigh Raise dùng được, hiện tại tôi muốn giữ lựa chọn mở thay vì đổi ngay. Lý do chính: Monitor. Mức đánh giá 3/5, khi so với khả năng hiện tại.",1,0.0069
"Bài Sissy Squat dùng được, hiện tại tôi muốn giữ lựa chọn mở thay vì đổi ngay. Lý do chính: Monitor. Mức đánh giá 3/5, khi theo giáo án hiện tại.",1,0.0069
"Bài Sissy Squat dùng được, hiện tại tôi muốn giữ lựa chọn mở thay vì đổi ngay. Lý do chính: Monitor. Mức đánh giá 3/5, sau khi hoàn thành phần chính.",1,0.0069
"Sissy Squat ở mức chấp nhận được, tôi chưa có ưu tiên mạnh và muốn theo dõi thêm vài buổi. Lý do chính: Monitor. Mức đánh giá 3/5, ở lần ghi nhận gần đây.",1,0.0069
"Tôi thấy Hindu Push-Up bình thường, độ khó tương đối ổn nhưng chưa phải bài tôi thích nhất. Lý do chính: Monitor. Mức đánh giá 3/5, ở phần cuối buổi.",1,0.0069
"V-Up ở mức chấp nhận được, tôi chưa có ưu tiên mạnh và muốn theo dõi thêm vài buổi. Lý do chính: Monitor. Mức đánh giá 3/5, trong lần đánh giá hôm nay.",1,0.0069
"Bài Glute Bridge dùng được, hiện tại tôi muốn giữ lựa chọn mở thay vì đổi ngay. Lý do chính: Monitor. Mức đánh giá 3/5, sau khi hoàn thành phần chính.",1,0.0069
"Tôi thấy Side-Lying Inner Thigh Raise bình thường, độ khó tương đối ổn nhưng chưa phải bài tôi thích nhất. Lý do chính: Monitor. Mức đánh giá 3/5, khi tập với mức hiện tại.",1,0.0069
"Bài Sissy Squat dùng được, hiện tại tôi muốn giữ lựa chọn mở thay vì đổi ngay. Lý do chính: Monitor. Mức đánh giá 3/5, ở bối cảnh lịch tập này.",1,0.0069
"Bài Hindu Push-Up dùng được, hiện tại tôi muốn giữ lựa chọn mở thay vì đổi ngay. Lý do chính: Monitor. Mức đánh giá 3/5, sau khi hoàn thành phần chính.",1,0.0069
"Mountain Climbers ở mức chấp nhận được, tôi chưa có ưu tiên mạnh và muốn theo dõi thêm vài buổi. Lý do chính: Monitor. Mức đánh giá 3/5, ở lần ghi nhận gần đây.",1,0.0069
"Bài Dumbbell Hammer Curl dùng được, hiện tại tôi muốn giữ lựa chọn mở thay vì đổi ngay. Lý do chính: Monitor. Mức đánh giá 3/5, khi theo giáo án hiện tại.",1,0.0069
"Bài Wall Sit dùng được, hiện tại tôi muốn giữ lựa chọn mở thay vì đổi ngay. Lý do chính: Monitor. Mức đánh giá 3/5, sau khi hoàn thành phần chính.",1,0.0069
"Tôi thấy Wall Slide bình thường, độ khó tương đối ổn nhưng chưa phải bài tôi thích nhất. Lý do chính: Monitor. Mức đánh giá 3/5, khi xét cảm giác phục hồi.",1,0.0069
"Tibialis Raise ở mức chấp nhận được, tôi chưa có ưu tiên mạnh và muốn theo dõi thêm vài buổi. Lý do chính: Monitor. Mức đánh giá 3/5, ở lần ghi nhận gần đây.",1,0.0069
"Tôi thấy Chest-Supported Dumbbell Row bình thường, độ khó tương đối ổn nhưng chưa phải bài tôi thích nhất. Lý do chính: Monitor. Mức đánh giá 3/5, trong buổi tập này.",1,0.0069
"Tôi thấy Dumbbell Hammer Curl bình thường, độ khó tương đối ổn nhưng chưa phải bài tôi thích nhất. Lý do chính: Monitor. Mức đánh giá 3/5, khi tập với mức hiện tại.",1,0.0069
"Tibialis Raise ở mức chấp nhận được, tôi chưa có ưu tiên mạnh và muốn theo dõi thêm vài buổi. Lý do chính: Monitor. Mức đánh giá 3/5, trong nhịp tập tuần này.",1,0.0069
"Bài Wall Sit dùng được, hiện tại tôi muốn giữ lựa chọn mở thay vì đổi ngay. Lý do chính: Monitor. Mức đánh giá 3/5, ở bối cảnh lịch tập này.",1,0.0069
"Bài Chest-Supported Dumbbell Row dùng được, hiện tại tôi muốn giữ lựa chọn mở thay vì đổi ngay. Lý do chính: Monitor. Mức đánh giá 3/5, sau khi hoàn thành phần chính.",1,0.0069
"Bài Dumbbell Front Raise dùng được, hiện tại tôi muốn giữ lựa chọn mở thay vì đổi ngay. Lý do chính: Monitor. Mức đánh giá 3/5, khi so với khả năng hiện tại.",1,0.0069
"Tôi thấy Dumbbell Hammer Curl bình thường, độ khó tương đối ổn nhưng chưa phải bài tôi thích nhất. Lý do chính: Monitor. Mức đánh giá 3/5, khi xét cảm giác phục hồi.",1,0.0069
"Tôi thấy Wall Sit bình thường, độ khó tương đối ổn nhưng chưa phải bài tôi thích nhất. Lý do chính: Monitor. Mức đánh giá 3/5, khi tập với mức hiện tại.",1,0.0069
"Tôi thấy Tibialis Raise bình thường, độ khó tương đối ổn nhưng chưa phải bài tôi thích nhất. Lý do chính: Monitor. Mức đánh giá 3/5, trong buổi tập này.",1,0.0069
"Bài Donkey Calf Raise dùng được, hiện tại tôi muốn giữ lựa chọn mở thay vì đổi ngay. Lý do chính: Monitor. Mức đánh giá 3/5, khi theo giáo án hiện tại.",1,0.0069
"Burpee ở mức chấp nhận được, tôi chưa có ưu tiên mạnh và muốn theo dõi thêm vài buổi. Lý do chính: Monitor. Mức đánh giá 3/5, ở lần ghi nhận gần đây.",1,0.0069
"Plank ở mức chấp nhận được, tôi chưa có ưu tiên mạnh và muốn theo dõi thêm vài buổi. Lý do chính: Monitor. Mức đánh giá 3/5, trong nhịp tập tuần này.",1,0.0069
"Bird Dog ở mức chấp nhận được, tôi chưa có ưu tiên mạnh và muốn theo dõi thêm vài buổi. Lý do chính: Monitor. Mức đánh giá 3/5, sau vài set đầu.",1,0.0069
"Dumbbell Hammer Curl ở mức chấp nhận được, tôi chưa có ưu tiên mạnh và muốn theo dõi thêm vài buổi. Lý do chính: Monitor. Mức đánh giá 3/5, trong nhịp tập tuần này.",1,0.0069
"Bài Dumbbell Romanian Deadlift dùng được, hiện tại tôi muốn giữ lựa chọn mở thay vì đổi ngay. Lý do chính: Monitor. Mức đánh giá 3/5, ở bối cảnh lịch tập này.",1,0.0069
"Bài Dumbbell Hammer Curl dùng được, hiện tại tôi muốn giữ lựa chọn mở thay vì đổi ngay. Lý do chính: Monitor. Mức đánh giá 3/5, sau khi hoàn thành phần chính.",1,0.0069
"Dumbbell Hammer Curl ở mức chấp nhận được, tôi chưa có ưu tiên mạnh và muốn theo dõi thêm vài buổi. Lý do chính: Monitor. Mức đánh giá 3/5, trong lần đánh giá hôm nay.",1,0.0069
"Bài Chest-Supported T-Bar Row dùng được, hiện tại tôi muốn giữ lựa chọn mở thay vì đổi ngay. Lý do chính: Monitor. Mức đánh giá 3/5, khi so với khả năng hiện tại.",1,0.0069
"Copenhagen Plank ở mức chấp nhận được, tôi chưa có ưu tiên mạnh và muốn theo dõi thêm vài buổi. Lý do chính: Monitor. Mức đánh giá 3/5, trong lần đánh giá hôm nay.",1,0.0069
"Tôi thấy Single-Arm Smith Machine Row bình thường, độ khó tương đối ổn nhưng chưa phải bài tôi thích nhất. Lý do chính: Monitor. Mức đánh giá 3/5, khi xét cảm giác phục hồi.",1,0.0069
"Tôi thấy Decline Push-Up bình thường, độ khó tương đối ổn nhưng chưa phải bài tôi thích nhất. Lý do chính: Monitor. Mức đánh giá 3/5, khi tập với mức hiện tại.",1,0.0069
"Bài Smith Machine Shrug dùng được, hiện tại tôi muốn giữ lựa chọn mở thay vì đổi ngay. Lý do chính: Monitor. Mức đánh giá 3/5, khi theo giáo án hiện tại.",1,0.0069
"Tôi thấy Decline Push-Up bình thường, độ khó tương đối ổn nhưng chưa phải bài tôi thích nhất. Lý do chính: Monitor. Mức đánh giá 3/5, ở phần cuối buổi.",1,0.0069
"Bài Spiderman Push-Up dùng được, hiện tại tôi muốn giữ lựa chọn mở thay vì đổi ngay. Lý do chính: Monitor. Mức đánh giá 3/5, khi theo giáo án hiện tại.",1,0.0069
"Tôi thấy Machine Lateral Raise bình thường, độ khó tương đối ổn nhưng chưa phải bài tôi thích nhất. Lý do chính: Monitor. Mức đánh giá 3/5, trong buổi tập này.",1,0.0069
"Bài Machine Lateral Raise dùng được, hiện tại tôi muốn giữ lựa chọn mở thay vì đổi ngay. Lý do chính: Monitor. Mức đánh giá 3/5, ở bối cảnh lịch tập này.",1,0.0069
"Burpee ở mức chấp nhận được, tôi chưa có ưu tiên mạnh và muốn theo dõi thêm vài buổi. Lý do chính: Monitor. Mức đánh giá 3/5, trong nhịp tập tuần này.",1,0.0069
"Plank ở mức chấp nhận được, tôi chưa có ưu tiên mạnh và muốn theo dõi thêm vài buổi. Lý do chính: Monitor. Mức đánh giá 3/5, trong lần đánh giá hôm nay.",1,0.0069
"Mountain Climbers ở mức chấp nhận được, tôi chưa có ưu tiên mạnh và muốn theo dõi thêm vài buổi. Lý do chính: Monitor. Mức đánh giá 3/5, sau vài set đầu.",1,0.0069
"Front Plank with Reach ở mức chấp nhận được, tôi chưa có ưu tiên mạnh và muốn theo dõi thêm vài buổi. Lý do chính: Monitor. Mức đánh giá 3/5, ở lần ghi nhận gần đây.",1,0.0069
"Bài Front Plank with Reach dùng được, hiện tại tôi muốn giữ lựa chọn mở thay vì đổi ngay. Lý do chính: Monitor. Mức đánh giá 3/5, khi theo giáo án hiện tại.",1,0.0069
"Hindu Push-Up ở mức chấp nhận được, tôi chưa có ưu tiên mạnh và muốn theo dõi thêm vài buổi. Lý do chính: Monitor. Mức đánh giá 3/5, sau vài set đầu.",1,0.0069
"Bài Glute Bridge March dùng được, hiện tại tôi muốn giữ lựa chọn mở thay vì đổi ngay. Lý do chính: Monitor. Mức đánh giá 3/5, khi so với khả năng hiện tại.",1,0.0069
"Side Plank ở mức chấp nhận được, tôi chưa có ưu tiên mạnh và muốn theo dõi thêm vài buổi. Lý do chính: Monitor. Mức đánh giá 3/5, trong nhịp tập tuần này.",1,0.0069
"Tôi thấy Mountain Climbers bình thường, độ khó tương đối ổn nhưng chưa phải bài tôi thích nhất. Lý do chính: Monitor. Mức đánh giá 3/5, khi xét cảm giác phục hồi.",1,0.0069
"Leg Press ở mức chấp nhận được, tôi chưa có ưu tiên mạnh và muốn theo dõi thêm vài buổi. Lý do chính: Monitor. Mức đánh giá 3/5, trong nhịp tập tuần này.",1,0.0069
"Leg Press Calf Raise ở mức chấp nhận được, tôi chưa có ưu tiên mạnh và muốn theo dõi thêm vài buổi. Lý do chính: Monitor. Mức đánh giá 3/5, trong lần đánh giá hôm nay.",1,0.0069
"Tôi thấy Glute Kickback Machine bình thường, độ khó tương đối ổn nhưng chưa phải bài tôi thích nhất. Lý do chính: Monitor. Mức đánh giá 3/5, ở phần cuối buổi.",1,0.0069
"Bài Single-Leg Leg Press dùng được, hiện tại tôi muốn giữ lựa chọn mở thay vì đổi ngay. Lý do chính: Monitor. Mức đánh giá 3/5, ở bối cảnh lịch tập này.",1,0.0069
"Tôi thấy Seated Outer Thigh Abductor Machine bình thường, độ khó tương đối ổn nhưng chưa phải bài tôi thích nhất. Lý do chính: Monitor. Mức đánh giá 3/5, ở phần cuối buổi.",1,0.0069
"Leg Press Calf Raise ở mức chấp nhận được, tôi chưa có ưu tiên mạnh và muốn theo dõi thêm vài buổi. Lý do chính: Monitor. Mức đánh giá 3/5, sau vài set đầu.",1,0.0069
"Tôi thấy Single-Leg Leg Press bình thường, độ khó tương đối ổn nhưng chưa phải bài tôi thích nhất. Lý do chính: Monitor. Mức đánh giá 3/5, trong buổi tập này.",1,0.0069
"Glute Kickback Machine ở mức chấp nhận được, tôi chưa có ưu tiên mạnh và muốn theo dõi thêm vài buổi. Lý do chính: Monitor. Mức đánh giá 3/5, trong nhịp tập tuần này.",1,0.0069
"Glute Kickback Machine ở mức chấp nhận được, tôi chưa có ưu tiên mạnh và muốn theo dõi thêm vài buổi. Lý do chính: Monitor. Mức đánh giá 3/5, sau vài set đầu.",1,0.0069
"Tôi thấy Leg Press Calf Raise bình thường, độ khó tương đối ổn nhưng chưa phải bài tôi thích nhất. Lý do chính: Monitor. Mức đánh giá 3/5, ở phần cuối buổi.",1,0.0069
"Tôi thấy Glute Kickback Machine bình thường, độ khó tương đối ổn nhưng chưa phải bài tôi thích nhất. Lý do chính: Monitor. Mức đánh giá 3/5, trong buổi tập này.",1,0.0069
"Tôi thấy Machine Hip Abductor bình thường, độ khó tương đối ổn nhưng chưa phải bài tôi thích nhất. Lý do chính: Monitor. Mức đánh giá 3/5, ở phần cuối buổi.",1,0.0069
"Bài Glute Kickback Machine dùng được, hiện tại tôi muốn giữ lựa chọn mở thay vì đổi ngay. Lý do chính: Monitor. Mức đánh giá 3/5, khi so với khả năng hiện tại.",1,0.0069
"Single-Leg Leg Press ở mức chấp nhận được, tôi chưa có ưu tiên mạnh và muốn theo dõi thêm vài buổi. Lý do chính: Monitor. Mức đánh giá 3/5, trong nhịp tập tuần này.",1,0.0069
"Single-Leg Glute Bridge ở mức chấp nhận được, tôi chưa có ưu tiên mạnh và muốn theo dõi thêm vài buổi. Lý do chính: Monitor. Mức đánh giá 3/5, sau vài set đầu.",1,0.0069
"Side-Lying Inner Thigh Raise ở mức chấp nhận được, tôi chưa có ưu tiên mạnh và muốn theo dõi thêm vài buổi. Lý do chính: Monitor. Mức đánh giá 3/5, sau vài set đầu.",1,0.0069
"Bài Bird Dog dùng được, hiện tại tôi muốn giữ lựa chọn mở thay vì đổi ngay. Lý do chính: Monitor. Mức đánh giá 3/5, khi so với khả năng hiện tại.",1,0.0069
"Lying Leg Raise ở mức chấp nhận được, tôi chưa có ưu tiên mạnh và muốn theo dõi thêm vài buổi. Lý do chính: Monitor. Mức đánh giá 3/5, sau vài set đầu.",1,0.0069
"Bài Reverse Nordic Curl dùng được, hiện tại tôi muốn giữ lựa chọn mở thay vì đổi ngay. Lý do chính: Monitor. Mức đánh giá 3/5, khi theo giáo án hiện tại.",1,0.0069
"Side-Lying Inner Thigh Raise ở mức chấp nhận được, tôi chưa có ưu tiên mạnh và muốn theo dõi thêm vài buổi. Lý do chính: Monitor. Mức đánh giá 3/5, trong lần đánh giá hôm nay.",1,0.0069
"Bài Side Plank dùng được, hiện tại tôi muốn giữ lựa chọn mở thay vì đổi ngay. Lý do chính: Monitor. Mức đánh giá 3/5, sau khi hoàn thành phần chính.",1,0.0069
"Tôi thấy Donkey Kick bình thường, độ khó tương đối ổn nhưng chưa phải bài tôi thích nhất. Lý do chính: Monitor. Mức đánh giá 3/5, khi xét cảm giác phục hồi.",1,0.0069
"Bài Bicycle Crunch dùng được, hiện tại tôi muốn giữ lựa chọn mở thay vì đổi ngay. Lý do chính: Monitor. Mức đánh giá 3/5, khi so với khả năng hiện tại.",1,0.0069
"Bài Side Plank dùng được, hiện tại tôi muốn giữ lựa chọn mở thay vì đổi ngay. Lý do chính: Monitor. Mức đánh giá 3/5, ở bối cảnh lịch tập này.",1,0.0069
"Glute Bridge March ở mức chấp nhận được, tôi chưa có ưu tiên mạnh và muốn theo dõi thêm vài buổi. Lý do chính: Monitor. Mức đánh giá 3/5, trong lần đánh giá hôm nay.",1,0.0069
"Side Plank ở mức chấp nhận được, tôi chưa có ưu tiên mạnh và muốn theo dõi thêm vài buổi. Lý do chính: Monitor. Mức đánh giá 3/5, ở lần ghi nhận gần đây.",1,0.0069
"Bài EZ-Bar Preacher Curl dùng được, hiện tại tôi muốn giữ lựa chọn mở thay vì đổi ngay. Lý do chính: Monitor. Mức đánh giá 3/5, sau khi hoàn thành phần chính.",1,0.0069
"Tôi thấy Close-Grip Push-Up bình thường, độ khó tương đối ổn nhưng chưa phải bài tôi thích nhất. Lý do chính: Monitor. Mức đánh giá 3/5, khi xét cảm giác phục hồi.",1,0.0069
"Tôi thấy EZ-Bar Preacher Curl bình thường, độ khó tương đối ổn nhưng chưa phải bài tôi thích nhất. Lý do chính: Monitor. Mức đánh giá 3/5, ở phần cuối buổi.",1,0.0069
"Bài EZ-Bar Preacher Curl dùng được, hiện tại tôi muốn giữ lựa chọn mở thay vì đổi ngay. Lý do chính: Monitor. Mức đánh giá 3/5, khi so với khả năng hiện tại.",1,0.0069
"Bài Pull-Up dùng được, hiện tại tôi muốn giữ lựa chọn mở thay vì đổi ngay. Lý do chính: Monitor. Mức đánh giá 3/5, ở bối cảnh lịch tập này.",1,0.0069
"Bài Pull-Up dùng được, hiện tại tôi muốn giữ lựa chọn mở thay vì đổi ngay. Lý do chính: Monitor. Mức đánh giá 3/5, sau khi hoàn thành phần chính.",1,0.0069
"Hanging Leg Raise ở mức chấp nhận được, tôi chưa có ưu tiên mạnh và muốn theo dõi thêm vài buổi. Lý do chính: Monitor. Mức đánh giá 3/5, trong lần đánh giá hôm nay.",1,0.0069
"Bài Pistol Squat dùng được, hiện tại tôi muốn giữ lựa chọn mở thay vì đổi ngay. Lý do chính: Monitor. Mức đánh giá 3/5, khi theo giáo án hiện tại.",1,0.0069
"Hanging Windshield Wiper ở mức chấp nhận được, tôi chưa có ưu tiên mạnh và muốn theo dõi thêm vài buổi. Lý do chính: Monitor. Mức đánh giá 3/5, ở lần ghi nhận gần đây.",1,0.0069
"Bài Hanging Windshield Wiper dùng được, hiện tại tôi muốn giữ lựa chọn mở thay vì đổi ngay. Lý do chính: Monitor. Mức đánh giá 3/5, ở bối cảnh lịch tập này.",1,0.0069
"Hanging Leg Raise ở mức chấp nhận được, tôi chưa có ưu tiên mạnh và muốn theo dõi thêm vài buổi. Lý do chính: Monitor. Mức đánh giá 3/5, ở lần ghi nhận gần đây.",1,0.0069
"Pistol Squat ở mức chấp nhận được, tôi chưa có ưu tiên mạnh và muốn theo dõi thêm vài buổi. Lý do chính: Monitor. Mức đánh giá 3/5, sau vài set đầu.",1,0.0069
"Chin-Up ở mức chấp nhận được, tôi chưa có ưu tiên mạnh và muốn theo dõi thêm vài buổi. Lý do chính: Monitor. Mức đánh giá 3/5, sau vài set đầu.",1,0.0069
"Bài Pistol Squat dùng được, hiện tại tôi muốn giữ lựa chọn mở thay vì đổi ngay. Lý do chính: Monitor. Mức đánh giá 3/5, khi so với khả năng hiện tại.",1,0.0069
"Chin-Up ở mức chấp nhận được, tôi chưa có ưu tiên mạnh và muốn theo dõi thêm vài buổi. Lý do chính: Monitor. Mức đánh giá 3/5, trong lần đánh giá hôm nay.",1,0.0069
"Bài Hanging Windshield Wiper dùng được, hiện tại tôi muốn giữ lựa chọn mở thay vì đổi ngay. Lý do chính: Monitor. Mức đánh giá 3/5, khi theo giáo án hiện tại.",1,0.0069
"Tôi thấy Pistol Squat bình thường, độ khó tương đối ổn nhưng chưa phải bài tôi thích nhất. Lý do chính: Monitor. Mức đánh giá 3/5, khi xét cảm giác phục hồi.",1,0.0069
"Bài Machine Row dùng được, hiện tại tôi muốn giữ lựa chọn mở thay vì đổi ngay. Lý do chính: Monitor. Mức đánh giá 3/5, khi so với khả năng hiện tại.",1,0.0069
"Bài Machine Row dùng được, hiện tại tôi muốn giữ lựa chọn mở thay vì đổi ngay. Lý do chính: Monitor. Mức đánh giá 3/5, sau khi hoàn thành phần chính.",1,0.0069
"Tôi thấy Machine Row bình thường, độ khó tương đối ổn nhưng chưa phải bài tôi thích nhất. Lý do chính: Monitor. Mức đánh giá 3/5, khi xét cảm giác phục hồi.",1,0.0069
"Donkey Calf Raise ở mức chấp nhận được, tôi chưa có ưu tiên mạnh và muốn theo dõi thêm vài buổi. Lý do chính: Monitor. Mức đánh giá 3/5, ở lần ghi nhận gần đây.",1,0.0069
"Bài Barbell Upright Row dùng được, hiện tại tôi muốn giữ lựa chọn mở thay vì đổi ngay. Lý do chính: Monitor. Mức đánh giá 3/5, ở bối cảnh lịch tập này.",1,0.0069
"Tôi thấy Barbell Biceps Curl bình thường, độ khó tương đối ổn nhưng chưa phải bài tôi thích nhất. Lý do chính: Monitor. Mức đánh giá 3/5, khi tập với mức hiện tại.",1,0.0069
"Bài Machine Assisted Dip dùng được, hiện tại tôi muốn giữ lựa chọn mở thay vì đổi ngay. Lý do chính: Monitor. Mức đánh giá 3/5, khi theo giáo án hiện tại.",1,0.0069
"Bài Single-Leg Glute Bridge dùng được, hiện tại tôi muốn giữ lựa chọn mở thay vì đổi ngay. Lý do chính: Monitor. Mức đánh giá 3/5, ở bối cảnh lịch tập này.",1,0.0069
"Tôi thấy Barbell Shrug bình thường, độ khó tương đối ổn nhưng chưa phải bài tôi thích nhất. Lý do chính: Monitor. Mức đánh giá 3/5, ở phần cuối buổi.",1,0.0069
"Tôi thấy Barbell Upright Row bình thường, độ khó tương đối ổn nhưng chưa phải bài tôi thích nhất. Lý do chính: Monitor. Mức đánh giá 3/5, khi tập với mức hiện tại.",1,0.0069
"B-Stance Barbell RDL ở mức chấp nhận được, tôi chưa có ưu tiên mạnh và muốn theo dõi thêm vài buổi. Lý do chính: Monitor. Mức đánh giá 3/5, trong nhịp tập tuần này.",1,0.0069
"Bài Barbell Biceps Curl dùng được, hiện tại tôi muốn giữ lựa chọn mở thay vì đổi ngay. Lý do chính: Monitor. Mức đánh giá 3/5, khi so với khả năng hiện tại.",1,0.0069
"Bài Machine Assisted Dip dùng được, hiện tại tôi muốn giữ lựa chọn mở thay vì đổi ngay. Lý do chính: Monitor. Mức đánh giá 3/5, sau khi hoàn thành phần chính.",1,0.0069
"Barbell Shrug ở mức chấp nhận được, tôi chưa có ưu tiên mạnh và muốn theo dõi thêm vài buổi. Lý do chính: Monitor. Mức đánh giá 3/5, trong nhịp tập tuần này.",1,0.0069
"Tôi thấy Barbell Upright Row bình thường, độ khó tương đối ổn nhưng chưa phải bài tôi thích nhất. Lý do chính: Monitor. Mức đánh giá 3/5, khi xét cảm giác phục hồi.",1,0.0069
"Bài B-Stance Barbell RDL dùng được, hiện tại tôi muốn giữ lựa chọn mở thay vì đổi ngay. Lý do chính: Monitor. Mức đánh giá 3/5, sau khi hoàn thành phần chính.",1,0.0069
"Barbell Biceps Curl ở mức chấp nhận được, tôi chưa có ưu tiên mạnh và muốn theo dõi thêm vài buổi. Lý do chính: Monitor. Mức đánh giá 3/5, trong nhịp tập tuần này.",1,0.0069
"Tôi thấy Machine Assisted Dip bình thường, độ khó tương đối ổn nhưng chưa phải bài tôi thích nhất. Lý do chính: Monitor. Mức đánh giá 3/5, khi tập với mức hiện tại.",1,0.0069
"Single-Leg Glute Bridge ở mức chấp nhận được, tôi chưa có ưu tiên mạnh và muốn theo dõi thêm vài buổi. Lý do chính: Monitor. Mức đánh giá 3/5, trong lần đánh giá hôm nay.",1,0.0069
"Barbell Shrug ở mức chấp nhận được, tôi chưa có ưu tiên mạnh và muốn theo dõi thêm vài buổi. Lý do chính: Monitor. Mức đánh giá 3/5, ở lần ghi nhận gần đây.",1,0.0069
"Bài Barbell Upright Row dùng được, hiện tại tôi muốn giữ lựa chọn mở thay vì đổi ngay. Lý do chính: Monitor. Mức đánh giá 3/5, khi theo giáo án hiện tại.",1,0.0069
"Tôi thấy B-Stance Barbell RDL bình thường, độ khó tương đối ổn nhưng chưa phải bài tôi thích nhất. Lý do chính: Monitor. Mức đánh giá 3/5, khi tập với mức hiện tại.",1,0.0069
"Tôi thấy Barbell Biceps Curl bình thường, độ khó tương đối ổn nhưng chưa phải bài tôi thích nhất. Lý do chính: Monitor. Mức đánh giá 3/5, khi xét cảm giác phục hồi.",1,0.0069
"Tôi thấy Donkey Calf Raise bình thường, độ khó tương đối ổn nhưng chưa phải bài tôi thích nhất. Lý do chính: Monitor. Mức đánh giá 3/5, ở phần cuối buổi.",1,0.0069
"Bài Barbell Upright Row dùng được, hiện tại tôi muốn giữ lựa chọn mở thay vì đổi ngay. Lý do chính: Monitor. Mức đánh giá 3/5, khi so với khả năng hiện tại.",1,0.0069
"B-Stance Barbell RDL ở mức chấp nhận được, tôi chưa có ưu tiên mạnh và muốn theo dõi thêm vài buổi. Lý do chính: Monitor. Mức đánh giá 3/5, ở lần ghi nhận gần đây.",1,0.0069
"Barbell Upright Row ở mức chấp nhận được, tôi chưa có ưu tiên mạnh và muốn theo dõi thêm vài buổi. Lý do chính: Monitor. Mức đánh giá 3/5, sau vài set đầu.",1,0.0069
"Tôi thấy Pike Push-Up bình thường, độ khó tương đối ổn nhưng chưa phải bài tôi thích nhất. Lý do chính: Monitor. Mức đánh giá 3/5, khi tập với mức hiện tại.",1,0.0069
"Tôi thấy Single-Leg Glute Bridge bình thường, độ khó tương đối ổn nhưng chưa phải bài tôi thích nhất. Lý do chính: Monitor. Mức đánh giá 3/5, trong buổi tập này.",1,0.0069
"Tôi thấy Donkey Calf Raise bình thường, độ khó tương đối ổn nhưng chưa phải bài tôi thích nhất. Lý do chính: Monitor. Mức đánh giá 3/5, khi tập với mức hiện tại.",1,0.0069
"Bài Barbell Shrug dùng được, hiện tại tôi muốn giữ lựa chọn mở thay vì đổi ngay. Lý do chính: Monitor. Mức đánh giá 3/5, sau khi hoàn thành phần chính.",1,0.0069
"Barbell Upright Row ở mức chấp nhận được, tôi chưa có ưu tiên mạnh và muốn theo dõi thêm vài buổi. Lý do chính: Monitor. Mức đánh giá 3/5, trong nhịp tập tuần này.",1,0.0069
"Bài B-Stance Barbell RDL dùng được, hiện tại tôi muốn giữ lựa chọn mở thay vì đổi ngay. Lý do chính: Monitor. Mức đánh giá 3/5, khi theo giáo án hiện tại.",1,0.0069
"Bài Barbell Biceps Curl dùng được, hiện tại tôi muốn giữ lựa chọn mở thay vì đổi ngay. Lý do chính: Monitor. Mức đánh giá 3/5, ở bối cảnh lịch tập này.",1,0.0069
"Smith Machine Shrug ở mức chấp nhận được, tôi chưa có ưu tiên mạnh và muốn theo dõi thêm vài buổi. Lý do chính: Monitor. Mức đánh giá 3/5, sau vài set đầu.",1,0.0069
"Ab Crunch Machine ở mức chấp nhận được, tôi chưa có ưu tiên mạnh và muốn theo dõi thêm vài buổi. Lý do chính: Monitor. Mức đánh giá 3/5, sau vài set đầu.",1,0.0069
"Bài Seated Calf Raise dùng được, hiện tại tôi muốn giữ lựa chọn mở thay vì đổi ngay. Lý do chính: Monitor. Mức đánh giá 3/5, khi so với khả năng hiện tại.",1,0.0069
"Bài Smith Machine Upright Row dùng được, hiện tại tôi muốn giữ lựa chọn mở thay vì đổi ngay. Lý do chính: Monitor. Mức đánh giá 3/5, khi so với khả năng hiện tại.",1,0.0069
"Tôi thấy Seated Calf Raise bình thường, độ khó tương đối ổn nhưng chưa phải bài tôi thích nhất. Lý do chính: Monitor. Mức đánh giá 3/5, khi xét cảm giác phục hồi.",1,0.0069
"Tôi thấy Single-Arm Smith Machine Row bình thường, độ khó tương đối ổn nhưng chưa phải bài tôi thích nhất. Lý do chính: Monitor. Mức đánh giá 3/5, trong buổi tập này.",1,0.0069
"Tôi thấy Smith Machine Upright Row bình thường, độ khó tương đối ổn nhưng chưa phải bài tôi thích nhất. Lý do chính: Monitor. Mức đánh giá 3/5, ở phần cuối buổi.",1,0.0069
"Bài Single-Arm Smith Machine Row dùng được, hiện tại tôi muốn giữ lựa chọn mở thay vì đổi ngay. Lý do chính: Monitor. Mức đánh giá 3/5, ở bối cảnh lịch tập này.",1,0.0069
"Bài Close-Grip Push-Up dùng được, hiện tại tôi muốn giữ lựa chọn mở thay vì đổi ngay. Lý do chính: Monitor. Mức đánh giá 3/5, ở bối cảnh lịch tập này.",1,0.0069
"Bài Close-Grip Push-Up dùng được, hiện tại tôi muốn giữ lựa chọn mở thay vì đổi ngay. Lý do chính: Monitor. Mức đánh giá 3/5, khi so với khả năng hiện tại.",1,0.0069
"Machine Pec Deck Fly ở mức chấp nhận được, tôi chưa có ưu tiên mạnh và muốn theo dõi thêm vài buổi. Lý do chính: Monitor. Mức đánh giá 3/5, ở lần ghi nhận gần đây.",1,0.0069
"Medicine Ball Woodchop ở mức chấp nhận được, tôi chưa có ưu tiên mạnh và muốn theo dõi thêm vài buổi. Lý do chính: Monitor. Mức đánh giá 3/5, ở lần ghi nhận gần đây.",1,0.0069
"Bài Kettlebell Swing dùng được, hiện tại tôi muốn giữ lựa chọn mở thay vì đổi ngay. Lý do chính: Monitor. Mức đánh giá 3/5, khi theo giáo án hiện tại.",1,0.0069
"Tôi thấy Single-Arm TRX Row bình thường, độ khó tương đối ổn nhưng chưa phải bài tôi thích nhất. Lý do chính: Monitor. Mức đánh giá 3/5, khi xét cảm giác phục hồi.",1,0.0069
"Tôi thấy Machine Row bình thường, độ khó tương đối ổn nhưng chưa phải bài tôi thích nhất. Lý do chính: Monitor. Mức đánh giá 3/5, khi tập với mức hiện tại.",1,0.0069
"Tôi thấy Kettlebell Clean bình thường, độ khó tương đối ổn nhưng chưa phải bài tôi thích nhất. Lý do chính: Monitor. Mức đánh giá 3/5, ở phần cuối buổi.",1,0.0069
"Tôi thấy Medicine Ball Woodchop bình thường, độ khó tương đối ổn nhưng chưa phải bài tôi thích nhất. Lý do chính: Monitor. Mức đánh giá 3/5, khi tập với mức hiện tại.",1,0.0069
"Machine Pec Deck Fly ở mức chấp nhận được, tôi chưa có ưu tiên mạnh và muốn theo dõi thêm vài buổi. Lý do chính: Monitor. Mức đánh giá 3/5, trong nhịp tập tuần này.",1,0.0069
"Medicine Ball Woodchop ở mức chấp nhận được, tôi chưa có ưu tiên mạnh và muốn theo dõi thêm vài buổi. Lý do chính: Monitor. Mức đánh giá 3/5, trong nhịp tập tuần này.",1,0.0069
"Tôi thấy Kettlebell Swing bình thường, độ khó tương đối ổn nhưng chưa phải bài tôi thích nhất. Lý do chính: Monitor. Mức đánh giá 3/5, trong buổi tập này.",1,0.0069
"Machine Row ở mức chấp nhận được, tôi chưa có ưu tiên mạnh và muốn theo dõi thêm vài buổi. Lý do chính: Monitor. Mức đánh giá 3/5, trong nhịp tập tuần này.",1,0.0069
"Bài Kettlebell Clean dùng được, hiện tại tôi muốn giữ lựa chọn mở thay vì đổi ngay. Lý do chính: Monitor. Mức đánh giá 3/5, sau khi hoàn thành phần chính.",1,0.0069
"Tôi thấy Medicine Ball Slam bình thường, độ khó tương đối ổn nhưng chưa phải bài tôi thích nhất. Lý do chính: Monitor. Mức đánh giá 3/5, khi tập với mức hiện tại.",1,0.0069
"Tôi thấy Machine Pec Deck Fly bình thường, độ khó tương đối ổn nhưng chưa phải bài tôi thích nhất. Lý do chính: Monitor. Mức đánh giá 3/5, ở phần cuối buổi.",1,0.0069
"Medicine Ball Woodchop ở mức chấp nhận được, tôi chưa có ưu tiên mạnh và muốn theo dõi thêm vài buổi. Lý do chính: Monitor. Mức đánh giá 3/5, sau vài set đầu.",1,0.0069
"Tôi thấy Kettlebell Swing bình thường, độ khó tương đối ổn nhưng chưa phải bài tôi thích nhất. Lý do chính: Monitor. Mức đánh giá 3/5, khi tập với mức hiện tại.",1,0.0069
"Tôi thấy Machine Pec Deck Fly bình thường, độ khó tương đối ổn nhưng chưa phải bài tôi thích nhất. Lý do chính: Monitor. Mức đánh giá 3/5, khi tập với mức hiện tại.",1,0.0069
"Kettlebell Clean ở mức chấp nhận được, tôi chưa có ưu tiên mạnh và muốn theo dõi thêm vài buổi. Lý do chính: Monitor. Mức đánh giá 3/5, trong nhịp tập tuần này.",1,0.0069
"Bài Glute Bridge dùng được, hiện tại tôi muốn giữ lựa chọn mở thay vì đổi ngay. Lý do chính: Monitor. Mức đánh giá 3/5, khi so với khả năng hiện tại.",1,0.0069
"Tôi thấy Plank đang hơi nhẹ so với sức hiện tại, có thể tăng độ khó hoặc thêm volume vừa phải. Lý do chính: Good fit, Too easy. Mức đánh giá 5/5, khi xét cảm giác phục hồi.",1,0.0069
"Tôi thấy Single-Leg Leg Press đang hơi nhẹ so với sức hiện tại, có thể tăng độ khó hoặc thêm volume vừa phải. Lý do chính: Good fit, Too easy. Mức đánh giá 5/5, ở phần cuối buổi.",1,0.0069
"Tôi thấy Machine Assisted Pull-Up đang hơi nhẹ so với sức hiện tại, có thể tăng độ khó hoặc thêm volume vừa phải. Lý do chính: Good fit, Too easy. Mức đánh giá 4/5, khi tập với mức hiện tại.",1,0.0069
"Bài Machine Hip Thrust vào nhịp tốt, tôi muốn progression rõ hơn để tiếp tục tiến bộ. Lý do chính: Good fit, Too easy. Mức đánh giá 5/5, sau khi hoàn thành phần chính.",1,0.0069
"Tôi thấy TRX Fallouts đang hơi nhẹ so với sức hiện tại, có thể tăng độ khó hoặc thêm volume vừa phải. Lý do chính: Good fit, Too easy. Mức đánh giá 5/5, khi tập với mức hiện tại.",1,0.0069
"Bài TRX Suspension Row vào nhịp tốt, tôi muốn progression rõ hơn để tiếp tục tiến bộ. Lý do chính: Good fit, Too easy. Mức đánh giá 4/5, khi so với khả năng hiện tại.",1,0.0069
"Bài Leg Press vào nhịp tốt, tôi muốn progression rõ hơn để tiếp tục tiến bộ. Lý do chính: Good fit, Too easy. Mức đánh giá 4/5, khi theo giáo án hiện tại.",1,0.0069
"Tôi thấy Leg Extension đang hơi nhẹ so với sức hiện tại, có thể tăng độ khó hoặc thêm volume vừa phải. Lý do chính: Good fit, Too easy. Mức đánh giá 5/5, ở phần cuối buổi.",1,0.0069
"Bài Decline Push-Up vào nhịp tốt, tôi muốn progression rõ hơn để tiếp tục tiến bộ. Lý do chính: Good fit, Too easy. Mức đánh giá 4/5, khi theo giáo án hiện tại.",1,0.0069
"Tôi thấy Single-Leg Leg Extension đang hơi nhẹ so với sức hiện tại, có thể tăng độ khó hoặc thêm volume vừa phải. Lý do chính: Good fit, Too easy. Mức đánh giá 5/5, khi tập với mức hiện tại.",1,0.0069
"Tôi thấy Leg Press đang hơi nhẹ so với sức hiện tại, có thể tăng độ khó hoặc thêm volume vừa phải. Lý do chính: Good fit, Too easy. Mức đánh giá 4/5, ở phần cuối buổi.",1,0.0069
"Tôi thấy Copenhagen Adductor Drop đang hơi nhẹ so với sức hiện tại, có thể tăng độ khó hoặc thêm volume vừa phải. Lý do chính: Good fit, Too easy. Mức đánh giá 4/5, khi tập với mức hiện tại.",1,0.0069
"Bài TRX Suspension Row vào nhịp tốt, tôi muốn progression rõ hơn để tiếp tục tiến bộ. Lý do chính: Good fit, Too easy. Mức đánh giá 4/5, khi theo giáo án hiện tại.",1,0.0069
"Bài Machine Leg Extension vào nhịp tốt, tôi muốn progression rõ hơn để tiếp tục tiến bộ. Lý do chính: Good fit, Too easy. Mức đánh giá 5/5, ở bối cảnh lịch tập này.",1,0.0069
"Leg Extension khá dễ kiểm soát, tôi hoàn thành tốt và muốn tăng thử thách nhẹ ở lần tới. Lý do chính: Good fit, Too easy. Mức đánh giá 4/5, trong nhịp tập tuần này.",1,0.0069
"Single-Leg Leg Press khá dễ kiểm soát, tôi hoàn thành tốt và muốn tăng thử thách nhẹ ở lần tới. Lý do chính: Good fit, Too easy. Mức đánh giá 4/5, ở lần ghi nhận gần đây.",1,0.0069
"Bài Decline Push-Up vào nhịp tốt, tôi muốn progression rõ hơn để tiếp tục tiến bộ. Lý do chính: Good fit, Too easy. Mức đánh giá 5/5, khi theo giáo án hiện tại.",1,0.0069
"Machine Assisted Pull-Up khá dễ kiểm soát, tôi hoàn thành tốt và muốn tăng thử thách nhẹ ở lần tới. Lý do chính: Good fit, Too easy. Mức đánh giá 5/5, ở lần ghi nhận gần đây.",1,0.0069
"Machine Hip Thrust khá dễ kiểm soát, tôi hoàn thành tốt và muốn tăng thử thách nhẹ ở lần tới. Lý do chính: Good fit, Too easy. Mức đánh giá 4/5, ở lần ghi nhận gần đây.",1,0.0069
"Tôi thấy TRX Suspension Row đang hơi nhẹ so với sức hiện tại, có thể tăng độ khó hoặc thêm volume vừa phải. Lý do chính: Good fit, Too easy. Mức đánh giá 4/5, ở phần cuối buổi.",1,0.0069
"TRX Pistol Squat khá dễ kiểm soát, tôi hoàn thành tốt và muốn tăng thử thách nhẹ ở lần tới. Lý do chính: Good fit, Too easy. Mức đánh giá 5/5, trong nhịp tập tuần này.",1,0.0069
"Single-Leg Leg Extension khá dễ kiểm soát, tôi hoàn thành tốt và muốn tăng thử thách nhẹ ở lần tới. Lý do chính: Good fit, Too easy. Mức đánh giá 4/5, sau vài set đầu.",1,0.0069
"Bài Standing Ab Wheel Rollout vào nhịp tốt, tôi muốn progression rõ hơn để tiếp tục tiến bộ. Lý do chính: Good fit, Too easy. Mức đánh giá 5/5, khi theo giáo án hiện tại.",1,0.0069
"Leg Extension khá dễ kiểm soát, tôi hoàn thành tốt và muốn tăng thử thách nhẹ ở lần tới. Lý do chính: Good fit, Too easy. Mức đánh giá 5/5, ở lần ghi nhận gần đây.",1,0.0069
"Single-Leg Leg Press khá dễ kiểm soát, tôi hoàn thành tốt và muốn tăng thử thách nhẹ ở lần tới. Lý do chính: Good fit, Too easy. Mức đánh giá 5/5, trong nhịp tập tuần này.",1,0.0069
"Tôi thấy Machine Assisted Pull-Up đang hơi nhẹ so với sức hiện tại, có thể tăng độ khó hoặc thêm volume vừa phải. Lý do chính: Good fit, Too easy. Mức đánh giá 5/5, khi tập với mức hiện tại.",1,0.0069
"Machine Hip Thrust khá dễ kiểm soát, tôi hoàn thành tốt và muốn tăng thử thách nhẹ ở lần tới. Lý do chính: Good fit, Too easy. Mức đánh giá 4/5, trong lần đánh giá hôm nay.",1,0.0069
"Bài TRX Suspension Row vào nhịp tốt, tôi muốn progression rõ hơn để tiếp tục tiến bộ. Lý do chính: Good fit, Too easy. Mức đánh giá 4/5, sau khi hoàn thành phần chính.",1,0.0069
"Machine Hip Abductor khá dễ kiểm soát, tôi hoàn thành tốt và muốn tăng thử thách nhẹ ở lần tới. Lý do chính: Good fit, Too easy. Mức đánh giá 4/5, ở lần ghi nhận gần đây.",1,0.0069
"Tôi thấy Seated Outer Thigh Abductor Machine đang hơi nhẹ so với sức hiện tại, có thể tăng độ khó hoặc thêm volume vừa phải. Lý do chính: Good fit, Too easy. Mức đánh giá 5/5, khi tập với mức hiện tại.",1,0.0069
"Tôi thấy Machine Hip Abductor đang hơi nhẹ so với sức hiện tại, có thể tăng độ khó hoặc thêm volume vừa phải. Lý do chính: Good fit, Too easy. Mức đánh giá 4/5, khi xét cảm giác phục hồi.",1,0.0069
"Bài Seated Outer Thigh Abductor Machine vào nhịp tốt, tôi muốn progression rõ hơn để tiếp tục tiến bộ. Lý do chính: Good fit, Too easy. Mức đánh giá 5/5, sau khi hoàn thành phần chính.",1,0.0069
"Bài Machine Hip Abductor vào nhịp tốt, tôi muốn progression rõ hơn để tiếp tục tiến bộ. Lý do chính: Good fit, Too easy. Mức đánh giá 4/5, sau khi hoàn thành phần chính.",1,0.0069
"Seated Outer Thigh Abductor Machine khá dễ kiểm soát, tôi hoàn thành tốt và muốn tăng thử thách nhẹ ở lần tới. Lý do chính: Good fit, Too easy. Mức đánh giá 5/5, trong nhịp tập tuần này.",1,0.0069
"Seated Outer Thigh Abductor Machine khá dễ kiểm soát, tôi hoàn thành tốt và muốn tăng thử thách nhẹ ở lần tới. Lý do chính: Good fit, Too easy. Mức đánh giá 5/5, trong lần đánh giá hôm nay.",1,0.0069
"Machine Shoulder Press khá dễ kiểm soát, tôi hoàn thành tốt và muốn tăng thử thách nhẹ ở lần tới. Lý do chính: Good fit, Too easy. Mức đánh giá 5/5, trong nhịp tập tuần này.",1,0.0069
"Hack Squat khá dễ kiểm soát, tôi hoàn thành tốt và muốn tăng thử thách nhẹ ở lần tới. Lý do chính: Good fit, Too easy. Mức đánh giá 5/5, sau vài set đầu.",1,0.0069
"Seated Outer Thigh Abductor Machine khá dễ kiểm soát, tôi hoàn thành tốt và muốn tăng thử thách nhẹ ở lần tới. Lý do chính: Good fit, Too easy. Mức đánh giá 5/5, ở lần ghi nhận gần đây.",1,0.0069
"Machine Shoulder Press khá dễ kiểm soát, tôi hoàn thành tốt và muốn tăng thử thách nhẹ ở lần tới. Lý do chính: Good fit, Too easy. Mức đánh giá 4/5, trong nhịp tập tuần này.",1,0.0069
"Bài Machine Hip Abductor vào nhịp tốt, tôi muốn progression rõ hơn để tiếp tục tiến bộ. Lý do chính: Good fit, Too easy. Mức đánh giá 5/5, khi theo giáo án hiện tại.",1,0.0069
"Tôi thấy Machine Shoulder Press đang hơi nhẹ so với sức hiện tại, có thể tăng độ khó hoặc thêm volume vừa phải. Lý do chính: Good fit, Too easy. Mức đánh giá 4/5, khi tập với mức hiện tại.",1,0.0069
"Tôi thấy Seated Outer Thigh Abductor Machine đang hơi nhẹ so với sức hiện tại, có thể tăng độ khó hoặc thêm volume vừa phải. Lý do chính: Good fit, Too easy. Mức đánh giá 4/5, khi tập với mức hiện tại.",1,0.0069
"Tôi thấy Hack Squat đang hơi nhẹ so với sức hiện tại, có thể tăng độ khó hoặc thêm volume vừa phải. Lý do chính: Good fit, Too easy. Mức đánh giá 4/5, khi xét cảm giác phục hồi.",1,0.0069
"Tôi thấy Seated Outer Thigh Abductor Machine đang hơi nhẹ so với sức hiện tại, có thể tăng độ khó hoặc thêm volume vừa phải. Lý do chính: Good fit, Too easy. Mức đánh giá 5/5, ở phần cuối buổi.",1,0.0069
"Bài Seated Outer Thigh Abductor Machine vào nhịp tốt, tôi muốn progression rõ hơn để tiếp tục tiến bộ. Lý do chính: Good fit, Too easy. Mức đánh giá 4/5, khi theo giáo án hiện tại.",1,0.0069
"Bài Machine Shoulder Press vào nhịp tốt, tôi muốn progression rõ hơn để tiếp tục tiến bộ. Lý do chính: Good fit, Too easy. Mức đánh giá 4/5, ở bối cảnh lịch tập này.",1,0.0069
"Bài Glute Kickback Machine vào nhịp tốt, tôi muốn progression rõ hơn để tiếp tục tiến bộ. Lý do chính: Good fit, Too easy. Mức đánh giá 5/5, khi theo giáo án hiện tại.",1,0.0069
"Seated Machine Chest Press khá dễ kiểm soát, tôi hoàn thành tốt và muốn tăng thử thách nhẹ ở lần tới. Lý do chính: Good fit, Too easy. Mức đánh giá 5/5, ở lần ghi nhận gần đây.",1,0.0069
"Tôi thấy Donkey Calf Raise đang hơi nhẹ so với sức hiện tại, có thể tăng độ khó hoặc thêm volume vừa phải. Lý do chính: Good fit, Too easy. Mức đánh giá 5/5, khi tập với mức hiện tại.",1,0.0069
"Glute Kickback Machine khá dễ kiểm soát, tôi hoàn thành tốt và muốn tăng thử thách nhẹ ở lần tới. Lý do chính: Good fit, Too easy. Mức đánh giá 4/5, trong lần đánh giá hôm nay.",1,0.0069
"Seated Machine Chest Press khá dễ kiểm soát, tôi hoàn thành tốt và muốn tăng thử thách nhẹ ở lần tới. Lý do chính: Good fit, Too easy. Mức đánh giá 4/5, ở lần ghi nhận gần đây.",1,0.0069
"Machine Hip Adductor khá dễ kiểm soát, tôi hoàn thành tốt và muốn tăng thử thách nhẹ ở lần tới. Lý do chính: Good fit, Too easy. Mức đánh giá 5/5, trong nhịp tập tuần này.",1,0.0069
"Tôi thấy Glute Kickback Machine đang hơi nhẹ so với sức hiện tại, có thể tăng độ khó hoặc thêm volume vừa phải. Lý do chính: Good fit, Too easy. Mức đánh giá 5/5, trong buổi tập này.",1,0.0069
"Bài Glute Kickback Machine vào nhịp tốt, tôi muốn progression rõ hơn để tiếp tục tiến bộ. Lý do chính: Good fit, Too easy. Mức đánh giá 5/5, khi so với khả năng hiện tại.",1,0.0069
"Bài Machine Hip Adductor vào nhịp tốt, tôi muốn progression rõ hơn để tiếp tục tiến bộ. Lý do chính: Good fit, Too easy. Mức đánh giá 5/5, khi theo giáo án hiện tại.",1,0.0069
"Bài Machine Shrug vào nhịp tốt, tôi muốn progression rõ hơn để tiếp tục tiến bộ. Lý do chính: Good fit, Too easy. Mức đánh giá 5/5, sau khi hoàn thành phần chính.",1,0.0069
"Donkey Calf Raise khá dễ kiểm soát, tôi hoàn thành tốt và muốn tăng thử thách nhẹ ở lần tới. Lý do chính: Good fit, Too easy. Mức đánh giá 5/5, trong nhịp tập tuần này.",1,0.0069
"Tôi thấy Chest-Supported Dumbbell Row đang hơi nhẹ so với sức hiện tại, có thể tăng độ khó hoặc thêm volume vừa phải. Lý do chính: Good fit, Too easy. Mức đánh giá 4/5, khi tập với mức hiện tại.",1,0.0069
"Tôi thấy Incline Dumbbell Bench Press đang hơi nhẹ so với sức hiện tại, có thể tăng độ khó hoặc thêm volume vừa phải. Lý do chính: Good fit, Too easy. Mức đánh giá 5/5, ở phần cuối buổi.",1,0.0069
"Bài Dumbbell Lateral Raise vào nhịp tốt, tôi muốn progression rõ hơn để tiếp tục tiến bộ. Lý do chính: Good fit, Too easy. Mức đánh giá 4/5, khi theo giáo án hiện tại.",1,0.0069
"Tôi thấy Machine Shrug đang hơi nhẹ so với sức hiện tại, có thể tăng độ khó hoặc thêm volume vừa phải. Lý do chính: Good fit, Too easy. Mức đánh giá 5/5, khi xét cảm giác phục hồi.",1,0.0069
"Chest-Supported Dumbbell Row khá dễ kiểm soát, tôi hoàn thành tốt và muốn tăng thử thách nhẹ ở lần tới. Lý do chính: Good fit, Too easy. Mức đánh giá 5/5, trong nhịp tập tuần này.",1,0.0069
"Bài Dumbbell Romanian Deadlift vào nhịp tốt, tôi muốn progression rõ hơn để tiếp tục tiến bộ. Lý do chính: Good fit, Too easy. Mức đánh giá 5/5, sau khi hoàn thành phần chính.",1,0.0069
"Wall Slide khá dễ kiểm soát, tôi hoàn thành tốt và muốn tăng thử thách nhẹ ở lần tới. Lý do chính: Good fit, Too easy. Mức đánh giá 5/5, trong nhịp tập tuần này.",1,0.0069
"Tôi thấy Dumbbell Lateral Raise đang hơi nhẹ so với sức hiện tại, có thể tăng độ khó hoặc thêm volume vừa phải. Lý do chính: Good fit, Too easy. Mức đánh giá 5/5, khi xét cảm giác phục hồi.",1,0.0069
"Bài Incline Dumbbell Bench Press vào nhịp tốt, tôi muốn progression rõ hơn để tiếp tục tiến bộ. Lý do chính: Good fit, Too easy. Mức đánh giá 4/5, sau khi hoàn thành phần chính.",1,0.0069
"Machine Shrug khá dễ kiểm soát, tôi hoàn thành tốt và muốn tăng thử thách nhẹ ở lần tới. Lý do chính: Good fit, Too easy. Mức đánh giá 4/5, ở lần ghi nhận gần đây.",1,0.0069
"Bài Donkey Calf Raise vào nhịp tốt, tôi muốn progression rõ hơn để tiếp tục tiến bộ. Lý do chính: Good fit, Too easy. Mức đánh giá 5/5, khi theo giáo án hiện tại.",1,0.0069
"Bài Chest-Supported Dumbbell Row vào nhịp tốt, tôi muốn progression rõ hơn để tiếp tục tiến bộ. Lý do chính: Good fit, Too easy. Mức đánh giá 4/5, khi theo giáo án hiện tại.",1,0.0069
"Dumbbell Romanian Deadlift khá dễ kiểm soát, tôi hoàn thành tốt và muốn tăng thử thách nhẹ ở lần tới. Lý do chính: Good fit, Too easy. Mức đánh giá 5/5, trong lần đánh giá hôm nay.",1,0.0069
"Bài Machine Hip Thrust vào nhịp tốt, tôi muốn progression rõ hơn để tiếp tục tiến bộ. Lý do chính: Good fit, Too easy. Mức đánh giá 5/5, khi theo giáo án hiện tại.",1,0.0069
"Bài Dumbbell Romanian Deadlift vào nhịp tốt, tôi muốn progression rõ hơn để tiếp tục tiến bộ. Lý do chính: Good fit, Too easy. Mức đánh giá 4/5, sau khi hoàn thành phần chính.",1,0.0069
"Machine Shrug khá dễ kiểm soát, tôi hoàn thành tốt và muốn tăng thử thách nhẹ ở lần tới. Lý do chính: Good fit, Too easy. Mức đánh giá 5/5, ở lần ghi nhận gần đây.",1,0.0069
"Bài Dumbbell Shrug vào nhịp tốt, tôi muốn progression rõ hơn để tiếp tục tiến bộ. Lý do chính: Good fit, Too easy. Mức đánh giá 5/5, khi so với khả năng hiện tại.",1,0.0069
"Bài Machine Hip Thrust vào nhịp tốt, tôi muốn progression rõ hơn để tiếp tục tiến bộ. Lý do chính: Good fit, Too easy. Mức đánh giá 4/5, khi theo giáo án hiện tại.",1,0.0069
"Plank khá dễ kiểm soát, tôi hoàn thành tốt và muốn tăng thử thách nhẹ ở lần tới. Lý do chính: Good fit, Too easy. Mức đánh giá 4/5, sau vài set đầu.",1,0.0069
"Bài Plank vào nhịp tốt, tôi muốn progression rõ hơn để tiếp tục tiến bộ. Lý do chính: Good fit, Too easy. Mức đánh giá 5/5, khi so với khả năng hiện tại.",1,0.0069
"Bài Wall Sit vào nhịp tốt, tôi muốn progression rõ hơn để tiếp tục tiến bộ. Lý do chính: Good fit, Too easy. Mức đánh giá 4/5, ở bối cảnh lịch tập này.",1,0.0069
"Seated Leg Curl khá dễ kiểm soát, tôi hoàn thành tốt và muốn tăng thử thách nhẹ ở lần tới. Lý do chính: Good fit, Too easy. Mức đánh giá 4/5, ở lần ghi nhận gần đây.",1,0.0069
"Tibialis Raise khá dễ kiểm soát, tôi hoàn thành tốt và muốn tăng thử thách nhẹ ở lần tới. Lý do chính: Good fit, Too easy. Mức đánh giá 4/5, trong lần đánh giá hôm nay.",1,0.0069
"Tôi thấy Tibialis Raise đang hơi nhẹ so với sức hiện tại, có thể tăng độ khó hoặc thêm volume vừa phải. Lý do chính: Good fit, Too easy. Mức đánh giá 5/5, ở phần cuối buổi.",1,0.0069
"Bài Seated Leg Curl vào nhịp tốt, tôi muốn progression rõ hơn để tiếp tục tiến bộ. Lý do chính: Good fit, Too easy. Mức đánh giá 5/5, ở bối cảnh lịch tập này.",1,0.0069
"Tôi thấy Seated Leg Curl đang hơi nhẹ so với sức hiện tại, có thể tăng độ khó hoặc thêm volume vừa phải. Lý do chính: Good fit, Too easy. Mức đánh giá 5/5, khi tập với mức hiện tại.",1,0.0069
"Bài Wall Sit vào nhịp tốt, tôi muốn progression rõ hơn để tiếp tục tiến bộ. Lý do chính: Good fit, Too easy. Mức đánh giá 5/5, khi theo giáo án hiện tại.",1,0.0069
"Tôi thấy Tibialis Raise đang hơi nhẹ so với sức hiện tại, có thể tăng độ khó hoặc thêm volume vừa phải. Lý do chính: Good fit, Too easy. Mức đánh giá 5/5, khi xét cảm giác phục hồi.",1,0.0069
"Tôi thấy Seated Leg Curl đang hơi nhẹ so với sức hiện tại, có thể tăng độ khó hoặc thêm volume vừa phải. Lý do chính: Good fit, Too easy. Mức đánh giá 4/5, khi tập với mức hiện tại.",1,0.0069
"Tôi thấy V-Up đang hơi nhẹ so với sức hiện tại, có thể tăng độ khó hoặc thêm volume vừa phải. Lý do chính: Good fit, Too easy. Mức đánh giá 4/5, ở phần cuối buổi.",1,0.0069
"Bài Glute Bridge March vào nhịp tốt, tôi muốn progression rõ hơn để tiếp tục tiến bộ. Lý do chính: Good fit, Too easy. Mức đánh giá 4/5, khi so với khả năng hiện tại.",1,0.0069
"Bài Reverse Nordic Curl vào nhịp tốt, tôi muốn progression rõ hơn để tiếp tục tiến bộ. Lý do chính: Good fit, Too easy. Mức đánh giá 5/5, khi theo giáo án hiện tại.",1,0.0069
"Machine Assisted Dip khá dễ kiểm soát, tôi hoàn thành tốt và muốn tăng thử thách nhẹ ở lần tới. Lý do chính: Good fit, Too easy. Mức đánh giá 5/5, trong nhịp tập tuần này.",1,0.0069
"Tôi thấy Push-Up đang hơi nhẹ so với sức hiện tại, có thể tăng độ khó hoặc thêm volume vừa phải. Lý do chính: Good fit, Too easy. Mức đánh giá 5/5, trong buổi tập này.",1,0.0069
"Cossack Squat khá dễ kiểm soát, tôi hoàn thành tốt và muốn tăng thử thách nhẹ ở lần tới. Lý do chính: Good fit, Too easy. Mức đánh giá 4/5, sau vài set đầu.",1,0.0069
"Bài Cossack Squat vào nhịp tốt, tôi muốn progression rõ hơn để tiếp tục tiến bộ. Lý do chính: Good fit, Too easy. Mức đánh giá 5/5, sau khi hoàn thành phần chính.",1,0.0069
"Bài Crab Walk vào nhịp tốt, tôi muốn progression rõ hơn để tiếp tục tiến bộ. Lý do chính: Good fit, Too easy. Mức đánh giá 4/5, khi so với khả năng hiện tại.",1,0.0069
"Tôi thấy Hanging Leg Raise đang hơi nhẹ so với sức hiện tại, có thể tăng độ khó hoặc thêm volume vừa phải. Lý do chính: Good fit, Too easy. Mức đánh giá 5/5, khi xét cảm giác phục hồi.",1,0.0069
"Tôi thấy Plank đang hơi nhẹ so với sức hiện tại, có thể tăng độ khó hoặc thêm volume vừa phải. Lý do chính: Good fit, Too easy. Mức đánh giá 4/5, trong buổi tập này.",1,0.0069
"Bài Crab Walk vào nhịp tốt, tôi muốn progression rõ hơn để tiếp tục tiến bộ. Lý do chính: Good fit, Too easy. Mức đánh giá 5/5, ở bối cảnh lịch tập này.",1,0.0069
"Bài Hanging Leg Raise vào nhịp tốt, tôi muốn progression rõ hơn để tiếp tục tiến bộ. Lý do chính: Good fit, Too easy. Mức đánh giá 5/5, khi so với khả năng hiện tại.",1,0.0069
"Hanging Leg Raise khá dễ kiểm soát, tôi hoàn thành tốt và muốn tăng thử thách nhẹ ở lần tới. Lý do chính: Good fit, Too easy. Mức đánh giá 4/5, ở lần ghi nhận gần đây.",1,0.0069
"Bài Single-Arm Kettlebell Press vào nhịp tốt, tôi muốn progression rõ hơn để tiếp tục tiến bộ. Lý do chính: Good fit, Too easy. Mức đánh giá 4/5, khi theo giáo án hiện tại.",1,0.0069
"Tôi thấy Kettlebell Z-Press đang hơi nhẹ so với sức hiện tại, có thể tăng độ khó hoặc thêm volume vừa phải. Lý do chính: Good fit, Too easy. Mức đánh giá 4/5, ở phần cuối buổi.",1,0.0069
"Tôi thấy Machine Row đang hơi nhẹ so với sức hiện tại, có thể tăng độ khó hoặc thêm volume vừa phải. Lý do chính: Good fit, Too easy. Mức đánh giá 5/5, khi xét cảm giác phục hồi.",1,0.0069
"Tôi thấy TRX Pistol Squat đang hơi nhẹ so với sức hiện tại, có thể tăng độ khó hoặc thêm volume vừa phải. Lý do chính: Good fit, Too easy. Mức đánh giá 4/5, ở phần cuối buổi.",1,0.0069
"Kettlebell Windmill khá dễ kiểm soát, tôi hoàn thành tốt và muốn tăng thử thách nhẹ ở lần tới. Lý do chính: Good fit, Too easy. Mức đánh giá 5/5, ở lần ghi nhận gần đây.",1,0.0069
"Bài Machine Pec Deck Fly vào nhịp tốt, tôi muốn progression rõ hơn để tiếp tục tiến bộ. Lý do chính: Good fit, Too easy. Mức đánh giá 4/5, sau khi hoàn thành phần chính.",1,0.0069
"Bài Kettlebell Z-Press vào nhịp tốt, tôi muốn progression rõ hơn để tiếp tục tiến bộ. Lý do chính: Good fit, Too easy. Mức đánh giá 5/5, khi theo giáo án hiện tại.",1,0.0069
"Bài Machine Row vào nhịp tốt, tôi muốn progression rõ hơn để tiếp tục tiến bộ. Lý do chính: Good fit, Too easy. Mức đánh giá 5/5, sau khi hoàn thành phần chính.",1,0.0069
"Tôi thấy Kettlebell Swing đang hơi nhẹ so với sức hiện tại, có thể tăng độ khó hoặc thêm volume vừa phải. Lý do chính: Good fit, Too easy. Mức đánh giá 4/5, ở phần cuối buổi.",1,0.0069
"Tôi thấy Spiderman Push-Up đang hơi nhẹ so với sức hiện tại, có thể tăng độ khó hoặc thêm volume vừa phải. Lý do chính: Good fit, Too easy. Mức đánh giá 5/5, ở phần cuối buổi.",1,0.0069
"Tôi thấy Bear Crawl đang hơi nhẹ so với sức hiện tại, có thể tăng độ khó hoặc thêm volume vừa phải. Lý do chính: Good fit, Too easy. Mức đánh giá 4/5, khi tập với mức hiện tại.",1,0.0069
"Bài Machine Pec Deck Fly vào nhịp tốt, tôi muốn progression rõ hơn để tiếp tục tiến bộ. Lý do chính: Good fit, Too easy. Mức đánh giá 5/5, sau khi hoàn thành phần chính.",1,0.0069
"TRX Suspension Row khá dễ kiểm soát, tôi hoàn thành tốt và muốn tăng thử thách nhẹ ở lần tới. Lý do chính: Good fit, Too easy. Mức đánh giá 5/5, sau vài set đầu.",1,0.0069
"Tôi thấy Single-Arm Kettlebell Press đang hơi nhẹ so với sức hiện tại, có thể tăng độ khó hoặc thêm volume vừa phải. Lý do chính: Good fit, Too easy. Mức đánh giá 4/5, ở phần cuối buổi.",1,0.0069
"Kettlebell Z-Press khá dễ kiểm soát, tôi hoàn thành tốt và muốn tăng thử thách nhẹ ở lần tới. Lý do chính: Good fit, Too easy. Mức đánh giá 5/5, trong nhịp tập tuần này.",1,0.0069
"Machine Row khá dễ kiểm soát, tôi hoàn thành tốt và muốn tăng thử thách nhẹ ở lần tới. Lý do chính: Good fit, Too easy. Mức đánh giá 4/5, trong nhịp tập tuần này.",1,0.0069
"Medicine Ball Slam khá dễ kiểm soát, tôi hoàn thành tốt và muốn tăng thử thách nhẹ ở lần tới. Lý do chính: Good fit, Too easy. Mức đánh giá 4/5, ở lần ghi nhận gần đây.",1,0.0069
"Tôi thấy Kettlebell Clean đang hơi nhẹ so với sức hiện tại, có thể tăng độ khó hoặc thêm volume vừa phải. Lý do chính: Good fit, Too easy. Mức đánh giá 5/5, ở phần cuối buổi.",1,0.0069
"Bài Kettlebell Windmill vào nhịp tốt, tôi muốn progression rõ hơn để tiếp tục tiến bộ. Lý do chính: Good fit, Too easy. Mức đánh giá 5/5, khi theo giáo án hiện tại.",1,0.0069
"TRX Fallouts khá dễ kiểm soát, tôi hoàn thành tốt và muốn tăng thử thách nhẹ ở lần tới. Lý do chính: Good fit, Too easy. Mức đánh giá 4/5, trong lần đánh giá hôm nay.",1,0.0069
"Machine Pec Deck Fly khá dễ kiểm soát, tôi hoàn thành tốt và muốn tăng thử thách nhẹ ở lần tới. Lý do chính: Good fit, Too easy. Mức đánh giá 5/5, trong nhịp tập tuần này.",1,0.0069
"Single-Arm TRX Row khá dễ kiểm soát, tôi hoàn thành tốt và muốn tăng thử thách nhẹ ở lần tới. Lý do chính: Good fit, Too easy. Mức đánh giá 4/5, ở lần ghi nhận gần đây.",1,0.0069
"Bài Kettlebell Z-Press vào nhịp tốt, tôi muốn progression rõ hơn để tiếp tục tiến bộ. Lý do chính: Good fit, Too easy. Mức đánh giá 5/5, sau khi hoàn thành phần chính.",1,0.0069
"Machine Row khá dễ kiểm soát, tôi hoàn thành tốt và muốn tăng thử thách nhẹ ở lần tới. Lý do chính: Good fit, Too easy. Mức đánh giá 4/5, ở lần ghi nhận gần đây.",1,0.0069
"Bài Kettlebell Swing vào nhịp tốt, tôi muốn progression rõ hơn để tiếp tục tiến bộ. Lý do chính: Good fit, Too easy. Mức đánh giá 5/5, ở bối cảnh lịch tập này.",1,0.0069
"Bài Spiderman Push-Up vào nhịp tốt, tôi muốn progression rõ hơn để tiếp tục tiến bộ. Lý do chính: Good fit, Too easy. Mức đánh giá 4/5, khi theo giáo án hiện tại.",1,0.0069
"Tôi thấy Bear Crawl đang hơi nhẹ so với sức hiện tại, có thể tăng độ khó hoặc thêm volume vừa phải. Lý do chính: Good fit, Too easy. Mức đánh giá 5/5, ở phần cuối buổi.",1,0.0069
"Tôi thấy Machine Pec Deck Fly đang hơi nhẹ so với sức hiện tại, có thể tăng độ khó hoặc thêm volume vừa phải. Lý do chính: Good fit, Too easy. Mức đánh giá 4/5, khi tập với mức hiện tại.",1,0.0069
"Tôi thấy Single-Arm Kettlebell Press đang hơi nhẹ so với sức hiện tại, có thể tăng độ khó hoặc thêm volume vừa phải. Lý do chính: Good fit, Too easy. Mức đánh giá 5/5, khi tập với mức hiện tại.",1,0.0069
"Kettlebell Z-Press khá dễ kiểm soát, tôi hoàn thành tốt và muốn tăng thử thách nhẹ ở lần tới. Lý do chính: Good fit, Too easy. Mức đánh giá 4/5, ở lần ghi nhận gần đây.",1,0.0069
"Bài Machine Incline Chest Press vào nhịp tốt, tôi muốn progression rõ hơn để tiếp tục tiến bộ. Lý do chính: Good fit, Too easy. Mức đánh giá 4/5, khi theo giáo án hiện tại.",1,0.0069
"Machine Row khá dễ kiểm soát, tôi hoàn thành tốt và muốn tăng thử thách nhẹ ở lần tới. Lý do chính: Good fit, Too easy. Mức đánh giá 5/5, trong lần đánh giá hôm nay.",1,0.0069
"Bài Medicine Ball Slam vào nhịp tốt, tôi muốn progression rõ hơn để tiếp tục tiến bộ. Lý do chính: Good fit, Too easy. Mức đánh giá 4/5, khi theo giáo án hiện tại.",1,0.0069
"TRX Pistol Squat khá dễ kiểm soát, tôi hoàn thành tốt và muốn tăng thử thách nhẹ ở lần tới. Lý do chính: Good fit, Too easy. Mức đánh giá 4/5, ở lần ghi nhận gần đây.",1,0.0069
"Tôi thấy Kettlebell Windmill đang hơi nhẹ so với sức hiện tại, có thể tăng độ khó hoặc thêm volume vừa phải. Lý do chính: Good fit, Too easy. Mức đánh giá 4/5, ở phần cuối buổi.",1,0.0069
"Tôi thấy Single-Arm TRX Row đang hơi nhẹ so với sức hiện tại, có thể tăng độ khó hoặc thêm volume vừa phải. Lý do chính: Good fit, Too easy. Mức đánh giá 5/5, khi tập với mức hiện tại.",1,0.0069
"Bài Single-Arm Kettlebell Press vào nhịp tốt, tôi muốn progression rõ hơn để tiếp tục tiến bộ. Lý do chính: Good fit, Too easy. Mức đánh giá 4/5, ở bối cảnh lịch tập này.",1,0.0069
"Bài Kettlebell Z-Press vào nhịp tốt, tôi muốn progression rõ hơn để tiếp tục tiến bộ. Lý do chính: Good fit, Too easy. Mức đánh giá 4/5, khi theo giáo án hiện tại.",1,0.0069
"Tôi thấy Machine Incline Chest Press đang hơi nhẹ so với sức hiện tại, có thể tăng độ khó hoặc thêm volume vừa phải. Lý do chính: Good fit, Too easy. Mức đánh giá 4/5, ở phần cuối buổi.",1,0.0069
"Tôi thấy Machine Row đang hơi nhẹ so với sức hiện tại, có thể tăng độ khó hoặc thêm volume vừa phải. Lý do chính: Good fit, Too easy. Mức đánh giá 5/5, khi tập với mức hiện tại.",1,0.0069
"Tôi thấy Kettlebell Swing đang hơi nhẹ so với sức hiện tại, có thể tăng độ khó hoặc thêm volume vừa phải. Lý do chính: Good fit, Too easy. Mức đánh giá 4/5, khi tập với mức hiện tại.",1,0.0069
"Spiderman Push-Up khá dễ kiểm soát, tôi hoàn thành tốt và muốn tăng thử thách nhẹ ở lần tới. Lý do chính: Good fit, Too easy. Mức đánh giá 5/5, trong nhịp tập tuần này.",1,0.0069
"Bài Bear Crawl vào nhịp tốt, tôi muốn progression rõ hơn để tiếp tục tiến bộ. Lý do chính: Good fit, Too easy. Mức đánh giá 5/5, sau khi hoàn thành phần chính.",1,0.0069
"Bài Machine Pec Deck Fly vào nhịp tốt, tôi muốn progression rõ hơn để tiếp tục tiến bộ. Lý do chính: Good fit, Too easy. Mức đánh giá 4/5, khi theo giáo án hiện tại.",1,0.0069
"Single-Arm TRX Row khá dễ kiểm soát, tôi hoàn thành tốt và muốn tăng thử thách nhẹ ở lần tới. Lý do chính: Good fit, Too easy. Mức đánh giá 5/5, trong lần đánh giá hôm nay.",1,0.0069
"Single-Arm Kettlebell Press khá dễ kiểm soát, tôi hoàn thành tốt và muốn tăng thử thách nhẹ ở lần tới. Lý do chính: Good fit, Too easy. Mức đánh giá 4/5, trong nhịp tập tuần này.",1,0.0069
"Kettlebell Z-Press khá dễ kiểm soát, tôi hoàn thành tốt và muốn tăng thử thách nhẹ ở lần tới. Lý do chính: Good fit, Too easy. Mức đánh giá 5/5, ở lần ghi nhận gần đây.",1,0.0069
"Bài Glute Bridge vào nhịp tốt, tôi muốn progression rõ hơn để tiếp tục tiến bộ. Lý do chính: Good fit, Too easy. Mức đánh giá 4/5, khi so với khả năng hiện tại.",1,0.0069
"Bài Skater Squat vào nhịp tốt, tôi muốn progression rõ hơn để tiếp tục tiến bộ. Lý do chính: Good fit, Too easy. Mức đánh giá 4/5, khi theo giáo án hiện tại.",1,0.0069
"Bài Front Plank with Reach vào nhịp tốt, tôi muốn progression rõ hơn để tiếp tục tiến bộ. Lý do chính: Good fit, Too easy. Mức đánh giá 4/5, sau khi hoàn thành phần chính.",1,0.0069
"Bài Hollow Body Hold vào nhịp tốt, tôi muốn progression rõ hơn để tiếp tục tiến bộ. Lý do chính: Good fit, Too easy. Mức đánh giá 5/5, khi theo giáo án hiện tại.",1,0.0069
"Tôi thấy V-Up đang hơi nhẹ so với sức hiện tại, có thể tăng độ khó hoặc thêm volume vừa phải. Lý do chính: Good fit, Too easy. Mức đánh giá 4/5, khi xét cảm giác phục hồi.",1,0.0069
"Bài V-Up vào nhịp tốt, tôi muốn progression rõ hơn để tiếp tục tiến bộ. Lý do chính: Good fit, Too easy. Mức đánh giá 4/5, sau khi hoàn thành phần chính.",1,0.0069
"Single-Leg Glute Bridge khá dễ kiểm soát, tôi hoàn thành tốt và muốn tăng thử thách nhẹ ở lần tới. Lý do chính: Good fit, Too easy. Mức đánh giá 5/5, trong nhịp tập tuần này.",1,0.0069
"Tôi thấy Bicycle Crunch đang hơi nhẹ so với sức hiện tại, có thể tăng độ khó hoặc thêm volume vừa phải. Lý do chính: Good fit, Too easy. Mức đánh giá 4/5, khi xét cảm giác phục hồi.",1,0.0069
"Tôi thấy Hollow Body Hold đang hơi nhẹ so với sức hiện tại, có thể tăng độ khó hoặc thêm volume vừa phải. Lý do chính: Good fit, Too easy. Mức đánh giá 5/5, ở phần cuối buổi.",1,0.0069
"Tôi thấy Single-Leg Glute Bridge đang hơi nhẹ so với sức hiện tại, có thể tăng độ khó hoặc thêm volume vừa phải. Lý do chính: Good fit, Too easy. Mức đánh giá 5/5, trong buổi tập này.",1,0.0069
"Bài Front Plank with Reach vào nhịp tốt, tôi muốn progression rõ hơn để tiếp tục tiến bộ. Lý do chính: Good fit, Too easy. Mức đánh giá 4/5, ở bối cảnh lịch tập này.",1,0.0069
"Glute Bridge khá dễ kiểm soát, tôi hoàn thành tốt và muốn tăng thử thách nhẹ ở lần tới. Lý do chính: Good fit, Too easy. Mức đánh giá 4/5, trong nhịp tập tuần này.",1,0.0069
"Bài Chest-Supported T-Bar Row vào nhịp tốt, tôi muốn progression rõ hơn để tiếp tục tiến bộ. Lý do chính: Good fit, Too easy. Mức đánh giá 5/5, sau khi hoàn thành phần chính.",1,0.0069
"Tôi thấy Close-Grip Push-Up đang hơi nhẹ so với sức hiện tại, có thể tăng độ khó hoặc thêm volume vừa phải. Lý do chính: Good fit, Too easy. Mức đánh giá 5/5, khi tập với mức hiện tại.",1,0.0069
"Tôi thấy Machine Bicep Curl đang hơi nhẹ so với sức hiện tại, có thể tăng độ khó hoặc thêm volume vừa phải. Lý do chính: Good fit, Too easy. Mức đánh giá 4/5, ở phần cuối buổi.",1,0.0069
"Machine Bicep Curl khá dễ kiểm soát, tôi hoàn thành tốt và muốn tăng thử thách nhẹ ở lần tới. Lý do chính: Good fit, Too easy. Mức đánh giá 5/5, trong nhịp tập tuần này.",1,0.0069
"Bài Plank vào nhịp tốt, tôi muốn progression rõ hơn để tiếp tục tiến bộ. Lý do chính: Good fit, Too easy. Mức đánh giá 4/5, khi so với khả năng hiện tại.",1,0.0069
"Bài Chest-Supported T-Bar Row vào nhịp tốt, tôi muốn progression rõ hơn để tiếp tục tiến bộ. Lý do chính: Good fit, Too easy. Mức đánh giá 4/5, sau khi hoàn thành phần chính.",1,0.0069
"Bài Machine Bicep Curl vào nhịp tốt, tôi muốn progression rõ hơn để tiếp tục tiến bộ. Lý do chính: Good fit, Too easy. Mức đánh giá 4/5, sau khi hoàn thành phần chính.",1,0.0069
"Bài Close-Grip Push-Up vào nhịp tốt, tôi muốn progression rõ hơn để tiếp tục tiến bộ. Lý do chính: Good fit, Too easy. Mức đánh giá 4/5, khi theo giáo án hiện tại.",1,0.0069
"Machine Bicep Curl khá dễ kiểm soát, tôi hoàn thành tốt và muốn tăng thử thách nhẹ ở lần tới. Lý do chính: Good fit, Too easy. Mức đánh giá 5/5, sau vài set đầu.",1,0.0069
"Pistol Squat khá dễ kiểm soát, tôi hoàn thành tốt và muốn tăng thử thách nhẹ ở lần tới. Lý do chính: Good fit, Too easy. Mức đánh giá 5/5, ở lần ghi nhận gần đây.",1,0.0069
"Bài Push-Up vào nhịp tốt, tôi muốn progression rõ hơn để tiếp tục tiến bộ. Lý do chính: Good fit, Too easy. Mức đánh giá 4/5, khi so với khả năng hiện tại.",1,0.0069
"Tôi thấy Chest-Supported T-Bar Row đang hơi nhẹ so với sức hiện tại, có thể tăng độ khó hoặc thêm volume vừa phải. Lý do chính: Good fit, Too easy. Mức đánh giá 4/5, khi tập với mức hiện tại.",1,0.0069
"Close-Grip Push-Up khá dễ kiểm soát, tôi hoàn thành tốt và muốn tăng thử thách nhẹ ở lần tới. Lý do chính: Good fit, Too easy. Mức đánh giá 4/5, trong nhịp tập tuần này.",1,0.0069
"Tôi thấy Machine Bicep Curl đang hơi nhẹ so với sức hiện tại, có thể tăng độ khó hoặc thêm volume vừa phải. Lý do chính: Good fit, Too easy. Mức đánh giá 4/5, khi tập với mức hiện tại.",1,0.0069
"Bài Pistol Squat vào nhịp tốt, tôi muốn progression rõ hơn để tiếp tục tiến bộ. Lý do chính: Good fit, Too easy. Mức đánh giá 5/5, sau khi hoàn thành phần chính.",1,0.0069
"Bài Sissy Squat vào nhịp tốt, tôi muốn progression rõ hơn để tiếp tục tiến bộ. Lý do chính: Good fit, Too easy. Mức đánh giá 4/5, sau khi hoàn thành phần chính.",1,0.0069
"Chest-Supported T-Bar Row khá dễ kiểm soát, tôi hoàn thành tốt và muốn tăng thử thách nhẹ ở lần tới. Lý do chính: Good fit, Too easy. Mức đánh giá 4/5, trong lần đánh giá hôm nay.",1,0.0069
"Tôi thấy Close-Grip Push-Up đang hơi nhẹ so với sức hiện tại, có thể tăng độ khó hoặc thêm volume vừa phải. Lý do chính: Good fit, Too easy. Mức đánh giá 4/5, ở phần cuối buổi.",1,0.0069
"Banded Good Morning phù hợp với tôi, không gây khó chịu và giúp buổi tập có nhịp ổn. Lý do chính: Good fit. Mức đánh giá 4/5, khi xét cảm giác phục hồi.",1,0.0069
"Banded Good Morning phù hợp với tôi, không gây khó chịu và giúp buổi tập có nhịp ổn. Lý do chính: Good fit. Mức đánh giá 5/5, ở phần cuối buổi.",1,0.0069
"Bài Band Pull-Apart dễ setup, cảm giác kiểm soát tốt nên tôi muốn tiếp tục duy trì. Lý do chính: Good fit. Mức đánh giá 4/5, sau khi hoàn thành phần chính.",1,0.0069
"Tôi thích Band Resisted Push-Up, cảm giác vào cơ tốt và muốn giữ bài này trong lịch. Lý do chính: Good fit. Mức đánh giá 4/5, trong nhịp tập tuần này.",1,0.0069
"Tôi thích Push-Up, cảm giác vào cơ tốt và muốn giữ bài này trong lịch. Lý do chính: Good fit. Mức đánh giá 5/5, trong lần đánh giá hôm nay.",1,0.0069
"Bài Archer Push-Up dễ setup, cảm giác kiểm soát tốt nên tôi muốn tiếp tục duy trì. Lý do chính: Good fit. Mức đánh giá 5/5, sau khi hoàn thành phần chính.",1,0.0069
"Band Resisted Push-Up phù hợp với tôi, không gây khó chịu và giúp buổi tập có nhịp ổn. Lý do chính: Good fit. Mức đánh giá 4/5, ở phần cuối buổi.",1,0.0069
"Tôi thích Archer Push-Up, cảm giác vào cơ tốt và muốn giữ bài này trong lịch. Lý do chính: Good fit. Mức đánh giá 5/5, ở lần ghi nhận gần đây.",1,0.0069
"Tôi thích Band Resisted Push-Up, cảm giác vào cơ tốt và muốn giữ bài này trong lịch. Lý do chính: Good fit. Mức đánh giá 5/5, ở lần ghi nhận gần đây.",1,0.0069
"Tôi thích Banded Good Morning, cảm giác vào cơ tốt và muốn giữ bài này trong lịch. Lý do chính: Good fit. Mức đánh giá 5/5, trong nhịp tập tuần này.",1,0.0069
"Pistol Squat phù hợp với tôi, không gây khó chịu và giúp buổi tập có nhịp ổn. Lý do chính: Good fit. Mức đánh giá 4/5, ở phần cuối buổi.",1,0.0069
"Bài Archer Push-Up dễ setup, cảm giác kiểm soát tốt nên tôi muốn tiếp tục duy trì. Lý do chính: Good fit. Mức đánh giá 4/5, khi so với khả năng hiện tại.",1,0.0069
"Band Resisted Push-Up phù hợp với tôi, không gây khó chịu và giúp buổi tập có nhịp ổn. Lý do chính: Good fit. Mức đánh giá 5/5, khi tập với mức hiện tại.",1,0.0069
"Bài Band Resisted Push-Up dễ setup, cảm giác kiểm soát tốt nên tôi muốn tiếp tục duy trì. Lý do chính: Good fit. Mức đánh giá 5/5, sau khi hoàn thành phần chính.",1,0.0069
"Bài Lateral Band Walk dễ setup, cảm giác kiểm soát tốt nên tôi muốn tiếp tục duy trì. Lý do chính: Good fit. Mức đánh giá 5/5, sau khi hoàn thành phần chính.",1,0.0069
"Band Resisted Push-Up phù hợp với tôi, không gây khó chịu và giúp buổi tập có nhịp ổn. Lý do chính: Good fit. Mức đánh giá 4/5, khi tập với mức hiện tại.",1,0.0069
"Bài Glute Bridge dễ setup, cảm giác kiểm soát tốt nên tôi muốn tiếp tục duy trì. Lý do chính: Good fit. Mức đánh giá 5/5, ở bối cảnh lịch tập này.",1,0.0069
"Seated Calf Raise phù hợp với tôi, không gây khó chịu và giúp buổi tập có nhịp ổn. Lý do chính: Good fit. Mức đánh giá 4/5, khi tập với mức hiện tại.",1,0.0069
"Machine Assisted Pull-Up phù hợp với tôi, không gây khó chịu và giúp buổi tập có nhịp ổn. Lý do chính: Good fit. Mức đánh giá 5/5, khi tập với mức hiện tại.",1,0.0069
"Bài Machine Incline Chest Press dễ setup, cảm giác kiểm soát tốt nên tôi muốn tiếp tục duy trì. Lý do chính: Good fit. Mức đánh giá 5/5, khi theo giáo án hiện tại.",1,0.0069
"Tôi thích Battle Ropes, cảm giác vào cơ tốt và muốn giữ bài này trong lịch. Lý do chính: Good fit. Mức đánh giá 5/5, ở lần ghi nhận gần đây.",1,0.0069
"Tôi thích Swiss Ball Knee Tuck, cảm giác vào cơ tốt và muốn giữ bài này trong lịch. Lý do chính: Good fit. Mức đánh giá 5/5, trong nhịp tập tuần này.",1,0.0069
"Tôi thích Seated Calf Raise, cảm giác vào cơ tốt và muốn giữ bài này trong lịch. Lý do chính: Good fit. Mức đánh giá 4/5, ở lần ghi nhận gần đây.",1,0.0069
"Bicycle Crunch phù hợp với tôi, không gây khó chịu và giúp buổi tập có nhịp ổn. Lý do chính: Good fit. Mức đánh giá 5/5, ở phần cuối buổi.",1,0.0069
"Tôi thích Machine Assisted Pull-Up, cảm giác vào cơ tốt và muốn giữ bài này trong lịch. Lý do chính: Good fit. Mức đánh giá 5/5, sau vài set đầu.",1,0.0069
"Bài Machine Incline Chest Press dễ setup, cảm giác kiểm soát tốt nên tôi muốn tiếp tục duy trì. Lý do chính: Good fit. Mức đánh giá 4/5, sau khi hoàn thành phần chính.",1,0.0069
"Tôi thích Skater Squat, cảm giác vào cơ tốt và muốn giữ bài này trong lịch. Lý do chính: Good fit. Mức đánh giá 5/5, trong nhịp tập tuần này.",1,0.0069
"Single-Leg Glute Bridge phù hợp với tôi, không gây khó chịu và giúp buổi tập có nhịp ổn. Lý do chính: Good fit. Mức đánh giá 4/5, trong buổi tập này.",1,0.0069
"Tôi thích Single-Leg Glute Bridge, cảm giác vào cơ tốt và muốn giữ bài này trong lịch. Lý do chính: Good fit. Mức đánh giá 5/5, sau vài set đầu.",1,0.0069
"V-Up phù hợp với tôi, không gây khó chịu và giúp buổi tập có nhịp ổn. Lý do chính: Good fit. Mức đánh giá 4/5, ở phần cuối buổi.",1,0.0069
"Star Plank phù hợp với tôi, không gây khó chịu và giúp buổi tập có nhịp ổn. Lý do chính: Good fit. Mức đánh giá 5/5, khi tập với mức hiện tại.",1,0.0069
"Bài Glute Bridge March dễ setup, cảm giác kiểm soát tốt nên tôi muốn tiếp tục duy trì. Lý do chính: Good fit. Mức đánh giá 4/5, khi so với khả năng hiện tại.",1,0.0069
"Bài Skater Squat dễ setup, cảm giác kiểm soát tốt nên tôi muốn tiếp tục duy trì. Lý do chính: Good fit. Mức đánh giá 4/5, sau khi hoàn thành phần chính.",1,0.0069
"Hindu Push-Up phù hợp với tôi, không gây khó chịu và giúp buổi tập có nhịp ổn. Lý do chính: Good fit. Mức đánh giá 4/5, khi tập với mức hiện tại.",1,0.0069
"Bài Reverse Crunch dễ setup, cảm giác kiểm soát tốt nên tôi muốn tiếp tục duy trì. Lý do chính: Good fit. Mức đánh giá 4/5, khi theo giáo án hiện tại.",1,0.0069
"Bài Pike Push-Up dễ setup, cảm giác kiểm soát tốt nên tôi muốn tiếp tục duy trì. Lý do chính: Good fit. Mức đánh giá 5/5, sau khi hoàn thành phần chính.",1,0.0069
"Tôi thích Hollow Body Hold, cảm giác vào cơ tốt và muốn giữ bài này trong lịch. Lý do chính: Good fit. Mức đánh giá 4/5, trong nhịp tập tuần này.",1,0.0069
"Tôi thích Dead Bug, cảm giác vào cơ tốt và muốn giữ bài này trong lịch. Lý do chính: Good fit. Mức đánh giá 5/5, trong lần đánh giá hôm nay.",1,0.0069
"Bài Hindu Push-Up dễ setup, cảm giác kiểm soát tốt nên tôi muốn tiếp tục duy trì. Lý do chính: Good fit. Mức đánh giá 4/5, sau khi hoàn thành phần chính.",1,0.0069
"Glute Bridge March phù hợp với tôi, không gây khó chịu và giúp buổi tập có nhịp ổn. Lý do chính: Good fit. Mức đánh giá 5/5, khi xét cảm giác phục hồi.",1,0.0069
"Pike Push-Up phù hợp với tôi, không gây khó chịu và giúp buổi tập có nhịp ổn. Lý do chính: Good fit. Mức đánh giá 4/5, khi tập với mức hiện tại.",1,0.0069
"Tôi thích V-Up, cảm giác vào cơ tốt và muốn giữ bài này trong lịch. Lý do chính: Good fit. Mức đánh giá 4/5, ở lần ghi nhận gần đây.",1,0.0069
"Tôi thích Star Plank, cảm giác vào cơ tốt và muốn giữ bài này trong lịch. Lý do chính: Good fit. Mức đánh giá 5/5, trong nhịp tập tuần này.",1,0.0069
"Bài Neck Bridge dễ setup, cảm giác kiểm soát tốt nên tôi muốn tiếp tục duy trì. Lý do chính: Good fit. Mức đánh giá 4/5, khi so với khả năng hiện tại.",1,0.0069
"Glute Bridge March phù hợp với tôi, không gây khó chịu và giúp buổi tập có nhịp ổn. Lý do chính: Good fit. Mức đánh giá 4/5, ở phần cuối buổi.",1,0.0069
"Tôi thích Skater Squat, cảm giác vào cơ tốt và muốn giữ bài này trong lịch. Lý do chính: Good fit. Mức đánh giá 4/5, ở lần ghi nhận gần đây.",1,0.0069
"Tôi thấy Donkey Kick đang hơi nhẹ so với sức hiện tại, có thể tăng độ khó hoặc thêm volume vừa phải. Lý do chính: Good fit, Too easy. Mức đánh giá 5/5, ở phần cuối buổi.",1,0.0069
"Bài Barbell Biceps Curl vào nhịp tốt, tôi muốn progression rõ hơn để tiếp tục tiến bộ. Lý do chính: Good fit, Too easy. Mức đánh giá 4/5, khi theo giáo án hiện tại.",1,0.0069
"Push Press khá dễ kiểm soát, tôi hoàn thành tốt và muốn tăng thử thách nhẹ ở lần tới. Lý do chính: Good fit, Too easy. Mức đánh giá 5/5, trong nhịp tập tuần này.",1,0.0069
"Barbell Shrug khá dễ kiểm soát, tôi hoàn thành tốt và muốn tăng thử thách nhẹ ở lần tới. Lý do chính: Good fit, Too easy. Mức đánh giá 4/5, sau vài set đầu.",1,0.0069
"Barbell Biceps Curl khá dễ kiểm soát, tôi hoàn thành tốt và muốn tăng thử thách nhẹ ở lần tới. Lý do chính: Good fit, Too easy. Mức đánh giá 4/5, sau vài set đầu.",1,0.0069
"Barbell Shrug khá dễ kiểm soát, tôi hoàn thành tốt và muốn tăng thử thách nhẹ ở lần tới. Lý do chính: Good fit, Too easy. Mức đánh giá 5/5, trong nhịp tập tuần này.",1,0.0069
"Push Press khá dễ kiểm soát, tôi hoàn thành tốt và muốn tăng thử thách nhẹ ở lần tới. Lý do chính: Good fit, Too easy. Mức đánh giá 5/5, ở lần ghi nhận gần đây.",1,0.0069
"Bài Donkey Kick vào nhịp tốt, tôi muốn progression rõ hơn để tiếp tục tiến bộ. Lý do chính: Good fit, Too easy. Mức đánh giá 4/5, ở bối cảnh lịch tập này.",1,0.0069
"Bài Barbell Shrug vào nhịp tốt, tôi muốn progression rõ hơn để tiếp tục tiến bộ. Lý do chính: Good fit, Too easy. Mức đánh giá 4/5, sau khi hoàn thành phần chính.",1,0.0069
"Tôi thấy Bicycle Crunch đang hơi nhẹ so với sức hiện tại, có thể tăng độ khó hoặc thêm volume vừa phải. Lý do chính: Good fit, Too easy. Mức đánh giá 5/5, trong buổi tập này.",1,0.0069
"Tôi thấy Push Press đang hơi nhẹ so với sức hiện tại, có thể tăng độ khó hoặc thêm volume vừa phải. Lý do chính: Good fit, Too easy. Mức đánh giá 5/5, ở phần cuối buổi.",1,0.0069
"Tôi thấy Donkey Kick đang hơi nhẹ so với sức hiện tại, có thể tăng độ khó hoặc thêm volume vừa phải. Lý do chính: Good fit, Too easy. Mức đánh giá 4/5, khi xét cảm giác phục hồi.",1,0.0069
"Barbell Biceps Curl khá dễ kiểm soát, tôi hoàn thành tốt và muốn tăng thử thách nhẹ ở lần tới. Lý do chính: Good fit, Too easy. Mức đánh giá 5/5, trong nhịp tập tuần này.",1,0.0069
"Barbell Shrug khá dễ kiểm soát, tôi hoàn thành tốt và muốn tăng thử thách nhẹ ở lần tới. Lý do chính: Good fit, Too easy. Mức đánh giá 4/5, ở lần ghi nhận gần đây.",1,0.0069
"Bài Push Press vào nhịp tốt, tôi muốn progression rõ hơn để tiếp tục tiến bộ. Lý do chính: Good fit, Too easy. Mức đánh giá 5/5, khi theo giáo án hiện tại.",1,0.0069
"Battle Ropes khá dễ kiểm soát, tôi hoàn thành tốt và muốn tăng thử thách nhẹ ở lần tới. Lý do chính: Good fit, Too easy. Mức đánh giá 4/5, ở lần ghi nhận gần đây.",1,0.0069
"Tôi thích Plate Pinch Hold, cảm giác vào cơ tốt và muốn giữ bài này trong lịch. Lý do chính: Good fit. Mức đánh giá 5/5, sau vài set đầu.",1,0.0069
"Tôi thích Machine Hip Thrust, cảm giác vào cơ tốt và muốn giữ bài này trong lịch. Lý do chính: Good fit. Mức đánh giá 5/5, ở lần ghi nhận gần đây.",1,0.0069
"Tôi thích Close-Grip Push-Up, cảm giác vào cơ tốt và muốn giữ bài này trong lịch. Lý do chính: Good fit. Mức đánh giá 4/5, ở lần ghi nhận gần đây.",1,0.0069
"Bài Plate Pinch Hold dễ setup, cảm giác kiểm soát tốt nên tôi muốn tiếp tục duy trì. Lý do chính: Good fit. Mức đánh giá 5/5, khi so với khả năng hiện tại.",1,0.0069
"Tôi thích Decline Crunch, cảm giác vào cơ tốt và muốn giữ bài này trong lịch. Lý do chính: Good fit. Mức đánh giá 4/5, trong nhịp tập tuần này.",1,0.0069
"Bài Decline EZ-Bar Skull Crusher dễ setup, cảm giác kiểm soát tốt nên tôi muốn tiếp tục duy trì. Lý do chính: Good fit. Mức đánh giá 4/5, sau khi hoàn thành phần chính.",1,0.0069
"Bài Wrist Roller dễ setup, cảm giác kiểm soát tốt nên tôi muốn tiếp tục duy trì. Lý do chính: Good fit. Mức đánh giá 4/5, khi theo giáo án hiện tại.",1,0.0069
"Bài Plate Pinch Hold dễ setup, cảm giác kiểm soát tốt nên tôi muốn tiếp tục duy trì. Lý do chính: Good fit. Mức đánh giá 4/5, sau khi hoàn thành phần chính.",1,0.0069
"Tibialis Raise phù hợp với tôi, không gây khó chịu và giúp buổi tập có nhịp ổn. Lý do chính: Good fit. Mức đánh giá 4/5, khi tập với mức hiện tại.",1,0.0069
"Bài Machine Hip Thrust dễ setup, cảm giác kiểm soát tốt nên tôi muốn tiếp tục duy trì. Lý do chính: Good fit. Mức đánh giá 5/5, sau khi hoàn thành phần chính.",1,0.0069
"Tôi thích Close-Grip Push-Up, cảm giác vào cơ tốt và muốn giữ bài này trong lịch. Lý do chính: Good fit. Mức đánh giá 5/5, ở lần ghi nhận gần đây.",1,0.0069
"Decline EZ-Bar Skull Crusher phù hợp với tôi, không gây khó chịu và giúp buổi tập có nhịp ổn. Lý do chính: Good fit. Mức đánh giá 4/5, khi tập với mức hiện tại.",1,0.0069
"Tôi thích Band Pull-Apart, cảm giác vào cơ tốt và muốn giữ bài này trong lịch. Lý do chính: Good fit. Mức đánh giá 5/5, sau vài set đầu.",1,0.0069
"Machine Hip Abductor phù hợp với tôi, không gây khó chịu và giúp buổi tập có nhịp ổn. Lý do chính: Good fit. Mức đánh giá 5/5, khi tập với mức hiện tại.",1,0.0069
"Wrist Roller phù hợp với tôi, không gây khó chịu và giúp buổi tập có nhịp ổn. Lý do chính: Good fit. Mức đánh giá 5/5, khi tập với mức hiện tại.",1,0.0069
"Plate Pinch Hold phù hợp với tôi, không gây khó chịu và giúp buổi tập có nhịp ổn. Lý do chính: Good fit. Mức đánh giá 4/5, ở phần cuối buổi.",1,0.0069
"Decline Crunch phù hợp với tôi, không gây khó chịu và giúp buổi tập có nhịp ổn. Lý do chính: Good fit. Mức đánh giá 4/5, khi tập với mức hiện tại.",1,0.0069
"Ab Crunch Machine phù hợp với tôi, không gây khó chịu và giúp buổi tập có nhịp ổn. Lý do chính: Good fit. Mức đánh giá 4/5, ở phần cuối buổi.",1,0.0069
"Bài Decline EZ-Bar Skull Crusher dễ setup, cảm giác kiểm soát tốt nên tôi muốn tiếp tục duy trì. Lý do chính: Good fit. Mức đánh giá 5/5, khi theo giáo án hiện tại.",1,0.0069
"Dumbbell Shrug khá dễ kiểm soát, tôi hoàn thành tốt và muốn tăng thử thách nhẹ ở lần tới. Lý do chính: Good fit, Too easy. Mức đánh giá 5/5, trong lần đánh giá hôm nay.",1,0.0069
"Bài One-Arm Dumbbell Row vào nhịp tốt, tôi muốn progression rõ hơn để tiếp tục tiến bộ. Lý do chính: Good fit, Too easy. Mức đánh giá 5/5, khi theo giáo án hiện tại.",1,0.0069
"Bài One-Arm Dumbbell Row vào nhịp tốt, tôi muốn progression rõ hơn để tiếp tục tiến bộ. Lý do chính: Good fit, Too easy. Mức đánh giá 5/5, sau khi hoàn thành phần chính.",1,0.0069
"Bài Seated Dumbbell Curl vào nhịp tốt, tôi muốn progression rõ hơn để tiếp tục tiến bộ. Lý do chính: Good fit, Too easy. Mức đánh giá 4/5, khi theo giáo án hiện tại.",1,0.0069
"Bài Dumbbell Pullover vào nhịp tốt, tôi muốn progression rõ hơn để tiếp tục tiến bộ. Lý do chính: Good fit, Too easy. Mức đánh giá 4/5, khi theo giáo án hiện tại.",1,0.0069
"Tôi thấy Dumbbell Hammer Curl đang hơi nhẹ so với sức hiện tại, có thể tăng độ khó hoặc thêm volume vừa phải. Lý do chính: Good fit, Too easy. Mức đánh giá 4/5, khi xét cảm giác phục hồi.",1,0.0069
"Tôi thấy One-Arm Dumbbell Row đang hơi nhẹ so với sức hiện tại, có thể tăng độ khó hoặc thêm volume vừa phải. Lý do chính: Good fit, Too easy. Mức đánh giá 5/5, ở phần cuối buổi.",1,0.0069
"Bài Dumbbell Hammer Curl vào nhịp tốt, tôi muốn progression rõ hơn để tiếp tục tiến bộ. Lý do chính: Good fit, Too easy. Mức đánh giá 4/5, ở bối cảnh lịch tập này.",1,0.0069
"Dumbbell Concentration Curl khá dễ kiểm soát, tôi hoàn thành tốt và muốn tăng thử thách nhẹ ở lần tới. Lý do chính: Good fit, Too easy. Mức đánh giá 5/5, trong nhịp tập tuần này.",1,0.0069
"One-Arm Dumbbell Row khá dễ kiểm soát, tôi hoàn thành tốt và muốn tăng thử thách nhẹ ở lần tới. Lý do chính: Good fit, Too easy. Mức đánh giá 4/5, ở lần ghi nhận gần đây.",1,0.0069
"Tôi thấy Seated Dumbbell Curl đang hơi nhẹ so với sức hiện tại, có thể tăng độ khó hoặc thêm volume vừa phải. Lý do chính: Good fit, Too easy. Mức đánh giá 5/5, khi tập với mức hiện tại.",1,0.0069
"Tôi thấy Bent-Over Dumbbell Reverse Fly đang hơi nhẹ so với sức hiện tại, có thể tăng độ khó hoặc thêm volume vừa phải. Lý do chính: Good fit, Too easy. Mức đánh giá 5/5, khi tập với mức hiện tại.",1,0.0069
"Tôi thấy Dumbbell Pullover đang hơi nhẹ so với sức hiện tại, có thể tăng độ khó hoặc thêm volume vừa phải. Lý do chính: Good fit, Too easy. Mức đánh giá 5/5, khi tập với mức hiện tại.",1,0.0069
"Dumbbell Hammer Curl khá dễ kiểm soát, tôi hoàn thành tốt và muốn tăng thử thách nhẹ ở lần tới. Lý do chính: Good fit, Too easy. Mức đánh giá 4/5, sau vài set đầu.",1,0.0069
"One-Arm Dumbbell Row khá dễ kiểm soát, tôi hoàn thành tốt và muốn tăng thử thách nhẹ ở lần tới. Lý do chính: Good fit, Too easy. Mức đánh giá 5/5, trong nhịp tập tuần này.",1,0.0069
"One-Arm Dumbbell Row khá dễ kiểm soát, tôi hoàn thành tốt và muốn tăng thử thách nhẹ ở lần tới. Lý do chính: Good fit, Too easy. Mức đánh giá 5/5, trong lần đánh giá hôm nay.",1,0.0069
"Tôi thấy Dumbbell Concentration Curl đang hơi nhẹ so với sức hiện tại, có thể tăng độ khó hoặc thêm volume vừa phải. Lý do chính: Good fit, Too easy. Mức đánh giá 4/5, khi tập với mức hiện tại.",1,0.0069
"Bent-Over Dumbbell Reverse Fly khá dễ kiểm soát, tôi hoàn thành tốt và muốn tăng thử thách nhẹ ở lần tới. Lý do chính: Good fit, Too easy. Mức đánh giá 5/5, ở lần ghi nhận gần đây.",1,0.0069
"Dumbbell Shrug khá dễ kiểm soát, tôi hoàn thành tốt và muốn tăng thử thách nhẹ ở lần tới. Lý do chính: Good fit, Too easy. Mức đánh giá 4/5, sau vài set đầu.",1,0.0069
"Bài Seated Dumbbell Curl vào nhịp tốt, tôi muốn progression rõ hơn để tiếp tục tiến bộ. Lý do chính: Good fit, Too easy. Mức đánh giá 5/5, khi theo giáo án hiện tại.",1,0.0069
"Bài Bird Dog vào nhịp tốt, tôi muốn progression rõ hơn để tiếp tục tiến bộ. Lý do chính: Good fit, Too easy. Mức đánh giá 4/5, ở bối cảnh lịch tập này.",1,0.0069
"Bài Pike Push-Up vào nhịp tốt, tôi muốn progression rõ hơn để tiếp tục tiến bộ. Lý do chính: Good fit, Too easy. Mức đánh giá 4/5, khi so với khả năng hiện tại.",1,0.0069
"Tôi thấy Side-Lying Inner Thigh Raise đang hơi nhẹ so với sức hiện tại, có thể tăng độ khó hoặc thêm volume vừa phải. Lý do chính: Good fit, Too easy. Mức đánh giá 4/5, khi xét cảm giác phục hồi.",1,0.0069
"Bài V-Up vào nhịp tốt, tôi muốn progression rõ hơn để tiếp tục tiến bộ. Lý do chính: Good fit, Too easy. Mức đánh giá 5/5, khi so với khả năng hiện tại.",1,0.0069
"Side Plank khá dễ kiểm soát, tôi hoàn thành tốt và muốn tăng thử thách nhẹ ở lần tới. Lý do chính: Good fit, Too easy. Mức đánh giá 4/5, trong lần đánh giá hôm nay.",1,0.0069
"Tôi thấy Hollow Body Hold đang hơi nhẹ so với sức hiện tại, có thể tăng độ khó hoặc thêm volume vừa phải. Lý do chính: Good fit, Too easy. Mức đánh giá 5/5, khi xét cảm giác phục hồi.",1,0.0069
"Tôi thấy Side-Lying Inner Thigh Raise đang hơi nhẹ so với sức hiện tại, có thể tăng độ khó hoặc thêm volume vừa phải. Lý do chính: Good fit, Too easy. Mức đánh giá 5/5, trong buổi tập này.",1,0.0069
"Side Plank phù hợp với tôi, không gây khó chịu và giúp buổi tập có nhịp ổn. Lý do chính: Good fit. Mức đánh giá 5/5, khi tập với mức hiện tại.",1,0.0069
"Push-Up phù hợp với tôi, không gây khó chịu và giúp buổi tập có nhịp ổn. Lý do chính: Good fit. Mức đánh giá 5/5, khi xét cảm giác phục hồi.",1,0.0069
"Hollow Body Hold phù hợp với tôi, không gây khó chịu và giúp buổi tập có nhịp ổn. Lý do chính: Good fit. Mức đánh giá 5/5, ở phần cuối buổi.",1,0.0069
"Pike Push-Up phù hợp với tôi, không gây khó chịu và giúp buổi tập có nhịp ổn. Lý do chính: Good fit. Mức đánh giá 4/5, ở phần cuối buổi.",1,0.0069
"Tôi thích V-Up, cảm giác vào cơ tốt và muốn giữ bài này trong lịch. Lý do chính: Good fit. Mức đánh giá 4/5, trong nhịp tập tuần này.",1,0.0069
"Tôi thích Single-Leg Glute Bridge, cảm giác vào cơ tốt và muốn giữ bài này trong lịch. Lý do chính: Good fit. Mức đánh giá 5/5, trong nhịp tập tuần này.",1,0.0069
"Hollow Body Hold phù hợp với tôi, không gây khó chịu và giúp buổi tập có nhịp ổn. Lý do chính: Good fit. Mức đánh giá 5/5, khi tập với mức hiện tại.",1,0.0069
"Tôi thích Glute Bridge, cảm giác vào cơ tốt và muốn giữ bài này trong lịch. Lý do chính: Good fit. Mức đánh giá 5/5, trong lần đánh giá hôm nay.",1,0.0069
"Front Plank with Reach phù hợp với tôi, không gây khó chịu và giúp buổi tập có nhịp ổn. Lý do chính: Good fit. Mức đánh giá 5/5, khi tập với mức hiện tại.",1,0.0069
"Bài Push-Up dễ setup, cảm giác kiểm soát tốt nên tôi muốn tiếp tục duy trì. Lý do chính: Good fit. Mức đánh giá 4/5, ở bối cảnh lịch tập này.",1,0.0069
"Tôi thích Glute Bridge March, cảm giác vào cơ tốt và muốn giữ bài này trong lịch. Lý do chính: Good fit. Mức đánh giá 4/5, ở lần ghi nhận gần đây.",1,0.0069
"Tôi thích Single-Leg Glute Bridge, cảm giác vào cơ tốt và muốn giữ bài này trong lịch. Lý do chính: Good fit. Mức đánh giá 4/5, ở lần ghi nhận gần đây.",1,0.0069
"Single-Leg Leg Extension khá dễ kiểm soát, tôi hoàn thành tốt và muốn tăng thử thách nhẹ ở lần tới. Lý do chính: Good fit, Too easy. Mức đánh giá 5/5, trong nhịp tập tuần này.",1,0.0069
"Tôi thấy Box Jump đang hơi nhẹ so với sức hiện tại, có thể tăng độ khó hoặc thêm volume vừa phải. Lý do chính: Good fit, Too easy. Mức đánh giá 4/5, ở phần cuối buổi.",1,0.0069
"Tôi thấy TRX Suspension Row đang hơi nhẹ so với sức hiện tại, có thể tăng độ khó hoặc thêm volume vừa phải. Lý do chính: Good fit, Too easy. Mức đánh giá 4/5, trong buổi tập này.",1,0.0069
"Machine Leg Extension khá dễ kiểm soát, tôi hoàn thành tốt và muốn tăng thử thách nhẹ ở lần tới. Lý do chính: Good fit, Too easy. Mức đánh giá 5/5, ở lần ghi nhận gần đây.",1,0.0069
"Box Jump khá dễ kiểm soát, tôi hoàn thành tốt và muốn tăng thử thách nhẹ ở lần tới. Lý do chính: Good fit, Too easy. Mức đánh giá 5/5, ở lần ghi nhận gần đây.",1,0.0069
"Tôi thấy TRX Fallouts đang hơi nhẹ so với sức hiện tại, có thể tăng độ khó hoặc thêm volume vừa phải. Lý do chính: Good fit, Too easy. Mức đánh giá 4/5, khi tập với mức hiện tại.",1,0.0069
"TRX Pistol Squat khá dễ kiểm soát, tôi hoàn thành tốt và muốn tăng thử thách nhẹ ở lần tới. Lý do chính: Good fit, Too easy. Mức đánh giá 5/5, ở lần ghi nhận gần đây.",1,0.0069
"Single-Leg Leg Extension khá dễ kiểm soát, tôi hoàn thành tốt và muốn tăng thử thách nhẹ ở lần tới. Lý do chính: Good fit, Too easy. Mức đánh giá 4/5, ở lần ghi nhận gần đây.",1,0.0069
"Bài Standing Calf Raise vào nhịp tốt, tôi muốn progression rõ hơn để tiếp tục tiến bộ. Lý do chính: Good fit, Too easy. Mức đánh giá 5/5, khi theo giáo án hiện tại.",1,0.0069
"Tôi thấy Standing Calf Raise đang hơi nhẹ so với sức hiện tại, có thể tăng độ khó hoặc thêm volume vừa phải. Lý do chính: Good fit, Too easy. Mức đánh giá 4/5, ở phần cuối buổi.",1,0.0069
"Bài Machine Leg Extension vào nhịp tốt, tôi muốn progression rõ hơn để tiếp tục tiến bộ. Lý do chính: Good fit, Too easy. Mức đánh giá 5/5, khi theo giáo án hiện tại.",1,0.0069
"Tôi thấy Leg Extension đang hơi nhẹ so với sức hiện tại, có thể tăng độ khó hoặc thêm volume vừa phải. Lý do chính: Good fit, Too easy. Mức đánh giá 4/5, trong buổi tập này.",1,0.0069
"Bài Box Jump vào nhịp tốt, tôi muốn progression rõ hơn để tiếp tục tiến bộ. Lý do chính: Good fit, Too easy. Mức đánh giá 4/5, khi theo giáo án hiện tại.",1,0.0069
"TRX Suspension Row khá dễ kiểm soát, tôi hoàn thành tốt và muốn tăng thử thách nhẹ ở lần tới. Lý do chính: Good fit, Too easy. Mức đánh giá 4/5, trong nhịp tập tuần này.",1,0.0069
"TRX Push-Up khá dễ kiểm soát, tôi hoàn thành tốt và muốn tăng thử thách nhẹ ở lần tới. Lý do chính: Good fit, Too easy. Mức đánh giá 5/5, ở lần ghi nhận gần đây.",1,0.0069
"Tôi thấy Standing Calf Raise đang hơi nhẹ so với sức hiện tại, có thể tăng độ khó hoặc thêm volume vừa phải. Lý do chính: Good fit, Too easy. Mức đánh giá 5/5, khi xét cảm giác phục hồi.",1,0.0069
"Tôi thấy TRX Pistol Squat đang hơi nhẹ so với sức hiện tại, có thể tăng độ khó hoặc thêm volume vừa phải. Lý do chính: Good fit, Too easy. Mức đánh giá 4/5, khi tập với mức hiện tại.",1,0.0069
"Standing Calf Raise khá dễ kiểm soát, tôi hoàn thành tốt và muốn tăng thử thách nhẹ ở lần tới. Lý do chính: Good fit, Too easy. Mức đánh giá 4/5, ở lần ghi nhận gần đây.",1,0.0069
"Leg Extension khá dễ kiểm soát, tôi hoàn thành tốt và muốn tăng thử thách nhẹ ở lần tới. Lý do chính: Good fit, Too easy. Mức đánh giá 4/5, ở lần ghi nhận gần đây.",1,0.0069
"Bài Single-Arm TRX Row vào nhịp tốt, tôi muốn progression rõ hơn để tiếp tục tiến bộ. Lý do chính: Good fit, Too easy. Mức đánh giá 5/5, khi so với khả năng hiện tại.",1,0.0069
"Tôi thấy TRX Suspension Row đang hơi nhẹ so với sức hiện tại, có thể tăng độ khó hoặc thêm volume vừa phải. Lý do chính: Good fit, Too easy. Mức đánh giá 4/5, khi tập với mức hiện tại.",1,0.0069
"Tôi thấy TRX Push-Up đang hơi nhẹ so với sức hiện tại, có thể tăng độ khó hoặc thêm volume vừa phải. Lý do chính: Good fit, Too easy. Mức đánh giá 5/5, ở phần cuối buổi.",1,0.0069
"Tôi thấy Single-Leg Leg Extension đang hơi nhẹ so với sức hiện tại, có thể tăng độ khó hoặc thêm volume vừa phải. Lý do chính: Good fit, Too easy. Mức đánh giá 4/5, khi tập với mức hiện tại.",1,0.0069
"Bài Box Jump vào nhịp tốt, tôi muốn progression rõ hơn để tiếp tục tiến bộ. Lý do chính: Good fit, Too easy. Mức đánh giá 5/5, sau khi hoàn thành phần chính.",1,0.0069
"Bài TRX Suspension Row vào nhịp tốt, tôi muốn progression rõ hơn để tiếp tục tiến bộ. Lý do chính: Good fit, Too easy. Mức đánh giá 4/5, ở bối cảnh lịch tập này.",1,0.0069
"Machine Leg Extension khá dễ kiểm soát, tôi hoàn thành tốt và muốn tăng thử thách nhẹ ở lần tới. Lý do chính: Good fit, Too easy. Mức đánh giá 4/5, ở lần ghi nhận gần đây.",1,0.0069
"Tôi thấy Leg Extension đang hơi nhẹ so với sức hiện tại, có thể tăng độ khó hoặc thêm volume vừa phải. Lý do chính: Good fit, Too easy. Mức đánh giá 5/5, khi tập với mức hiện tại.",1,0.0069
"Box Jump khá dễ kiểm soát, tôi hoàn thành tốt và muốn tăng thử thách nhẹ ở lần tới. Lý do chính: Good fit, Too easy. Mức đánh giá 4/5, ở lần ghi nhận gần đây.",1,0.0069
"TRX Suspension Row khá dễ kiểm soát, tôi hoàn thành tốt và muốn tăng thử thách nhẹ ở lần tới. Lý do chính: Good fit, Too easy. Mức đánh giá 4/5, ở lần ghi nhận gần đây.",1,0.0069
"TRX Push-Up khá dễ kiểm soát, tôi hoàn thành tốt và muốn tăng thử thách nhẹ ở lần tới. Lý do chính: Good fit, Too easy. Mức đánh giá 4/5, trong nhịp tập tuần này.",1,0.0069
"Bài Bear Crawl vào nhịp tốt, tôi muốn progression rõ hơn để tiếp tục tiến bộ. Lý do chính: Good fit, Too easy. Mức đánh giá 5/5, khi so với khả năng hiện tại.",1,0.0069
"Bear Crawl phù hợp với tôi, không gây khó chịu và giúp buổi tập có nhịp ổn. Lý do chính: Good fit. Mức đánh giá 5/5, khi tập với mức hiện tại.",1,0.0069
"Plank phù hợp với tôi, không gây khó chịu và giúp buổi tập có nhịp ổn. Lý do chính: Good fit. Mức đánh giá 4/5, ở phần cuối buổi.",1,0.0069
"Tôi thấy Burpee đang hơi nhẹ so với sức hiện tại, có thể tăng độ khó hoặc thêm volume vừa phải. Lý do chính: Good fit, Too easy. Mức đánh giá 5/5, khi xét cảm giác phục hồi.",1,0.0069
"Bear Crawl khá dễ kiểm soát, tôi hoàn thành tốt và muốn tăng thử thách nhẹ ở lần tới. Lý do chính: Good fit, Too easy. Mức đánh giá 4/5, trong nhịp tập tuần này.",1,0.0069
"Hollow Body Hold phù hợp với tôi, không gây khó chịu và giúp buổi tập có nhịp ổn. Lý do chính: Good fit. Mức đánh giá 4/5, ở phần cuối buổi.",1,0.0069
"Tôi thấy Mountain Climbers đang hơi nhẹ so với sức hiện tại, có thể tăng độ khó hoặc thêm volume vừa phải. Lý do chính: Good fit, Too easy. Mức đánh giá 4/5, trong buổi tập này.",1,0.0069
"Tôi thích Reverse Crunch, cảm giác vào cơ tốt và muốn giữ bài này trong lịch. Lý do chính: Good fit. Mức đánh giá 4/5, trong nhịp tập tuần này.",1,0.0069
"Bài Glute Bridge March dễ setup, cảm giác kiểm soát tốt nên tôi muốn tiếp tục duy trì. Lý do chính: Good fit. Mức đánh giá 5/5, khi so với khả năng hiện tại.",1,0.0069
"Bài Mountain Climbers dễ setup, cảm giác kiểm soát tốt nên tôi muốn tiếp tục duy trì. Lý do chính: Good fit. Mức đánh giá 4/5, sau khi hoàn thành phần chính.",1,0.0069
"Bài Donkey Kick dễ setup, cảm giác kiểm soát tốt nên tôi muốn tiếp tục duy trì. Lý do chính: Good fit. Mức đánh giá 5/5, ở bối cảnh lịch tập này.",1,0.0069
"Bài Single-Leg Glute Bridge vào nhịp tốt, tôi muốn progression rõ hơn để tiếp tục tiến bộ. Lý do chính: Good fit, Too easy. Mức đánh giá 4/5, sau khi hoàn thành phần chính.",1,0.0069
"Side Plank khá dễ kiểm soát, tôi hoàn thành tốt và muốn tăng thử thách nhẹ ở lần tới. Lý do chính: Good fit, Too easy. Mức đánh giá 4/5, sau vài set đầu.",1,0.0069
"Bài Side-Lying Inner Thigh Raise dễ setup, cảm giác kiểm soát tốt nên tôi muốn tiếp tục duy trì. Lý do chính: Good fit. Mức đánh giá 5/5, sau khi hoàn thành phần chính.",1,0.0069
"Tôi thấy Front Plank with Reach đang hơi nhẹ so với sức hiện tại, có thể tăng độ khó hoặc thêm volume vừa phải. Lý do chính: Good fit, Too easy. Mức đánh giá 5/5, trong buổi tập này.",1,0.0069
"Hindu Push-Up khá dễ kiểm soát, tôi hoàn thành tốt và muốn tăng thử thách nhẹ ở lần tới. Lý do chính: Good fit, Too easy. Mức đánh giá 5/5, trong nhịp tập tuần này.",1,0.0069
"Tôi thấy Glute Bridge March đang hơi nhẹ so với sức hiện tại, có thể tăng độ khó hoặc thêm volume vừa phải. Lý do chính: Good fit, Too easy. Mức đánh giá 4/5, trong buổi tập này.",1,0.0069
"V-Up phù hợp với tôi, không gây khó chịu và giúp buổi tập có nhịp ổn. Lý do chính: Good fit. Mức đánh giá 5/5, khi tập với mức hiện tại.",1,0.0069
"Tôi thấy Pike Push-Up đang hơi nhẹ so với sức hiện tại, có thể tăng độ khó hoặc thêm volume vừa phải. Lý do chính: Good fit, Too easy. Mức đánh giá 5/5, khi tập với mức hiện tại.",1,0.0069
"Reverse Crunch phù hợp với tôi, không gây khó chịu và giúp buổi tập có nhịp ổn. Lý do chính: Good fit. Mức đánh giá 4/5, ở phần cuối buổi.",1,0.0069
"Bài Dead Bug dễ setup, cảm giác kiểm soát tốt nên tôi muốn tiếp tục duy trì. Lý do chính: Good fit. Mức đánh giá 5/5, sau khi hoàn thành phần chính.",1,0.0069
"Bài Bird Dog dễ setup, cảm giác kiểm soát tốt nên tôi muốn tiếp tục duy trì. Lý do chính: Good fit. Mức đánh giá 4/5, khi so với khả năng hiện tại.",1,0.0069
"Bird Dog phù hợp với tôi, không gây khó chịu và giúp buổi tập có nhịp ổn. Lý do chính: Good fit. Mức đánh giá 5/5, khi xét cảm giác phục hồi.",1,0.0069
"Bài Glute Bridge dễ setup, cảm giác kiểm soát tốt nên tôi muốn tiếp tục duy trì. Lý do chính: Good fit. Mức đánh giá 4/5, khi theo giáo án hiện tại.",1,0.0069
"Tôi thích Glute Bridge, cảm giác vào cơ tốt và muốn giữ bài này trong lịch. Lý do chính: Good fit. Mức đánh giá 4/5, trong nhịp tập tuần này.",1,0.0069
"Side Plank phù hợp với tôi, không gây khó chịu và giúp buổi tập có nhịp ổn. Lý do chính: Good fit. Mức đánh giá 5/5, ở phần cuối buổi.",1,0.0069
"Tôi thích Glute Bridge March, cảm giác vào cơ tốt và muốn giữ bài này trong lịch. Lý do chính: Good fit. Mức đánh giá 5/5, ở lần ghi nhận gần đây.",1,0.0069
"Tôi thích Glute Bridge, cảm giác vào cơ tốt và muốn giữ bài này trong lịch. Lý do chính: Good fit. Mức đánh giá 5/5, trong nhịp tập tuần này.",1,0.0069
"Bài Mountain Climbers dễ setup, cảm giác kiểm soát tốt nên tôi muốn tiếp tục duy trì. Lý do chính: Good fit. Mức đánh giá 5/5, khi so với khả năng hiện tại.",1,0.0069
"Tôi thích Mountain Climbers, cảm giác vào cơ tốt và muốn giữ bài này trong lịch. Lý do chính: Good fit. Mức đánh giá 4/5, ở lần ghi nhận gần đây.",1,0.0069
"Bài Glute Bridge March dễ setup, cảm giác kiểm soát tốt nên tôi muốn tiếp tục duy trì. Lý do chính: Good fit. Mức đánh giá 5/5, ở bối cảnh lịch tập này.",1,0.0069
"Dead Bug phù hợp với tôi, không gây khó chịu và giúp buổi tập có nhịp ổn. Lý do chính: Good fit. Mức đánh giá 5/5, ở phần cuối buổi.",1,0.0069
"Tôi thích Glute Bridge, cảm giác vào cơ tốt và muốn giữ bài này trong lịch. Lý do chính: Good fit. Mức đánh giá 4/5, trong lần đánh giá hôm nay.",1,0.0069
"Reverse Pec Deck Fly khá dễ kiểm soát, tôi hoàn thành tốt và muốn tăng thử thách nhẹ ở lần tới. Lý do chính: Good fit, Too easy. Mức đánh giá 4/5, ở lần ghi nhận gần đây.",1,0.0069
"Bài Reverse Pec Deck Fly vào nhịp tốt, tôi muốn progression rõ hơn để tiếp tục tiến bộ. Lý do chính: Good fit, Too easy. Mức đánh giá 5/5, khi theo giáo án hiện tại.",1,0.0069
"Machine Pec Deck Fly khá dễ kiểm soát, tôi hoàn thành tốt và muốn tăng thử thách nhẹ ở lần tới. Lý do chính: Good fit, Too easy. Mức đánh giá 5/5, ở lần ghi nhận gần đây.",1,0.0069
"Crab Walk khá dễ kiểm soát, tôi hoàn thành tốt và muốn tăng thử thách nhẹ ở lần tới. Lý do chính: Good fit, Too easy. Mức đánh giá 5/5, trong lần đánh giá hôm nay.",1,0.0069
"Medicine Ball Slam khá dễ kiểm soát, tôi hoàn thành tốt và muốn tăng thử thách nhẹ ở lần tới. Lý do chính: Good fit, Too easy. Mức đánh giá 5/5, ở lần ghi nhận gần đây.",1,0.0069
"Tôi thấy Sissy Squat đang hơi nhẹ so với sức hiện tại, có thể tăng độ khó hoặc thêm volume vừa phải. Lý do chính: Good fit, Too easy. Mức đánh giá 5/5, khi xét cảm giác phục hồi.",1,0.0069
"Pistol Squat khá dễ kiểm soát, tôi hoàn thành tốt và muốn tăng thử thách nhẹ ở lần tới. Lý do chính: Good fit, Too easy. Mức đánh giá 4/5, trong nhịp tập tuần này.",1,0.0069
"Tôi thấy Machine Pec Deck Fly đang hơi nhẹ so với sức hiện tại, có thể tăng độ khó hoặc thêm volume vừa phải. Lý do chính: Good fit, Too easy. Mức đánh giá 5/5, khi tập với mức hiện tại.",1,0.0069
"Tôi thấy Dumbbell Front Raise đang hơi nhẹ so với sức hiện tại, có thể tăng độ khó hoặc thêm volume vừa phải. Lý do chính: Good fit, Too easy. Mức đánh giá 4/5, khi xét cảm giác phục hồi.",1,0.0069
"Machine Bicep Curl khá dễ kiểm soát, tôi hoàn thành tốt và muốn tăng thử thách nhẹ ở lần tới. Lý do chính: Good fit, Too easy. Mức đánh giá 4/5, ở lần ghi nhận gần đây.",1,0.0069
"Tôi thấy Reverse Pec Deck Fly đang hơi nhẹ so với sức hiện tại, có thể tăng độ khó hoặc thêm volume vừa phải. Lý do chính: Good fit, Too easy. Mức đánh giá 5/5, khi tập với mức hiện tại.",1,0.0069
"Reverse Pec Deck Fly khá dễ kiểm soát, tôi hoàn thành tốt và muốn tăng thử thách nhẹ ở lần tới. Lý do chính: Good fit, Too easy. Mức đánh giá 5/5, trong nhịp tập tuần này.",1,0.0069
"Pistol Squat khá dễ kiểm soát, tôi hoàn thành tốt và muốn tăng thử thách nhẹ ở lần tới. Lý do chính: Good fit, Too easy. Mức đánh giá 5/5, trong nhịp tập tuần này.",1,0.0069
"Tôi thấy Dumbbell Romanian Deadlift đang hơi nhẹ so với sức hiện tại, có thể tăng độ khó hoặc thêm volume vừa phải. Lý do chính: Good fit, Too easy. Mức đánh giá 4/5, khi xét cảm giác phục hồi.",1,0.0069
"Bài Machine Pec Deck Fly vào nhịp tốt, tôi muốn progression rõ hơn để tiếp tục tiến bộ. Lý do chính: Good fit, Too easy. Mức đánh giá 4/5, ở bối cảnh lịch tập này.",1,0.0069
"Bài Push-Up vào nhịp tốt, tôi muốn progression rõ hơn để tiếp tục tiến bộ. Lý do chính: Good fit, Too easy. Mức đánh giá 5/5, khi so với khả năng hiện tại.",1,0.0069
"Bài Reverse Pec Deck Fly vào nhịp tốt, tôi muốn progression rõ hơn để tiếp tục tiến bộ. Lý do chính: Good fit, Too easy. Mức đánh giá 4/5, sau khi hoàn thành phần chính.",1,0.0069
"Tôi thấy Pistol Squat đang hơi nhẹ so với sức hiện tại, có thể tăng độ khó hoặc thêm volume vừa phải. Lý do chính: Good fit, Too easy. Mức đánh giá 4/5, ở phần cuối buổi.",1,0.0069
"Dumbbell Romanian Deadlift khá dễ kiểm soát, tôi hoàn thành tốt và muốn tăng thử thách nhẹ ở lần tới. Lý do chính: Good fit, Too easy. Mức đánh giá 5/5, trong nhịp tập tuần này.",1,0.0069
"Crab Walk khá dễ kiểm soát, tôi hoàn thành tốt và muốn tăng thử thách nhẹ ở lần tới. Lý do chính: Good fit, Too easy. Mức đánh giá 4/5, sau vài set đầu.",1,0.0069
"Bài Reverse Pec Deck Fly vào nhịp tốt, tôi muốn progression rõ hơn để tiếp tục tiến bộ. Lý do chính: Good fit, Too easy. Mức đánh giá 5/5, sau khi hoàn thành phần chính.",1,0.0069
"Machine Assisted Pull-Up phù hợp với tôi, không gây khó chịu và giúp buổi tập có nhịp ổn. Lý do chính: Good fit. Mức đánh giá 5/5, ở phần cuối buổi.",1,0.0069
"Tôi thích EZ-Bar Preacher Curl, cảm giác vào cơ tốt và muốn giữ bài này trong lịch. Lý do chính: Good fit. Mức đánh giá 4/5, ở lần ghi nhận gần đây.",1,0.0069
"Tôi thích EZ-Bar Preacher Curl, cảm giác vào cơ tốt và muốn giữ bài này trong lịch. Lý do chính: Good fit. Mức đánh giá 4/5, trong nhịp tập tuần này.",1,0.0069
"Tôi thích EZ-Bar Preacher Curl, cảm giác vào cơ tốt và muốn giữ bài này trong lịch. Lý do chính: Good fit. Mức đánh giá 5/5, trong lần đánh giá hôm nay.",1,0.0069
"Tôi thích Machine Assisted Pull-Up, cảm giác vào cơ tốt và muốn giữ bài này trong lịch. Lý do chính: Good fit. Mức đánh giá 4/5, ở lần ghi nhận gần đây.",1,0.0069
"Bài Machine Assisted Pull-Up dễ setup, cảm giác kiểm soát tốt nên tôi muốn tiếp tục duy trì. Lý do chính: Good fit. Mức đánh giá 5/5, sau khi hoàn thành phần chính.",1,0.0069
"EZ-Bar Preacher Curl phù hợp với tôi, không gây khó chịu và giúp buổi tập có nhịp ổn. Lý do chính: Good fit. Mức đánh giá 5/5, khi tập với mức hiện tại.",1,0.0069
"Bài EZ-Bar Preacher Curl dễ setup, cảm giác kiểm soát tốt nên tôi muốn tiếp tục duy trì. Lý do chính: Good fit. Mức đánh giá 4/5, sau khi hoàn thành phần chính.",1,0.0069
"Tôi thấy Star Plank đang hơi nhẹ so với sức hiện tại, có thể tăng độ khó hoặc thêm volume vừa phải. Lý do chính: Good fit, Too easy. Mức đánh giá 5/5, khi tập với mức hiện tại.",1,0.0069
"Bài Star Plank vào nhịp tốt, tôi muốn progression rõ hơn để tiếp tục tiến bộ. Lý do chính: Good fit, Too easy. Mức đánh giá 5/5, khi so với khả năng hiện tại.",1,0.0069
"Tôi thấy Neck Bridge đang hơi nhẹ so với sức hiện tại, có thể tăng độ khó hoặc thêm volume vừa phải. Lý do chính: Good fit, Too easy. Mức đánh giá 5/5, khi tập với mức hiện tại.",1,0.0069
"Tôi thấy Reverse Crunch đang hơi nhẹ so với sức hiện tại, có thể tăng độ khó hoặc thêm volume vừa phải. Lý do chính: Good fit, Too easy. Mức đánh giá 5/5, khi xét cảm giác phục hồi.",1,0.0069
"Tôi thấy V-Up đang hơi nhẹ so với sức hiện tại, có thể tăng độ khó hoặc thêm volume vừa phải. Lý do chính: Good fit, Too easy. Mức đánh giá 5/5, khi tập với mức hiện tại.",1,0.0069
"Bài Hollow Body Hold vào nhịp tốt, tôi muốn progression rõ hơn để tiếp tục tiến bộ. Lý do chính: Good fit, Too easy. Mức đánh giá 5/5, sau khi hoàn thành phần chính.",1,0.0069
"Tôi thấy Neck Bridge đang hơi nhẹ so với sức hiện tại, có thể tăng độ khó hoặc thêm volume vừa phải. Lý do chính: Good fit, Too easy. Mức đánh giá 4/5, khi tập với mức hiện tại.",1,0.0069
"Bài Pike Push-Up vào nhịp tốt, tôi muốn progression rõ hơn để tiếp tục tiến bộ. Lý do chính: Good fit, Too easy. Mức đánh giá 5/5, ở bối cảnh lịch tập này.",1,0.0069
"Tôi thấy Donkey Kick đang hơi nhẹ so với sức hiện tại, có thể tăng độ khó hoặc thêm volume vừa phải. Lý do chính: Good fit, Too easy. Mức đánh giá 4/5, ở phần cuối buổi.",1,0.0069
"Tôi thấy Star Plank đang hơi nhẹ so với sức hiện tại, có thể tăng độ khó hoặc thêm volume vừa phải. Lý do chính: Good fit, Too easy. Mức đánh giá 4/5, ở phần cuối buổi.",1,0.0069
"Tôi thấy Single-Leg Glute Bridge đang hơi nhẹ so với sức hiện tại, có thể tăng độ khó hoặc thêm volume vừa phải. Lý do chính: Good fit, Too easy. Mức đánh giá 4/5, trong buổi tập này.",1,0.0069
"Bài Renegade Row vào nhịp tốt, tôi muốn progression rõ hơn để tiếp tục tiến bộ. Lý do chính: Good fit, Too easy. Mức đánh giá 4/5, ở bối cảnh lịch tập này.",1,0.0069
"Tôi thấy Dumbbell Romanian Deadlift đang hơi nhẹ so với sức hiện tại, có thể tăng độ khó hoặc thêm volume vừa phải. Lý do chính: Good fit, Too easy. Mức đánh giá 4/5, khi tập với mức hiện tại.",1,0.0069
"Bài Machine Shrug vào nhịp tốt, tôi muốn progression rõ hơn để tiếp tục tiến bộ. Lý do chính: Good fit, Too easy. Mức đánh giá 4/5, khi theo giáo án hiện tại.",1,0.0069
"Tôi thấy Renegade Row đang hơi nhẹ so với sức hiện tại, có thể tăng độ khó hoặc thêm volume vừa phải. Lý do chính: Good fit, Too easy. Mức đánh giá 5/5, ở phần cuối buổi.",1,0.0069
"Bài Single-Arm Smith Machine Row vào nhịp tốt, tôi muốn progression rõ hơn để tiếp tục tiến bộ. Lý do chính: Good fit, Too easy. Mức đánh giá 4/5, khi theo giáo án hiện tại.",1,0.0069
"Zottman Curl khá dễ kiểm soát, tôi hoàn thành tốt và muốn tăng thử thách nhẹ ở lần tới. Lý do chính: Good fit, Too easy. Mức đánh giá 4/5, trong lần đánh giá hôm nay.",1,0.0069
"Tôi thấy Single-Arm Dumbbell Push Press đang hơi nhẹ so với sức hiện tại, có thể tăng độ khó hoặc thêm volume vừa phải. Lý do chính: Good fit, Too easy. Mức đánh giá 5/5, khi tập với mức hiện tại.",1,0.0069
"Dumbbell Floor Press khá dễ kiểm soát, tôi hoàn thành tốt và muốn tăng thử thách nhẹ ở lần tới. Lý do chính: Good fit, Too easy. Mức đánh giá 4/5, ở lần ghi nhận gần đây.",1,0.0069
"Tôi thấy Smith Machine Shrug đang hơi nhẹ so với sức hiện tại, có thể tăng độ khó hoặc thêm volume vừa phải. Lý do chính: Good fit, Too easy. Mức đánh giá 5/5, khi tập với mức hiện tại.",1,0.0069
"Tôi thấy Smith Machine Upright Row đang hơi nhẹ so với sức hiện tại, có thể tăng độ khó hoặc thêm volume vừa phải. Lý do chính: Good fit, Too easy. Mức đánh giá 5/5, ở phần cuối buổi.",1,0.0069
"Bài Dumbbell Z-Press vào nhịp tốt, tôi muốn progression rõ hơn để tiếp tục tiến bộ. Lý do chính: Good fit, Too easy. Mức đánh giá 4/5, khi theo giáo án hiện tại.",1,0.0069
"Tôi thấy Crab Walk đang hơi nhẹ so với sức hiện tại, có thể tăng độ khó hoặc thêm volume vừa phải. Lý do chính: Good fit, Too easy. Mức đánh giá 5/5, khi xét cảm giác phục hồi.",1,0.0069
"Bài Dumbbell Front Squat vào nhịp tốt, tôi muốn progression rõ hơn để tiếp tục tiến bộ. Lý do chính: Good fit, Too easy. Mức đánh giá 5/5, sau khi hoàn thành phần chính.",1,0.0069
"Renegade Row khá dễ kiểm soát, tôi hoàn thành tốt và muốn tăng thử thách nhẹ ở lần tới. Lý do chính: Good fit, Too easy. Mức đánh giá 4/5, trong nhịp tập tuần này.",1,0.0069
"Smith Machine Squat khá dễ kiểm soát, tôi hoàn thành tốt và muốn tăng thử thách nhẹ ở lần tới. Lý do chính: Good fit, Too easy. Mức đánh giá 5/5, ở lần ghi nhận gần đây.",1,0.0069
"Dumbbell Romanian Deadlift khá dễ kiểm soát, tôi hoàn thành tốt và muốn tăng thử thách nhẹ ở lần tới. Lý do chính: Good fit, Too easy. Mức đánh giá 4/5, trong nhịp tập tuần này.",1,0.0069
"Bài Bent-Over Dumbbell Reverse Fly vào nhịp tốt, tôi muốn progression rõ hơn để tiếp tục tiến bộ. Lý do chính: Good fit, Too easy. Mức đánh giá 4/5, sau khi hoàn thành phần chính.",1,0.0069
"Tôi thấy Machine Shrug đang hơi nhẹ so với sức hiện tại, có thể tăng độ khó hoặc thêm volume vừa phải. Lý do chính: Good fit, Too easy. Mức đánh giá 5/5, khi tập với mức hiện tại.",1,0.0069
"Bài Renegade Row vào nhịp tốt, tôi muốn progression rõ hơn để tiếp tục tiến bộ. Lý do chính: Good fit, Too easy. Mức đánh giá 4/5, khi so với khả năng hiện tại.",1,0.0069
"Bài Single-Arm Smith Machine Row vào nhịp tốt, tôi muốn progression rõ hơn để tiếp tục tiến bộ. Lý do chính: Good fit, Too easy. Mức đánh giá 5/5, khi theo giáo án hiện tại.",1,0.0069
"Bài Zottman Curl vào nhịp tốt, tôi muốn progression rõ hơn để tiếp tục tiến bộ. Lý do chính: Good fit, Too easy. Mức đánh giá 4/5, sau khi hoàn thành phần chính.",1,0.0069
"Smith Machine Shrug khá dễ kiểm soát, tôi hoàn thành tốt và muốn tăng thử thách nhẹ ở lần tới. Lý do chính: Good fit, Too easy. Mức đánh giá 4/5, sau vài set đầu.",1,0.0069
"Tôi thấy Smith Machine Upright Row đang hơi nhẹ so với sức hiện tại, có thể tăng độ khó hoặc thêm volume vừa phải. Lý do chính: Good fit, Too easy. Mức đánh giá 5/5, khi tập với mức hiện tại.",1,0.0069
"Renegade Row khá dễ kiểm soát, tôi hoàn thành tốt và muốn tăng thử thách nhẹ ở lần tới. Lý do chính: Good fit, Too easy. Mức đánh giá 4/5, ở lần ghi nhận gần đây.",1,0.0069
"Tôi thấy Smith Machine Squat đang hơi nhẹ so với sức hiện tại, có thể tăng độ khó hoặc thêm volume vừa phải. Lý do chính: Good fit, Too easy. Mức đánh giá 4/5, khi tập với mức hiện tại.",1,0.0069
"Bài Dumbbell Hammer Curl vào nhịp tốt, tôi muốn progression rõ hơn để tiếp tục tiến bộ. Lý do chính: Good fit, Too easy. Mức đánh giá 4/5, khi theo giáo án hiện tại.",1,0.0069
"Bài Renegade Row vào nhịp tốt, tôi muốn progression rõ hơn để tiếp tục tiến bộ. Lý do chính: Good fit, Too easy. Mức đánh giá 4/5, khi theo giáo án hiện tại.",1,0.0069
"Tôi thấy Single-Arm Smith Machine Row đang hơi nhẹ so với sức hiện tại, có thể tăng độ khó hoặc thêm volume vừa phải. Lý do chính: Good fit, Too easy. Mức đánh giá 5/5, ở phần cuối buổi.",1,0.0069
"Bài Dumbbell Floor Press vào nhịp tốt, tôi muốn progression rõ hơn để tiếp tục tiến bộ. Lý do chính: Good fit, Too easy. Mức đánh giá 5/5, sau khi hoàn thành phần chính.",1,0.0069
"Bài Zottman Curl vào nhịp tốt, tôi muốn progression rõ hơn để tiếp tục tiến bộ. Lý do chính: Good fit, Too easy. Mức đánh giá 5/5, khi theo giáo án hiện tại.",1,0.0069
"Bài Dumbbell Z-Press vào nhịp tốt, tôi muốn progression rõ hơn để tiếp tục tiến bộ. Lý do chính: Good fit, Too easy. Mức đánh giá 5/5, khi theo giáo án hiện tại.",1,0.0069
"Single-Arm Dumbbell Push Press khá dễ kiểm soát, tôi hoàn thành tốt và muốn tăng thử thách nhẹ ở lần tới. Lý do chính: Good fit, Too easy. Mức đánh giá 4/5, sau vài set đầu.",1,0.0069
"Bài Smith Machine Shrug vào nhịp tốt, tôi muốn progression rõ hơn để tiếp tục tiến bộ. Lý do chính: Good fit, Too easy. Mức đánh giá 4/5, sau khi hoàn thành phần chính.",1,0.0069
"Smith Machine Upright Row khá dễ kiểm soát, tôi hoàn thành tốt và muốn tăng thử thách nhẹ ở lần tới. Lý do chính: Good fit, Too easy. Mức đánh giá 5/5, trong nhịp tập tuần này.",1,0.0069
"Bài Dumbbell Front Squat vào nhịp tốt, tôi muốn progression rõ hơn để tiếp tục tiến bộ. Lý do chính: Good fit, Too easy. Mức đánh giá 4/5, khi theo giáo án hiện tại.",1,0.0069
"Bài Renegade Row vào nhịp tốt, tôi muốn progression rõ hơn để tiếp tục tiến bộ. Lý do chính: Good fit, Too easy. Mức đánh giá 5/5, khi theo giáo án hiện tại.",1,0.0069
"Bài Dumbbell Floor Press vào nhịp tốt, tôi muốn progression rõ hơn để tiếp tục tiến bộ. Lý do chính: Good fit, Too easy. Mức đánh giá 4/5, khi theo giáo án hiện tại.",1,0.0069
"Plate Pinch Hold khá dễ kiểm soát, tôi hoàn thành tốt và muốn tăng thử thách nhẹ ở lần tới. Lý do chính: Good fit, Too easy. Mức đánh giá 4/5, trong nhịp tập tuần này.",1,0.0069
"Bài Lying Leg Raise vào nhịp tốt, tôi muốn progression rõ hơn để tiếp tục tiến bộ. Lý do chính: Good fit, Too easy. Mức đánh giá 5/5, ở bối cảnh lịch tập này.",1,0.0069
"Donkey Kick phù hợp với tôi, không gây khó chịu và giúp buổi tập có nhịp ổn. Lý do chính: Good fit. Mức đánh giá 4/5, khi tập với mức hiện tại.",1,0.0069
"Donkey Kick phù hợp với tôi, không gây khó chịu và giúp buổi tập có nhịp ổn. Lý do chính: Good fit. Mức đánh giá 5/5, khi tập với mức hiện tại.",1,0.0069
"Bài Reverse Crunch vào nhịp tốt, tôi muốn progression rõ hơn để tiếp tục tiến bộ. Lý do chính: Good fit, Too easy. Mức đánh giá 4/5, ở bối cảnh lịch tập này.",1,0.0069
"Plate Pinch Hold phù hợp với tôi, không gây khó chịu và giúp buổi tập có nhịp ổn. Lý do chính: Good fit. Mức đánh giá 5/5, khi tập với mức hiện tại.",1,0.0069
"Bài Side-Lying Inner Thigh Raise dễ setup, cảm giác kiểm soát tốt nên tôi muốn tiếp tục duy trì. Lý do chính: Good fit. Mức đánh giá 5/5, khi so với khả năng hiện tại.",1,0.0069
"Tôi thích Glute Bridge March, cảm giác vào cơ tốt và muốn giữ bài này trong lịch. Lý do chính: Good fit. Mức đánh giá 4/5, sau vài set đầu.",1,0.0069
"Tôi thấy Plate Pinch Hold đang hơi nhẹ so với sức hiện tại, có thể tăng độ khó hoặc thêm volume vừa phải. Lý do chính: Good fit, Too easy. Mức đánh giá 5/5, khi tập với mức hiện tại.",1,0.0069
"Bài Lying Leg Raise dễ setup, cảm giác kiểm soát tốt nên tôi muốn tiếp tục duy trì. Lý do chính: Good fit. Mức đánh giá 4/5, khi so với khả năng hiện tại.",1,0.0069
"Tôi thấy Bicycle Crunch đang hơi nhẹ so với sức hiện tại, có thể tăng độ khó hoặc thêm volume vừa phải. Lý do chính: Good fit, Too easy. Mức đánh giá 5/5, khi xét cảm giác phục hồi.",1,0.0069
"Tôi thích Reverse Crunch, cảm giác vào cơ tốt và muốn giữ bài này trong lịch. Lý do chính: Good fit. Mức đánh giá 5/5, trong lần đánh giá hôm nay.",1,0.0069
"Wall Slide khá dễ kiểm soát, tôi hoàn thành tốt và muốn tăng thử thách nhẹ ở lần tới. Lý do chính: Good fit, Too easy. Mức đánh giá 4/5, ở lần ghi nhận gần đây.",1,0.0069
"Tôi thích Donkey Kick, cảm giác vào cơ tốt và muốn giữ bài này trong lịch. Lý do chính: Good fit. Mức đánh giá 4/5, trong nhịp tập tuần này.",1,0.0069
"Bài Lying Leg Raise vào nhịp tốt, tôi muốn progression rõ hơn để tiếp tục tiến bộ. Lý do chính: Good fit, Too easy. Mức đánh giá 4/5, khi so với khả năng hiện tại.",1,0.0069
"Tôi thấy Bird Dog đang hơi nhẹ so với sức hiện tại, có thể tăng độ khó hoặc thêm volume vừa phải. Lý do chính: Good fit, Too easy. Mức đánh giá 4/5, khi xét cảm giác phục hồi.",1,0.0069
"Bicycle Crunch khá dễ kiểm soát, tôi hoàn thành tốt và muốn tăng thử thách nhẹ ở lần tới. Lý do chính: Good fit, Too easy. Mức đánh giá 5/5, trong lần đánh giá hôm nay.",1,0.0069
"Tôi thấy Dead Bug đang hơi nhẹ so với sức hiện tại, có thể tăng độ khó hoặc thêm volume vừa phải. Lý do chính: Good fit, Too easy. Mức đánh giá 4/5, khi xét cảm giác phục hồi.",1,0.0069
"Bài Glute Bridge vào nhịp tốt, tôi muốn progression rõ hơn để tiếp tục tiến bộ. Lý do chính: Good fit, Too easy. Mức đánh giá 4/5, sau khi hoàn thành phần chính.",1,0.0069
"Bicycle Crunch khá dễ kiểm soát, tôi hoàn thành tốt và muốn tăng thử thách nhẹ ở lần tới. Lý do chính: Good fit, Too easy. Mức đánh giá 4/5, trong lần đánh giá hôm nay.",1,0.0069
"Dead Bug khá dễ kiểm soát, tôi hoàn thành tốt và muốn tăng thử thách nhẹ ở lần tới. Lý do chính: Good fit, Too easy. Mức đánh giá 5/5, sau vài set đầu.",1,0.0069
"Bài Glute Bridge vào nhịp tốt, tôi muốn progression rõ hơn để tiếp tục tiến bộ. Lý do chính: Good fit, Too easy. Mức đánh giá 5/5, khi so với khả năng hiện tại.",1,0.0069
"Tôi thấy Wall Slide đang hơi nhẹ so với sức hiện tại, có thể tăng độ khó hoặc thêm volume vừa phải. Lý do chính: Good fit, Too easy. Mức đánh giá 4/5, khi tập với mức hiện tại.",1,0.0069
"Tôi thấy Seated Leg Curl đang hơi nhẹ so với sức hiện tại, có thể tăng độ khó hoặc thêm volume vừa phải. Lý do chính: Good fit, Too easy. Mức đánh giá 5/5, ở phần cuối buổi.",1,0.0069
"Cable Glute Kickback khá dễ kiểm soát, tôi hoàn thành tốt và muốn tăng thử thách nhẹ ở lần tới. Lý do chính: Good fit, Too easy. Mức đánh giá 5/5, ở lần ghi nhận gần đây.",1,0.0069
"Bài Machine Chest Press dễ setup, cảm giác kiểm soát tốt nên tôi muốn tiếp tục duy trì. Lý do chính: Good fit. Mức đánh giá 4/5, khi theo giáo án hiện tại.",1,0.0069
"Cable Glute Kickback khá dễ kiểm soát, tôi hoàn thành tốt và muốn tăng thử thách nhẹ ở lần tới. Lý do chính: Good fit, Too easy. Mức đánh giá 4/5, trong nhịp tập tuần này.",1,0.0069
"Machine Hip Adductor khá dễ kiểm soát, tôi hoàn thành tốt và muốn tăng thử thách nhẹ ở lần tới. Lý do chính: Good fit, Too easy. Mức đánh giá 4/5, trong lần đánh giá hôm nay.",1,0.0069
"Tôi thích Seated Machine Chest Press, cảm giác vào cơ tốt và muốn giữ bài này trong lịch. Lý do chính: Good fit. Mức đánh giá 4/5, ở lần ghi nhận gần đây.",1,0.0069
"Bài Machine Chest Press vào nhịp tốt, tôi muốn progression rõ hơn để tiếp tục tiến bộ. Lý do chính: Good fit, Too easy. Mức đánh giá 5/5, khi theo giáo án hiện tại.",1,0.0069
"Tôi thích Cable Glute Kickback, cảm giác vào cơ tốt và muốn giữ bài này trong lịch. Lý do chính: Good fit. Mức đánh giá 4/5, trong nhịp tập tuần này.",1,0.0069
"Tôi thấy Plate Pinch Hold đang hơi nhẹ so với sức hiện tại, có thể tăng độ khó hoặc thêm volume vừa phải. Lý do chính: Good fit, Too easy. Mức đánh giá 5/5, ở phần cuối buổi.",1,0.0069
"Tibialis Raise phù hợp với tôi, không gây khó chịu và giúp buổi tập có nhịp ổn. Lý do chính: Good fit. Mức đánh giá 5/5, khi xét cảm giác phục hồi.",1,0.0069
"Tôi thấy Machine Hip Adductor đang hơi nhẹ so với sức hiện tại, có thể tăng độ khó hoặc thêm volume vừa phải. Lý do chính: Good fit, Too easy. Mức đánh giá 5/5, ở phần cuối buổi.",1,0.0069
"Bài Seated Machine Chest Press vào nhịp tốt, tôi muốn progression rõ hơn để tiếp tục tiến bộ. Lý do chính: Good fit, Too easy. Mức đánh giá 5/5, sau khi hoàn thành phần chính.",1,0.0069
"Tôi thích Machine Hip Adductor, cảm giác vào cơ tốt và muốn giữ bài này trong lịch. Lý do chính: Good fit. Mức đánh giá 4/5, ở lần ghi nhận gần đây.",1,0.0069
"Bài Seated Machine Chest Press vào nhịp tốt, tôi muốn progression rõ hơn để tiếp tục tiến bộ. Lý do chính: Good fit, Too easy. Mức đánh giá 4/5, khi so với khả năng hiện tại.",1,0.0069
"Tôi thích Machine Chest Press, cảm giác vào cơ tốt và muốn giữ bài này trong lịch. Lý do chính: Good fit. Mức đánh giá 4/5, trong nhịp tập tuần này.",1,0.0069
"Seated Leg Curl phù hợp với tôi, không gây khó chịu và giúp buổi tập có nhịp ổn. Lý do chính: Good fit. Mức đánh giá 4/5, khi tập với mức hiện tại.",1,0.0069
"Tôi thấy Cable Glute Kickback đang hơi nhẹ so với sức hiện tại, có thể tăng độ khó hoặc thêm volume vừa phải. Lý do chính: Good fit, Too easy. Mức đánh giá 4/5, khi tập với mức hiện tại.",1,0.0069
"Machine Hip Abductor phù hợp với tôi, không gây khó chịu và giúp buổi tập có nhịp ổn. Lý do chính: Good fit. Mức đánh giá 4/5, khi tập với mức hiện tại.",1,0.0069
"Machine Hip Adductor khá dễ kiểm soát, tôi hoàn thành tốt và muốn tăng thử thách nhẹ ở lần tới. Lý do chính: Good fit, Too easy. Mức đánh giá 5/5, sau vài set đầu.",1,0.0069
"Bài Wall Slide dễ setup, cảm giác kiểm soát tốt nên tôi muốn tiếp tục duy trì. Lý do chính: Good fit. Mức đánh giá 5/5, khi theo giáo án hiện tại.",1,0.0069
"Cable Glute Kickback phù hợp với tôi, không gây khó chịu và giúp buổi tập có nhịp ổn. Lý do chính: Good fit. Mức đánh giá 4/5, ở phần cuối buổi.",1,0.0069
"Bài Wall Sit vào nhịp tốt, tôi muốn progression rõ hơn để tiếp tục tiến bộ. Lý do chính: Good fit, Too easy. Mức đánh giá 4/5, sau khi hoàn thành phần chính.",1,0.0069
"Bài Seated Machine Chest Press vào nhịp tốt, tôi muốn progression rõ hơn để tiếp tục tiến bộ. Lý do chính: Good fit, Too easy. Mức đánh giá 4/5, khi theo giáo án hiện tại.",1,0.0069
"Tôi thấy Cable Glute Kickback đang hơi nhẹ so với sức hiện tại, có thể tăng độ khó hoặc thêm volume vừa phải. Lý do chính: Good fit, Too easy. Mức đánh giá 5/5, ở phần cuối buổi.",1,0.0069
"Tôi thích Wall Sit, cảm giác vào cơ tốt và muốn giữ bài này trong lịch. Lý do chính: Good fit. Mức đánh giá 4/5, sau vài set đầu.",1,0.0069
"Seated Machine Chest Press khá dễ kiểm soát, tôi hoàn thành tốt và muốn tăng thử thách nhẹ ở lần tới. Lý do chính: Good fit, Too easy. Mức đánh giá 5/5, trong nhịp tập tuần này.",1,0.0069
"Machine Chest Press phù hợp với tôi, không gây khó chịu và giúp buổi tập có nhịp ổn. Lý do chính: Good fit. Mức đánh giá 4/5, ở phần cuối buổi.",1,0.0069
"Tôi thấy Wall Slide đang hơi nhẹ so với sức hiện tại, có thể tăng độ khó hoặc thêm volume vừa phải. Lý do chính: Good fit, Too easy. Mức đánh giá 5/5, khi tập với mức hiện tại.",1,0.0069
"Seated Leg Curl phù hợp với tôi, không gây khó chịu và giúp buổi tập có nhịp ổn. Lý do chính: Good fit. Mức đánh giá 4/5, ở phần cuối buổi.",1,0.0069
"Bài Cable Glute Kickback vào nhịp tốt, tôi muốn progression rõ hơn để tiếp tục tiến bộ. Lý do chính: Good fit, Too easy. Mức đánh giá 5/5, khi so với khả năng hiện tại.",1,0.0069
"Tôi thích Plate Pinch Hold, cảm giác vào cơ tốt và muốn giữ bài này trong lịch. Lý do chính: Good fit. Mức đánh giá 4/5, trong nhịp tập tuần này.",1,0.0069
"Wall Sit khá dễ kiểm soát, tôi hoàn thành tốt và muốn tăng thử thách nhẹ ở lần tới. Lý do chính: Good fit, Too easy. Mức đánh giá 5/5, ở lần ghi nhận gần đây.",1,0.0069
"Machine Hip Abductor phù hợp với tôi, không gây khó chịu và giúp buổi tập có nhịp ổn. Lý do chính: Good fit. Mức đánh giá 5/5, ở phần cuối buổi.",1,0.0069
"Seated Machine Chest Press phù hợp với tôi, không gây khó chịu và giúp buổi tập có nhịp ổn. Lý do chính: Good fit. Mức đánh giá 4/5, khi tập với mức hiện tại.",1,0.0069
"Bài Cossack Squat vào nhịp tốt, tôi muốn progression rõ hơn để tiếp tục tiến bộ. Lý do chính: Good fit, Too easy. Mức đánh giá 5/5, khi so với khả năng hiện tại.",1,0.0069
"Bài Dead Bug vào nhịp tốt, tôi muốn progression rõ hơn để tiếp tục tiến bộ. Lý do chính: Good fit, Too easy. Mức đánh giá 4/5, khi so với khả năng hiện tại.",1,0.0069
"Tôi thấy Crab Walk đang hơi nhẹ so với sức hiện tại, có thể tăng độ khó hoặc thêm volume vừa phải. Lý do chính: Good fit, Too easy. Mức đánh giá 4/5, trong buổi tập này.",1,0.0069
"Bài Cossack Squat vào nhịp tốt, tôi muốn progression rõ hơn để tiếp tục tiến bộ. Lý do chính: Good fit, Too easy. Mức đánh giá 5/5, khi theo giáo án hiện tại.",1,0.0069
"Tôi thấy Cossack Squat đang hơi nhẹ so với sức hiện tại, có thể tăng độ khó hoặc thêm volume vừa phải. Lý do chính: Good fit, Too easy. Mức đánh giá 4/5, ở phần cuối buổi.",1,0.0069
"Bài Plank vào nhịp tốt, tôi muốn progression rõ hơn để tiếp tục tiến bộ. Lý do chính: Good fit, Too easy. Mức đánh giá 4/5, ở bối cảnh lịch tập này.",1,0.0069
"Cossack Squat khá dễ kiểm soát, tôi hoàn thành tốt và muốn tăng thử thách nhẹ ở lần tới. Lý do chính: Good fit, Too easy. Mức đánh giá 5/5, trong nhịp tập tuần này.",1,0.0069
"Reverse Crunch khá dễ kiểm soát, tôi hoàn thành tốt và muốn tăng thử thách nhẹ ở lần tới. Lý do chính: Good fit, Too easy. Mức đánh giá 4/5, trong lần đánh giá hôm nay.",1,0.0069
"Bài Dead Bug vào nhịp tốt, tôi muốn progression rõ hơn để tiếp tục tiến bộ. Lý do chính: Good fit, Too easy. Mức đánh giá 5/5, ở bối cảnh lịch tập này.",1,0.0069
"Bird Dog khá dễ kiểm soát, tôi hoàn thành tốt và muốn tăng thử thách nhẹ ở lần tới. Lý do chính: Good fit, Too easy. Mức đánh giá 4/5, trong lần đánh giá hôm nay.",1,0.0069
"Seated Inner Thigh Adductor Machine phù hợp với tôi, không gây khó chịu và giúp buổi tập có nhịp ổn. Lý do chính: Good fit. Mức đánh giá 5/5, ở phần cuối buổi.",1,0.0069
"Tôi thích Ab Crunch Machine, cảm giác vào cơ tốt và muốn giữ bài này trong lịch. Lý do chính: Good fit. Mức đánh giá 4/5, trong nhịp tập tuần này.",1,0.0069
"Bài Pull-Up dễ setup, cảm giác kiểm soát tốt nên tôi muốn tiếp tục duy trì. Lý do chính: Good fit. Mức đánh giá 4/5, sau khi hoàn thành phần chính.",1,0.0069
"Bài Chin-Up dễ setup, cảm giác kiểm soát tốt nên tôi muốn tiếp tục duy trì. Lý do chính: Good fit. Mức đánh giá 5/5, khi theo giáo án hiện tại.",1,0.0069
"Tôi thích Seated Inner Thigh Adductor Machine, cảm giác vào cơ tốt và muốn giữ bài này trong lịch. Lý do chính: Good fit. Mức đánh giá 4/5, sau vài set đầu.",1,0.0069
"Tôi thích Box Jump, cảm giác vào cơ tốt và muốn giữ bài này trong lịch. Lý do chính: Good fit. Mức đánh giá 4/5, trong nhịp tập tuần này.",1,0.0069
"Bài Medicine Ball Slam dễ setup, cảm giác kiểm soát tốt nên tôi muốn tiếp tục duy trì. Lý do chính: Good fit. Mức đánh giá 5/5, sau khi hoàn thành phần chính.",1,0.0069
"Bài Pull-Up dễ setup, cảm giác kiểm soát tốt nên tôi muốn tiếp tục duy trì. Lý do chính: Good fit. Mức đánh giá 5/5, khi theo giáo án hiện tại.",1,0.0069
"Tôi thích Machine Hip Adductor, cảm giác vào cơ tốt và muốn giữ bài này trong lịch. Lý do chính: Good fit. Mức đánh giá 5/5, ở lần ghi nhận gần đây.",1,0.0069
"Seated Inner Thigh Adductor Machine phù hợp với tôi, không gây khó chịu và giúp buổi tập có nhịp ổn. Lý do chính: Good fit. Mức đánh giá 4/5, khi tập với mức hiện tại.",1,0.0069
"Box Jump phù hợp với tôi, không gây khó chịu và giúp buổi tập có nhịp ổn. Lý do chính: Good fit. Mức đánh giá 4/5, ở phần cuối buổi.",1,0.0069
"Bài Machine Hip Adductor dễ setup, cảm giác kiểm soát tốt nên tôi muốn tiếp tục duy trì. Lý do chính: Good fit. Mức đánh giá 5/5, sau khi hoàn thành phần chính.",1,0.0069
"Bài Box Jump dễ setup, cảm giác kiểm soát tốt nên tôi muốn tiếp tục duy trì. Lý do chính: Good fit. Mức đánh giá 4/5, khi so với khả năng hiện tại.",1,0.0069
"Machine Hip Adductor phù hợp với tôi, không gây khó chịu và giúp buổi tập có nhịp ổn. Lý do chính: Good fit. Mức đánh giá 5/5, ở phần cuối buổi.",1,0.0069
"Tôi thích Reverse Nordic Curl, cảm giác vào cơ tốt và muốn giữ bài này trong lịch. Lý do chính: Good fit. Mức đánh giá 4/5, sau vài set đầu.",1,0.0069
"Bài Hollow Body Hold dễ setup, cảm giác kiểm soát tốt nên tôi muốn tiếp tục duy trì. Lý do chính: Good fit. Mức đánh giá 5/5, khi theo giáo án hiện tại.",1,0.0069
"Bài Skater Squat dễ setup, cảm giác kiểm soát tốt nên tôi muốn tiếp tục duy trì. Lý do chính: Good fit. Mức đánh giá 5/5, khi theo giáo án hiện tại.",1,0.0069
"Tôi thích Hollow Body Hold, cảm giác vào cơ tốt và muốn giữ bài này trong lịch. Lý do chính: Good fit. Mức đánh giá 4/5, sau vài set đầu.",1,0.0069
"Skater Squat phù hợp với tôi, không gây khó chịu và giúp buổi tập có nhịp ổn. Lý do chính: Good fit. Mức đánh giá 5/5, khi tập với mức hiện tại.",1,0.0069
"Glute Bridge phù hợp với tôi, không gây khó chịu và giúp buổi tập có nhịp ổn. Lý do chính: Good fit. Mức đánh giá 5/5, ở phần cuối buổi.",1,0.0069
"Tôi thích Reverse Crunch, cảm giác vào cơ tốt và muốn giữ bài này trong lịch. Lý do chính: Good fit. Mức đánh giá 4/5, ở lần ghi nhận gần đây.",1,0.0069
"Bài V-Up dễ setup, cảm giác kiểm soát tốt nên tôi muốn tiếp tục duy trì. Lý do chính: Good fit. Mức đánh giá 5/5, khi theo giáo án hiện tại.",1,0.0069
"Push-Up phù hợp với tôi, không gây khó chịu và giúp buổi tập có nhịp ổn. Lý do chính: Good fit. Mức đánh giá 4/5, trong buổi tập này.",1,0.0069
"Bài Neck Bridge dễ setup, cảm giác kiểm soát tốt nên tôi muốn tiếp tục duy trì. Lý do chính: Good fit. Mức đánh giá 5/5, sau khi hoàn thành phần chính.",1,0.0069
"Tôi thích Single-Leg Glute Bridge, cảm giác vào cơ tốt và muốn giữ bài này trong lịch. Lý do chính: Good fit. Mức đánh giá 4/5, sau vài set đầu.",1,0.0069
"Hindu Push-Up phù hợp với tôi, không gây khó chịu và giúp buổi tập có nhịp ổn. Lý do chính: Good fit. Mức đánh giá 5/5, khi tập với mức hiện tại.",1,0.0069
"Tôi thích Dead Bug, cảm giác vào cơ tốt và muốn giữ bài này trong lịch. Lý do chính: Good fit. Mức đánh giá 5/5, ở lần ghi nhận gần đây.",1,0.0069
"Bài Hollow Body Hold dễ setup, cảm giác kiểm soát tốt nên tôi muốn tiếp tục duy trì. Lý do chính: Good fit. Mức đánh giá 4/5, khi theo giáo án hiện tại.",1,0.0069
"Tôi thích Neck Bridge, cảm giác vào cơ tốt và muốn giữ bài này trong lịch. Lý do chính: Good fit. Mức đánh giá 4/5, ở lần ghi nhận gần đây.",1,0.0069
"Tôi thích Skater Squat, cảm giác vào cơ tốt và muốn giữ bài này trong lịch. Lý do chính: Good fit. Mức đánh giá 4/5, trong nhịp tập tuần này.",1,0.0069
"Bài Reverse Nordic Curl dễ setup, cảm giác kiểm soát tốt nên tôi muốn tiếp tục duy trì. Lý do chính: Good fit. Mức đánh giá 5/5, khi so với khả năng hiện tại.",1,0.0069
"Reverse Nordic Curl phù hợp với tôi, không gây khó chịu và giúp buổi tập có nhịp ổn. Lý do chính: Good fit. Mức đánh giá 4/5, ở phần cuối buổi.",1,0.0069
"Bird Dog phù hợp với tôi, không gây khó chịu và giúp buổi tập có nhịp ổn. Lý do chính: Good fit. Mức đánh giá 4/5, khi tập với mức hiện tại.",1,0.0069
"Dead Bug phù hợp với tôi, không gây khó chịu và giúp buổi tập có nhịp ổn. Lý do chính: Good fit. Mức đánh giá 5/5, khi xét cảm giác phục hồi.",1,0.0069
"Lateral Band Walk phù hợp với tôi, không gây khó chịu và giúp buổi tập có nhịp ổn. Lý do chính: Good fit. Mức đánh giá 5/5, ở phần cuối buổi.",1,0.0069
"Bài Reverse Hack Squat vào nhịp tốt, tôi muốn progression rõ hơn để tiếp tục tiến bộ. Lý do chính: Good fit, Too easy. Mức đánh giá 5/5, khi theo giáo án hiện tại.",1,0.0069
"Standing Ab Wheel Rollout phù hợp với tôi, không gây khó chịu và giúp buổi tập có nhịp ổn. Lý do chính: Good fit. Mức đánh giá 4/5, ở phần cuối buổi.",1,0.0069
"Tôi thấy Lateral Band Walk đang hơi nhẹ so với sức hiện tại, có thể tăng độ khó hoặc thêm volume vừa phải. Lý do chính: Good fit, Too easy. Mức đánh giá 5/5, ở phần cuối buổi.",1,0.0069
"Bài Reverse Hack Squat dễ setup, cảm giác kiểm soát tốt nên tôi muốn tiếp tục duy trì. Lý do chính: Good fit. Mức đánh giá 5/5, khi theo giáo án hiện tại.",1,0.0069
"Tôi thấy Standing Ab Wheel Rollout đang hơi nhẹ so với sức hiện tại, có thể tăng độ khó hoặc thêm volume vừa phải. Lý do chính: Good fit, Too easy. Mức đánh giá 4/5, trong buổi tập này.",1,0.0069
"Hack Squat phù hợp với tôi, không gây khó chịu và giúp buổi tập có nhịp ổn. Lý do chính: Good fit. Mức đánh giá 4/5, khi tập với mức hiện tại.",1,0.0069
"Tôi thích Band Pull-Apart, cảm giác vào cơ tốt và muốn giữ bài này trong lịch. Lý do chính: Good fit. Mức đánh giá 5/5, ở lần ghi nhận gần đây.",1,0.0069
"Bài Band Pull-Apart vào nhịp tốt, tôi muốn progression rõ hơn để tiếp tục tiến bộ. Lý do chính: Good fit, Too easy. Mức đánh giá 5/5, sau khi hoàn thành phần chính.",1,0.0069
"Bài Lateral Band Walk dễ setup, cảm giác kiểm soát tốt nên tôi muốn tiếp tục duy trì. Lý do chính: Good fit. Mức đánh giá 4/5, sau khi hoàn thành phần chính.",1,0.0069
"Reverse Hack Squat khá dễ kiểm soát, tôi hoàn thành tốt và muốn tăng thử thách nhẹ ở lần tới. Lý do chính: Good fit, Too easy. Mức đánh giá 5/5, trong nhịp tập tuần này.",1,0.0069
"Bài Standing Ab Wheel Rollout dễ setup, cảm giác kiểm soát tốt nên tôi muốn tiếp tục duy trì. Lý do chính: Good fit. Mức đánh giá 4/5, sau khi hoàn thành phần chính.",1,0.0069
"Bài Band Pull-Apart vào nhịp tốt, tôi muốn progression rõ hơn để tiếp tục tiến bộ. Lý do chính: Good fit, Too easy. Mức đánh giá 5/5, ở bối cảnh lịch tập này.",1,0.0069
"Tôi thích Reverse Hack Squat, cảm giác vào cơ tốt và muốn giữ bài này trong lịch. Lý do chính: Good fit. Mức đánh giá 4/5, trong nhịp tập tuần này.",1,0.0069
"Tôi thấy Reverse Hack Squat đang hơi nhẹ so với sức hiện tại, có thể tăng độ khó hoặc thêm volume vừa phải. Lý do chính: Good fit, Too easy. Mức đánh giá 4/5, khi tập với mức hiện tại.",1,0.0069
"Bài Standing Ab Wheel Rollout vào nhịp tốt, tôi muốn progression rõ hơn để tiếp tục tiến bộ. Lý do chính: Good fit, Too easy. Mức đánh giá 5/5, khi so với khả năng hiện tại.",1,0.0069
"Tôi thấy Hack Squat đang hơi nhẹ so với sức hiện tại, có thể tăng độ khó hoặc thêm volume vừa phải. Lý do chính: Good fit, Too easy. Mức đánh giá 4/5, khi tập với mức hiện tại.",1,0.0069
"Tôi thích Medicine Ball Slam, cảm giác vào cơ tốt và muốn giữ bài này trong lịch. Lý do chính: Good fit. Mức đánh giá 4/5, ở lần ghi nhận gần đây.",1,0.0069
"Bài Medicine Ball Woodchop dễ setup, cảm giác kiểm soát tốt nên tôi muốn tiếp tục duy trì. Lý do chính: Good fit. Mức đánh giá 5/5, khi theo giáo án hiện tại.",1,0.0069
"Tôi thích Medicine Ball Slam, cảm giác vào cơ tốt và muốn giữ bài này trong lịch. Lý do chính: Good fit. Mức đánh giá 5/5, ở lần ghi nhận gần đây.",1,0.0069
"Tôi thích Medicine Ball Slam, cảm giác vào cơ tốt và muốn giữ bài này trong lịch. Lý do chính: Good fit. Mức đánh giá 4/5, sau vài set đầu.",1,0.0069
"Tôi thích Medicine Ball Slam, cảm giác vào cơ tốt và muốn giữ bài này trong lịch. Lý do chính: Good fit. Mức đánh giá 5/5, trong nhịp tập tuần này.",1,0.0069
"Bài Medicine Ball Slam dễ setup, cảm giác kiểm soát tốt nên tôi muốn tiếp tục duy trì. Lý do chính: Good fit. Mức đánh giá 4/5, khi theo giáo án hiện tại.",1,0.0069
"Medicine Ball Slam phù hợp với tôi, không gây khó chịu và giúp buổi tập có nhịp ổn. Lý do chính: Good fit. Mức đánh giá 5/5, ở phần cuối buổi.",1,0.0069
"Medicine Ball Slam phù hợp với tôi, không gây khó chịu và giúp buổi tập có nhịp ổn. Lý do chính: Good fit. Mức đánh giá 5/5, khi tập với mức hiện tại.",1,0.0069
"Medicine Ball Slam phù hợp với tôi, không gây khó chịu và giúp buổi tập có nhịp ổn. Lý do chính: Good fit. Mức đánh giá 4/5, khi tập với mức hiện tại.",1,0.0069
"Tôi thích Medicine Ball Slam, cảm giác vào cơ tốt và muốn giữ bài này trong lịch. Lý do chính: Good fit. Mức đánh giá 4/5, trong nhịp tập tuần này.",1,0.0069
"Dumbbell Front Raise phù hợp với tôi, không gây khó chịu và giúp buổi tập có nhịp ổn. Lý do chính: Good fit. Mức đánh giá 4/5, khi tập với mức hiện tại.",1,0.0069
"Tôi thích Lying Dumbbell Leg Curl, cảm giác vào cơ tốt và muốn giữ bài này trong lịch. Lý do chính: Good fit. Mức đánh giá 5/5, trong lần đánh giá hôm nay.",1,0.0069
"Bài Dumbbell Front Squat dễ setup, cảm giác kiểm soát tốt nên tôi muốn tiếp tục duy trì. Lý do chính: Good fit. Mức đánh giá 4/5, khi theo giáo án hiện tại.",1,0.0069
"Alternating Dumbbell Walking Lunge phù hợp với tôi, không gây khó chịu và giúp buổi tập có nhịp ổn. Lý do chính: Good fit. Mức đánh giá 5/5, ở phần cuối buổi.",1,0.0069
"Dumbbell Hammer Curl phù hợp với tôi, không gây khó chịu và giúp buổi tập có nhịp ổn. Lý do chính: Good fit. Mức đánh giá 4/5, khi tập với mức hiện tại.",1,0.0069
"Tôi thích Bent-Over Dumbbell Reverse Fly, cảm giác vào cơ tốt và muốn giữ bài này trong lịch. Lý do chính: Good fit. Mức đánh giá 4/5, ở lần ghi nhận gần đây.",1,0.0069
"Bài Zottman Curl dễ setup, cảm giác kiểm soát tốt nên tôi muốn tiếp tục duy trì. Lý do chính: Good fit. Mức đánh giá 5/5, khi theo giáo án hiện tại.",1,0.0069
"Tôi thích Dumbbell Floor Press, cảm giác vào cơ tốt và muốn giữ bài này trong lịch. Lý do chính: Good fit. Mức đánh giá 5/5, trong nhịp tập tuần này.",1,0.0069
"Bài Dumbbell Front Raise dễ setup, cảm giác kiểm soát tốt nên tôi muốn tiếp tục duy trì. Lý do chính: Good fit. Mức đánh giá 4/5, sau khi hoàn thành phần chính.",1,0.0069
"Bài Dumbbell Walking Lunge dễ setup, cảm giác kiểm soát tốt nên tôi muốn tiếp tục duy trì. Lý do chính: Good fit. Mức đánh giá 5/5, khi theo giáo án hiện tại.",1,0.0069
"Tôi thích Dumbbell Front Squat, cảm giác vào cơ tốt và muốn giữ bài này trong lịch. Lý do chính: Good fit. Mức đánh giá 4/5, sau vài set đầu.",1,0.0069
"Dumbbell Shrug phù hợp với tôi, không gây khó chịu và giúp buổi tập có nhịp ổn. Lý do chính: Good fit. Mức đánh giá 5/5, khi tập với mức hiện tại.",1,0.0069
"Bài Bent-Over Dumbbell Reverse Fly dễ setup, cảm giác kiểm soát tốt nên tôi muốn tiếp tục duy trì. Lý do chính: Good fit. Mức đánh giá 4/5, sau khi hoàn thành phần chính.",1,0.0069
"Bài Dumbbell Shrug dễ setup, cảm giác kiểm soát tốt nên tôi muốn tiếp tục duy trì. Lý do chính: Good fit. Mức đánh giá 5/5, khi theo giáo án hiện tại.",1,0.0069
"Dumbbell Floor Press phù hợp với tôi, không gây khó chịu và giúp buổi tập có nhịp ổn. Lý do chính: Good fit. Mức đánh giá 4/5, khi tập với mức hiện tại.",1,0.0069
"Tôi thích Dumbbell Front Raise, cảm giác vào cơ tốt và muốn giữ bài này trong lịch. Lý do chính: Good fit. Mức đánh giá 5/5, ở lần ghi nhận gần đây.",1,0.0069
"Bài Lying Dumbbell Leg Curl dễ setup, cảm giác kiểm soát tốt nên tôi muốn tiếp tục duy trì. Lý do chính: Good fit. Mức đánh giá 4/5, khi theo giáo án hiện tại.",1,0.0069
"Bài Dumbbell Front Squat dễ setup, cảm giác kiểm soát tốt nên tôi muốn tiếp tục duy trì. Lý do chính: Good fit. Mức đánh giá 4/5, khi so với khả năng hiện tại.",1,0.0069
"Bài Alternating Dumbbell Walking Lunge dễ setup, cảm giác kiểm soát tốt nên tôi muốn tiếp tục duy trì. Lý do chính: Good fit. Mức đánh giá 5/5, khi theo giáo án hiện tại.",1,0.0069
"Bài Bent-Over Dumbbell Reverse Fly dễ setup, cảm giác kiểm soát tốt nên tôi muốn tiếp tục duy trì. Lý do chính: Good fit. Mức đánh giá 4/5, khi theo giáo án hiện tại.",1,0.0069
"Bài Dumbbell Front Raise dễ setup, cảm giác kiểm soát tốt nên tôi muốn tiếp tục duy trì. Lý do chính: Good fit. Mức đánh giá 4/5, khi theo giáo án hiện tại.",1,0.0069
"Dumbbell Walking Lunge phù hợp với tôi, không gây khó chịu và giúp buổi tập có nhịp ổn. Lý do chính: Good fit. Mức đánh giá 4/5, ở phần cuối buổi.",1,0.0069
"Dumbbell Front Squat phù hợp với tôi, không gây khó chịu và giúp buổi tập có nhịp ổn. Lý do chính: Good fit. Mức đánh giá 5/5, khi tập với mức hiện tại.",1,0.0069
"Dumbbell Shrug phù hợp với tôi, không gây khó chịu và giúp buổi tập có nhịp ổn. Lý do chính: Good fit. Mức đánh giá 4/5, khi xét cảm giác phục hồi.",1,0.0069
"Bài Bent-Over Dumbbell Reverse Fly dễ setup, cảm giác kiểm soát tốt nên tôi muốn tiếp tục duy trì. Lý do chính: Good fit. Mức đánh giá 5/5, khi theo giáo án hiện tại.",1,0.0069
"Bài Lying Dumbbell Leg Curl dễ setup, cảm giác kiểm soát tốt nên tôi muốn tiếp tục duy trì. Lý do chính: Good fit. Mức đánh giá 5/5, khi theo giáo án hiện tại.",1,0.0069
"Bài Dumbbell Walking Lunge dễ setup, cảm giác kiểm soát tốt nên tôi muốn tiếp tục duy trì. Lý do chính: Good fit. Mức đánh giá 4/5, sau khi hoàn thành phần chính.",1,0.0069
"Alternating Dumbbell Walking Lunge phù hợp với tôi, không gây khó chịu và giúp buổi tập có nhịp ổn. Lý do chính: Good fit. Mức đánh giá 4/5, khi tập với mức hiện tại.",1,0.0069
"Dumbbell Hammer Curl phù hợp với tôi, không gây khó chịu và giúp buổi tập có nhịp ổn. Lý do chính: Good fit. Mức đánh giá 5/5, ở phần cuối buổi.",1,0.0069
"Bài Dumbbell Shrug dễ setup, cảm giác kiểm soát tốt nên tôi muốn tiếp tục duy trì. Lý do chính: Good fit. Mức đánh giá 4/5, khi theo giáo án hiện tại.",1,0.0069
"Bài Zottman Curl dễ setup, cảm giác kiểm soát tốt nên tôi muốn tiếp tục duy trì. Lý do chính: Good fit. Mức đánh giá 5/5, sau khi hoàn thành phần chính.",1,0.0069
"Hindu Push-Up khá dễ kiểm soát, tôi hoàn thành tốt và muốn tăng thử thách nhẹ ở lần tới. Lý do chính: Good fit, Too easy. Mức đánh giá 4/5, sau vài set đầu.",1,0.0069
"Tôi thấy Burpee đang hơi nhẹ so với sức hiện tại, có thể tăng độ khó hoặc thêm volume vừa phải. Lý do chính: Good fit, Too easy. Mức đánh giá 4/5, trong buổi tập này.",1,0.0069
"Battle Ropes khá dễ kiểm soát, tôi hoàn thành tốt và muốn tăng thử thách nhẹ ở lần tới. Lý do chính: Good fit, Too easy. Mức đánh giá 5/5, ở lần ghi nhận gần đây.",1,0.0069
"Battle Ropes phù hợp với tôi, không gây khó chịu và giúp buổi tập có nhịp ổn. Lý do chính: Good fit. Mức đánh giá 4/5, ở phần cuối buổi.",1,0.0069
"Tôi thích Battle Ropes, cảm giác vào cơ tốt và muốn giữ bài này trong lịch. Lý do chính: Good fit. Mức đánh giá 4/5, trong lần đánh giá hôm nay.",1,0.0069
"Bài Burpee vào nhịp tốt, tôi muốn progression rõ hơn để tiếp tục tiến bộ. Lý do chính: Good fit, Too easy. Mức đánh giá 4/5, sau khi hoàn thành phần chính.",1,0.0069
"Tôi thấy Battle Ropes đang hơi nhẹ so với sức hiện tại, có thể tăng độ khó hoặc thêm volume vừa phải. Lý do chính: Good fit, Too easy. Mức đánh giá 5/5, ở phần cuối buổi.",1,0.0069
"Bài Battle Ropes vào nhịp tốt, tôi muốn progression rõ hơn để tiếp tục tiến bộ. Lý do chính: Good fit, Too easy. Mức đánh giá 5/5, sau khi hoàn thành phần chính.",1,0.0069
"Single-Leg Glute Bridge khá dễ kiểm soát, tôi hoàn thành tốt và muốn tăng thử thách nhẹ ở lần tới. Lý do chính: Good fit, Too easy. Mức đánh giá 5/5, sau vài set đầu.",1,0.0069
"Reverse Nordic Curl khá dễ kiểm soát, tôi hoàn thành tốt và muốn tăng thử thách nhẹ ở lần tới. Lý do chính: Good fit, Too easy. Mức đánh giá 4/5, trong nhịp tập tuần này.",1,0.0069
"Tôi thấy Side-Lying Inner Thigh Raise đang hơi nhẹ so với sức hiện tại, có thể tăng độ khó hoặc thêm volume vừa phải. Lý do chính: Good fit, Too easy. Mức đánh giá 4/5, trong buổi tập này.",1,0.0069
"Bài V-Up vào nhịp tốt, tôi muốn progression rõ hơn để tiếp tục tiến bộ. Lý do chính: Good fit, Too easy. Mức đánh giá 5/5, khi theo giáo án hiện tại.",1,0.0069
"Tôi thấy Single-Leg Glute Bridge đang hơi nhẹ so với sức hiện tại, có thể tăng độ khó hoặc thêm volume vừa phải. Lý do chính: Good fit, Too easy. Mức đánh giá 5/5, khi xét cảm giác phục hồi.",1,0.0069
"Tôi thấy Skater Squat đang hơi nhẹ so với sức hiện tại, có thể tăng độ khó hoặc thêm volume vừa phải. Lý do chính: Good fit, Too easy. Mức đánh giá 5/5, ở phần cuối buổi.",1,0.0069
"Dead Bug khá dễ kiểm soát, tôi hoàn thành tốt và muốn tăng thử thách nhẹ ở lần tới. Lý do chính: Good fit, Too easy. Mức đánh giá 4/5, trong lần đánh giá hôm nay.",1,0.0069
"Bài Hollow Body Hold vào nhịp tốt, tôi muốn progression rõ hơn để tiếp tục tiến bộ. Lý do chính: Good fit, Too easy. Mức đánh giá 4/5, sau khi hoàn thành phần chính.",1,0.0069
"V-Up khá dễ kiểm soát, tôi hoàn thành tốt và muốn tăng thử thách nhẹ ở lần tới. Lý do chính: Good fit, Too easy. Mức đánh giá 5/5, sau vài set đầu.",1,0.0069
"Bài Reverse Nordic Curl vào nhịp tốt, tôi muốn progression rõ hơn để tiếp tục tiến bộ. Lý do chính: Good fit, Too easy. Mức đánh giá 4/5, khi theo giáo án hiện tại.",1,0.0069
"Bài Skater Squat vào nhịp tốt, tôi muốn progression rõ hơn để tiếp tục tiến bộ. Lý do chính: Good fit, Too easy. Mức đánh giá 5/5, sau khi hoàn thành phần chính.",1,0.0069
"Neck Bridge khá dễ kiểm soát, tôi hoàn thành tốt và muốn tăng thử thách nhẹ ở lần tới. Lý do chính: Good fit, Too easy. Mức đánh giá 5/5, ở lần ghi nhận gần đây.",1,0.0069
"Bài V-Up vào nhịp tốt, tôi muốn progression rõ hơn để tiếp tục tiến bộ. Lý do chính: Good fit, Too easy. Mức đánh giá 5/5, ở bối cảnh lịch tập này.",1,0.0069
"Bài Reverse Nordic Curl vào nhịp tốt, tôi muốn progression rõ hơn để tiếp tục tiến bộ. Lý do chính: Good fit, Too easy. Mức đánh giá 5/5, sau khi hoàn thành phần chính.",1,0.0069
"Bài Front Plank with Reach vào nhịp tốt, tôi muốn progression rõ hơn để tiếp tục tiến bộ. Lý do chính: Good fit, Too easy. Mức đánh giá 4/5, khi theo giáo án hiện tại.",1,0.0069
"Bài Skater Squat vào nhịp tốt, tôi muốn progression rõ hơn để tiếp tục tiến bộ. Lý do chính: Good fit, Too easy. Mức đánh giá 5/5, khi theo giáo án hiện tại.",1,0.0069
"Bài Bird Dog vào nhịp tốt, tôi muốn progression rõ hơn để tiếp tục tiến bộ. Lý do chính: Good fit, Too easy. Mức đánh giá 4/5, khi so với khả năng hiện tại.",1,0.0069
"Tôi thấy Glute Bridge đang hơi nhẹ so với sức hiện tại, có thể tăng độ khó hoặc thêm volume vừa phải. Lý do chính: Good fit, Too easy. Mức đánh giá 5/5, khi xét cảm giác phục hồi.",1,0.0069
"Bài V-Up vào nhịp tốt, tôi muốn progression rõ hơn để tiếp tục tiến bộ. Lý do chính: Good fit, Too easy. Mức đánh giá 5/5, sau khi hoàn thành phần chính.",1,0.0069
"Swiss Ball Crunch khá dễ kiểm soát, tôi hoàn thành tốt và muốn tăng thử thách nhẹ ở lần tới. Lý do chính: Good fit, Too easy. Mức đánh giá 5/5, sau vài set đầu.",1,0.0069
"Tôi thích Crab Walk, cảm giác vào cơ tốt và muốn giữ bài này trong lịch. Lý do chính: Good fit. Mức đánh giá 4/5, trong nhịp tập tuần này.",1,0.0069
"Tôi thích Swiss Ball Crunch, cảm giác vào cơ tốt và muốn giữ bài này trong lịch. Lý do chính: Good fit. Mức đánh giá 4/5, trong nhịp tập tuần này.",1,0.0069
"Tôi thấy Swiss Ball Crunch đang hơi nhẹ so với sức hiện tại, có thể tăng độ khó hoặc thêm volume vừa phải. Lý do chính: Good fit, Too easy. Mức đánh giá 4/5, ở phần cuối buổi.",1,0.0069
"Crab Walk phù hợp với tôi, không gây khó chịu và giúp buổi tập có nhịp ổn. Lý do chính: Good fit. Mức đánh giá 4/5, ở phần cuối buổi.",1,0.0069
"Band Pull-Apart phù hợp với tôi, không gây khó chịu và giúp buổi tập có nhịp ổn. Lý do chính: Good fit. Mức đánh giá 5/5, khi xét cảm giác phục hồi.",1,0.0069
"Bài TRX Push-Up dễ setup, cảm giác kiểm soát tốt nên tôi muốn tiếp tục duy trì. Lý do chính: Good fit. Mức đánh giá 4/5, khi theo giáo án hiện tại.",1,0.0069
"Machine Incline Chest Press phù hợp với tôi, không gây khó chịu và giúp buổi tập có nhịp ổn. Lý do chính: Good fit. Mức đánh giá 4/5, ở phần cuối buổi.",1,0.0069
"Lateral Band Walk phù hợp với tôi, không gây khó chịu và giúp buổi tập có nhịp ổn. Lý do chính: Good fit. Mức đánh giá 5/5, khi tập với mức hiện tại.",1,0.0069
"Tôi thích Seated Leg Curl, cảm giác vào cơ tốt và muốn giữ bài này trong lịch. Lý do chính: Good fit. Mức đánh giá 5/5, ở lần ghi nhận gần đây.",1,0.0069
"Bài TRX Pistol Squat dễ setup, cảm giác kiểm soát tốt nên tôi muốn tiếp tục duy trì. Lý do chính: Good fit. Mức đánh giá 5/5, khi theo giáo án hiện tại.",1,0.0069
"Machine Pullover phù hợp với tôi, không gây khó chịu và giúp buổi tập có nhịp ổn. Lý do chính: Good fit. Mức đánh giá 5/5, ở phần cuối buổi.",1,0.0069
"Single-Arm TRX Row phù hợp với tôi, không gây khó chịu và giúp buổi tập có nhịp ổn. Lý do chính: Good fit. Mức đánh giá 4/5, trong buổi tập này.",1,0.0069
"Tôi thích Machine Incline Chest Press, cảm giác vào cơ tốt và muốn giữ bài này trong lịch. Lý do chính: Good fit. Mức đánh giá 4/5, trong nhịp tập tuần này.",1,0.0069
"Tôi thích Machine Pullover, cảm giác vào cơ tốt và muốn giữ bài này trong lịch. Lý do chính: Good fit. Mức đánh giá 5/5, ở lần ghi nhận gần đây.",1,0.0069
"TRX Suspension Row phù hợp với tôi, không gây khó chịu và giúp buổi tập có nhịp ổn. Lý do chính: Good fit. Mức đánh giá 5/5, khi tập với mức hiện tại.",1,0.0069
"Bài Single-Arm TRX Row dễ setup, cảm giác kiểm soát tốt nên tôi muốn tiếp tục duy trì. Lý do chính: Good fit. Mức đánh giá 4/5, sau khi hoàn thành phần chính.",1,0.0069
"Bài Band Pull-Apart dễ setup, cảm giác kiểm soát tốt nên tôi muốn tiếp tục duy trì. Lý do chính: Good fit. Mức đánh giá 5/5, khi theo giáo án hiện tại.",1,0.0069
"Tôi thích Machine Incline Chest Press, cảm giác vào cơ tốt và muốn giữ bài này trong lịch. Lý do chính: Good fit. Mức đánh giá 5/5, trong nhịp tập tuần này.",1,0.0069
"Tôi thích Lateral Band Walk, cảm giác vào cơ tốt và muốn giữ bài này trong lịch. Lý do chính: Good fit. Mức đánh giá 4/5, sau vài set đầu.",1,0.0069
"TRX Fallouts phù hợp với tôi, không gây khó chịu và giúp buổi tập có nhịp ổn. Lý do chính: Good fit. Mức đánh giá 4/5, khi tập với mức hiện tại.",1,0.0069
"Tôi thích TRX Pistol Squat, cảm giác vào cơ tốt và muốn giữ bài này trong lịch. Lý do chính: Good fit. Mức đánh giá 5/5, ở lần ghi nhận gần đây.",1,0.0069
"Tôi thích Standing Ab Wheel Rollout, cảm giác vào cơ tốt và muốn giữ bài này trong lịch. Lý do chính: Good fit. Mức đánh giá 5/5, trong nhịp tập tuần này.",1,0.0069
"Machine Pullover phù hợp với tôi, không gây khó chịu và giúp buổi tập có nhịp ổn. Lý do chính: Good fit. Mức đánh giá 5/5, khi tập với mức hiện tại.",1,0.0069
"Bài Machine Incline Chest Press dễ setup, cảm giác kiểm soát tốt nên tôi muốn tiếp tục duy trì. Lý do chính: Good fit. Mức đánh giá 5/5, khi so với khả năng hiện tại.",1,0.0069
"Tôi thích TRX Push-Up, cảm giác vào cơ tốt và muốn giữ bài này trong lịch. Lý do chính: Good fit. Mức đánh giá 4/5, trong nhịp tập tuần này.",1,0.0069
"Tôi thích TRX Fallouts, cảm giác vào cơ tốt và muốn giữ bài này trong lịch. Lý do chính: Good fit. Mức đánh giá 5/5, ở lần ghi nhận gần đây.",1,0.0069
"Bài Box Jump dễ setup, cảm giác kiểm soát tốt nên tôi muốn tiếp tục duy trì. Lý do chính: Good fit. Mức đánh giá 5/5, khi theo giáo án hiện tại.",1,0.0069
"Bài Standing Ab Wheel Rollout dễ setup, cảm giác kiểm soát tốt nên tôi muốn tiếp tục duy trì. Lý do chính: Good fit. Mức đánh giá 5/5, sau khi hoàn thành phần chính.",1,0.0069
"Bài TRX Suspension Row dễ setup, cảm giác kiểm soát tốt nên tôi muốn tiếp tục duy trì. Lý do chính: Good fit. Mức đánh giá 5/5, ở bối cảnh lịch tập này.",1,0.0069
"TRX Push-Up phù hợp với tôi, không gây khó chịu và giúp buổi tập có nhịp ổn. Lý do chính: Good fit. Mức đánh giá 4/5, khi tập với mức hiện tại.",1,0.0069
"Machine Pullover phù hợp với tôi, không gây khó chịu và giúp buổi tập có nhịp ổn. Lý do chính: Good fit. Mức đánh giá 4/5, khi tập với mức hiện tại.",1,0.0069
"Bài Band Pull-Apart dễ setup, cảm giác kiểm soát tốt nên tôi muốn tiếp tục duy trì. Lý do chính: Good fit. Mức đánh giá 5/5, sau khi hoàn thành phần chính.",1,0.0069
"Tôi thích Band Pull-Apart, cảm giác vào cơ tốt và muốn giữ bài này trong lịch. Lý do chính: Good fit. Mức đánh giá 4/5, ở lần ghi nhận gần đây.",1,0.0069
"Bài Machine Incline Chest Press dễ setup, cảm giác kiểm soát tốt nên tôi muốn tiếp tục duy trì. Lý do chính: Good fit. Mức đánh giá 5/5, sau khi hoàn thành phần chính.",1,0.0069
"Seated Leg Curl phù hợp với tôi, không gây khó chịu và giúp buổi tập có nhịp ổn. Lý do chính: Good fit. Mức đánh giá 5/5, trong buổi tập này.",1,0.0069
"Tôi thích TRX Pistol Squat, cảm giác vào cơ tốt và muốn giữ bài này trong lịch. Lý do chính: Good fit. Mức đánh giá 4/5, trong nhịp tập tuần này.",1,0.0069
"Tôi thích Box Jump, cảm giác vào cơ tốt và muốn giữ bài này trong lịch. Lý do chính: Good fit. Mức đánh giá 5/5, ở lần ghi nhận gần đây.",1,0.0069
"Bài Machine Pullover dễ setup, cảm giác kiểm soát tốt nên tôi muốn tiếp tục duy trì. Lý do chính: Good fit. Mức đánh giá 4/5, sau khi hoàn thành phần chính.",1,0.0069
"Single-Arm TRX Row phù hợp với tôi, không gây khó chịu và giúp buổi tập có nhịp ổn. Lý do chính: Good fit. Mức đánh giá 5/5, ở phần cuối buổi.",1,0.0069
"Tôi thấy Pull-Up đang hơi nhẹ so với sức hiện tại, có thể tăng độ khó hoặc thêm volume vừa phải. Lý do chính: Good fit, Too easy. Mức đánh giá 4/5, khi xét cảm giác phục hồi.",1,0.0069
"Pull-Up khá dễ kiểm soát, tôi hoàn thành tốt và muốn tăng thử thách nhẹ ở lần tới. Lý do chính: Good fit, Too easy. Mức đánh giá 5/5, trong lần đánh giá hôm nay.",1,0.0069
"Hanging Windshield Wiper khá dễ kiểm soát, tôi hoàn thành tốt và muốn tăng thử thách nhẹ ở lần tới. Lý do chính: Good fit, Too easy. Mức đánh giá 5/5, sau vài set đầu.",1,0.0069
"Chin-Up khá dễ kiểm soát, tôi hoàn thành tốt và muốn tăng thử thách nhẹ ở lần tới. Lý do chính: Good fit, Too easy. Mức đánh giá 5/5, ở lần ghi nhận gần đây.",1,0.0069
"Bài Chin-Up vào nhịp tốt, tôi muốn progression rõ hơn để tiếp tục tiến bộ. Lý do chính: Good fit, Too easy. Mức đánh giá 5/5, khi theo giáo án hiện tại.",1,0.0069
"Tôi thấy Pull-Up đang hơi nhẹ so với sức hiện tại, có thể tăng độ khó hoặc thêm volume vừa phải. Lý do chính: Good fit, Too easy. Mức đánh giá 5/5, khi tập với mức hiện tại.",1,0.0069
"Tôi thấy Hanging Windshield Wiper đang hơi nhẹ so với sức hiện tại, có thể tăng độ khó hoặc thêm volume vừa phải. Lý do chính: Good fit, Too easy. Mức đánh giá 4/5, khi xét cảm giác phục hồi.",1,0.0069
"Bài Hanging Windshield Wiper vào nhịp tốt, tôi muốn progression rõ hơn để tiếp tục tiến bộ. Lý do chính: Good fit, Too easy. Mức đánh giá 5/5, khi so với khả năng hiện tại.",1,0.0069
"Bài Chin-Up vào nhịp tốt, tôi muốn progression rõ hơn để tiếp tục tiến bộ. Lý do chính: Good fit, Too easy. Mức đánh giá 4/5, khi theo giáo án hiện tại.",1,0.0069
"Tôi thấy Push-Up đang hơi nhẹ so với sức hiện tại, có thể tăng độ khó hoặc thêm volume vừa phải. Lý do chính: Good fit, Too easy. Mức đánh giá 5/5, khi xét cảm giác phục hồi.",1,0.0069
"Bài Chin-Up vào nhịp tốt, tôi muốn progression rõ hơn để tiếp tục tiến bộ. Lý do chính: Good fit, Too easy. Mức đánh giá 4/5, sau khi hoàn thành phần chính.",1,0.0069
"Tôi thấy Hanging Windshield Wiper đang hơi nhẹ so với sức hiện tại, có thể tăng độ khó hoặc thêm volume vừa phải. Lý do chính: Good fit, Too easy. Mức đánh giá 4/5, ở phần cuối buổi.",1,0.0069
"Chin-Up khá dễ kiểm soát, tôi hoàn thành tốt và muốn tăng thử thách nhẹ ở lần tới. Lý do chính: Good fit, Too easy. Mức đánh giá 5/5, trong nhịp tập tuần này.",1,0.0069
"Tôi thấy Pull-Up đang hơi nhẹ so với sức hiện tại, có thể tăng độ khó hoặc thêm volume vừa phải. Lý do chính: Good fit, Too easy. Mức đánh giá 4/5, ở phần cuối buổi.",1,0.0069
"Hanging Windshield Wiper khá dễ kiểm soát, tôi hoàn thành tốt và muốn tăng thử thách nhẹ ở lần tới. Lý do chính: Good fit, Too easy. Mức đánh giá 5/5, ở lần ghi nhận gần đây.",1,0.0069
"Bài Hanging Windshield Wiper vào nhịp tốt, tôi muốn progression rõ hơn để tiếp tục tiến bộ. Lý do chính: Good fit, Too easy. Mức đánh giá 4/5, sau khi hoàn thành phần chính.",1,0.0069
"Tôi thích Bird Dog, cảm giác vào cơ tốt và muốn giữ bài này trong lịch. Lý do chính: Good fit. Mức đánh giá 4/5, trong lần đánh giá hôm nay.",1,0.0069
"Reverse Crunch phù hợp với tôi, không gây khó chịu và giúp buổi tập có nhịp ổn. Lý do chính: Good fit. Mức đánh giá 5/5, khi xét cảm giác phục hồi.",1,0.0069
"Side-Lying Inner Thigh Raise phù hợp với tôi, không gây khó chịu và giúp buổi tập có nhịp ổn. Lý do chính: Good fit. Mức đánh giá 5/5, trong buổi tập này.",1,0.0069
"Bài Reverse Crunch dễ setup, cảm giác kiểm soát tốt nên tôi muốn tiếp tục duy trì. Lý do chính: Good fit. Mức đánh giá 5/5, khi theo giáo án hiện tại.",1,0.0069
"Bicycle Crunch phù hợp với tôi, không gây khó chịu và giúp buổi tập có nhịp ổn. Lý do chính: Good fit. Mức đánh giá 4/5, khi xét cảm giác phục hồi.",1,0.0069
"Tôi thích Bird Dog, cảm giác vào cơ tốt và muốn giữ bài này trong lịch. Lý do chính: Good fit. Mức đánh giá 5/5, ở lần ghi nhận gần đây.",1,0.0069
"Bài Burpee dễ setup, cảm giác kiểm soát tốt nên tôi muốn tiếp tục duy trì. Lý do chính: Good fit. Mức đánh giá 4/5, khi theo giáo án hiện tại.",1,0.0069
"Donkey Kick phù hợp với tôi, không gây khó chịu và giúp buổi tập có nhịp ổn. Lý do chính: Good fit. Mức đánh giá 5/5, ở phần cuối buổi.",1,0.0069
"Tôi thích Standing Calf Raise, cảm giác vào cơ tốt và muốn giữ bài này trong lịch. Lý do chính: Good fit. Mức đánh giá 4/5, trong nhịp tập tuần này.",1,0.0069
"Bài Mountain Climbers dễ setup, cảm giác kiểm soát tốt nên tôi muốn tiếp tục duy trì. Lý do chính: Good fit. Mức đánh giá 5/5, ở bối cảnh lịch tập này.",1,0.0069
"Bài Bicycle Crunch dễ setup, cảm giác kiểm soát tốt nên tôi muốn tiếp tục duy trì. Lý do chính: Good fit. Mức đánh giá 4/5, khi so với khả năng hiện tại.",1,0.0069
"Bicycle Crunch phù hợp với tôi, không gây khó chịu và giúp buổi tập có nhịp ổn. Lý do chính: Good fit. Mức đánh giá 5/5, khi xét cảm giác phục hồi.",1,0.0069
"Bài Mountain Climbers vào nhịp tốt, tôi muốn progression rõ hơn để tiếp tục tiến bộ. Lý do chính: Good fit, Too easy. Mức đánh giá 4/5, khi so với khả năng hiện tại.",1,0.0069
"Standing Calf Raise phù hợp với tôi, không gây khó chịu và giúp buổi tập có nhịp ổn. Lý do chính: Good fit. Mức đánh giá 5/5, khi tập với mức hiện tại.",1,0.0069
"Donkey Kick khá dễ kiểm soát, tôi hoàn thành tốt và muốn tăng thử thách nhẹ ở lần tới. Lý do chính: Good fit, Too easy. Mức đánh giá 4/5, sau vài set đầu.",1,0.0069
"Bài Standing Calf Raise dễ setup, cảm giác kiểm soát tốt nên tôi muốn tiếp tục duy trì. Lý do chính: Good fit. Mức đánh giá 5/5, khi theo giáo án hiện tại.",1,0.0069
"Bài Dead Bug vào nhịp tốt, tôi muốn progression rõ hơn để tiếp tục tiến bộ. Lý do chính: Good fit, Too easy. Mức đánh giá 5/5, khi so với khả năng hiện tại.",1,0.0069
"Bài Bicycle Crunch dễ setup, cảm giác kiểm soát tốt nên tôi muốn tiếp tục duy trì. Lý do chính: Good fit. Mức đánh giá 5/5, sau khi hoàn thành phần chính.",1,0.0069
"Leg Extension phù hợp với tôi, không gây khó chịu và giúp buổi tập có nhịp ổn. Lý do chính: Good fit. Mức đánh giá 4/5, ở phần cuối buổi.",1,0.0069
"Tôi thích Single-Leg Leg Extension, cảm giác vào cơ tốt và muốn giữ bài này trong lịch. Lý do chính: Good fit. Mức đánh giá 4/5, trong nhịp tập tuần này.",1,0.0069
"Bài Machine Leg Extension dễ setup, cảm giác kiểm soát tốt nên tôi muốn tiếp tục duy trì. Lý do chính: Good fit. Mức đánh giá 5/5, ở bối cảnh lịch tập này.",1,0.0069
"Bài Machine Leg Extension dễ setup, cảm giác kiểm soát tốt nên tôi muốn tiếp tục duy trì. Lý do chính: Good fit. Mức đánh giá 5/5, sau khi hoàn thành phần chính.",1,0.0069
"Chest-Supported T-Bar Row phù hợp với tôi, không gây khó chịu và giúp buổi tập có nhịp ổn. Lý do chính: Good fit. Mức đánh giá 4/5, trong buổi tập này.",1,0.0069
"Leg Extension phù hợp với tôi, không gây khó chịu và giúp buổi tập có nhịp ổn. Lý do chính: Good fit. Mức đánh giá 5/5, ở phần cuối buổi.",1,0.0069
"Machine Leg Extension phù hợp với tôi, không gây khó chịu và giúp buổi tập có nhịp ổn. Lý do chính: Good fit. Mức đánh giá 4/5, ở phần cuối buổi.",1,0.0069
"Bài Leg Extension dễ setup, cảm giác kiểm soát tốt nên tôi muốn tiếp tục duy trì. Lý do chính: Good fit. Mức đánh giá 4/5, ở bối cảnh lịch tập này.",1,0.0069
"Chest-Supported T-Bar Row phù hợp với tôi, không gây khó chịu và giúp buổi tập có nhịp ổn. Lý do chính: Good fit. Mức đánh giá 4/5, ở phần cuối buổi.",1,0.0069
"Tôi thích Machine Leg Extension, cảm giác vào cơ tốt và muốn giữ bài này trong lịch. Lý do chính: Good fit. Mức đánh giá 4/5, ở lần ghi nhận gần đây.",1,0.0069
"Chest-Supported T-Bar Row phù hợp với tôi, không gây khó chịu và giúp buổi tập có nhịp ổn. Lý do chính: Good fit. Mức đánh giá 5/5, khi tập với mức hiện tại.",1,0.0069
"Bài Leg Extension dễ setup, cảm giác kiểm soát tốt nên tôi muốn tiếp tục duy trì. Lý do chính: Good fit. Mức đánh giá 4/5, khi theo giáo án hiện tại.",1,0.0069
"Bài Battle Ropes dễ setup, cảm giác kiểm soát tốt nên tôi muốn tiếp tục duy trì. Lý do chính: Good fit. Mức đánh giá 5/5, khi so với khả năng hiện tại.",1,0.0069
"Tôi thích Chest-Supported T-Bar Row, cảm giác vào cơ tốt và muốn giữ bài này trong lịch. Lý do chính: Good fit. Mức đánh giá 5/5, trong nhịp tập tuần này.",1,0.0069
"Tôi thấy Decline Push-Up đang hơi nhẹ so với sức hiện tại, có thể tăng độ khó hoặc thêm volume vừa phải. Lý do chính: Good fit, Too easy. Mức đánh giá 4/5, ở phần cuối buổi.",1,0.0069
"Plate Pinch Hold khá dễ kiểm soát, tôi hoàn thành tốt và muốn tăng thử thách nhẹ ở lần tới. Lý do chính: Good fit, Too easy. Mức đánh giá 4/5, ở lần ghi nhận gần đây.",1,0.0069
"Tôi thấy Copenhagen Adductor Drop đang hơi nhẹ so với sức hiện tại, có thể tăng độ khó hoặc thêm volume vừa phải. Lý do chính: Good fit, Too easy. Mức đánh giá 4/5, ở phần cuối buổi.",1,0.0069
"Bài Decline Push-Up vào nhịp tốt, tôi muốn progression rõ hơn để tiếp tục tiến bộ. Lý do chính: Good fit, Too easy. Mức đánh giá 5/5, sau khi hoàn thành phần chính.",1,0.0069
"Bài Plate Pinch Hold vào nhịp tốt, tôi muốn progression rõ hơn để tiếp tục tiến bộ. Lý do chính: Good fit, Too easy. Mức đánh giá 5/5, ở bối cảnh lịch tập này.",1,0.0069
"Copenhagen Adductor Drop khá dễ kiểm soát, tôi hoàn thành tốt và muốn tăng thử thách nhẹ ở lần tới. Lý do chính: Good fit, Too easy. Mức đánh giá 5/5, ở lần ghi nhận gần đây.",1,0.0069
"Bài Plate Pinch Hold vào nhịp tốt, tôi muốn progression rõ hơn để tiếp tục tiến bộ. Lý do chính: Good fit, Too easy. Mức đánh giá 5/5, sau khi hoàn thành phần chính.",1,0.0069
"Tôi thấy Decline Push-Up đang hơi nhẹ so với sức hiện tại, có thể tăng độ khó hoặc thêm volume vừa phải. Lý do chính: Good fit, Too easy. Mức đánh giá 4/5, trong buổi tập này.",1,0.0069
"Bài Plate Pinch Hold vào nhịp tốt, tôi muốn progression rõ hơn để tiếp tục tiến bộ. Lý do chính: Good fit, Too easy. Mức đánh giá 4/5, sau khi hoàn thành phần chính.",1,0.0069
"Decline Push-Up khá dễ kiểm soát, tôi hoàn thành tốt và muốn tăng thử thách nhẹ ở lần tới. Lý do chính: Good fit, Too easy. Mức đánh giá 4/5, ở lần ghi nhận gần đây.",1,0.0069
"Bài Plate Pinch Hold vào nhịp tốt, tôi muốn progression rõ hơn để tiếp tục tiến bộ. Lý do chính: Good fit, Too easy. Mức đánh giá 5/5, khi theo giáo án hiện tại.",1,0.0069
"Decline Push-Up khá dễ kiểm soát, tôi hoàn thành tốt và muốn tăng thử thách nhẹ ở lần tới. Lý do chính: Good fit, Too easy. Mức đánh giá 5/5, trong nhịp tập tuần này.",1,0.0069
"Tôi thấy Glute-Ham Raise đang hơi nhẹ so với sức hiện tại, có thể tăng độ khó hoặc thêm volume vừa phải. Lý do chính: Good fit, Too easy. Mức đánh giá 5/5, ở phần cuối buổi.",1,0.0069
"Cable Kickback khá dễ kiểm soát, tôi hoàn thành tốt và muốn tăng thử thách nhẹ ở lần tới. Lý do chính: Good fit, Too easy. Mức đánh giá 4/5, trong lần đánh giá hôm nay.",1,0.0069
"Bent-Over Dumbbell Reverse Fly khá dễ kiểm soát, tôi hoàn thành tốt và muốn tăng thử thách nhẹ ở lần tới. Lý do chính: Good fit, Too easy. Mức đánh giá 5/5, trong nhịp tập tuần này.",1,0.0069
"Bài Machine Lateral Raise vào nhịp tốt, tôi muốn progression rõ hơn để tiếp tục tiến bộ. Lý do chính: Good fit, Too easy. Mức đánh giá 5/5, ở bối cảnh lịch tập này.",1,0.0069
"Tôi thấy Sissy Squat đang hơi nhẹ so với sức hiện tại, có thể tăng độ khó hoặc thêm volume vừa phải. Lý do chính: Good fit, Too easy. Mức đánh giá 5/5, ở phần cuối buổi.",1,0.0069
"Bài Pistol Squat vào nhịp tốt, tôi muốn progression rõ hơn để tiếp tục tiến bộ. Lý do chính: Good fit, Too easy. Mức đánh giá 4/5, sau khi hoàn thành phần chính.",1,0.0069
"Tôi thấy Glute-Ham Raise đang hơi nhẹ so với sức hiện tại, có thể tăng độ khó hoặc thêm volume vừa phải. Lý do chính: Good fit, Too easy. Mức đánh giá 5/5, khi tập với mức hiện tại.",1,0.0069
"Bài Machine Lateral Raise vào nhịp tốt, tôi muốn progression rõ hơn để tiếp tục tiến bộ. Lý do chính: Good fit, Too easy. Mức đánh giá 4/5, sau khi hoàn thành phần chính.",1,0.0069
"Bent-Over Dumbbell Reverse Fly khá dễ kiểm soát, tôi hoàn thành tốt và muốn tăng thử thách nhẹ ở lần tới. Lý do chính: Good fit, Too easy. Mức đánh giá 4/5, ở lần ghi nhận gần đây.",1,0.0069
"Bài Dumbbell Shrug vào nhịp tốt, tôi muốn progression rõ hơn để tiếp tục tiến bộ. Lý do chính: Good fit, Too easy. Mức đánh giá 5/5, ở bối cảnh lịch tập này.",1,0.0069
"Tôi thấy Machine Leg Extension đang hơi nhẹ so với sức hiện tại, có thể tăng độ khó hoặc thêm volume vừa phải. Lý do chính: Good fit, Too easy. Mức đánh giá 4/5, trong buổi tập này.",1,0.0069
"Bài Glute-Ham Raise vào nhịp tốt, tôi muốn progression rõ hơn để tiếp tục tiến bộ. Lý do chính: Good fit, Too easy. Mức đánh giá 4/5, khi theo giáo án hiện tại.",1,0.0069
"Bài Machine Leg Extension vào nhịp tốt, tôi muốn progression rõ hơn để tiếp tục tiến bộ. Lý do chính: Good fit, Too easy. Mức đánh giá 4/5, sau khi hoàn thành phần chính.",1,0.0069
"Bài Pistol Squat vào nhịp tốt, tôi muốn progression rõ hơn để tiếp tục tiến bộ. Lý do chính: Good fit, Too easy. Mức đánh giá 5/5, khi theo giáo án hiện tại.",1,0.0069
"Bài Glute-Ham Raise vào nhịp tốt, tôi muốn progression rõ hơn để tiếp tục tiến bộ. Lý do chính: Good fit, Too easy. Mức đánh giá 4/5, sau khi hoàn thành phần chính.",1,0.0069
"Dumbbell Front Raise khá dễ kiểm soát, tôi hoàn thành tốt và muốn tăng thử thách nhẹ ở lần tới. Lý do chính: Good fit, Too easy. Mức đánh giá 5/5, ở lần ghi nhận gần đây.",1,0.0069
"Crab Walk khá dễ kiểm soát, tôi hoàn thành tốt và muốn tăng thử thách nhẹ ở lần tới. Lý do chính: Good fit, Too easy. Mức đánh giá 5/5, sau vài set đầu.",1,0.0069
"Tôi thấy Cable Kickback đang hơi nhẹ so với sức hiện tại, có thể tăng độ khó hoặc thêm volume vừa phải. Lý do chính: Good fit, Too easy. Mức đánh giá 4/5, khi tập với mức hiện tại.",1,0.0069
"Machine Lateral Raise khá dễ kiểm soát, tôi hoàn thành tốt và muốn tăng thử thách nhẹ ở lần tới. Lý do chính: Good fit, Too easy. Mức đánh giá 4/5, ở lần ghi nhận gần đây.",1,0.0069
"Tôi thấy Glute-Ham Raise đang hơi nhẹ so với sức hiện tại, có thể tăng độ khó hoặc thêm volume vừa phải. Lý do chính: Good fit, Too easy. Mức đánh giá 4/5, khi tập với mức hiện tại.",1,0.0069
"Tôi thấy Dumbbell Romanian Deadlift đang hơi nhẹ so với sức hiện tại, có thể tăng độ khó hoặc thêm volume vừa phải. Lý do chính: Good fit, Too easy. Mức đánh giá 5/5, ở phần cuối buổi.",1,0.0069
"Tôi thấy Machine Lateral Raise đang hơi nhẹ so với sức hiện tại, có thể tăng độ khó hoặc thêm volume vừa phải. Lý do chính: Good fit, Too easy. Mức đánh giá 5/5, khi xét cảm giác phục hồi.",1,0.0069
"Bài Machine Row dễ setup, cảm giác kiểm soát tốt nên tôi muốn tiếp tục duy trì. Lý do chính: Good fit. Mức đánh giá 4/5, khi so với khả năng hiện tại.",1,0.0069
"Tôi thấy Wide-Grip Lat Pulldown đang hơi nhẹ so với sức hiện tại, có thể tăng độ khó hoặc thêm volume vừa phải. Lý do chính: Good fit, Too easy. Mức đánh giá 5/5, khi tập với mức hiện tại.",1,0.0069
"Bài Ab Crunch Machine vào nhịp tốt, tôi muốn progression rõ hơn để tiếp tục tiến bộ. Lý do chính: Good fit, Too easy. Mức đánh giá 5/5, sau khi hoàn thành phần chính.",1,0.0069
"Decline Crunch khá dễ kiểm soát, tôi hoàn thành tốt và muốn tăng thử thách nhẹ ở lần tới. Lý do chính: Good fit, Too easy. Mức đánh giá 4/5, trong nhịp tập tuần này.",1,0.0069
"Bài Decline EZ-Bar Skull Crusher vào nhịp tốt, tôi muốn progression rõ hơn để tiếp tục tiến bộ. Lý do chính: Good fit, Too easy. Mức đánh giá 5/5, sau khi hoàn thành phần chính.",1,0.0069
"Tôi thấy Ab Crunch Machine đang hơi nhẹ so với sức hiện tại, có thể tăng độ khó hoặc thêm volume vừa phải. Lý do chính: Good fit, Too easy. Mức đánh giá 4/5, ở phần cuối buổi.",1,0.0069
"Bài Decline Crunch vào nhịp tốt, tôi muốn progression rõ hơn để tiếp tục tiến bộ. Lý do chính: Good fit, Too easy. Mức đánh giá 5/5, khi theo giáo án hiện tại.",1,0.0069
"Bài Wide-Grip Lat Pulldown vào nhịp tốt, tôi muốn progression rõ hơn để tiếp tục tiến bộ. Lý do chính: Good fit, Too easy. Mức đánh giá 5/5, sau khi hoàn thành phần chính.",1,0.0069
"Bài Machine Row vào nhịp tốt, tôi muốn progression rõ hơn để tiếp tục tiến bộ. Lý do chính: Good fit, Too easy. Mức đánh giá 4/5, khi theo giáo án hiện tại.",1,0.0069
"Ab Crunch Machine khá dễ kiểm soát, tôi hoàn thành tốt và muốn tăng thử thách nhẹ ở lần tới. Lý do chính: Good fit, Too easy. Mức đánh giá 5/5, sau vài set đầu.",1,0.0069
"Bài Decline Crunch vào nhịp tốt, tôi muốn progression rõ hơn để tiếp tục tiến bộ. Lý do chính: Good fit, Too easy. Mức đánh giá 4/5, khi theo giáo án hiện tại.",1,0.0069
"Tôi thấy Machine Row đang hơi nhẹ so với sức hiện tại, có thể tăng độ khó hoặc thêm volume vừa phải. Lý do chính: Good fit, Too easy. Mức đánh giá 5/5, ở phần cuối buổi.",1,0.0069
"Bài Wide-Grip Lat Pulldown vào nhịp tốt, tôi muốn progression rõ hơn để tiếp tục tiến bộ. Lý do chính: Good fit, Too easy. Mức đánh giá 4/5, khi theo giáo án hiện tại.",1,0.0069
"Tôi thấy Ab Crunch Machine đang hơi nhẹ so với sức hiện tại, có thể tăng độ khó hoặc thêm volume vừa phải. Lý do chính: Good fit, Too easy. Mức đánh giá 5/5, khi tập với mức hiện tại.",1,0.0069
"Tôi thích Decline Crunch, cảm giác vào cơ tốt và muốn giữ bài này trong lịch. Lý do chính: Good fit. Mức đánh giá 4/5, ở lần ghi nhận gần đây.",1,0.0069
"Bài Decline EZ-Bar Skull Crusher vào nhịp tốt, tôi muốn progression rõ hơn để tiếp tục tiến bộ. Lý do chính: Good fit, Too easy. Mức đánh giá 4/5, khi theo giáo án hiện tại.",1,0.0069
"Tôi thấy Ab Crunch Machine đang hơi nhẹ so với sức hiện tại, có thể tăng độ khó hoặc thêm volume vừa phải. Lý do chính: Good fit, Too easy. Mức đánh giá 5/5, ở phần cuối buổi.",1,0.0069
"Bài Decline Crunch dễ setup, cảm giác kiểm soát tốt nên tôi muốn tiếp tục duy trì. Lý do chính: Good fit. Mức đánh giá 4/5, khi theo giáo án hiện tại.",1,0.0069
"Wide-Grip Lat Pulldown khá dễ kiểm soát, tôi hoàn thành tốt và muốn tăng thử thách nhẹ ở lần tới. Lý do chính: Good fit, Too easy. Mức đánh giá 4/5, trong nhịp tập tuần này.",1,0.0069
"Bài Machine Row dễ setup, cảm giác kiểm soát tốt nên tôi muốn tiếp tục duy trì. Lý do chính: Good fit. Mức đánh giá 5/5, sau khi hoàn thành phần chính.",1,0.0069
"Ab Crunch Machine khá dễ kiểm soát, tôi hoàn thành tốt và muốn tăng thử thách nhẹ ở lần tới. Lý do chính: Good fit, Too easy. Mức đánh giá 5/5, trong nhịp tập tuần này.",1,0.0069
"Decline Crunch phù hợp với tôi, không gây khó chịu và giúp buổi tập có nhịp ổn. Lý do chính: Good fit. Mức đánh giá 4/5, ở phần cuối buổi.",1,0.0069
"Wide-Grip Lat Pulldown phù hợp với tôi, không gây khó chịu và giúp buổi tập có nhịp ổn. Lý do chính: Good fit. Mức đánh giá 4/5, ở phần cuối buổi.",1,0.0069
"Tôi thấy Decline Crunch đang hơi nhẹ so với sức hiện tại, có thể tăng độ khó hoặc thêm volume vừa phải. Lý do chính: Good fit, Too easy. Mức đánh giá 5/5, khi tập với mức hiện tại.",1,0.0069
"Decline EZ-Bar Skull Crusher khá dễ kiểm soát, tôi hoàn thành tốt và muốn tăng thử thách nhẹ ở lần tới. Lý do chính: Good fit, Too easy. Mức đánh giá 5/5, sau vài set đầu.",1,0.0069
"Bài Ab Crunch Machine dễ setup, cảm giác kiểm soát tốt nên tôi muốn tiếp tục duy trì. Lý do chính: Good fit. Mức đánh giá 4/5, khi theo giáo án hiện tại.",1,0.0069
"Decline Crunch khá dễ kiểm soát, tôi hoàn thành tốt và muốn tăng thử thách nhẹ ở lần tới. Lý do chính: Good fit, Too easy. Mức đánh giá 4/5, ở lần ghi nhận gần đây.",1,0.0069
"Tôi thích Wide-Grip Lat Pulldown, cảm giác vào cơ tốt và muốn giữ bài này trong lịch. Lý do chính: Good fit. Mức đánh giá 4/5, ở lần ghi nhận gần đây.",1,0.0069
"Decline Crunch khá dễ kiểm soát, tôi hoàn thành tốt và muốn tăng thử thách nhẹ ở lần tới. Lý do chính: Good fit, Too easy. Mức đánh giá 5/5, trong nhịp tập tuần này.",1,0.0069
"Bài Machine Row dễ setup, cảm giác kiểm soát tốt nên tôi muốn tiếp tục duy trì. Lý do chính: Good fit. Mức đánh giá 4/5, sau khi hoàn thành phần chính.",1,0.0069
"Wide-Grip Lat Pulldown khá dễ kiểm soát, tôi hoàn thành tốt và muốn tăng thử thách nhẹ ở lần tới. Lý do chính: Good fit, Too easy. Mức đánh giá 5/5, trong nhịp tập tuần này.",1,0.0069
"Wall Sit phù hợp với tôi, không gây khó chịu và giúp buổi tập có nhịp ổn. Lý do chính: Good fit. Mức đánh giá 4/5, ở phần cuối buổi.",1,0.0069
"Tibialis Raise phù hợp với tôi, không gây khó chịu và giúp buổi tập có nhịp ổn. Lý do chính: Good fit. Mức đánh giá 5/5, ở phần cuối buổi.",1,0.0069
"Tibialis Raise phù hợp với tôi, không gây khó chịu và giúp buổi tập có nhịp ổn. Lý do chính: Good fit. Mức đánh giá 4/5, khi xét cảm giác phục hồi.",1,0.0069
"Bài Burpee dễ setup, cảm giác kiểm soát tốt nên tôi muốn tiếp tục duy trì. Lý do chính: Good fit. Mức đánh giá 5/5, khi theo giáo án hiện tại.",1,0.0069
"Tôi thích Wall Sit, cảm giác vào cơ tốt và muốn giữ bài này trong lịch. Lý do chính: Good fit. Mức đánh giá 5/5, trong nhịp tập tuần này.",1,0.0069
"Bài Push-Up dễ setup, cảm giác kiểm soát tốt nên tôi muốn tiếp tục duy trì. Lý do chính: Good fit. Mức đánh giá 5/5, ở bối cảnh lịch tập này.",1,0.0069
"Wall Sit phù hợp với tôi, không gây khó chịu và giúp buổi tập có nhịp ổn. Lý do chính: Good fit. Mức đánh giá 4/5, khi tập với mức hiện tại.",1,0.0069
"Burpee phù hợp với tôi, không gây khó chịu và giúp buổi tập có nhịp ổn. Lý do chính: Good fit. Mức đánh giá 4/5, ở phần cuối buổi.",1,0.0069
"Wall Sit phù hợp với tôi, không gây khó chịu và giúp buổi tập có nhịp ổn. Lý do chính: Good fit. Mức đánh giá 4/5, trong buổi tập này.",1,0.0069
"Tôi thích Tibialis Raise, cảm giác vào cơ tốt và muốn giữ bài này trong lịch. Lý do chính: Good fit. Mức đánh giá 4/5, ở lần ghi nhận gần đây.",1,0.0069
"Wall Sit phù hợp với tôi, không gây khó chịu và giúp buổi tập có nhịp ổn. Lý do chính: Good fit. Mức đánh giá 5/5, khi tập với mức hiện tại.",1,0.0069
"Wall Sit phù hợp với tôi, không gây khó chịu và giúp buổi tập có nhịp ổn. Lý do chính: Good fit. Mức đánh giá 5/5, ở phần cuối buổi.",1,0.0069
"Tibialis Raise phù hợp với tôi, không gây khó chịu và giúp buổi tập có nhịp ổn. Lý do chính: Good fit. Mức đánh giá 4/5, ở phần cuối buổi.",1,0.0069
"Burpee phù hợp với tôi, không gây khó chịu và giúp buổi tập có nhịp ổn. Lý do chính: Good fit. Mức đánh giá 4/5, khi xét cảm giác phục hồi.",1,0.0069
"Bài Crab Walk dễ setup, cảm giác kiểm soát tốt nên tôi muốn tiếp tục duy trì. Lý do chính: Good fit. Mức đánh giá 4/5, khi theo giáo án hiện tại.",1,0.0069
"Banded Good Morning phù hợp với tôi, không gây khó chịu và giúp buổi tập có nhịp ổn. Lý do chính: Good fit. Mức đánh giá 4/5, khi tập với mức hiện tại.",1,0.0069
"Bài Banded Good Morning dễ setup, cảm giác kiểm soát tốt nên tôi muốn tiếp tục duy trì. Lý do chính: Good fit. Mức đánh giá 5/5, khi so với khả năng hiện tại.",1,0.0069
"Tôi thích Crab Walk, cảm giác vào cơ tốt và muốn giữ bài này trong lịch. Lý do chính: Good fit. Mức đánh giá 5/5, trong nhịp tập tuần này.",1,0.0069
"Front Plank with Reach khá dễ kiểm soát, tôi hoàn thành tốt và muốn tăng thử thách nhẹ ở lần tới. Lý do chính: Good fit, Too easy. Mức đánh giá 4/5, ở lần ghi nhận gần đây.",1,0.0069
"Bài Glute Bridge March dễ setup, cảm giác kiểm soát tốt nên tôi muốn tiếp tục duy trì. Lý do chính: Good fit. Mức đánh giá 4/5, ở bối cảnh lịch tập này.",1,0.0069
"Tôi thích Hindu Push-Up, cảm giác vào cơ tốt và muốn giữ bài này trong lịch. Lý do chính: Good fit. Mức đánh giá 4/5, trong nhịp tập tuần này.",1,0.0069
"Bài Hindu Push-Up dễ setup, cảm giác kiểm soát tốt nên tôi muốn tiếp tục duy trì. Lý do chính: Good fit. Mức đánh giá 5/5, khi theo giáo án hiện tại.",1,0.0069
"Tôi thấy Hindu Push-Up đang hơi nhẹ so với sức hiện tại, có thể tăng độ khó hoặc thêm volume vừa phải. Lý do chính: Good fit, Too easy. Mức đánh giá 4/5, trong buổi tập này.",1,0.0069
"Tôi thích Pike Push-Up, cảm giác vào cơ tốt và muốn giữ bài này trong lịch. Lý do chính: Good fit. Mức đánh giá 5/5, trong nhịp tập tuần này.",1,0.0069
"Reverse Hack Squat phù hợp với tôi, không gây khó chịu và giúp buổi tập có nhịp ổn. Lý do chính: Good fit. Mức đánh giá 5/5, trong buổi tập này.",1,0.0069
"Tôi thích Reverse Hack Squat, cảm giác vào cơ tốt và muốn giữ bài này trong lịch. Lý do chính: Good fit. Mức đánh giá 5/5, trong nhịp tập tuần này.",1,0.0069
"Reverse Hack Squat phù hợp với tôi, không gây khó chịu và giúp buổi tập có nhịp ổn. Lý do chính: Good fit. Mức đánh giá 4/5, ở phần cuối buổi.",1,0.0069
"Bài Machine Lateral Raise vào nhịp tốt, tôi muốn progression rõ hơn để tiếp tục tiến bộ. Lý do chính: Good fit, Too easy. Mức đánh giá 5/5, khi so với khả năng hiện tại.",1,0.0069
"Bài Machine Lateral Raise vào nhịp tốt, tôi muốn progression rõ hơn để tiếp tục tiến bộ. Lý do chính: Good fit, Too easy. Mức đánh giá 4/5, ở bối cảnh lịch tập này.",1,0.0069
"Bài Neck Bridge vào nhịp tốt, tôi muốn progression rõ hơn để tiếp tục tiến bộ. Lý do chính: Good fit, Too easy. Mức đánh giá 4/5, sau khi hoàn thành phần chính.",1,0.0069
"Tôi thấy Medicine Ball Slam đang hơi nhẹ so với sức hiện tại, có thể tăng độ khó hoặc thêm volume vừa phải. Lý do chính: Good fit, Too easy. Mức đánh giá 5/5, ở phần cuối buổi.",1,0.0069
"Bài Machine Chest Press vào nhịp tốt, tôi muốn progression rõ hơn để tiếp tục tiến bộ. Lý do chính: Good fit, Too easy. Mức đánh giá 4/5, sau khi hoàn thành phần chính.",1,0.0069
"Bài Dumbbell Front Raise vào nhịp tốt, tôi muốn progression rõ hơn để tiếp tục tiến bộ. Lý do chính: Good fit, Too easy. Mức đánh giá 4/5, sau khi hoàn thành phần chính.",1,0.0069
"Bài Zottman Curl vào nhịp tốt, tôi muốn progression rõ hơn để tiếp tục tiến bộ. Lý do chính: Good fit, Too easy. Mức đánh giá 4/5, ở bối cảnh lịch tập này.",1,0.0069
"Neck Bridge khá dễ kiểm soát, tôi hoàn thành tốt và muốn tăng thử thách nhẹ ở lần tới. Lý do chính: Good fit, Too easy. Mức đánh giá 5/5, trong nhịp tập tuần này.",1,0.0069
"Bài Neck Bridge vào nhịp tốt, tôi muốn progression rõ hơn để tiếp tục tiến bộ. Lý do chính: Good fit, Too easy. Mức đánh giá 4/5, khi theo giáo án hiện tại.",1,0.0069
"Medicine Ball Slam khá dễ kiểm soát, tôi hoàn thành tốt và muốn tăng thử thách nhẹ ở lần tới. Lý do chính: Good fit, Too easy. Mức đánh giá 4/5, trong nhịp tập tuần này.",1,0.0069
"Bent-Over Dumbbell Reverse Fly khá dễ kiểm soát, tôi hoàn thành tốt và muốn tăng thử thách nhẹ ở lần tới. Lý do chính: Good fit, Too easy. Mức đánh giá 4/5, trong nhịp tập tuần này.",1,0.0069
"Machine Lateral Raise khá dễ kiểm soát, tôi hoàn thành tốt và muốn tăng thử thách nhẹ ở lần tới. Lý do chính: Good fit, Too easy. Mức đánh giá 5/5, ở lần ghi nhận gần đây.",1,0.0069
"Tôi thấy Donkey Kick đang hơi nhẹ so với sức hiện tại, có thể tăng độ khó hoặc thêm volume vừa phải. Lý do chính: Good fit, Too easy. Mức đánh giá 4/5, trong buổi tập này.",1,0.0069
"Bài Medicine Ball Slam vào nhịp tốt, tôi muốn progression rõ hơn để tiếp tục tiến bộ. Lý do chính: Good fit, Too easy. Mức đánh giá 4/5, sau khi hoàn thành phần chính.",1,0.0069
"Tôi thấy Machine Lateral Raise đang hơi nhẹ so với sức hiện tại, có thể tăng độ khó hoặc thêm volume vừa phải. Lý do chính: Good fit, Too easy. Mức đánh giá 4/5, khi tập với mức hiện tại.",1,0.0069
"Tôi thấy Machine Chest Press đang hơi nhẹ so với sức hiện tại, có thể tăng độ khó hoặc thêm volume vừa phải. Lý do chính: Good fit, Too easy. Mức đánh giá 5/5, khi xét cảm giác phục hồi.",1,0.0069
"Bài Bent-Over Dumbbell Reverse Fly vào nhịp tốt, tôi muốn progression rõ hơn để tiếp tục tiến bộ. Lý do chính: Good fit, Too easy. Mức đánh giá 4/5, khi theo giáo án hiện tại.",1,0.0069
"Tôi thấy Machine Chest Press đang hơi nhẹ so với sức hiện tại, có thể tăng độ khó hoặc thêm volume vừa phải. Lý do chính: Good fit, Too easy. Mức đánh giá 5/5, ở phần cuối buổi.",1,0.0069
"Tôi thấy Machine Lateral Raise đang hơi nhẹ so với sức hiện tại, có thể tăng độ khó hoặc thêm volume vừa phải. Lý do chính: Good fit, Too easy. Mức đánh giá 4/5, trong buổi tập này.",1,0.0069
"Zottman Curl khá dễ kiểm soát, tôi hoàn thành tốt và muốn tăng thử thách nhẹ ở lần tới. Lý do chính: Good fit, Too easy. Mức đánh giá 5/5, trong nhịp tập tuần này.",1,0.0069
"Bài Wall Sit vào nhịp tốt, tôi muốn progression rõ hơn để tiếp tục tiến bộ. Lý do chính: Good fit, Too easy. Mức đánh giá 4/5, khi theo giáo án hiện tại.",1,0.0069
"Bài Neck Bridge vào nhịp tốt, tôi muốn progression rõ hơn để tiếp tục tiến bộ. Lý do chính: Good fit, Too easy. Mức đánh giá 5/5, ở bối cảnh lịch tập này.",1,0.0069
"Bent-Over Dumbbell Reverse Fly khá dễ kiểm soát, tôi hoàn thành tốt và muốn tăng thử thách nhẹ ở lần tới. Lý do chính: Good fit, Too easy. Mức đánh giá 4/5, trong lần đánh giá hôm nay.",1,0.0069
"Bài Banded Pallof Press vào nhịp tốt, tôi muốn progression rõ hơn để tiếp tục tiến bộ. Lý do chính: Good fit, Too easy. Mức đánh giá 4/5, sau khi hoàn thành phần chính.",1,0.0069
"Bài Banded Good Morning dễ setup, cảm giác kiểm soát tốt nên tôi muốn tiếp tục duy trì. Lý do chính: Good fit. Mức đánh giá 4/5, ở bối cảnh lịch tập này.",1,0.0069
"Tôi thấy Band Pull-Through đang hơi nhẹ so với sức hiện tại, có thể tăng độ khó hoặc thêm volume vừa phải. Lý do chính: Good fit, Too easy. Mức đánh giá 5/5, khi tập với mức hiện tại.",1,0.0069
"Bài Single-Arm TRX Row dễ setup, cảm giác kiểm soát tốt nên tôi muốn tiếp tục duy trì. Lý do chính: Good fit. Mức đánh giá 5/5, khi theo giáo án hiện tại.",1,0.0069
"Tôi thấy Band Resisted Push-Up đang hơi nhẹ so với sức hiện tại, có thể tăng độ khó hoặc thêm volume vừa phải. Lý do chính: Good fit, Too easy. Mức đánh giá 5/5, khi tập với mức hiện tại.",1,0.0069
"Tôi thích Push-Up, cảm giác vào cơ tốt và muốn giữ bài này trong lịch. Lý do chính: Good fit. Mức đánh giá 4/5, trong lần đánh giá hôm nay.",1,0.0069
"Tôi thấy Banded Pallof Press đang hơi nhẹ so với sức hiện tại, có thể tăng độ khó hoặc thêm volume vừa phải. Lý do chính: Good fit, Too easy. Mức đánh giá 4/5, khi tập với mức hiện tại.",1,0.0069
"TRX Pistol Squat phù hợp với tôi, không gây khó chịu và giúp buổi tập có nhịp ổn. Lý do chính: Good fit. Mức đánh giá 5/5, ở phần cuối buổi.",1,0.0069
"Tôi thấy Banded Good Morning đang hơi nhẹ so với sức hiện tại, có thể tăng độ khó hoặc thêm volume vừa phải. Lý do chính: Good fit, Too easy. Mức đánh giá 4/5, khi tập với mức hiện tại.",1,0.0069
"Band Pull-Through khá dễ kiểm soát, tôi hoàn thành tốt và muốn tăng thử thách nhẹ ở lần tới. Lý do chính: Good fit, Too easy. Mức đánh giá 5/5, ở lần ghi nhận gần đây.",1,0.0069
"Band Pull-Apart khá dễ kiểm soát, tôi hoàn thành tốt và muốn tăng thử thách nhẹ ở lần tới. Lý do chính: Good fit, Too easy. Mức đánh giá 4/5, trong nhịp tập tuần này.",1,0.0069
"TRX Suspension Row phù hợp với tôi, không gây khó chịu và giúp buổi tập có nhịp ổn. Lý do chính: Good fit. Mức đánh giá 5/5, khi xét cảm giác phục hồi.",1,0.0069
"Banded Pallof Press phù hợp với tôi, không gây khó chịu và giúp buổi tập có nhịp ổn. Lý do chính: Good fit. Mức đánh giá 5/5, khi tập với mức hiện tại.",1,0.0069
"Bài Banded Good Morning vào nhịp tốt, tôi muốn progression rõ hơn để tiếp tục tiến bộ. Lý do chính: Good fit, Too easy. Mức đánh giá 5/5, khi theo giáo án hiện tại.",1,0.0069
"Band Pull-Through phù hợp với tôi, không gây khó chịu và giúp buổi tập có nhịp ổn. Lý do chính: Good fit. Mức đánh giá 5/5, ở phần cuối buổi.",1,0.0069
"Tôi thấy Single-Arm TRX Row đang hơi nhẹ so với sức hiện tại, có thể tăng độ khó hoặc thêm volume vừa phải. Lý do chính: Good fit, Too easy. Mức đánh giá 4/5, ở phần cuối buổi.",1,0.0069
"Band Resisted Push-Up khá dễ kiểm soát, tôi hoàn thành tốt và muốn tăng thử thách nhẹ ở lần tới. Lý do chính: Good fit, Too easy. Mức đánh giá 4/5, sau vài set đầu.",1,0.0069
"TRX Push-Up phù hợp với tôi, không gây khó chịu và giúp buổi tập có nhịp ổn. Lý do chính: Good fit. Mức đánh giá 5/5, ở phần cuối buổi.",1,0.0069
"Tôi thích Tibialis Raise, cảm giác vào cơ tốt và muốn giữ bài này trong lịch. Lý do chính: Good fit. Mức đánh giá 4/5, trong nhịp tập tuần này.",1,0.0069
"Bài Banded Pallof Press vào nhịp tốt, tôi muốn progression rõ hơn để tiếp tục tiến bộ. Lý do chính: Good fit, Too easy. Mức đánh giá 5/5, sau khi hoàn thành phần chính.",1,0.0069
"Tôi thích Banded Good Morning, cảm giác vào cơ tốt và muốn giữ bài này trong lịch. Lý do chính: Good fit. Mức đánh giá 5/5, ở lần ghi nhận gần đây.",1,0.0069
"Tôi thấy Hack Squat đang hơi nhẹ so với sức hiện tại, có thể tăng độ khó hoặc thêm volume vừa phải. Lý do chính: Good fit, Too easy. Mức đánh giá 5/5, ở phần cuối buổi.",1,0.0069
"Band Pull-Apart khá dễ kiểm soát, tôi hoàn thành tốt và muốn tăng thử thách nhẹ ở lần tới. Lý do chính: Good fit, Too easy. Mức đánh giá 5/5, trong lần đánh giá hôm nay.",1,0.0069
"Single-Arm TRX Row phù hợp với tôi, không gây khó chịu và giúp buổi tập có nhịp ổn. Lý do chính: Good fit. Mức đánh giá 4/5, ở phần cuối buổi.",1,0.0069
"Bài Band Resisted Push-Up vào nhịp tốt, tôi muốn progression rõ hơn để tiếp tục tiến bộ. Lý do chính: Good fit, Too easy. Mức đánh giá 5/5, khi theo giáo án hiện tại.",1,0.0069
"Banded Pallof Press khá dễ kiểm soát, tôi hoàn thành tốt và muốn tăng thử thách nhẹ ở lần tới. Lý do chính: Good fit, Too easy. Mức đánh giá 4/5, sau vài set đầu.",1,0.0069
"Bài TRX Pistol Squat dễ setup, cảm giác kiểm soát tốt nên tôi muốn tiếp tục duy trì. Lý do chính: Good fit. Mức đánh giá 4/5, khi theo giáo án hiện tại.",1,0.0069
"Banded Good Morning khá dễ kiểm soát, tôi hoàn thành tốt và muốn tăng thử thách nhẹ ở lần tới. Lý do chính: Good fit, Too easy. Mức đánh giá 5/5, ở lần ghi nhận gần đây.",1,0.0069
"Hack Squat phù hợp với tôi, không gây khó chịu và giúp buổi tập có nhịp ổn. Lý do chính: Good fit. Mức đánh giá 5/5, ở phần cuối buổi.",1,0.0069
"Bài TRX Fallouts vào nhịp tốt, tôi muốn progression rõ hơn để tiếp tục tiến bộ. Lý do chính: Good fit, Too easy. Mức đánh giá 4/5, khi theo giáo án hiện tại.",1,0.0069
"TRX Push-Up khá dễ kiểm soát, tôi hoàn thành tốt và muốn tăng thử thách nhẹ ở lần tới. Lý do chính: Good fit, Too easy. Mức đánh giá 5/5, trong lần đánh giá hôm nay.",1,0.0069
"Tôi thích Reverse Crunch, cảm giác vào cơ tốt và muốn giữ bài này trong lịch. Lý do chính: Good fit. Mức đánh giá 5/5, trong nhịp tập tuần này.",1,0.0069
"Bài Side Plank dễ setup, cảm giác kiểm soát tốt nên tôi muốn tiếp tục duy trì. Lý do chính: Good fit. Mức đánh giá 5/5, ở bối cảnh lịch tập này.",1,0.0069
"Bài Side Plank dễ setup, cảm giác kiểm soát tốt nên tôi muốn tiếp tục duy trì. Lý do chính: Good fit. Mức đánh giá 5/5, sau khi hoàn thành phần chính.",1,0.0069
"Bài Push-Up dễ setup, cảm giác kiểm soát tốt nên tôi muốn tiếp tục duy trì. Lý do chính: Good fit. Mức đánh giá 4/5, khi so với khả năng hiện tại.",1,0.0069
"Tôi thích Lying Leg Raise, cảm giác vào cơ tốt và muốn giữ bài này trong lịch. Lý do chính: Good fit. Mức đánh giá 4/5, ở lần ghi nhận gần đây.",1,0.0069
"Tôi thích Dead Bug, cảm giác vào cơ tốt và muốn giữ bài này trong lịch. Lý do chính: Good fit. Mức đánh giá 5/5, sau vài set đầu.",1,0.0069
"Tôi thích Bird Dog, cảm giác vào cơ tốt và muốn giữ bài này trong lịch. Lý do chính: Good fit. Mức đánh giá 5/5, trong lần đánh giá hôm nay.",1,0.0069
"Glute Bridge phù hợp với tôi, không gây khó chịu và giúp buổi tập có nhịp ổn. Lý do chính: Good fit. Mức đánh giá 4/5, khi tập với mức hiện tại.",1,0.0069
"Dead Bug phù hợp với tôi, không gây khó chịu và giúp buổi tập có nhịp ổn. Lý do chính: Good fit. Mức đánh giá 4/5, khi xét cảm giác phục hồi.",1,0.0069
"Bài Reverse Crunch dễ setup, cảm giác kiểm soát tốt nên tôi muốn tiếp tục duy trì. Lý do chính: Good fit. Mức đánh giá 4/5, sau khi hoàn thành phần chính.",1,0.0069
"Tôi thích Bird Dog, cảm giác vào cơ tốt và muốn giữ bài này trong lịch. Lý do chính: Good fit. Mức đánh giá 4/5, sau vài set đầu.",1,0.0069
"Khi thực hiện bài này, vùng Back hơi khó chịu; nên ưu tiên phương án Review Safety. Mức đánh giá 2/5, khi theo giáo án hiện tại.",1,0.0069
"bài này tạo cảm giác không thật ổn ở Back, tôi muốn kiểm tra kỹ thuật và điều chỉnh an toàn hơn. Mức đánh giá 2/5, khi tập với mức hiện tại.",1,0.0069
"Khi thực hiện bài này, vùng Joint discomfort hơi khó chịu; nên ưu tiên phương án Review Safety. Mức đánh giá 2/5, sau khi hoàn thành phần chính.",1,0.0069
"Khi thực hiện bài này, vùng Joint discomfort hơi khó chịu; nên ưu tiên phương án Review Safety. Mức đánh giá 1/5, sau khi hoàn thành phần chính.",1,0.0069
"bài này tạo cảm giác không thật ổn ở Back, tôi muốn kiểm tra kỹ thuật và điều chỉnh an toàn hơn. Mức đánh giá 1/5, ở phần cuối buổi.",1,0.0069
"Khi thực hiện bài này, vùng Joint discomfort hơi khó chịu; nên ưu tiên phương án Review Safety. Mức đánh giá 1/5, khi so với khả năng hiện tại.",1,0.0069
"Tôi cảm thấy mild discomfort ở Knee khi tập bài này, nên muốn review safety trước buổi sau. Mức đánh giá 1/5, ở lần ghi nhận gần đây.",1,0.0069
"Tôi cảm thấy mild discomfort ở Joint discomfort khi tập bài này, nên muốn review safety trước buổi sau. Mức đánh giá 1/5, sau vài set đầu.",1,0.0069
"Tôi cảm thấy mild discomfort ở Back khi tập bài này, nên muốn review safety trước buổi sau. Mức đánh giá 1/5, trong nhịp tập tuần này.",1,0.0069
"bài này tạo cảm giác không thật ổn ở Back, tôi muốn kiểm tra kỹ thuật và điều chỉnh an toàn hơn. Mức đánh giá 2/5, ở phần cuối buổi.",1,0.0069
"Tôi cảm thấy mild discomfort ở Knee khi tập bài này, nên muốn review safety trước buổi sau. Mức đánh giá 2/5, trong nhịp tập tuần này.",1,0.0069
"Tôi cảm thấy mild discomfort ở Joint discomfort khi tập bài này, nên muốn review safety trước buổi sau. Mức đánh giá 1/5, trong lần đánh giá hôm nay.",1,0.0069
"bài này tạo cảm giác không thật ổn ở Knee, tôi muốn kiểm tra kỹ thuật và điều chỉnh an toàn hơn. Mức đánh giá 1/5, khi tập với mức hiện tại.",1,0.0069
"bài này tạo cảm giác không thật ổn ở Joint discomfort, tôi muốn kiểm tra kỹ thuật và điều chỉnh an toàn hơn. Mức đánh giá 1/5, khi xét cảm giác phục hồi.",1,0.0069
"Buổi này hơi nặng hoặc too long, tôi muốn reduce session duration cho lần tới. Mức đánh giá 2/5, ở bối cảnh lịch tập này.",1,0.0069
"Buổi này hơi nặng hoặc too long, tôi muốn reduce session duration cho lần tới. Mức đánh giá 2/5, sau vài set đầu.",1,0.0069
"Buổi này hơi nặng hoặc too long, tôi muốn reduce session duration cho lần tới. Mức đánh giá 1/5, khi so với khả năng hiện tại.",1,0.0069
"Buổi này hơi nặng hoặc too long, tôi muốn reduce session duration cho lần tới. Mức đánh giá 2/5, trong lần đánh giá hôm nay.",1,0.0069
"Buổi này hơi nặng hoặc appropriate, tôi muốn reduce volume cho lần tới. Mức đánh giá 2/5, khi xét cảm giác phục hồi.",1,0.0069
"Buổi này hơi nặng hoặc too long, tôi muốn reduce session duration cho lần tới. Mức đánh giá 1/5, trong lần đánh giá hôm nay.",1,0.0069
"Bài Dumbbell Bench Press vào nhịp tốt, tôi muốn progression rõ hơn để tiếp tục tiến bộ. Lý do chính: Positive, Too Easy. Mức đánh giá 5/5, ở bối cảnh lịch tập này.",1,0.0069
"Bài Seated Cable Row dùng được, hiện tại tôi muốn giữ lựa chọn mở thay vì đổi ngay. Lý do chính: Neutral, Appropriate. Mức đánh giá 3/5, ở bối cảnh lịch tập này.",1,0.0069
"Tôi không hợp Inverted Row lắm, cảm giác kiểm soát chưa tốt nên nên cân nhắc thay thế. Lý do chính: Negative, Too Hard. Mức đánh giá 2/5, ở phần cuối buổi.",1,0.0069
"Bài Barbell Bent-Over Row dùng được, hiện tại tôi muốn giữ lựa chọn mở thay vì đổi ngay. Lý do chính: Neutral, Appropriate. Mức đánh giá 3/5, khi theo giáo án hiện tại.",1,0.0069
"Tôi thích Cable Face Pull, cảm giác vào cơ tốt và muốn giữ bài này trong lịch. Lý do chính: Positive, Appropriate. Mức đánh giá 5/5, trong nhịp tập tuần này.",1,0.0069
"Bài Seated Dumbbell Shoulder Press vào nhịp tốt, tôi muốn progression rõ hơn để tiếp tục tiến bộ. Lý do chính: Positive, Too Easy. Mức đánh giá 5/5, khi theo giáo án hiện tại.",1,0.0069
"Pallof Press phù hợp với tôi, không gây khó chịu và giúp buổi tập có nhịp ổn. Lý do chính: Positive, Appropriate. Mức đánh giá 4/5, khi xét cảm giác phục hồi.",1,0.0069
"Bài Lying Triceps Extension dễ setup, cảm giác kiểm soát tốt nên tôi muốn tiếp tục duy trì. Lý do chính: Positive, Appropriate. Mức đánh giá 5/5, sau khi hoàn thành phần chính.",1,0.0069
"Bài Barbell Front Squat dễ setup, cảm giác kiểm soát tốt nên tôi muốn tiếp tục duy trì. Lý do chính: Positive, Appropriate. Mức đánh giá 5/5, ở bối cảnh lịch tập này.",1,0.0069
"Barbell Good Morning phù hợp với tôi, không gây khó chịu và giúp buổi tập có nhịp ổn. Lý do chính: Positive, Appropriate. Mức đánh giá 4/5, trong buổi tập này.",1,0.0069
"Cable Crossover ở mức chấp nhận được, tôi chưa có ưu tiên mạnh và muốn theo dõi thêm vài buổi. Lý do chính: Neutral, Appropriate. Mức đánh giá 3/5, sau vài set đầu.",1,0.0069
"Incline Dumbbell Fly phù hợp với tôi, không gây khó chịu và giúp buổi tập có nhịp ổn. Lý do chính: Positive, Appropriate. Mức đánh giá 5/5, ở phần cuối buổi.",1,0.0069
"Tôi thích Triceps Dip, cảm giác vào cơ tốt và muốn giữ bài này trong lịch. Lý do chính: Positive, Appropriate. Mức đánh giá 4/5, ở lần ghi nhận gần đây.",1,0.0069
"Tôi không hợp Trap Bar Deadlift lắm, cảm giác kiểm soát chưa tốt nên nên cân nhắc thay thế. Lý do chính: Negative, Too Hard. Mức đánh giá 2/5, khi tập với mức hiện tại.",1,0.0069
"Tôi thích Goblet Squat, cảm giác vào cơ tốt và muốn giữ bài này trong lịch. Lý do chính: Positive, Appropriate. Mức đánh giá 5/5, sau vài set đầu.",1,0.0069
"Bài Floor Press dùng được, hiện tại tôi muốn giữ lựa chọn mở thay vì đổi ngay. Lý do chính: Neutral, Appropriate. Mức đánh giá 3/5, khi theo giáo án hiện tại.",1,0.0069
"Tôi thấy Spider Curl bình thường, độ khó tương đối ổn nhưng chưa phải bài tôi thích nhất. Lý do chính: Neutral, Appropriate. Mức đánh giá 3/5, ở phần cuối buổi.",1,0.0069
"Tôi thấy Dumbbell Triceps Kickback bình thường, độ khó tương đối ổn nhưng chưa phải bài tôi thích nhất. Lý do chính: Neutral, Appropriate. Mức đánh giá 3/5, trong buổi tập này.",1,0.0069
"Bài Tate Press dễ setup, cảm giác kiểm soát tốt nên tôi muốn tiếp tục duy trì. Lý do chính: Positive, Appropriate. Mức đánh giá 4/5, khi theo giáo án hiện tại.",1,0.0069
"Tôi không hợp Bulgarian Split Squat lắm, cảm giác kiểm soát chưa tốt nên nên cân nhắc thay thế. Lý do chính: Negative, Too Hard. Mức đánh giá 2/5, trong buổi tập này.",1,0.0069
"Pendlay Row khá dễ kiểm soát, tôi hoàn thành tốt và muốn tăng thử thách nhẹ ở lần tới. Lý do chính: Positive, Too Easy. Mức đánh giá 5/5, sau vài set đầu.",1,0.0069
"Tôi thích Seal Row, cảm giác vào cơ tốt và muốn giữ bài này trong lịch. Lý do chính: Positive, Appropriate. Mức đánh giá 4/5, ở lần ghi nhận gần đây.",1,0.0069
"Tôi thấy Z Press bình thường, độ khó tương đối ổn nhưng chưa phải bài tôi thích nhất. Lý do chính: Neutral, Appropriate. Mức đánh giá 3/5, khi tập với mức hiện tại.",1,0.0069
"Neck Flexion ở mức chấp nhận được, tôi chưa có ưu tiên mạnh và muốn theo dõi thêm vài buổi. Lý do chính: Neutral, Appropriate. Mức đánh giá 3/5, trong lần đánh giá hôm nay.",1,0.0069
"Bài Neck Extension dễ setup, cảm giác kiểm soát tốt nên tôi muốn tiếp tục duy trì. Lý do chính: Positive, Appropriate. Mức đánh giá 4/5, ở bối cảnh lịch tập này.",1,0.0069
"L-Sit ở mức chấp nhận được, tôi chưa có ưu tiên mạnh và muốn theo dõi thêm vài buổi. Lý do chính: Neutral, Appropriate. Mức đánh giá 3/5, trong lần đánh giá hôm nay.",1,0.0069
"Tôi thấy Kettlebell Snatch bình thường, độ khó tương đối ổn nhưng chưa phải bài tôi thích nhất. Lý do chính: Neutral, Appropriate. Mức đánh giá 3/5, khi tập với mức hiện tại.",1,0.0069
"Tôi thích Decline Dumbbell Bench Press, cảm giác vào cơ tốt và muốn giữ bài này trong lịch. Lý do chính: Positive, Appropriate. Mức đánh giá 4/5, sau vài set đầu.",1,0.0069
"Cuban Press phù hợp với tôi, không gây khó chịu và giúp buổi tập có nhịp ổn. Lý do chính: Positive, Appropriate. Mức đánh giá 5/5, khi xét cảm giác phục hồi.",1,0.0069
"Bài Machine Triceps Extension dễ setup, cảm giác kiểm soát tốt nên tôi muốn tiếp tục duy trì. Lý do chính: Positive, Appropriate. Mức đánh giá 5/5, khi so với khả năng hiện tại.",1,0.0069
"Khi thực hiện Kettlebell Halo, vùng Shoulder hơi khó chịu; nên ưu tiên phương án Review Safety. Mức đánh giá 2/5, ở bối cảnh lịch tập này.",1,0.0069
"Clamshell phù hợp với tôi, không gây khó chịu và giúp buổi tập có nhịp ổn. Lý do chính: Positive, Appropriate. Mức đánh giá 5/5, trong buổi tập này.",1,0.0069
"Bài Trap Bar Shrug dùng được, hiện tại tôi muốn giữ lựa chọn mở thay vì đổi ngay. Lý do chính: Neutral, Appropriate. Mức đánh giá 3/5, sau khi hoàn thành phần chính.",1,0.0069
"Tôi thích Dumbbell Snatch, cảm giác vào cơ tốt và muốn giữ bài này trong lịch. Lý do chính: Positive, Appropriate. Mức đánh giá 4/5, ở lần ghi nhận gần đây.",1,0.0069
"Bài Slider Leg Curl dùng được, hiện tại tôi muốn giữ lựa chọn mở thay vì đổi ngay. Lý do chính: Neutral, Appropriate. Mức đánh giá 3/5, khi so với khả năng hiện tại.",1,0.0069
"B-Stance Barbell Hip Thrust ở mức chấp nhận được, tôi chưa có ưu tiên mạnh và muốn theo dõi thêm vài buổi. Lý do chính: Neutral, Appropriate. Mức đánh giá 3/5, sau vài set đầu.",1,0.0069
"Bài Kelso Shrug dễ setup, cảm giác kiểm soát tốt nên tôi muốn tiếp tục duy trì. Lý do chính: Positive, Appropriate. Mức đánh giá 4/5, khi theo giáo án hiện tại.",1,0.0069
"Tôi thấy Kroc Row bình thường, độ khó tương đối ổn nhưng chưa phải bài tôi thích nhất. Lý do chính: Neutral, Appropriate. Mức đánh giá 3/5, khi xét cảm giác phục hồi.",1,0.0069
"Tôi không hợp Seated Good Morning lắm, cảm giác kiểm soát chưa tốt nên nên cân nhắc thay thế. Lý do chính: Negative, Too Hard. Mức đánh giá 2/5, ở phần cuối buổi.",1,0.0069
"Curtsy Lunge phù hợp với tôi, không gây khó chịu và giúp buổi tập có nhịp ổn. Lý do chính: Positive, Appropriate. Mức đánh giá 4/5, khi tập với mức hiện tại.",1,0.0069
"Bài Sled Push dùng được, hiện tại tôi muốn giữ lựa chọn mở thay vì đổi ngay. Lý do chính: Neutral, Appropriate. Mức đánh giá 3/5, khi so với khả năng hiện tại.",1,0.0069
"Lu Raise phù hợp với tôi, không gây khó chịu và giúp buổi tập có nhịp ổn. Lý do chính: Positive, Appropriate. Mức đánh giá 5/5, ở phần cuối buổi.",1,0.0069
"Single-Arm Dumbbell Row ở mức chấp nhận được, tôi chưa có ưu tiên mạnh và muốn theo dõi thêm vài buổi. Lý do chính: Neutral, Appropriate. Mức đánh giá 3/5, ở lần ghi nhận gần đây.",1,0.0069
"Bài Flat Dumbbell Bench Press dùng được, hiện tại tôi muốn giữ lựa chọn mở thay vì đổi ngay. Lý do chính: Neutral, Appropriate. Mức đánh giá 3/5, ở bối cảnh lịch tập này.",1,0.0069
"Bài Cross-Bench Dumbbell Pullover dùng được, hiện tại tôi muốn giữ lựa chọn mở thay vì đổi ngay. Lý do chính: Neutral, Appropriate. Mức đánh giá 3/5, khi so với khả năng hiện tại.",1,0.0069
"Tôi thấy Incline Chest-Supported Dumbbell Row đang hơi nhẹ so với sức hiện tại, có thể tăng độ khó hoặc thêm volume vừa phải. Lý do chính: Positive, Too Easy. Mức đánh giá 5/5, khi tập với mức hiện tại.",1,0.0069
"Bài Suitcase Deadlift làm buổi tập nặng hơn dự kiến; tôi muốn giảm độ khó hoặc đổi biến thể. Lý do chính: Negative, Too Hard. Mức đánh giá 2/5, sau khi hoàn thành phần chính.",1,0.0069
"Tôi thấy Kas Glute Bridge bình thường, độ khó tương đối ổn nhưng chưa phải bài tôi thích nhất. Lý do chính: Neutral, Appropriate. Mức đánh giá 3/5, trong buổi tập này.",1,0.0069
"Dumbbell Y-Raise phù hợp với tôi, không gây khó chịu và giúp buổi tập có nhịp ổn. Lý do chính: Positive, Appropriate. Mức đánh giá 4/5, ở phần cuối buổi.",1,0.0069
"Tôi không hợp Dumbbell Split Squat lắm, cảm giác kiểm soát chưa tốt nên nên cân nhắc thay thế. Lý do chính: Negative, Too Hard. Mức đánh giá 2/5, khi tập với mức hiện tại.",1,0.0069
"Handstand Push-Up hơi quá sức hoặc khó giữ kỹ thuật, tôi muốn replace exercise để tập ổn hơn. Lý do chính: Negative, Too Hard. Mức đánh giá 2/5, ở lần ghi nhận gần đây.",1,0.0069
"Tôi thích Machine Reverse Pec Deck, cảm giác vào cơ tốt và muốn giữ bài này trong lịch. Lý do chính: Positive, Appropriate. Mức đánh giá 4/5, trong nhịp tập tuần này.",1,0.0069
"Tôi thấy Single-Leg Romanian Deadlift bình thường, độ khó tương đối ổn nhưng chưa phải bài tôi thích nhất. Lý do chính: Neutral, Appropriate. Mức đánh giá 3/5, trong buổi tập này.",1,0.0069
"Reverse Grip Lat Pulldown ở mức chấp nhận được, tôi chưa có ưu tiên mạnh và muốn theo dõi thêm vài buổi. Lý do chính: Neutral, Appropriate. Mức đánh giá 3/5, sau vài set đầu.",1,0.0069
"Trap Bar Jump ở mức chấp nhận được, tôi chưa có ưu tiên mạnh và muốn theo dõi thêm vài buổi. Lý do chính: Neutral, Appropriate. Mức đánh giá 3/5, trong nhịp tập tuần này.",1,0.0069
"Bài Underhand Barbell Row vào nhịp tốt, tôi muốn progression rõ hơn để tiếp tục tiến bộ. Lý do chính: Positive, Too Easy. Mức đánh giá 5/5, sau khi hoàn thành phần chính.",1,0.0069
"Dumbbell Hex Press phù hợp với tôi, không gây khó chịu và giúp buổi tập có nhịp ổn. Lý do chính: Positive, Appropriate. Mức đánh giá 5/5, khi xét cảm giác phục hồi.",1,0.0069
"Cable Concentration Curl phù hợp với tôi, không gây khó chịu và giúp buổi tập có nhịp ổn. Lý do chính: Positive, Appropriate. Mức đánh giá 4/5, ở phần cuối buổi.",1,0.0069
"Tôi không hợp Straight-Arm Lat Pulldown lắm, cảm giác kiểm soát chưa tốt nên nên cân nhắc thay thế. Lý do chính: Negative, Too Hard. Mức đánh giá 2/5, ở phần cuối buổi.",1,0.0069
"Tôi thấy Single-Arm Kettlebell Swing bình thường, độ khó tương đối ổn nhưng chưa phải bài tôi thích nhất. Lý do chính: Neutral, Appropriate. Mức đánh giá 3/5, khi tập với mức hiện tại.",1,0.0069
"Dumbbell Clean hơi quá sức hoặc khó giữ kỹ thuật, tôi muốn replace exercise để tập ổn hơn. Lý do chính: Negative, Too Hard. Mức đánh giá 2/5, trong lần đánh giá hôm nay.",1,0.0069
"Tôi thấy Concentration Curl (Cable) bình thường, độ khó tương đối ổn nhưng chưa phải bài tôi thích nhất. Lý do chính: Neutral, Appropriate. Mức đánh giá 3/5, trong buổi tập này.",1,0.0069
"Tôi thích Trap Bar Deadlift Jump, cảm giác vào cơ tốt và muốn giữ bài này trong lịch. Lý do chính: Positive, Appropriate. Mức đánh giá 5/5, ở lần ghi nhận gần đây.",1,0.0069
"Tôi thấy Sots Press bình thường, độ khó tương đối ổn nhưng chưa phải bài tôi thích nhất. Lý do chính: Neutral, Appropriate. Mức đánh giá 3/5, ở phần cuối buổi.",1,0.0069
"Lateral Sled Drag phù hợp với tôi, không gây khó chịu và giúp buổi tập có nhịp ổn. Lý do chính: Positive, Appropriate. Mức đánh giá 5/5, ở phần cuối buổi.",1,0.0069
"Tôi thấy Eccentric Step-Down đang hơi nhẹ so với sức hiện tại, có thể tăng độ khó hoặc thêm volume vừa phải. Lý do chính: Positive, Too Easy. Mức đánh giá 5/5, khi tập với mức hiện tại.",1,0.0069
"Cable Pallof Press phù hợp với tôi, không gây khó chịu và giúp buổi tập có nhịp ổn. Lý do chính: Positive, Appropriate. Mức đánh giá 4/5, ở phần cuối buổi.",1,0.0069
"Tôi thích Weighted Plank, cảm giác vào cơ tốt và muốn giữ bài này trong lịch. Lý do chính: Positive, Appropriate. Mức đánh giá 5/5, trong nhịp tập tuần này.",1,0.0069
"Tôi không hợp Bottoms-Up Kettlebell Carry lắm, cảm giác kiểm soát chưa tốt nên nên cân nhắc thay thế. Lý do chính: Negative, Too Hard. Mức đánh giá 2/5, trong buổi tập này.",1,0.0069
"Bottoms-Up Squat phù hợp với tôi, không gây khó chịu và giúp buổi tập có nhịp ổn. Lý do chính: Positive, Appropriate. Mức đánh giá 4/5, khi tập với mức hiện tại.",1,0.0069
"Bài Zercher Lunge làm buổi tập nặng hơn dự kiến; tôi muốn giảm độ khó hoặc đổi biến thể. Lý do chính: Negative, Too Hard. Mức đánh giá 2/5, ở bối cảnh lịch tập này.",1,0.0069
"Bài Tuck Planche dễ setup, cảm giác kiểm soát tốt nên tôi muốn tiếp tục duy trì. Lý do chính: Positive, Appropriate. Mức đánh giá 5/5, khi theo giáo án hiện tại.",1,0.0069
"Tôi thích Zercher Lunge, cảm giác vào cơ tốt và muốn giữ bài này trong lịch. Lý do chính: Positive, Appropriate. Mức đánh giá 5/5, trong lần đánh giá hôm nay.",1,0.0069
"Bài Zercher Lunge dễ setup, cảm giác kiểm soát tốt nên tôi muốn tiếp tục duy trì. Lý do chính: Positive, Appropriate. Mức đánh giá 5/5, khi theo giáo án hiện tại.",1,0.0069
"Bài Zercher Lunge dễ setup, cảm giác kiểm soát tốt nên tôi muốn tiếp tục duy trì. Lý do chính: Positive, Appropriate. Mức đánh giá 4/5, sau khi hoàn thành phần chính.",1,0.0069
"Tôi thích Zercher Lunge, cảm giác vào cơ tốt và muốn giữ bài này trong lịch. Lý do chính: Positive, Appropriate. Mức đánh giá 5/5, ở lần ghi nhận gần đây.",1,0.0069
"Bài Zercher Lunge vào nhịp tốt, tôi muốn progression rõ hơn để tiếp tục tiến bộ. Lý do chính: Positive, Too Easy. Mức đánh giá 5/5, khi so với khả năng hiện tại.",1,0.0069
"Zercher Lunge phù hợp với tôi, không gây khó chịu và giúp buổi tập có nhịp ổn. Lý do chính: Positive, Appropriate. Mức đánh giá 4/5, khi xét cảm giác phục hồi.",1,0.0069
"Zercher Lunge phù hợp với tôi, không gây khó chịu và giúp buổi tập có nhịp ổn. Lý do chính: Positive, Appropriate. Mức đánh giá 4/5, ở phần cuối buổi.",1,0.0069
"Tôi thích Zercher Lunge, cảm giác vào cơ tốt và muốn giữ bài này trong lịch. Lý do chính: Positive, Appropriate. Mức đánh giá 4/5, trong nhịp tập tuần này.",1,0.0069
"Bottoms-Up Squat phù hợp với tôi, không gây khó chịu và giúp buổi tập có nhịp ổn. Lý do chính: Positive, Appropriate. Mức đánh giá 5/5, khi xét cảm giác phục hồi.",1,0.0069
"Bài Bottoms-Up Squat dễ setup, cảm giác kiểm soát tốt nên tôi muốn tiếp tục duy trì. Lý do chính: Positive, Appropriate. Mức đánh giá 5/5, ở bối cảnh lịch tập này.",1,0.0069
"Bài Bottoms-Up Squat dễ setup, cảm giác kiểm soát tốt nên tôi muốn tiếp tục duy trì. Lý do chính: Positive, Appropriate. Mức đánh giá 4/5, sau khi hoàn thành phần chính.",1,0.0069
"Bài Bottoms-Up Squat vào nhịp tốt, tôi muốn progression rõ hơn để tiếp tục tiến bộ. Lý do chính: Positive, Too Easy. Mức đánh giá 5/5, khi so với khả năng hiện tại.",1,0.0069
"Bài Bottoms-Up Squat dễ setup, cảm giác kiểm soát tốt nên tôi muốn tiếp tục duy trì. Lý do chính: Positive, Appropriate. Mức đánh giá 5/5, khi theo giáo án hiện tại.",1,0.0069
"Bottoms-Up Squat khá dễ kiểm soát, tôi hoàn thành tốt và muốn tăng thử thách nhẹ ở lần tới. Lý do chính: Positive, Too Easy. Mức đánh giá 5/5, ở lần ghi nhận gần đây.",1,0.0069
"Bài Bottoms-Up Squat dễ setup, cảm giác kiểm soát tốt nên tôi muốn tiếp tục duy trì. Lý do chính: Positive, Appropriate. Mức đánh giá 5/5, khi so với khả năng hiện tại.",1,0.0069
"Bài Bottoms-Up Squat làm buổi tập nặng hơn dự kiến; tôi muốn giảm độ khó hoặc đổi biến thể. Lý do chính: Negative, Too Hard. Mức đánh giá 2/5, khi so với khả năng hiện tại.",1,0.0069
"Bottoms-Up Squat khá dễ kiểm soát, tôi hoàn thành tốt và muốn tăng thử thách nhẹ ở lần tới. Lý do chính: Positive, Too Easy. Mức đánh giá 5/5, sau vài set đầu.",1,0.0069
"Tôi thấy Copenhagen Adductor Drop đang hơi nhẹ so với sức hiện tại, có thể tăng độ khó hoặc thêm volume vừa phải. Lý do chính: Positive, Too Easy. Mức đánh giá 5/5, khi xét cảm giác phục hồi.",1,0.0069
"Copenhagen Adductor Drop hơi quá sức hoặc khó giữ kỹ thuật, tôi muốn replace exercise để tập ổn hơn. Lý do chính: Negative, Too Hard. Mức đánh giá 2/5, trong nhịp tập tuần này.",1,0.0069
"Tôi thấy Copenhagen Adductor Drop đang hơi nhẹ so với sức hiện tại, có thể tăng độ khó hoặc thêm volume vừa phải. Lý do chính: Positive, Too Easy. Mức đánh giá 5/5, trong buổi tập này.",1,0.0069
"Copenhagen Adductor Drop phù hợp với tôi, không gây khó chịu và giúp buổi tập có nhịp ổn. Lý do chính: Positive, Appropriate. Mức đánh giá 5/5, trong buổi tập này.",1,0.0069
"Copenhagen Adductor Drop phù hợp với tôi, không gây khó chịu và giúp buổi tập có nhịp ổn. Lý do chính: Positive, Appropriate. Mức đánh giá 5/5, khi tập với mức hiện tại.",1,0.0069
"Bài Copenhagen Adductor Drop vào nhịp tốt, tôi muốn progression rõ hơn để tiếp tục tiến bộ. Lý do chính: Positive, Too Easy. Mức đánh giá 5/5, khi theo giáo án hiện tại.",1,0.0069
"Bài Copenhagen Adductor Drop làm buổi tập nặng hơn dự kiến; tôi muốn giảm độ khó hoặc đổi biến thể. Lý do chính: Negative, Too Hard. Mức đánh giá 2/5, khi so với khả năng hiện tại.",1,0.0069
"Copenhagen Adductor Drop khá dễ kiểm soát, tôi hoàn thành tốt và muốn tăng thử thách nhẹ ở lần tới. Lý do chính: Positive, Too Easy. Mức đánh giá 5/5, ở lần ghi nhận gần đây.",1,0.0069
"Tôi thích Copenhagen Adductor Drop, cảm giác vào cơ tốt và muốn giữ bài này trong lịch. Lý do chính: Positive, Appropriate. Mức đánh giá 4/5, trong lần đánh giá hôm nay.",1,0.0069
"Seated Inner Thigh Adductor Machine khá dễ kiểm soát, tôi hoàn thành tốt và muốn tăng thử thách nhẹ ở lần tới. Lý do chính: Positive, Too Easy. Mức đánh giá 5/5, trong nhịp tập tuần này.",1,0.0069
"Seated Inner Thigh Adductor Machine hơi quá sức hoặc khó giữ kỹ thuật, tôi muốn reduce difficulty để tập ổn hơn. Lý do chính: Negative, Too Hard. Mức đánh giá 2/5, ở lần ghi nhận gần đây.",1,0.0069
"Tôi không hợp Seated Inner Thigh Adductor Machine lắm, cảm giác kiểm soát chưa tốt nên nên cân nhắc thay thế. Lý do chính: Negative, Too Hard. Mức đánh giá 2/5, trong buổi tập này.",1,0.0069
"Bài Seated Inner Thigh Adductor Machine dễ setup, cảm giác kiểm soát tốt nên tôi muốn tiếp tục duy trì. Lý do chính: Positive, Appropriate. Mức đánh giá 5/5, khi theo giáo án hiện tại.",1,0.0069
"Seated Inner Thigh Adductor Machine khá dễ kiểm soát, tôi hoàn thành tốt và muốn tăng thử thách nhẹ ở lần tới. Lý do chính: Positive, Too Easy. Mức đánh giá 5/5, sau vài set đầu.",1,0.0069
"Tôi không hợp Seated Inner Thigh Adductor Machine lắm, cảm giác kiểm soát chưa tốt nên nên cân nhắc thay thế. Lý do chính: Negative, Too Hard. Mức đánh giá 2/5, khi xét cảm giác phục hồi.",1,0.0069
"Seated Inner Thigh Adductor Machine hơi quá sức hoặc khó giữ kỹ thuật, tôi muốn reduce difficulty để tập ổn hơn. Lý do chính: Negative, Too Hard. Mức đánh giá 2/5, sau vài set đầu.",1,0.0069
"Bài Seated Inner Thigh Adductor Machine làm buổi tập nặng hơn dự kiến; tôi muốn giảm độ khó hoặc đổi biến thể. Lý do chính: Negative, Too Hard. Mức đánh giá 2/5, sau khi hoàn thành phần chính.",1,0.0069
"Bài Seated Inner Thigh Adductor Machine dễ setup, cảm giác kiểm soát tốt nên tôi muốn tiếp tục duy trì. Lý do chính: Positive, Appropriate. Mức đánh giá 4/5, khi so với khả năng hiện tại.",1,0.0069
"Tôi thấy Seated Inner Thigh Adductor Machine đang hơi nhẹ so với sức hiện tại, có thể tăng độ khó hoặc thêm volume vừa phải. Lý do chính: Positive, Too Easy. Mức đánh giá 5/5, trong buổi tập này.",1,0.0069
"Seated Inner Thigh Adductor Machine khá dễ kiểm soát, tôi hoàn thành tốt và muốn tăng thử thách nhẹ ở lần tới. Lý do chính: Positive, Too Easy. Mức đánh giá 5/5, trong lần đánh giá hôm nay.",1,0.0069
"Bài Decline Dumbbell Pullover làm buổi tập nặng hơn dự kiến; tôi muốn giảm độ khó hoặc đổi biến thể. Lý do chính: Negative, Too Hard. Mức đánh giá 2/5, sau khi hoàn thành phần chính.",1,0.0069
"Tôi thấy Decline Dumbbell Pullover đang hơi nhẹ so với sức hiện tại, có thể tăng độ khó hoặc thêm volume vừa phải. Lý do chính: Positive, Too Easy. Mức đánh giá 5/5, ở phần cuối buổi.",1,0.0069
"Bài Decline Dumbbell Pullover dễ setup, cảm giác kiểm soát tốt nên tôi muốn tiếp tục duy trì. Lý do chính: Positive, Appropriate. Mức đánh giá 5/5, ở bối cảnh lịch tập này.",1,0.0069
"Decline Dumbbell Pullover phù hợp với tôi, không gây khó chịu và giúp buổi tập có nhịp ổn. Lý do chính: Positive, Appropriate. Mức đánh giá 5/5, khi tập với mức hiện tại.",1,0.0069
"Decline Dumbbell Pullover phù hợp với tôi, không gây khó chịu và giúp buổi tập có nhịp ổn. Lý do chính: Positive, Appropriate. Mức đánh giá 4/5, khi tập với mức hiện tại.",1,0.0069
"Tôi thấy Decline Dumbbell Pullover đang hơi nhẹ so với sức hiện tại, có thể tăng độ khó hoặc thêm volume vừa phải. Lý do chính: Positive, Too Easy. Mức đánh giá 5/5, trong buổi tập này.",1,0.0069
"Tôi thích Decline Dumbbell Pullover, cảm giác vào cơ tốt và muốn giữ bài này trong lịch. Lý do chính: Positive, Appropriate. Mức đánh giá 5/5, sau vài set đầu.",1,0.0069
"Bài Decline Dumbbell Pullover dễ setup, cảm giác kiểm soát tốt nên tôi muốn tiếp tục duy trì. Lý do chính: Positive, Appropriate. Mức đánh giá 4/5, khi so với khả năng hiện tại.",1,0.0069
"Decline Dumbbell Pullover phù hợp với tôi, không gây khó chịu và giúp buổi tập có nhịp ổn. Lý do chính: Positive, Appropriate. Mức đánh giá 5/5, khi xét cảm giác phục hồi.",1,0.0069
"Tôi không hợp Seated Outer Thigh Abductor Machine lắm, cảm giác kiểm soát chưa tốt nên nên cân nhắc thay thế. Lý do chính: Negative, Too Hard. Mức đánh giá 2/5, khi tập với mức hiện tại.",1,0.0069
"Bài Seated Outer Thigh Abductor Machine làm buổi tập nặng hơn dự kiến; tôi muốn giảm độ khó hoặc đổi biến thể. Lý do chính: Negative, Too Hard. Mức đánh giá 2/5, sau khi hoàn thành phần chính.",1,0.0069
"Seated Outer Thigh Abductor Machine hơi quá sức hoặc khó giữ kỹ thuật, tôi muốn replace exercise để tập ổn hơn. Lý do chính: Negative, Too Hard. Mức đánh giá 2/5, trong nhịp tập tuần này.",1,0.0069
"Seated Outer Thigh Abductor Machine hơi quá sức hoặc khó giữ kỹ thuật, tôi muốn reduce difficulty để tập ổn hơn. Lý do chính: Negative, Too Hard. Mức đánh giá 2/5, ở lần ghi nhận gần đây.",1,0.0069
"Tôi thấy Seated Outer Thigh Abductor Machine đang hơi nhẹ so với sức hiện tại, có thể tăng độ khó hoặc thêm volume vừa phải. Lý do chính: Positive, Too Easy. Mức đánh giá 5/5, trong buổi tập này.",1,0.0069
"Seated Outer Thigh Abductor Machine hơi quá sức hoặc khó giữ kỹ thuật, tôi muốn replace exercise để tập ổn hơn. Lý do chính: Negative, Too Hard. Mức đánh giá 2/5, ở lần ghi nhận gần đây.",1,0.0069
"Tôi thích Smith Machine Shrug, cảm giác vào cơ tốt và muốn giữ bài này trong lịch. Lý do chính: Positive, Appropriate. Mức đánh giá 4/5, ở lần ghi nhận gần đây.",1,0.0069
"Tôi thấy Smith Machine Shrug đang hơi nhẹ so với sức hiện tại, có thể tăng độ khó hoặc thêm volume vừa phải. Lý do chính: Positive, Too Easy. Mức đánh giá 5/5, ở phần cuối buổi.",1,0.0069
"Bài Smith Machine Shrug dễ setup, cảm giác kiểm soát tốt nên tôi muốn tiếp tục duy trì. Lý do chính: Positive, Appropriate. Mức đánh giá 4/5, khi theo giáo án hiện tại.",1,0.0069
"Khi thực hiện Smith Machine Shrug, vùng Joint discomfort hơi khó chịu; nên ưu tiên phương án Review Safety. Mức đánh giá 2/5, khi theo giáo án hiện tại.",1,0.0069
"Bài Smith Machine Shrug làm buổi tập nặng hơn dự kiến; tôi muốn giảm độ khó hoặc đổi biến thể. Lý do chính: Negative, Too Hard. Mức đánh giá 2/5, sau khi hoàn thành phần chính.",1,0.0069
"Tôi thấy Smith Machine Shrug đang hơi nhẹ so với sức hiện tại, có thể tăng độ khó hoặc thêm volume vừa phải. Lý do chính: Positive, Too Easy. Mức đánh giá 5/5, khi tập với mức hiện tại.",1,0.0069
"Tôi không hợp Smith Machine Shrug lắm, cảm giác kiểm soát chưa tốt nên nên cân nhắc thay thế. Lý do chính: Negative, Too Hard. Mức đánh giá 2/5, khi tập với mức hiện tại.",1,0.0069
"Bài Smith Machine Shrug vào nhịp tốt, tôi muốn progression rõ hơn để tiếp tục tiến bộ. Lý do chính: Positive, Too Easy. Mức đánh giá 5/5, khi theo giáo án hiện tại.",1,0.0069
"Smith Machine Shrug hơi quá sức hoặc khó giữ kỹ thuật, tôi muốn reduce difficulty để tập ổn hơn. Lý do chính: Negative, Too Hard. Mức đánh giá 2/5, sau vài set đầu.",1,0.0069
"Smith Machine Upright Row hơi quá sức hoặc khó giữ kỹ thuật, tôi muốn reduce difficulty để tập ổn hơn. Lý do chính: Negative, Too Hard. Mức đánh giá 2/5, trong nhịp tập tuần này.",1,0.0069
"Tôi không hợp Smith Machine Upright Row lắm, cảm giác kiểm soát chưa tốt nên nên cân nhắc thay thế. Lý do chính: Negative, Too Hard. Mức đánh giá 2/5, khi tập với mức hiện tại.",1,0.0069
"Tôi thích Smith Machine Upright Row, cảm giác vào cơ tốt và muốn giữ bài này trong lịch. Lý do chính: Positive, Appropriate. Mức đánh giá 4/5, trong nhịp tập tuần này.",1,0.0069
"Bài Smith Machine Upright Row dễ setup, cảm giác kiểm soát tốt nên tôi muốn tiếp tục duy trì. Lý do chính: Positive, Appropriate. Mức đánh giá 4/5, sau khi hoàn thành phần chính.",1,0.0069
"Smith Machine Upright Row khá dễ kiểm soát, tôi hoàn thành tốt và muốn tăng thử thách nhẹ ở lần tới. Lý do chính: Positive, Too Easy. Mức đánh giá 5/5, sau vài set đầu.",1,0.0069
"Smith Machine Upright Row hơi quá sức hoặc khó giữ kỹ thuật, tôi muốn replace exercise để tập ổn hơn. Lý do chính: Negative, Too Hard. Mức đánh giá 2/5, trong nhịp tập tuần này.",1,0.0069
"Smith Machine Upright Row khá dễ kiểm soát, tôi hoàn thành tốt và muốn tăng thử thách nhẹ ở lần tới. Lý do chính: Positive, Too Easy. Mức đánh giá 5/5, trong nhịp tập tuần này.",1,0.0069
"Bài Smith Machine Upright Row làm buổi tập nặng hơn dự kiến; tôi muốn giảm độ khó hoặc đổi biến thể. Lý do chính: Negative, Too Hard. Mức đánh giá 2/5, khi so với khả năng hiện tại.",1,0.0069
"Tôi thích Smith Machine Upright Row, cảm giác vào cơ tốt và muốn giữ bài này trong lịch. Lý do chính: Positive, Appropriate. Mức đánh giá 4/5, trong lần đánh giá hôm nay.",1,0.0069
"Smith Machine Upright Row hơi quá sức hoặc khó giữ kỹ thuật, tôi muốn replace exercise để tập ổn hơn. Lý do chính: Negative, Too Hard. Mức đánh giá 2/5, sau vài set đầu.",1,0.0069
"Tôi thích Smith Machine Upright Row, cảm giác vào cơ tốt và muốn giữ bài này trong lịch. Lý do chính: Positive, Appropriate. Mức đánh giá 5/5, trong nhịp tập tuần này.",1,0.0069
"Tôi không hợp Smith Machine Upright Row lắm, cảm giác kiểm soát chưa tốt nên nên cân nhắc thay thế. Lý do chính: Negative, Too Hard. Mức đánh giá 2/5, ở phần cuối buổi.",1,0.0069
"Bài Smith Machine Upright Row vào nhịp tốt, tôi muốn progression rõ hơn để tiếp tục tiến bộ. Lý do chính: Positive, Too Easy. Mức đánh giá 5/5, khi theo giáo án hiện tại.",1,0.0069
"Bài Smith Machine Upright Row dễ setup, cảm giác kiểm soát tốt nên tôi muốn tiếp tục duy trì. Lý do chính: Positive, Appropriate. Mức đánh giá 4/5, khi theo giáo án hiện tại.",1,0.0069
"Smith Machine Upright Row hơi quá sức hoặc khó giữ kỹ thuật, tôi muốn reduce difficulty để tập ổn hơn. Lý do chính: Negative, Too Hard. Mức đánh giá 2/5, ở lần ghi nhận gần đây.",1,0.0069
"Tôi thấy Smith Machine Upright Row đang hơi nhẹ so với sức hiện tại, có thể tăng độ khó hoặc thêm volume vừa phải. Lý do chính: Positive, Too Easy. Mức đánh giá 5/5, ở phần cuối buổi.",1,0.0069
"Bài Smith Machine Upright Row vào nhịp tốt, tôi muốn progression rõ hơn để tiếp tục tiến bộ. Lý do chính: Positive, Too Easy. Mức đánh giá 5/5, ở bối cảnh lịch tập này.",1,0.0069
"Khi thực hiện Glute Bridge March, vùng Knee hơi khó chịu; nên ưu tiên phương án Review Safety. Mức đánh giá 2/5, khi so với khả năng hiện tại.",1,0.0069
"Khi thực hiện Glute Bridge March, vùng Knee hơi khó chịu; nên ưu tiên phương án Review Safety. Mức đánh giá 2/5, ở bối cảnh lịch tập này.",1,0.0069
"Glute Bridge March tạo cảm giác không thật ổn ở Knee, tôi muốn kiểm tra kỹ thuật và điều chỉnh an toàn hơn. Mức đánh giá 2/5, khi tập với mức hiện tại.",1,0.0069
"Khi thực hiện Cable Kickback, vùng Joint discomfort hơi khó chịu; nên ưu tiên phương án Review Safety. Mức đánh giá 2/5, khi so với khả năng hiện tại.",1,0.0069
"Khi thực hiện Cable Kickback, vùng Joint discomfort hơi khó chịu; nên ưu tiên phương án Review Safety. Mức đánh giá 2/5, sau khi hoàn thành phần chính.",1,0.0069
"Cable Kickback hơi quá sức hoặc khó giữ kỹ thuật, tôi muốn replace exercise để tập ổn hơn. Lý do chính: Negative, Too Hard. Mức đánh giá 2/5, trong lần đánh giá hôm nay.",1,0.0069
"bài này tạo cảm giác không thật ổn ở Knee, tôi muốn kiểm tra kỹ thuật và điều chỉnh an toàn hơn. Mức đánh giá 2/5, trong buổi tập này.",1,0.0069
"Tôi cảm thấy mild discomfort ở Knee khi tập bài này, nên muốn review safety trước buổi sau. Mức đánh giá 2/5, sau vài set đầu.",1,0.0069
"Tôi cảm thấy mild discomfort ở Shoulder khi tập bài này, nên muốn review safety trước buổi sau. Mức đánh giá 2/5, sau vài set đầu.",1,0.0069
"bài này tạo cảm giác không thật ổn ở Knee, tôi muốn kiểm tra kỹ thuật và điều chỉnh an toàn hơn. Mức đánh giá 2/5, khi xét cảm giác phục hồi.",1,0.0069
"Tôi cảm thấy mild discomfort ở Knee khi tập bài này, nên muốn review safety trước buổi sau. Mức đánh giá 2/5, trong lần đánh giá hôm nay.",1,0.0069
"Khi thực hiện bài này, vùng Knee hơi khó chịu; nên ưu tiên phương án Review Safety. Mức đánh giá 2/5, khi so với khả năng hiện tại.",1,0.0069
"bài này tạo cảm giác không thật ổn ở Back, tôi muốn kiểm tra kỹ thuật và điều chỉnh an toàn hơn. Mức đánh giá 2/5, khi xét cảm giác phục hồi.",1,0.0069
"Kế hoạch này có vài điểm chưa hợp, tôi muốn change split để dễ theo hơn. Mức đánh giá 2/5, khi xét cảm giác phục hồi.",1,0.0069
"Kế hoạch này có vài điểm chưa hợp, tôi muốn change split để dễ theo hơn. Mức đánh giá 2/5, sau vài set đầu.",1,0.0069
"Kế hoạch này có vài điểm chưa hợp, tôi muốn change split để dễ theo hơn. Mức đánh giá 2/5, trong lần đánh giá hôm nay.",1,0.0069
