sample_id,user_id,plan_id,exercise_id,training_level,primary_goal,secondary_goal,gender,age,height_cm,weight_kg,bmi,bmi_category,training_days_per_week,preferred_split,gym_access_level,available_equipment_count,injury_count,limitation_count,exercise_category,exercise_difficulty,minimum_training_level,primary_muscle_count,secondary_muscle_count,equipment_count,technical_complexity_score,fatigue_score,mobility_requirement,balance_requirement,estimated_MET,primary_muscles,secondary_muscles,equipment,movement_pattern,joint_stress_areas,contraindications,joint_stress_count,contraindication_count,completion_rate,set_completion_rate,skipped_rate,partial_rate,average_rpe,average_fatigue,pain_rate,trend,safety_status,risk_score,risk_flag_count,contraindication_match_count,pain_match_count,sentiment_positive_count,sentiment_neutral_count,sentiment_negative_count,too_easy_count,too_hard_count,liked_exercise_count,disliked_exercise_count,pain_related_exercise_count,recommended_action,days_per_week
REC0000001,U000001,PLAN000001,EX0003,Intermediate,Muscle Gain,General Fitness,Male,35,166.0,72.1,26.16,Overweight,3,Full Body,Commercial Gym,2,0,0,Resistance Training,Beginner,Beginner,1,2,1,1.0,1.0,1.0,1.0,3.5,"[""Pectoralis Major""]","[""Anterior Deltoid"", ""Triceps Brachii""]","[""Chest Press Machine""]",Horizontal Push,"[""Shoulder"", ""Elbow""]",[],2,0,0.7949,0.9256,0.0,0.0,8.01,3.06,0.0513,,Safe,0.0,0,0,0,16,4,3,0,0,0,0,0,Reduce Difficulty,3
REC0000002,U000002,PLAN000002,EX0003,Intermediate,Strength,Muscle Gain,Female,20,176.0,85.0,27.44,Overweight,2,Push Pull Legs,Commercial Gym,3,0,0,Resistance Training,Beginner,Beginner,1,2,1,1.0,1.0,1.0,1.0,3.5,"[""Pectoralis Major""]","[""Anterior Deltoid"", ""Triceps Brachii""]","[""Chest Press Machine""]",Horizontal Push,"[""Shoulder"", ""Elbow""]",[],2,0,0.8438,0.9375,0.0,0.0,8.26,3.23,0.0312,,Safe,0.0,0,0,0,13,4,2,0,0,0,0,0,Reduce Difficulty,2
REC0000003,U000003,PLAN000003,EX0004,Advanced,Fat Loss,Strength,Other,35,179.0,90.4,28.21,Overweight,3,Body Part Split,Limited Gym,5,0,0,Bodyweight,Beginner,Beginner,1,2,1,2.0,2.0,2.0,1.0,3.8,"[""Pectoralis Major""]","[""Anterior Deltoid"", ""Triceps Brachii""]","[""Bodyweight""]",Horizontal Push,"[""Shoulder"", ""Elbow"", ""Wrist""]",[],3,0,0.8857,0.966,0.0,0.0,6.9,2.0,0.0,,Safe,0.0,0,0,0,18,3,1,0,0,0,0,0,Keep,3
REC0000005,U000005,PLAN000005,EX0004,Beginner,General Fitness,Muscular Endurance,Male,34,165.0,69.4,25.49,Overweight,2,Auto,Commercial Gym,2,0,0,Bodyweight,Beginner,Beginner,1,2,1,2.0,2.0,2.0,1.0,3.8,"[""Pectoralis Major""]","[""Anterior Deltoid"", ""Triceps Brachii""]","[""Bodyweight""]",Horizontal Push,"[""Shoulder"", ""Elbow"", ""Wrist""]",[],3,0,0.9375,0.9688,0.0,0.0,6.79,2.06,0.0625,,Safe,0.0,0,0,0,17,0,1,0,0,0,0,0,Reduce Difficulty,2
REC0000006,U000006,PLAN000006,EX0003,Beginner,General Fitness,Muscular Endurance,Female,35,171.0,71.4,24.42,Normal,6,Upper Lower,Commercial Gym,4,0,0,Resistance Training,Beginner,Beginner,1,2,1,1.0,1.0,1.0,1.0,3.5,"[""Pectoralis Major""]","[""Anterior Deltoid"", ""Triceps Brachii""]","[""Chest Press Machine""]",Horizontal Push,"[""Shoulder"", ""Elbow""]",[],2,0,0.8611,0.9458,0.0,0.0,6.87,2.0,0.0,,Safe,0.0,0,0,0,15,3,1,0,0,0,0,0,Keep,6
REC0000007,U000007,PLAN000007,EX0004,Intermediate,Fat Loss,Muscle Gain,Other,53,166.0,91.6,33.24,Obese,3,Upper Lower,Commercial Gym,3,0,0,Bodyweight,Beginner,Beginner,1,2,1,2.0,2.0,2.0,1.0,3.8,"[""Pectoralis Major""]","[""Anterior Deltoid"", ""Triceps Brachii""]","[""Bodyweight""]",Horizontal Push,"[""Shoulder"", ""Elbow"", ""Wrist""]",[],3,0,0.8537,0.9512,0.0,0.0,6.89,2.0,0.0,,Safe,0.0,0,0,0,21,2,1,0,0,0,0,0,Keep,3
REC0000008,U000008,PLAN000008,EX0004,Intermediate,Fat Loss,General Fitness,Prefer not to say,26,182.0,105.3,31.79,Obese,6,Full Body,Limited Gym,3,0,0,Bodyweight,Beginner,Beginner,1,2,1,2.0,2.0,2.0,1.0,3.8,"[""Pectoralis Major""]","[""Anterior Deltoid"", ""Triceps Brachii""]","[""Bodyweight""]",Horizontal Push,"[""Shoulder"", ""Elbow"", ""Wrist""]",[],3,0,0.8974,1.0,0.0,0.0,6.77,2.0,0.0,,Safe,0.0,0,0,0,25,4,0,0,0,1,0,0,Keep,6
REC0000009,U000009,PLAN000009,EX0003,Advanced,Fat Loss,Rehabilitation and Joint Health,Male,25,183.0,111.1,33.18,Obese,5,Push Pull Legs,Commercial Gym,3,0,0,Resistance Training,Beginner,Beginner,1,2,1,1.0,1.0,1.0,1.0,3.5,"[""Pectoralis Major""]","[""Anterior Deltoid"", ""Triceps Brachii""]","[""Chest Press Machine""]",Horizontal Push,"[""Shoulder"", ""Elbow""]",[],2,0,0.8649,0.9459,0.0,0.0,7.01,2.03,0.027,,Safe,0.0,0,0,0,33,5,2,0,0,1,0,0,Keep,5
REC0000010,U000010,PLAN000010,EX0026,Intermediate,Rehabilitation and Joint Health,Mobility and Flexibility,Male,38,164.0,78.7,29.26,Overweight,4,Auto,Limited Gym,4,1,1,Bodyweight,Beginner,Beginner,2,3,1,1.5,2.0,1.0,2.0,3.0,"[""Rectus Abdominis"", ""Transverse Abdominis""]","[""Obliques"", ""Erector Spinae"", ""Serratus Anterior""]","[""Bodyweight""]",Core Anti-Extension,"[""Lower Back"", ""Shoulder""]",[],2,0,0.7143,0.9143,0.0,0.0,5.71,3.03,0.0286,,Review,0.55,1,0,0,32,6,3,0,0,1,1,0,Review Safety,4
REC0000011,U000011,PLAN000011,EX0281,Advanced,Strength,Muscle Gain,Female,37,165.0,77.7,28.54,Overweight,6,Body Part Split,Limited Gym,4,0,0,Resistance Training,Intermediate,Intermediate,2,1,1,3.0,3.5,2.5,3.0,4.0,"[""Pectoralis Major"", ""Triceps Brachii""]","[""Anterior Deltoid""]","[""Resistance Band""]",Horizontal Push,"[""Shoulder"", ""Wrist"", ""Elbow""]","[""Shoulder impingement""]",3,1,0.75,0.9234,0.0,0.0,8.41,3.03,0.025,,Safe,0.0,0,0,0,14,4,2,0,0,0,0,0,Keep,6
REC0000012,U000012,PLAN000012,EX0067,Intermediate,Fat Loss,General Fitness,Male,28,162.0,86.1,32.81,Obese,3,Push Pull Legs,Limited Gym,3,1,1,Resistance Training,Beginner,Beginner,1,1,1,1.5,2.5,1.0,2.0,3.0,"[""Upper Trapezius""]","[""Levator Scapulae""]","[""Barbell""]",Scapular Elevation,"[""Neck"", ""Lower Back""]","[""Cervical spine pain""]",2,1,0.8158,0.9375,0.0,0.0,7.02,2.5,0.0263,,Safe,0.0,0,0,0,28,3,4,0,0,1,1,0,Keep,3
REC0000015,U000015,PLAN000015,EX0026,Intermediate,Fat Loss,General Fitness,Other,34,179.0,87.6,27.34,Overweight,6,Chest Back Legs,Home Gym,3,0,0,Bodyweight,Beginner,Beginner,2,3,1,1.5,2.0,1.0,2.0,3.0,"[""Rectus Abdominis"", ""Transverse Abdominis""]","[""Obliques"", ""Erector Spinae"", ""Serratus Anterior""]","[""Bodyweight""]",Core Anti-Extension,"[""Lower Back"", ""Shoulder""]",[],2,0,0.8974,1.0,0.0,0.0,6.89,2.0,0.0,,Safe,0.0,0,0,0,22,2,0,0,0,0,0,0,Keep,6
REC0000018,U000018,PLAN000018,EX0004,Advanced,General Fitness,Mobility and Flexibility,Female,20,166.0,64.8,23.52,Normal,2,Chest Back Legs,Limited Gym,4,0,0,Bodyweight,Beginner,Beginner,1,2,1,2.0,2.0,2.0,1.0,3.8,"[""Pectoralis Major""]","[""Anterior Deltoid"", ""Triceps Brachii""]","[""Bodyweight""]",Horizontal Push,"[""Shoulder"", ""Elbow"", ""Wrist""]",[],3,0,0.7188,0.9375,0.0,0.0,7.7,4.0,0.0,,Safe,0.0,0,0,0,18,14,2,0,0,1,1,0,Reduce Difficulty,2
REC0000019,U000019,PLAN000019,EX0004,Beginner,Muscle Gain,Mobility and Flexibility,Male,18,188.0,87.1,24.64,Normal,6,Auto,Limited Gym,4,0,0,Bodyweight,Beginner,Beginner,1,2,1,2.0,2.0,2.0,1.0,3.8,"[""Pectoralis Major""]","[""Anterior Deltoid"", ""Triceps Brachii""]","[""Bodyweight""]",Horizontal Push,"[""Shoulder"", ""Elbow"", ""Wrist""]",[],3,0,0.8947,1.0,0.0,0.0,7.87,3.0,0.0,,Safe,0.0,0,0,0,18,2,0,0,0,0,0,0,Keep,6
REC0000020,U000020,PLAN000020,EX0004,Beginner,Fat Loss,Muscular Endurance,Male,27,167.0,75.9,27.22,Overweight,5,Upper Lower,Limited Gym,3,0,0,Bodyweight,Beginner,Beginner,1,2,1,2.0,2.0,2.0,1.0,3.8,"[""Pectoralis Major""]","[""Anterior Deltoid"", ""Triceps Brachii""]","[""Bodyweight""]",Horizontal Push,"[""Shoulder"", ""Elbow"", ""Wrist""]",[],3,0,0.7778,0.9444,0.0,0.0,7.02,2.06,0.0556,,Safe,0.0,0,0,0,12,4,2,0,0,0,0,0,Reduce Difficulty,5
REC0000021,U000021,PLAN000021,EX0004,Advanced,Athletic Performance,Mobility and Flexibility,Female,27,177.0,87.1,27.8,Overweight,5,Upper Lower,Commercial Gym,4,0,0,Bodyweight,Beginner,Beginner,1,2,1,2.0,2.0,2.0,1.0,3.8,"[""Pectoralis Major""]","[""Anterior Deltoid"", ""Triceps Brachii""]","[""Bodyweight""]",Horizontal Push,"[""Shoulder"", ""Elbow"", ""Wrist""]",[],3,0,0.878,0.9756,0.0,0.0,6.9,2.1,0.0,,Safe,0.0,0,0,0,22,2,0,0,0,0,0,0,Keep,5
REC0000022,U000022,PLAN000022,EX0004,Advanced,Muscle Gain,Athletic Performance,Female,30,167.0,69.8,25.03,Overweight,6,Chest Back Legs,Limited Gym,4,0,0,Bodyweight,Beginner,Beginner,1,2,1,2.0,2.0,2.0,1.0,3.8,"[""Pectoralis Major""]","[""Anterior Deltoid"", ""Triceps Brachii""]","[""Bodyweight""]",Horizontal Push,"[""Shoulder"", ""Elbow"", ""Wrist""]",[],3,0,0.7436,0.9359,0.0,0.0,8.31,3.32,0.0256,,Safe,0.0,0,0,0,17,6,0,0,0,0,0,0,Keep,6
REC0000025,U000025,PLAN000025,EX0281,Advanced,Strength,Athletic Performance,Male,23,177.0,78.3,24.99,Normal,2,Push Pull Legs,Limited Gym,3,0,0,Resistance Training,Intermediate,Intermediate,2,1,1,3.0,3.5,2.5,3.0,4.0,"[""Pectoralis Major"", ""Triceps Brachii""]","[""Anterior Deltoid""]","[""Resistance Band""]",Horizontal Push,"[""Shoulder"", ""Wrist"", ""Elbow""]","[""Shoulder impingement""]",3,1,0.8438,0.9688,0.0,0.0,8.18,3.06,0.0625,,Safe,0.0,0,0,0,15,15,3,0,0,0,1,0,Reduce Difficulty,2
REC0000026,U000026,PLAN000026,EX0004,Advanced,General Fitness,Fat Loss,Male,20,176.0,78.7,25.41,Overweight,5,Chest Back Legs,Commercial Gym,2,0,0,Bodyweight,Beginner,Beginner,1,2,1,2.0,2.0,2.0,1.0,3.8,"[""Pectoralis Major""]","[""Anterior Deltoid"", ""Triceps Brachii""]","[""Bodyweight""]",Horizontal Push,"[""Shoulder"", ""Elbow"", ""Wrist""]",[],3,0,0.7105,0.9101,0.0,0.0,7.7,3.88,0.0,,Safe,0.0,0,0,0,13,5,1,0,0,0,0,0,Keep,5
REC0000027,U000027,PLAN000027,EX0004,Intermediate,Muscle Gain,Rehabilitation and Joint Health,Female,35,152.0,46.0,19.91,Normal,4,Chest Back Legs,Limited Gym,3,0,0,Bodyweight,Beginner,Beginner,1,2,1,2.0,2.0,2.0,1.0,3.8,"[""Pectoralis Major""]","[""Anterior Deltoid"", ""Triceps Brachii""]","[""Bodyweight""]",Horizontal Push,"[""Shoulder"", ""Elbow"", ""Wrist""]",[],3,0,0.9167,0.9506,0.0,0.0,7.8,3.0,0.0,,Safe,0.0,0,0,0,17,1,1,0,0,0,0,0,Keep,4
REC0000028,U000028,PLAN000028,EX0160,Beginner,Mobility and Flexibility,Rehabilitation and Joint Health,Prefer not to say,32,159.0,55.5,21.95,Normal,4,Auto,Home Gym,3,0,0,Bodyweight,Beginner,Beginner,1,2,1,2.0,1.5,1.5,1.0,3.0,"[""Rectus Abdominis""]","[""Obliques"", ""Hip Flexors""]","[""Mat""]",Trunk Flexion,"[""Lower Back""]","[""Lumbar disc herniation""]",1,1,0.7805,0.9268,0.0,0.0,6.02,2.08,0.0732,,Safe,0.0,0,0,0,18,3,4,0,0,0,0,0,Reduce Difficulty,4
REC0000030,U000030,PLAN000030,EX0227,Beginner,Muscle Gain,General Fitness,Female,35,174.0,66.5,21.96,Normal,2,Auto,Bodyweight Only,3,0,0,Bodyweight,Beginner,Beginner,2,3,1,3.5,1.5,2.5,3.0,6.5,"[""Core"", ""Hip Flexors""]","[""Shoulders (Deltoids)"", ""Triceps Brachii"", ""Quadriceps""]","[""Mat""]",Total Body Integration,"[""Wrist"", ""Shoulder""]","[""Wrist pain""]",2,1,0.7188,0.9076,0.0,0.0,8.34,3.03,0.0312,,Safe,0.0,0,0,0,23,8,3,0,0,1,1,0,Keep,2
REC0000031,U000031,PLAN000031,EX0004,Intermediate,General Fitness,Rehabilitation and Joint Health,Male,18,179.0,60.9,19.01,Normal,3,Chest Back Legs,Commercial Gym,2,0,0,Bodyweight,Beginner,Beginner,1,2,1,2.0,2.0,2.0,1.0,3.8,"[""Pectoralis Major""]","[""Anterior Deltoid"", ""Triceps Brachii""]","[""Bodyweight""]",Horizontal Push,"[""Shoulder"", ""Elbow"", ""Wrist""]",[],3,0,0.7714,0.944,0.0,0.0,7.05,2.18,0.1143,,Safe,0.0,0,0,0,15,3,3,0,0,0,0,0,Reduce Difficulty,3
REC0000032,U000032,PLAN000032,EX0227,Advanced,Fat Loss,Muscle Gain,Male,38,170.0,77.1,26.68,Overweight,3,Upper Lower,Home Gym,3,0,0,Bodyweight,Beginner,Beginner,2,3,1,3.5,1.5,2.5,3.0,6.5,"[""Core"", ""Hip Flexors""]","[""Shoulders (Deltoids)"", ""Triceps Brachii"", ""Quadriceps""]","[""Mat""]",Total Body Integration,"[""Wrist"", ""Shoulder""]","[""Wrist pain""]",2,1,0.7,0.9,0.0,0.0,7.71,4.06,0.05,,Safe,0.0,0,0,0,19,12,3,0,0,1,0,0,Reduce Difficulty,3
REC0000033,U000033,PLAN000033,EX0194,Intermediate,Fat Loss,Muscular Endurance,Female,21,166.0,73.6,26.71,Overweight,3,Upper Lower,Home Gym,2,0,0,Bodyweight,Beginner,Beginner,3,4,1,4.5,3.0,1.0,3.0,8.0,"[""Quadriceps"", ""Pectoralis Major"", ""Gluteus Maximus""]","[""Triceps Brachii"", ""Anterior Deltoid"", ""Hamstrings"", ""Calves""]","[""Bodyweight""]",Total Body Integration,"[""Wrist"", ""Knee"", ""Lower Back""]",[],3,0,0.7632,0.9211,0.0,0.0,7.48,2.54,0.0526,,Monitor,0.25,1,0,0,13,3,4,0,0,0,0,0,Reduce Difficulty,3
REC0000035,U000035,PLAN000035,EX0004,Intermediate,Muscle Gain,Muscular Endurance,Female,21,161.0,66.5,25.65,Overweight,2,Upper Lower,Commercial Gym,2,0,0,Bodyweight,Beginner,Beginner,1,2,1,2.0,2.0,2.0,1.0,3.8,"[""Pectoralis Major""]","[""Anterior Deltoid"", ""Triceps Brachii""]","[""Bodyweight""]",Horizontal Push,"[""Shoulder"", ""Elbow"", ""Wrist""]",[],3,0,0.8125,0.9375,0.0,0.0,8.23,3.5,0.0312,,Safe,0.0,0,0,0,12,4,3,0,0,0,0,0,Reduce Difficulty,2
REC0000038,U000038,PLAN000038,EX0004,Advanced,Strength,Rehabilitation and Joint Health,Male,28,161.0,57.4,22.14,Normal,6,Body Part Split,Bodyweight Only,2,1,1,Bodyweight,Beginner,Beginner,1,2,1,2.0,2.0,2.0,1.0,3.8,"[""Pectoralis Major""]","[""Anterior Deltoid"", ""Triceps Brachii""]","[""Bodyweight""]",Horizontal Push,"[""Shoulder"", ""Elbow"", ""Wrist""]",[],3,0,0.8286,0.9826,0.0,0.0,8.2,3.0,0.0,,Safe,0.0,0,0,0,20,7,1,0,0,1,1,0,Keep,6
REC0000039,U000039,PLAN000039,EX0026,Advanced,Mobility and Flexibility,Rehabilitation and Joint Health,Female,21,158.0,53.9,21.59,Normal,4,Chest Back Legs,Limited Gym,4,0,0,Bodyweight,Beginner,Beginner,2,3,1,1.5,2.0,1.0,2.0,3.0,"[""Rectus Abdominis"", ""Transverse Abdominis""]","[""Obliques"", ""Erector Spinae"", ""Serratus Anterior""]","[""Bodyweight""]",Core Anti-Extension,"[""Lower Back"", ""Shoulder""]",[],2,0,0.725,0.9,0.0,0.0,6.72,3.06,0.05,,Safe,0.0,0,0,0,12,5,3,0,0,0,0,0,Reduce Difficulty,4
REC0000040,U000040,PLAN000040,EX0080,Intermediate,Rehabilitation and Joint Health,Muscle Gain,Male,22,187.0,76.4,21.85,Normal,4,Chest Back Legs,Limited Gym,5,1,1,Resistance Training,Beginner,Beginner,1,2,1,1.5,1.5,2.0,1.5,2.5,"[""Anterior Deltoid""]","[""Lateral Deltoid"", ""Pectoralis Major (Clavicular Head)""]","[""Dumbbell""]",Vertical Push,"[""Shoulder""]","[""Shoulder impingement""]",1,1,0.7632,0.9417,0.0,0.0,5.32,1.71,0.0526,,Safe,0.0,0,0,0,12,4,3,0,0,0,0,0,Reduce Difficulty,4
REC0000042,U000042,PLAN000042,EX0003,Intermediate,General Fitness,Fat Loss,Male,36,185.0,73.2,21.39,Normal,4,Upper Lower,Commercial Gym,5,0,0,Resistance Training,Beginner,Beginner,1,2,1,1.0,1.0,1.0,1.0,3.5,"[""Pectoralis Major""]","[""Anterior Deltoid"", ""Triceps Brachii""]","[""Chest Press Machine""]",Horizontal Push,"[""Shoulder"", ""Elbow""]",[],2,0,0.7805,0.9512,0.0,0.0,7.01,2.03,0.0244,,Safe,0.0,0,0,0,18,6,2,0,0,0,1,0,Keep,4
REC0000043,U000043,PLAN000043,EX0004,Advanced,Athletic Performance,Strength,Male,26,160.0,61.1,23.87,Normal,3,Body Part Split,Bodyweight Only,4,0,0,Bodyweight,Beginner,Beginner,1,2,1,2.0,2.0,2.0,1.0,3.8,"[""Pectoralis Major""]","[""Anterior Deltoid"", ""Triceps Brachii""]","[""Bodyweight""]",Horizontal Push,"[""Shoulder"", ""Elbow"", ""Wrist""]",[],3,0,0.6923,0.9252,0.0,0.0,7.72,4.03,0.0256,,Safe,0.0,0,0,0,27,7,3,0,0,1,1,0,Reduce Difficulty,3
REC0000044,U000044,PLAN000044,EX0004,Advanced,Muscular Endurance,Fat Loss,Male,34,167.0,70.2,25.17,Overweight,3,Chest Back Legs,Commercial Gym,4,0,0,Bodyweight,Beginner,Beginner,1,2,1,2.0,2.0,2.0,1.0,3.8,"[""Pectoralis Major""]","[""Anterior Deltoid"", ""Triceps Brachii""]","[""Bodyweight""]",Horizontal Push,"[""Shoulder"", ""Elbow"", ""Wrist""]",[],3,0,0.7568,0.9059,0.0,0.0,7.15,2.15,0.0541,,Monitor,0.25,1,0,0,14,4,4,0,0,0,0,0,Reduce Difficulty,3
REC0000046,U000046,PLAN000046,EX0095,Advanced,Athletic Performance,Strength,Male,57,169.0,62.3,21.81,Normal,4,Push Pull Legs,Commercial Gym,3,0,0,Resistance Training,Intermediate,Intermediate,2,3,1,4.0,4.5,3.5,3.5,5.5,"[""Anterior Deltoid"", ""Triceps Brachii""]","[""Quadriceps"", ""Gluteus Maximus"", ""Lateral Deltoid""]","[""Barbell""]",Vertical Push,"[""Shoulder"", ""Knee"", ""Lower Back""]","[""Shoulder impingement"", ""Lumbar spine instability""]",3,2,0.875,0.9707,0.0,0.0,6.98,2.0,0.0,,Safe,0.0,0,0,0,27,2,1,0,0,1,0,0,Keep,4
REC0000049,U000049,PLAN000049,EX0004,Advanced,General Fitness,Mobility and Flexibility,Prefer not to say,32,155.0,46.5,19.35,Normal,5,Chest Back Legs,Home Gym,3,0,0,Bodyweight,Beginner,Beginner,1,2,1,2.0,2.0,2.0,1.0,3.8,"[""Pectoralis Major""]","[""Anterior Deltoid"", ""Triceps Brachii""]","[""Bodyweight""]",Horizontal Push,"[""Shoulder"", ""Elbow"", ""Wrist""]",[],3,0,0.7805,0.9091,0.0,0.0,7.41,2.53,0.0488,,Safe,0.0,0,0,0,16,5,3,0,0,0,0,0,Reduce Difficulty,5
REC0000051,U000051,PLAN000051,EX0004,Intermediate,Fat Loss,Strength,Male,30,179.0,69.8,21.78,Normal,5,Chest Back Legs,Home Gym,2,0,0,Bodyweight,Beginner,Beginner,1,2,1,2.0,2.0,2.0,1.0,3.8,"[""Pectoralis Major""]","[""Anterior Deltoid"", ""Triceps Brachii""]","[""Bodyweight""]",Horizontal Push,"[""Shoulder"", ""Elbow"", ""Wrist""]",[],3,0,0.7568,0.8875,0.0,0.0,7.41,3.18,0.0541,,Safe,0.0,0,0,0,15,5,3,0,0,0,0,0,Reduce Difficulty,5
REC0000054,U000054,PLAN000054,EX0004,Advanced,Athletic Performance,General Fitness,Male,29,173.0,64.2,21.45,Normal,3,Push Pull Legs,Bodyweight Only,2,0,0,Bodyweight,Beginner,Beginner,1,2,1,2.0,2.0,2.0,1.0,3.8,"[""Pectoralis Major""]","[""Anterior Deltoid"", ""Triceps Brachii""]","[""Bodyweight""]",Horizontal Push,"[""Shoulder"", ""Elbow"", ""Wrist""]",[],3,0,0.7895,0.9486,0.0,0.0,7.48,2.78,0.0263,,Safe,0.0,0,0,0,20,8,4,0,0,1,1,0,Reduce Difficulty,3
REC0000055,U000055,PLAN000055,EX0037,Intermediate,Rehabilitation and Joint Health,Muscle Gain,Male,20,171.0,79.6,27.22,Overweight,4,Push Pull Legs,Limited Gym,2,1,1,Resistance Training,Beginner,Beginner,2,1,1,1.5,2.0,1.0,1.5,3.0,"[""Brachioradialis"", ""Brachialis""]","[""Biceps Brachii""]","[""Dumbbell""]",Elbow Flexion,"[""Elbow""]","[""Elbow pain""]",1,1,0.7778,0.9444,0.0,0.0,5.14,1.0,0.0,,Safe,0.0,0,0,0,12,5,1,0,0,0,0,0,Keep,4
REC0000056,U000056,PLAN000056,EX0037,Advanced,Mobility and Flexibility,Muscular Endurance,Female,38,185.0,113.5,33.16,Obese,5,Full Body,Commercial Gym,2,0,0,Resistance Training,Beginner,Beginner,2,1,1,1.5,2.0,1.0,1.5,3.0,"[""Brachioradialis"", ""Brachialis""]","[""Biceps Brachii""]","[""Dumbbell""]",Elbow Flexion,"[""Elbow""]","[""Elbow pain""]",1,1,0.7805,0.9498,0.0,0.0,6.13,2.08,0.0732,,Safe,0.0,0,0,0,19,4,2,0,0,0,0,0,Reduce Difficulty,5
REC0000057,U000057,PLAN000057,EX0059,Beginner,Mobility and Flexibility,Rehabilitation and Joint Health,Female,32,173.0,85.6,28.6,Overweight,2,Push Pull Legs,Limited Gym,2,0,0,Resistance Training,Beginner,Beginner,1,1,1,1.0,2.0,1.0,2.0,3.0,"[""Upper Trapezius""]","[""Levator Scapulae""]","[""Dumbbell""]",Scapular Elevation,"[""Neck"", ""Shoulder""]","[""Cervical spine issues"", ""Neck spasms""]",2,2,0.875,0.9688,0.0,0.0,6.09,2.06,0.0625,,Safe,0.0,0,0,0,14,3,2,0,0,0,0,0,Reduce Difficulty,2
REC0000059,U000059,PLAN000059,EX0026,Intermediate,Mobility and Flexibility,Athletic Performance,Male,29,171.0,65.8,22.5,Normal,5,Body Part Split,Bodyweight Only,2,1,1,Bodyweight,Beginner,Beginner,2,3,1,1.5,2.0,1.0,2.0,3.0,"[""Rectus Abdominis"", ""Transverse Abdominis""]","[""Obliques"", ""Erector Spinae"", ""Serratus Anterior""]","[""Bodyweight""]",Core Anti-Extension,"[""Lower Back"", ""Shoulder""]",[],2,0,0.8857,0.9714,0.0,0.0,5.87,1.85,0.0,,Safe,0.0,0,0,0,21,1,0,0,0,0,0,0,Keep,5
REC0000060,U000060,PLAN000060,EX0004,Advanced,Athletic Performance,Fat Loss,Male,28,164.0,70.7,26.29,Overweight,3,Body Part Split,Commercial Gym,2,0,0,Bodyweight,Beginner,Beginner,1,2,1,2.0,2.0,2.0,1.0,3.8,"[""Pectoralis Major""]","[""Anterior Deltoid"", ""Triceps Brachii""]","[""Bodyweight""]",Horizontal Push,"[""Shoulder"", ""Elbow"", ""Wrist""]",[],3,0,0.7,0.925,0.0,0.0,7.39,3.24,0.05,,Safe,0.0,0,0,0,8,4,2,0,0,0,0,0,Reduce Difficulty,3
REC0000061,U000061,PLAN000061,EX0242,Intermediate,Strength,Rehabilitation and Joint Health,Female,21,162.0,70.9,27.02,Overweight,6,Full Body,Home Gym,2,0,0,Resistance Training,Intermediate,Intermediate,2,1,1,2.0,3.5,2.0,1.5,3.0,"[""Pectoralis Major"", ""Triceps Brachii""]","[""Anterior Deltoid""]","[""Dumbbell""]",Horizontal Push,"[""Wrist"", ""Elbow""]","[""Wrist pain""]",2,1,0.7895,0.9447,0.0,0.0,8.01,3.06,0.0526,,Safe,0.0,0,0,0,2,2,0,0,0,0,0,0,Reduce Difficulty,6
REC0000062,U000062,PLAN000062,EX0026,Beginner,Rehabilitation and Joint Health,Fat Loss,Male,24,185.0,95.7,27.96,Overweight,3,Auto,Limited Gym,2,1,1,Bodyweight,Beginner,Beginner,2,3,1,1.5,2.0,1.0,2.0,3.0,"[""Rectus Abdominis"", ""Transverse Abdominis""]","[""Obliques"", ""Erector Spinae"", ""Serratus Anterior""]","[""Bodyweight""]",Core Anti-Extension,"[""Lower Back"", ""Shoulder""]",[],2,0,0.8333,0.9722,0.0,0.0,5.06,1.0,0.0,,Safe,0.0,0,0,0,3,18,0,0,0,0,0,0,Keep,3
REC0000063,U000063,PLAN000063,EX0281,Advanced,Athletic Performance,Mobility and Flexibility,Male,21,173.0,81.7,27.3,Overweight,4,Full Body,Home Gym,2,0,0,Resistance Training,Intermediate,Intermediate,2,1,1,3.0,3.5,2.5,3.0,4.0,"[""Pectoralis Major"", ""Triceps Brachii""]","[""Anterior Deltoid""]","[""Resistance Band""]",Horizontal Push,"[""Shoulder"", ""Wrist"", ""Elbow""]","[""Shoulder impingement""]",3,1,0.8537,0.9756,0.0,0.0,6.92,2.08,0.0732,,Safe,0.0,0,0,0,3,0,0,0,0,0,0,0,Reduce Difficulty,4
REC0000065,U000065,PLAN000065,EX0004,Advanced,General Fitness,Mobility and Flexibility,Male,26,175.0,91.9,30.01,Obese,3,Body Part Split,Home Gym,2,0,0,Bodyweight,Beginner,Beginner,1,2,1,2.0,2.0,2.0,1.0,3.8,"[""Pectoralis Major""]","[""Anterior Deltoid"", ""Triceps Brachii""]","[""Bodyweight""]",Horizontal Push,"[""Shoulder"", ""Elbow"", ""Wrist""]",[],3,0,0.6486,0.9098,0.0,0.0,7.71,2.94,0.027,,Safe,0.0,0,0,0,2,1,0,0,0,0,0,0,Keep,3
REC0000066,U000066,PLAN000066,EX0004,Intermediate,Fat Loss,General Fitness,Male,22,167.0,74.9,26.86,Overweight,4,Auto,Home Gym,2,0,0,Bodyweight,Beginner,Beginner,1,2,1,2.0,2.0,2.0,1.0,3.8,"[""Pectoralis Major""]","[""Anterior Deltoid"", ""Triceps Brachii""]","[""Bodyweight""]",Horizontal Push,"[""Shoulder"", ""Elbow"", ""Wrist""]",[],3,0,0.8,0.9429,0.0,0.0,7.09,2.0,0.0,,Safe,0.0,0,0,0,3,1,0,0,0,1,0,0,Keep,4
REC0000067,U000067,PLAN000067,EX0114,Advanced,Strength,Muscle Gain,Male,44,169.0,62.7,21.95,Normal,5,Push Pull Legs,Commercial Gym,2,0,0,Resistance Training,Advanced,Advanced,2,2,1,4.5,4.0,4.5,4.0,4.5,"[""Anterior Deltoid"", ""Triceps Brachii""]","[""Lateral Deltoid"", ""Upper Trapezius""]","[""Barbell""]",Vertical Push,"[""Shoulder"", ""Lower Back"", ""Hip""]","[""Poor hamstring mobility"", ""Lumbar disc issues""]",3,2,0.75,0.925,0.0,0.0,8.32,3.19,0.075,,Safe,0.0,0,0,0,2,3,1,0,1,0,1,0,Reduce Difficulty,5
REC0000068,U000068,PLAN000068,EX0242,Intermediate,Athletic Performance,General Fitness,Male,27,184.0,93.8,27.71,Overweight,2,Body Part Split,Commercial Gym,2,0,0,Resistance Training,Intermediate,Intermediate,2,1,1,2.0,3.5,2.0,1.5,3.0,"[""Pectoralis Major"", ""Triceps Brachii""]","[""Anterior Deltoid""]","[""Dumbbell""]",Horizontal Push,"[""Wrist"", ""Elbow""]","[""Wrist pain""]",2,1,0.7188,0.9196,0.0,0.0,7.37,2.72,0.0312,,Safe,0.0,0,0,0,1,1,0,0,0,0,0,0,Keep,2
REC0000069,U000069,PLAN000069,EX0003,Intermediate,Athletic Performance,Muscle Gain,Male,33,162.0,76.9,29.3,Overweight,4,Push Pull Legs,Commercial Gym,2,0,0,Resistance Training,Beginner,Beginner,1,2,1,1.0,1.0,1.0,1.0,3.5,"[""Pectoralis Major""]","[""Anterior Deltoid"", ""Triceps Brachii""]","[""Chest Press Machine""]",Horizontal Push,"[""Shoulder"", ""Elbow""]",[],2,0,0.75,0.9167,0.0,0.0,7.03,2.09,0.0833,,Safe,0.0,0,0,0,1,1,0,0,0,0,0,0,Reduce Difficulty,4
REC0000070,U000070,PLAN000070,EX0263,Advanced,General Fitness,Strength,Female,20,173.0,83.6,27.93,Overweight,2,Auto,Bodyweight Only,2,1,1,Bodyweight,Intermediate,Intermediate,3,3,1,3.0,3.0,4.5,4.0,4.0,"[""Pectoralis Major"", ""Anterior Deltoid"", ""Triceps Brachii""]","[""Core"", ""Erector Spinae"", ""Latissimus Dorsi""]","[""Mat""]",Total Body Integration,"[""Shoulder"", ""Lower Back"", ""Wrist""]","[""Spinal stenosis"", ""Shoulder impingement""]",3,2,0.7188,0.9062,0.0,0.0,7.34,2.52,0.0312,,Safe,0.0,0,0,0,7,10,2,0,2,1,1,1,Reduce Difficulty,2
REC0000073,U000073,PLAN000073,EX0004,Advanced,Strength,General Fitness,Female,20,165.0,78.0,28.65,Overweight,3,Body Part Split,Home Gym,2,0,0,Bodyweight,Beginner,Beginner,1,2,1,2.0,2.0,2.0,1.0,3.8,"[""Pectoralis Major""]","[""Anterior Deltoid"", ""Triceps Brachii""]","[""Bodyweight""]",Horizontal Push,"[""Shoulder"", ""Elbow"", ""Wrist""]",[],3,0,0.8571,0.9488,0.0,0.0,7.98,3.0,0.0,,Safe,0.0,0,0,0,2,0,1,0,1,0,1,0,Reduce Difficulty,3
REC0000075,U000075,PLAN000075,EX0004,Intermediate,Athletic Performance,Muscle Gain,Male,34,175.0,77.9,25.44,Overweight,2,Body Part Split,Home Gym,2,0,0,Bodyweight,Beginner,Beginner,1,2,1,2.0,2.0,2.0,1.0,3.8,"[""Pectoralis Major""]","[""Anterior Deltoid"", ""Triceps Brachii""]","[""Bodyweight""]",Horizontal Push,"[""Shoulder"", ""Elbow"", ""Wrist""]",[],3,0,0.7812,0.9821,0.0,0.0,7.19,2.17,0.0,,Safe,0.0,0,0,0,1,2,0,0,0,0,0,0,Keep,2
REC0000076,U000076,PLAN000076,EX0004,Advanced,Athletic Performance,Muscle Gain,Male,29,178.0,83.5,26.35,Overweight,4,Body Part Split,Limited Gym,2,1,1,Bodyweight,Beginner,Beginner,1,2,1,2.0,2.0,2.0,1.0,3.8,"[""Pectoralis Major""]","[""Anterior Deltoid"", ""Triceps Brachii""]","[""Bodyweight""]",Horizontal Push,"[""Shoulder"", ""Elbow"", ""Wrist""]",[],3,0,0.7222,0.9345,0.0,0.0,7.51,2.61,0.0556,,Safe,0.0,0,0,0,1,1,0,0,0,0,0,0,Reduce Difficulty,4
REC0000077,U000077,PLAN000077,EX0107,Intermediate,Athletic Performance,Muscle Gain,Male,33,168.0,59.4,21.05,Normal,2,Upper Lower,Bodyweight Only,2,0,0,Bodyweight,Beginner,Beginner,2,1,1,2.0,2.0,2.0,1.5,3.0,"[""Rectus Abdominis"", ""Obliques""]","[""Hip Flexors (Iliopsoas, Rectus Femoris)""]","[""Mat""]",Trunk Rotation,"[""Lower Back"", ""Neck""]","[""Lumbar disc herniation"", ""Neck strain""]",2,2,0.7812,0.9375,0.0,0.0,7.01,2.07,0.0625,,Safe,0.0,0,0,0,9,8,1,2,1,1,1,0,Reduce Difficulty,2
REC0000078,U000078,PLAN000078,EX0004,Advanced,Muscle Gain,Fat Loss,Female,26,169.0,84.8,29.69,Overweight,6,Body Part Split,Commercial Gym,2,0,0,Bodyweight,Beginner,Beginner,1,2,1,2.0,2.0,2.0,1.0,3.8,"[""Pectoralis Major""]","[""Anterior Deltoid"", ""Triceps Brachii""]","[""Bodyweight""]",Horizontal Push,"[""Shoulder"", ""Elbow"", ""Wrist""]",[],3,0,0.7436,0.936,0.0,0.0,8.38,3.0,0.0,,Safe,0.0,0,0,0,2,2,0,0,0,0,0,0,Keep,6
REC0000079,U000079,PLAN000079,EX0190,Advanced,Athletic Performance,Strength,Female,20,164.0,66.0,24.54,Normal,3,Push Pull Legs,Bodyweight Only,2,0,0,Bodyweight,Beginner,Beginner,1,1,1,1.0,1.0,1.0,1.5,2.0,"[""Tibialis Anterior""]","[""Extensor Digitorum Longus""]","[""Wall""]",Ankle Dorsiflexion,"[""Ankle""]","[""None""]",1,1,0.7568,0.9459,0.0,0.0,7.33,2.46,0.0,,Safe,0.0,0,0,0,1,2,0,0,0,0,0,0,Keep,3
REC0000081,U000081,PLAN000081,EX0100,Advanced,Muscle Gain,Athletic Performance,Female,36,178.0,74.4,23.48,Normal,6,Upper Lower,Commercial Gym,2,0,0,Resistance Training,Intermediate,Intermediate,3,1,1,3.0,2.0,1.5,2.0,3.0,"[""Biceps Brachii"", ""Brachialis"", ""Brachioradialis""]","[""Forearm Extensors""]","[""Dumbbell""]",Elbow Flexion,"[""Elbow"", ""Wrist""]","[""Wrist tendonitis"", ""Tennis/Golfer elbow""]",2,2,0.775,0.9,0.0,0.0,8.31,3.69,0.0,,Safe,0.0,0,0,0,2,1,0,0,0,0,0,0,Keep,6
REC0000083,U000083,PLAN000083,EX0004,Advanced,Strength,Fat Loss,Male,27,182.0,86.7,26.17,Overweight,3,Body Part Split,Limited Gym,2,1,1,Bodyweight,Beginner,Beginner,1,2,1,2.0,2.0,2.0,1.0,3.8,"[""Pectoralis Major""]","[""Anterior Deltoid"", ""Triceps Brachii""]","[""Bodyweight""]",Horizontal Push,"[""Shoulder"", ""Elbow"", ""Wrist""]",[],3,0,0.8333,0.9444,0.0,0.0,8.01,3.03,0.0278,,Safe,0.0,0,0,0,16,9,2,3,0,1,1,1,Keep,3
REC0000085,U000085,PLAN000085,EX0026,Advanced,Rehabilitation and Joint Health,Muscle Gain,Female,48,182.0,94.1,28.41,Overweight,3,Body Part Split,Limited Gym,2,1,1,Bodyweight,Beginner,Beginner,2,3,1,1.5,2.0,1.0,2.0,3.0,"[""Rectus Abdominis"", ""Transverse Abdominis""]","[""Obliques"", ""Erector Spinae"", ""Serratus Anterior""]","[""Bodyweight""]",Core Anti-Extension,"[""Lower Back"", ""Shoulder""]",[],2,0,0.8718,0.9692,0.0,0.0,4.9,1.0,0.0,,Safe,0.0,0,0,0,3,0,0,0,0,0,0,0,Keep,3
REC0000086,U000086,PLAN000086,EX0281,Intermediate,Strength,Muscle Gain,Male,21,170.0,81.7,28.27,Overweight,6,Auto,Home Gym,2,0,0,Resistance Training,Intermediate,Intermediate,2,1,1,3.0,3.5,2.5,3.0,4.0,"[""Pectoralis Major"", ""Triceps Brachii""]","[""Anterior Deltoid""]","[""Resistance Band""]",Horizontal Push,"[""Shoulder"", ""Wrist"", ""Elbow""]","[""Shoulder impingement""]",3,1,0.7838,0.9459,0.0,0.0,8.1,3.0,0.0,,Safe,0.0,0,0,0,2,1,0,0,0,0,0,0,Keep,6
REC0000087,U000087,PLAN000087,EX0260,Advanced,Athletic Performance,Mobility and Flexibility,Male,18,165.0,67.0,24.61,Normal,4,Upper Lower,Home Gym,2,0,0,Resistance Training,Intermediate,Intermediate,2,3,1,3.5,4.5,3.0,4.0,4.5,"[""Anterior Deltoid"", ""Triceps Brachii""]","[""Quadriceps"", ""Gluteus Maximus"", ""Lateral Deltoid""]","[""Dumbbell""]",Vertical Push,"[""Shoulder"", ""Knee"", ""Lower Back""]","[""Shoulder impingement""]",3,1,0.8286,0.9062,0.0,0.0,7.2,2.56,0.0286,,Safe,0.0,0,0,0,3,0,0,0,0,0,0,0,Keep,4
REC0000089,U000089,PLAN000089,EX0227,Advanced,Muscular Endurance,Fat Loss,Female,35,170.0,50.6,17.51,Underweight,3,Auto,Bodyweight Only,2,0,0,Bodyweight,Beginner,Beginner,2,3,1,3.5,1.5,2.5,3.0,6.5,"[""Core"", ""Hip Flexors""]","[""Shoulders (Deltoids)"", ""Triceps Brachii"", ""Quadriceps""]","[""Mat""]",Total Body Integration,"[""Wrist"", ""Shoulder""]","[""Wrist pain""]",2,1,0.7895,0.9474,0.0,0.0,7.32,2.61,0.0526,,Safe,0.0,0,0,0,14,1,1,3,1,1,1,0,Reduce Difficulty,3
REC0000090,U000090,PLAN000090,EX0026,Intermediate,Mobility and Flexibility,Athletic Performance,Female,21,164.0,68.7,25.54,Overweight,2,Body Part Split,Commercial Gym,2,0,0,Bodyweight,Beginner,Beginner,2,3,1,1.5,2.0,1.0,2.0,3.0,"[""Rectus Abdominis"", ""Transverse Abdominis""]","[""Obliques"", ""Erector Spinae"", ""Serratus Anterior""]","[""Bodyweight""]",Core Anti-Extension,"[""Lower Back"", ""Shoulder""]",[],2,0,0.8125,0.9375,0.0,0.0,6.23,2.03,0.0312,,Safe,0.0,0,0,0,2,1,0,0,0,0,0,0,Keep,2
REC0000091,U000091,PLAN000091,EX0227,Intermediate,Muscular Endurance,Athletic Performance,Male,31,175.0,95.6,31.22,Obese,4,Upper Lower,Bodyweight Only,2,0,0,Bodyweight,Beginner,Beginner,2,3,1,3.5,1.5,2.5,3.0,6.5,"[""Core"", ""Hip Flexors""]","[""Shoulders (Deltoids)"", ""Triceps Brachii"", ""Quadriceps""]","[""Mat""]",Total Body Integration,"[""Wrist"", ""Shoulder""]","[""Wrist pain""]",2,1,0.7805,0.9268,0.0,0.0,7.01,2.03,0.0244,,Safe,0.0,0,0,0,2,1,0,0,0,0,0,0,Keep,4
REC0000092,U000092,PLAN000092,EX0004,Advanced,General Fitness,Fat Loss,Male,39,176.0,76.0,24.54,Normal,3,Full Body,Limited Gym,2,0,0,Bodyweight,Beginner,Beginner,1,2,1,2.0,2.0,2.0,1.0,3.8,"[""Pectoralis Major""]","[""Anterior Deltoid"", ""Triceps Brachii""]","[""Bodyweight""]",Horizontal Push,"[""Shoulder"", ""Elbow"", ""Wrist""]",[],3,0,0.8718,0.9744,0.0,0.0,6.77,2.03,0.0256,,Safe,0.0,0,0,0,2,1,0,0,0,0,0,0,Keep,3
REC0000093,U000093,PLAN000093,EX0004,Beginner,Fat Loss,Athletic Performance,Male,23,165.0,72.4,26.59,Overweight,4,Upper Lower,Commercial Gym,2,0,0,Bodyweight,Beginner,Beginner,1,2,1,2.0,2.0,2.0,1.0,3.8,"[""Pectoralis Major""]","[""Anterior Deltoid"", ""Triceps Brachii""]","[""Bodyweight""]",Horizontal Push,"[""Shoulder"", ""Elbow"", ""Wrist""]",[],3,0,0.8108,0.973,0.0,0.0,6.91,2.0,0.0,,Safe,0.0,0,0,0,1,1,0,0,0,0,0,0,Keep,4
REC0000094,U000094,PLAN000094,EX0004,Beginner,General Fitness,Rehabilitation and Joint Health,Female,37,179.0,65.5,20.44,Normal,6,Auto,Commercial Gym,2,1,1,Bodyweight,Beginner,Beginner,1,2,1,2.0,2.0,2.0,1.0,3.8,"[""Pectoralis Major""]","[""Anterior Deltoid"", ""Triceps Brachii""]","[""Bodyweight""]",Horizontal Push,"[""Shoulder"", ""Elbow"", ""Wrist""]",[],3,0,0.8857,0.9714,0.0,0.0,6.89,2.12,0.0,,Safe,0.0,0,0,0,2,0,0,0,0,0,0,0,Keep,6
REC0000095,U000095,PLAN000095,EX0243,Advanced,Muscle Gain,Strength,Female,18,168.0,58.7,20.8,Normal,6,Chest Back Legs,Home Gym,2,0,0,Resistance Training,Intermediate,Intermediate,2,3,1,3.0,4.0,3.0,3.5,4.0,"[""Anterior Deltoid"", ""Triceps Brachii""]","[""Lateral Deltoid"", ""Upper Trapezius"", ""Pectoralis Major (Clavicular Head)""]","[""Kettlebell""]",Vertical Push,"[""Shoulder"", ""Lower Back"", ""Wrist""]","[""Shoulder impingement"", ""Wrist pain""]",3,2,0.8,0.9218,0.0,0.0,8.27,3.03,0.025,,Safe,0.0,0,0,0,3,0,0,0,0,0,0,0,Keep,6
REC0000096,U000096,PLAN000096,EX0242,Advanced,Strength,Muscular Endurance,Female,22,165.0,70.8,26.01,Overweight,6,Body Part Split,Home Gym,2,0,0,Resistance Training,Intermediate,Intermediate,2,1,1,2.0,3.5,2.0,1.5,3.0,"[""Pectoralis Major"", ""Triceps Brachii""]","[""Anterior Deltoid""]","[""Dumbbell""]",Horizontal Push,"[""Wrist"", ""Elbow""]","[""Wrist pain""]",2,1,0.8684,0.9731,0.0,0.0,7.89,3.05,0.0526,,Safe,0.0,0,0,0,1,2,0,0,0,0,0,0,Reduce Difficulty,6
REC0000097,U000097,PLAN000097,EX0004,Intermediate,General Fitness,Rehabilitation and Joint Health,Male,23,165.0,63.8,23.43,Normal,4,Auto,Commercial Gym,2,0,0,Bodyweight,Beginner,Beginner,1,2,1,2.0,2.0,2.0,1.0,3.8,"[""Pectoralis Major""]","[""Anterior Deltoid"", ""Triceps Brachii""]","[""Bodyweight""]",Horizontal Push,"[""Shoulder"", ""Elbow"", ""Wrist""]",[],3,0,0.7778,0.9167,0.0,0.0,7.32,2.67,0.0556,,Safe,0.0,0,0,0,17,1,2,3,1,1,1,1,Reduce Difficulty,4
REC0000098,U000098,PLAN000098,EX0242,Advanced,Strength,Athletic Performance,Male,39,160.0,70.9,27.7,Overweight,4,Auto,Limited Gym,2,1,1,Resistance Training,Intermediate,Intermediate,2,1,1,2.0,3.5,2.0,1.5,3.0,"[""Pectoralis Major"", ""Triceps Brachii""]","[""Anterior Deltoid""]","[""Dumbbell""]",Horizontal Push,"[""Wrist"", ""Elbow""]","[""Wrist pain""]",2,1,0.8049,0.9502,0.0,0.0,8.18,3.03,0.0244,,Safe,0.0,0,0,0,3,0,0,0,0,0,0,0,Keep,4
REC0000100,U000100,PLAN000100,EX0242,Advanced,Strength,Athletic Performance,Male,19,172.0,56.8,19.2,Normal,6,Upper Lower,Home Gym,4,0,0,Resistance Training,Intermediate,Intermediate,2,1,1,2.0,3.5,2.0,1.5,3.0,"[""Pectoralis Major"", ""Triceps Brachii""]","[""Anterior Deltoid""]","[""Dumbbell""]",Horizontal Push,"[""Wrist"", ""Elbow""]","[""Wrist pain""]",2,1,0.8649,0.9749,0.0,0.0,7.89,3.36,0.0541,,Safe,0.0,0,0,0,6,1,1,0,1,1,1,1,Reduce Difficulty,6
REC0000101,U000101,PLAN000101,EX0004,Beginner,Strength,Athletic Performance,Female,24,154.0,61.0,25.72,Overweight,5,Body Part Split,Commercial Gym,4,0,0,Bodyweight,Beginner,Beginner,1,2,1,2.0,2.0,2.0,1.0,3.8,"[""Pectoralis Major""]","[""Anterior Deltoid"", ""Triceps Brachii""]","[""Bodyweight""]",Horizontal Push,"[""Shoulder"", ""Elbow"", ""Wrist""]",[],3,0,0.8286,0.9927,0.0,0.0,8.22,3.03,0.0286,,Safe,0.0,0,0,0,7,7,2,1,2,1,1,0,Reduce Difficulty,5
REC0000103,U000103,PLAN000103,EX0179,Beginner,Athletic Performance,Muscular Endurance,Male,28,167.0,93.4,33.49,Obese,3,Upper Lower,Home Gym,4,0,0,Bodyweight,Beginner,Beginner,2,2,1,2.5,1.5,1.5,1.5,2.5,"[""Rectus Abdominis"", ""Transverse Abdominis""]","[""Obliques"", ""Hip Flexors""]","[""Mat""]",Core Anti-Extension,"[""Lower Back""]","[""None""]",1,1,0.7895,0.9194,0.0,0.0,7.32,2.54,0.0,,Safe,0.0,0,0,0,14,1,1,3,1,1,1,0,Reduce Difficulty,3
REC0000104,U000104,PLAN000104,EX0194,Intermediate,General Fitness,Strength,Male,30,167.0,67.0,24.02,Normal,6,Auto,Bodyweight Only,2,0,0,Bodyweight,Beginner,Beginner,3,4,1,4.5,3.0,1.0,3.0,8.0,"[""Quadriceps"", ""Pectoralis Major"", ""Gluteus Maximus""]","[""Triceps Brachii"", ""Anterior Deltoid"", ""Hamstrings"", ""Calves""]","[""Bodyweight""]",Total Body Integration,"[""Wrist"", ""Knee"", ""Lower Back""]",[],3,0,0.8611,0.9722,0.0,0.0,6.88,2.0,0.0,,Safe,0.0,0,0,0,1,1,0,0,0,0,0,0,Keep,6
REC0000105,U000105,PLAN000105,EX0004,Beginner,Fat Loss,Strength,Male,25,173.0,92.0,30.74,Obese,5,Auto,Limited Gym,6,0,0,Bodyweight,Beginner,Beginner,1,2,1,2.0,2.0,2.0,1.0,3.8,"[""Pectoralis Major""]","[""Anterior Deltoid"", ""Triceps Brachii""]","[""Bodyweight""]",Horizontal Push,"[""Shoulder"", ""Elbow"", ""Wrist""]",[],3,0,0.7805,0.9492,0.0,0.0,7.01,2.05,0.0488,,Safe,0.0,0,0,0,9,2,1,1,1,1,1,0,Reduce Difficulty,5
REC0000106,U000106,PLAN000106,EX0095,Intermediate,Athletic Performance,General Fitness,Male,23,159.0,84.4,33.38,Obese,4,Push Pull Legs,Home Gym,4,0,0,Resistance Training,Intermediate,Intermediate,2,3,1,4.0,4.5,3.5,3.5,5.5,"[""Anterior Deltoid"", ""Triceps Brachii""]","[""Quadriceps"", ""Gluteus Maximus"", ""Lateral Deltoid""]","[""Barbell""]",Vertical Push,"[""Shoulder"", ""Knee"", ""Lower Back""]","[""Shoulder impingement"", ""Lumbar spine instability""]",3,2,0.8718,0.9738,0.0,0.0,6.99,2.05,0.0513,,Safe,0.0,0,0,0,3,0,0,0,0,0,0,0,Reduce Difficulty,4
REC0000107,U000107,PLAN000107,EX0263,Advanced,Muscular Endurance,Mobility and Flexibility,Male,22,159.0,63.8,25.24,Overweight,2,Body Part Split,Bodyweight Only,3,1,1,Bodyweight,Intermediate,Intermediate,3,3,1,3.0,3.0,4.5,4.0,4.0,"[""Pectoralis Major"", ""Anterior Deltoid"", ""Triceps Brachii""]","[""Core"", ""Erector Spinae"", ""Latissimus Dorsi""]","[""Mat""]",Total Body Integration,"[""Shoulder"", ""Lower Back"", ""Wrist""]","[""Spinal stenosis"", ""Shoulder impingement""]",3,2,0.8125,0.9375,0.0,0.0,7.19,2.2,0.0,,Review,0.55,1,0,0,3,0,0,0,0,0,0,0,Review Safety,2
REC0000110,U000110,PLAN000110,EX0277,Intermediate,Mobility and Flexibility,Athletic Performance,Male,35,173.0,81.9,27.36,Overweight,5,Upper Lower,Limited Gym,5,0,0,Bodyweight,Beginner,Beginner,3,2,1,2.5,2.0,2.0,3.0,3.0,"[""Triceps Brachii"", ""Gluteus Maximus"", ""Hamstrings""]","[""Core"", ""Shoulders (Anterior Deltoid)""]","[""Bodyweight""]",Gait,"[""Wrist"", ""Shoulder""]",[],2,0,0.8684,0.973,0.0,0.0,5.88,2.0,0.0,,Safe,0.0,0,0,0,3,0,0,0,0,0,0,0,Keep,5
REC0000114,U000114,PLAN000114,EX0223,Intermediate,Strength,Mobility and Flexibility,Male,31,187.0,86.9,24.85,Normal,6,Chest Back Legs,Commercial Gym,4,0,0,Bodyweight,Intermediate,Intermediate,1,2,1,2.5,3.5,2.5,2.5,4.0,"[""Pectoralis Major (Clavicular Head Bias)""]","[""Anterior Deltoid"", ""Triceps Brachii""]","[""Bench""]",Horizontal Push,"[""Shoulder"", ""Wrist""]","[""Shoulder impingement""]",2,1,0.9189,0.9722,0.0,0.0,7.78,3.0,0.0,,Safe,0.0,0,0,0,3,0,0,0,0,0,0,0,Keep,6
REC0000116,U000116,PLAN000116,EX0180,Beginner,Athletic Performance,Muscular Endurance,Male,34,163.0,86.8,32.67,Obese,3,Upper Lower,Home Gym,5,0,0,Bodyweight,Beginner,Beginner,3,2,1,2.0,1.0,1.5,1.5,2.0,"[""Erector Spinae"", ""Gluteus Maximus"", ""Transverse Abdominis""]","[""Deltoids"", ""Hamstrings""]","[""Mat""]",Core Anti-Rotation,"[""Lower Back"", ""Wrist""]","[""None""]",2,1,0.875,0.9732,0.0,0.0,6.89,2.0,0.0,,Safe,0.0,0,0,0,3,0,0,0,0,0,0,0,Keep,3
REC0000119,U000119,PLAN000119,EX0106,Advanced,Rehabilitation and Joint Health,General Fitness,Male,35,160.0,58.7,22.93,Normal,2,Chest Back Legs,Home Gym,3,0,0,Bodyweight,Advanced,Advanced,2,2,1,3.5,2.5,2.0,4.0,3.0,"[""Adductors (Longus, Magnus, Brevis)"", ""Gracilis""]","[""Obliques"", ""Gluteus Medius (bottom leg)""]","[""Bench""]",Hip Adduction,"[""Groin"", ""Shoulder""]","[""Acute groin pull"", ""Shoulder instability""]",2,2,0.7812,0.9375,0.0,0.0,5.35,1.5,0.0,,Safe,0.0,0,0,0,1,2,0,0,0,0,0,0,Keep,2
REC0000121,U000121,PLAN000121,EX0004,Intermediate,Muscular Endurance,Muscle Gain,Male,21,182.0,95.3,28.77,Overweight,6,Body Part Split,Limited Gym,4,0,0,Bodyweight,Beginner,Beginner,1,2,1,2.0,2.0,2.0,1.0,3.8,"[""Pectoralis Major""]","[""Anterior Deltoid"", ""Triceps Brachii""]","[""Bodyweight""]",Horizontal Push,"[""Shoulder"", ""Elbow"", ""Wrist""]",[],3,0,0.8649,0.9337,0.0,0.0,6.91,2.29,0.0541,,Safe,0.0,0,0,0,4,1,1,1,1,1,1,0,Reduce Difficulty,6
REC0000122,U000122,PLAN000122,EX0004,Beginner,Rehabilitation and Joint Health,Muscular Endurance,Male,38,172.0,79.1,26.74,Overweight,5,Push Pull Legs,Limited Gym,3,1,1,Bodyweight,Beginner,Beginner,1,2,1,2.0,2.0,2.0,1.0,3.8,"[""Pectoralis Major""]","[""Anterior Deltoid"", ""Triceps Brachii""]","[""Bodyweight""]",Horizontal Push,"[""Shoulder"", ""Elbow"", ""Wrist""]",[],3,0,0.8571,0.9649,0.0,0.0,4.88,1.0,0.0,,Review,0.55,1,0,0,13,1,1,4,1,1,1,0,Review Safety,5
REC0000123,U000123,PLAN000123,EX0095,Intermediate,General Fitness,Mobility and Flexibility,Male,33,171.0,65.8,22.5,Normal,3,Push Pull Legs,Home Gym,3,0,0,Resistance Training,Intermediate,Intermediate,2,3,1,4.0,4.5,3.5,3.5,5.5,"[""Anterior Deltoid"", ""Triceps Brachii""]","[""Quadriceps"", ""Gluteus Maximus"", ""Lateral Deltoid""]","[""Barbell""]",Vertical Push,"[""Shoulder"", ""Knee"", ""Lower Back""]","[""Shoulder impingement"", ""Lumbar spine instability""]",3,2,0.95,1.0,0.0,0.0,6.77,2.0,0.0,,Safe,0.0,0,0,0,3,0,0,0,0,0,0,0,Keep,3
REC0000124,U000124,PLAN000124,EX0004,Beginner,Muscular Endurance,Rehabilitation and Joint Health,Male,33,179.0,81.4,25.4,Overweight,5,Push Pull Legs,Home Gym,2,0,0,Bodyweight,Beginner,Beginner,1,2,1,2.0,2.0,2.0,1.0,3.8,"[""Pectoralis Major""]","[""Anterior Deltoid"", ""Triceps Brachii""]","[""Bodyweight""]",Horizontal Push,"[""Shoulder"", ""Elbow"", ""Wrist""]",[],3,0,0.7632,0.9333,0.0,0.0,7.07,2.11,0.0526,,Safe,0.0,0,0,0,2,0,0,0,0,0,0,0,Reduce Difficulty,5
REC0000125,U000125,PLAN000125,EX0194,Beginner,Mobility and Flexibility,Rehabilitation and Joint Health,Male,37,167.0,49.3,17.68,Underweight,4,Body Part Split,Bodyweight Only,1,0,0,Bodyweight,Beginner,Beginner,3,4,1,4.5,3.0,1.0,3.0,8.0,"[""Quadriceps"", ""Pectoralis Major"", ""Gluteus Maximus""]","[""Triceps Brachii"", ""Anterior Deltoid"", ""Hamstrings"", ""Calves""]","[""Bodyweight""]",Total Body Integration,"[""Wrist"", ""Knee"", ""Lower Back""]",[],3,0,0.6944,0.8889,0.0,0.0,6.78,3.12,0.0556,,Monitor,0.35,2,0,0,1,1,0,0,0,0,0,0,Reduce Difficulty,4
REC0000128,U000128,PLAN000128,EX0004,Intermediate,Muscle Gain,Muscular Endurance,Female,31,166.0,59.0,21.41,Normal,6,Chest Back Legs,Bodyweight Only,2,1,1,Bodyweight,Beginner,Beginner,1,2,1,2.0,2.0,2.0,1.0,3.8,"[""Pectoralis Major""]","[""Anterior Deltoid"", ""Triceps Brachii""]","[""Bodyweight""]",Horizontal Push,"[""Shoulder"", ""Elbow"", ""Wrist""]",[],3,0,0.8378,0.9459,0.0,0.0,8.19,3.03,0.027,,Safe,0.0,0,0,0,2,0,0,0,0,0,0,0,Keep,6
REC0000129,U000129,PLAN000129,EX0026,Beginner,Muscle Gain,Fat Loss,Female,25,163.0,46.4,17.46,Underweight,4,Chest Back Legs,Home Gym,3,0,0,Bodyweight,Beginner,Beginner,2,3,1,1.5,2.0,1.0,2.0,3.0,"[""Rectus Abdominis"", ""Transverse Abdominis""]","[""Obliques"", ""Erector Spinae"", ""Serratus Anterior""]","[""Bodyweight""]",Core Anti-Extension,"[""Lower Back"", ""Shoulder""]",[],2,0,0.7714,0.9143,0.0,0.0,8.04,3.03,0.0286,,Safe,0.0,0,0,0,2,1,0,0,0,0,0,0,Keep,4
REC0000130,U000130,PLAN000130,EX0227,Beginner,Fat Loss,Rehabilitation and Joint Health,Female,28,170.0,63.7,22.04,Normal,2,Auto,Home Gym,4,0,0,Bodyweight,Beginner,Beginner,2,3,1,3.5,1.5,2.5,3.0,6.5,"[""Core"", ""Hip Flexors""]","[""Shoulders (Deltoids)"", ""Triceps Brachii"", ""Quadriceps""]","[""Mat""]",Total Body Integration,"[""Wrist"", ""Shoulder""]","[""Wrist pain""]",2,1,0.8125,0.9375,0.0,0.0,6.9,2.0,0.0,,Safe,0.0,0,0,0,17,0,2,1,2,1,1,0,Reduce Difficulty,2
REC0000131,U000131,PLAN000131,EX0160,Beginner,General Fitness,Athletic Performance,Female,39,168.0,46.2,16.37,Underweight,4,Push Pull Legs,Bodyweight Only,2,0,0,Bodyweight,Beginner,Beginner,1,2,1,2.0,1.5,1.5,1.0,3.0,"[""Rectus Abdominis""]","[""Obliques"", ""Hip Flexors""]","[""Mat""]",Trunk Flexion,"[""Lower Back""]","[""Lumbar disc herniation""]",1,1,0.8947,0.9714,0.0,0.0,6.79,2.0,0.0,,Safe,0.0,0,0,0,2,17,1,0,1,0,1,0,Reduce Difficulty,4
REC0000132,U000132,PLAN000132,EX0004,Advanced,Fat Loss,Mobility and Flexibility,Female,29,168.0,79.7,28.24,Overweight,6,Push Pull Legs,Commercial Gym,6,0,0,Bodyweight,Beginner,Beginner,1,2,1,2.0,2.0,2.0,1.0,3.8,"[""Pectoralis Major""]","[""Anterior Deltoid"", ""Triceps Brachii""]","[""Bodyweight""]",Horizontal Push,"[""Shoulder"", ""Elbow"", ""Wrist""]",[],3,0,0.75,0.8898,0.0,0.0,7.71,4.06,0.0556,,Safe,0.0,0,0,0,1,2,0,0,0,0,0,0,Reduce Difficulty,6
REC0000133,U000133,PLAN000133,EX0026,Beginner,Mobility and Flexibility,Fat Loss,Female,24,162.0,52.9,20.16,Normal,6,Upper Lower,Commercial Gym,6,0,0,Bodyweight,Beginner,Beginner,2,3,1,1.5,2.0,1.0,2.0,3.0,"[""Rectus Abdominis"", ""Transverse Abdominis""]","[""Obliques"", ""Erector Spinae"", ""Serratus Anterior""]","[""Bodyweight""]",Core Anti-Extension,"[""Lower Back"", ""Shoulder""]",[],2,0,0.878,0.9756,0.0,0.0,5.89,2.05,0.0488,,Safe,0.0,0,0,0,2,1,0,0,0,0,0,0,Keep,6
REC0000134,U000134,PLAN000134,EX0004,Beginner,Muscle Gain,Mobility and Flexibility,Female,31,162.0,58.5,22.29,Normal,2,Auto,Commercial Gym,5,1,1,Bodyweight,Beginner,Beginner,1,2,1,2.0,2.0,2.0,1.0,3.8,"[""Pectoralis Major""]","[""Anterior Deltoid"", ""Triceps Brachii""]","[""Bodyweight""]",Horizontal Push,"[""Shoulder"", ""Elbow"", ""Wrist""]",[],3,0,0.8438,0.9375,0.0,0.0,7.88,3.0,0.0,,Safe,0.0,0,0,0,1,2,0,0,0,0,0,0,Keep,2
REC0000140,U000140,PLAN000140,EX0026,Intermediate,Mobility and Flexibility,General Fitness,Female,24,168.0,63.0,22.32,Normal,5,Chest Back Legs,Home Gym,2,1,1,Bodyweight,Beginner,Beginner,2,3,1,1.5,2.0,1.0,2.0,3.0,"[""Rectus Abdominis"", ""Transverse Abdominis""]","[""Obliques"", ""Erector Spinae"", ""Serratus Anterior""]","[""Bodyweight""]",Core Anti-Extension,"[""Lower Back"", ""Shoulder""]",[],2,0,0.8537,0.975,0.0,0.0,5.92,2.05,0.0488,,Safe,0.0,0,0,0,1,2,0,0,0,0,0,0,Keep,5
REC0000142,U000142,PLAN000142,EX0179,Beginner,Muscular Endurance,Mobility and Flexibility,Other,27,177.0,79.6,25.41,Overweight,6,Chest Back Legs,Bodyweight Only,4,1,1,Bodyweight,Beginner,Beginner,2,2,1,2.5,1.5,1.5,1.5,2.5,"[""Rectus Abdominis"", ""Transverse Abdominis""]","[""Obliques"", ""Hip Flexors""]","[""Mat""]",Core Anti-Extension,"[""Lower Back""]","[""None""]",1,1,0.8919,0.973,0.0,0.0,6.78,2.0,0.0,,Safe,0.0,0,0,0,2,1,0,0,0,0,0,0,Keep,6
REC0000144,U000144,PLAN000144,EX0011,Intermediate,Athletic Performance,Mobility and Flexibility,Female,22,155.0,50.2,20.89,Normal,3,Upper Lower,Commercial Gym,4,0,0,Resistance Training,Intermediate,Intermediate,1,4,1,4.0,4.0,3.0,2.0,6.0,"[""Latissimus Dorsi""]","[""Biceps Brachii"", ""Brachialis"", ""Rhomboids"", ""Posterior Deltoid""]","[""Pull-up Bar""]",Vertical Pull,"[""Shoulder"", ""Elbow"", ""Wrist""]","[""Acute shoulder or elbow pain"", ""Inability to control the hanging position"", ""Painful overhead range""]",3,3,0.95,1.0,0.0,0.0,6.78,2.02,0.025,,Safe,0.0,0,0,0,2,0,0,0,0,0,0,0,Keep,3
REC0000145,U000145,PLAN000145,EX0004,Advanced,Muscular Endurance,Rehabilitation and Joint Health,Female,18,163.0,54.3,20.44,Normal,4,Auto,Commercial Gym,6,1,1,Bodyweight,Beginner,Beginner,1,2,1,2.0,2.0,2.0,1.0,3.8,"[""Pectoralis Major""]","[""Anterior Deltoid"", ""Triceps Brachii""]","[""Bodyweight""]",Horizontal Push,"[""Shoulder"", ""Elbow"", ""Wrist""]",[],3,0,0.8684,0.9737,0.0,0.0,6.89,2.05,0.0526,,Safe,0.0,0,0,0,37,3,1,2,1,1,1,0,Reduce Difficulty,4
REC0000146,U000146,PLAN000146,EX0260,Advanced,Athletic Performance,Strength,Female,34,157.0,56.0,22.72,Normal,4,Full Body,Limited Gym,5,0,0,Resistance Training,Intermediate,Intermediate,2,3,1,3.5,4.5,3.0,4.0,4.5,"[""Anterior Deltoid"", ""Triceps Brachii""]","[""Quadriceps"", ""Gluteus Maximus"", ""Lateral Deltoid""]","[""Dumbbell""]",Vertical Push,"[""Shoulder"", ""Knee"", ""Lower Back""]","[""Shoulder impingement""]",3,1,0.8333,0.9444,0.0,0.0,6.91,2.03,0.0278,,Safe,0.0,0,0,0,2,1,0,0,0,0,0,0,Keep,4
REC0000147,U000147,PLAN000147,EX0037,Beginner,Muscle Gain,Fat Loss,Female,19,159.0,50.9,20.13,Normal,2,Upper Lower,Limited Gym,6,1,1,Resistance Training,Beginner,Beginner,2,1,1,1.5,2.0,1.0,1.5,3.0,"[""Brachioradialis"", ""Brachialis""]","[""Biceps Brachii""]","[""Dumbbell""]",Elbow Flexion,"[""Elbow""]","[""Elbow pain""]",1,1,0.875,0.9671,0.0,0.0,7.79,3.0,0.0,,Safe,0.0,0,0,0,11,2,0,1,0,1,0,0,Keep,2
REC0000148,U000148,PLAN000148,EX0224,Intermediate,Muscular Endurance,Mobility and Flexibility,Female,29,171.0,61.5,21.03,Normal,2,Auto,Bodyweight Only,3,1,1,Bodyweight,Intermediate,Intermediate,2,2,1,2.5,3.0,3.0,3.0,4.5,"[""Anterior Deltoid"", ""Lateral Deltoid""]","[""Triceps Brachii"", ""Upper Trapezius""]","[""Mat""]",Vertical Push,"[""Shoulder"", ""Wrist"", ""Neck""]","[""High blood pressure"", ""Shoulder instability""]",3,2,0.6875,0.875,0.0,0.0,7.71,4.04,0.0312,,Review,0.55,1,0,0,2,16,1,0,1,0,1,0,Review Safety,2
REC0000150,U000150,PLAN000150,EX0004,Intermediate,Muscle Gain,Muscular Endurance,Female,27,171.0,49.2,16.83,Underweight,3,Chest Back Legs,Limited Gym,5,0,0,Bodyweight,Beginner,Beginner,1,2,1,2.0,2.0,2.0,1.0,3.8,"[""Pectoralis Major""]","[""Anterior Deltoid"", ""Triceps Brachii""]","[""Bodyweight""]",Horizontal Push,"[""Shoulder"", ""Elbow"", ""Wrist""]",[],3,0,0.8,0.9195,0.0,0.0,8.29,3.03,0.0286,,Safe,0.0,0,0,0,1,1,0,0,0,0,0,0,Keep,3
REC0000152,U000152,PLAN000152,EX0242,Intermediate,Strength,Muscle Gain,Prefer not to say,23,159.0,71.4,28.24,Overweight,4,Auto,Limited Gym,5,0,0,Resistance Training,Intermediate,Intermediate,2,1,1,2.0,3.5,2.0,1.5,3.0,"[""Pectoralis Major"", ""Triceps Brachii""]","[""Anterior Deltoid""]","[""Dumbbell""]",Horizontal Push,"[""Wrist"", ""Elbow""]","[""Wrist pain""]",2,1,0.7895,0.9156,0.0,0.0,7.92,3.09,0.0789,,Safe,0.0,0,0,0,2,0,2,0,2,0,2,2,Review Safety,4
REC0000153,U000153,PLAN000153,EX0004,Beginner,Muscular Endurance,Fat Loss,Female,21,172.0,57.1,19.3,Normal,2,Full Body,Limited Gym,4,0,0,Bodyweight,Beginner,Beginner,1,2,1,2.0,2.0,2.0,1.0,3.8,"[""Pectoralis Major""]","[""Anterior Deltoid"", ""Triceps Brachii""]","[""Bodyweight""]",Horizontal Push,"[""Shoulder"", ""Elbow"", ""Wrist""]",[],3,0,0.8438,0.9375,0.0,0.0,7.22,2.53,0.0625,,Safe,0.0,0,0,0,5,7,2,0,2,1,2,1,Reduce Difficulty,2
REC0000154,U000154,PLAN000154,EX0194,Beginner,Rehabilitation and Joint Health,General Fitness,Female,50,153.0,81.0,34.6,Obese,3,Auto,Bodyweight Only,1,0,0,Bodyweight,Beginner,Beginner,3,4,1,4.5,3.0,1.0,3.0,8.0,"[""Quadriceps"", ""Pectoralis Major"", ""Gluteus Maximus""]","[""Triceps Brachii"", ""Anterior Deltoid"", ""Hamstrings"", ""Calves""]","[""Bodyweight""]",Total Body Integration,"[""Wrist"", ""Knee"", ""Lower Back""]",[],3,0,0.8049,0.9268,0.0,0.0,5.05,1.11,0.0488,,Monitor,0.35,2,0,0,3,0,0,0,0,0,0,0,Keep,3
REC0000155,U000155,PLAN000155,EX0102,Beginner,Mobility and Flexibility,Fat Loss,Female,24,166.0,47.0,17.06,Underweight,3,Auto,Home Gym,5,0,0,Resistance Training,Beginner,Beginner,1,1,2,2.0,1.5,2.0,2.0,2.0,"[""Triceps Brachii""]","[""Anconeus""]","[""Dumbbell"", ""Bench""]",Elbow Extension,"[""Elbow""]","[""Elbow pain""]",1,1,0.7949,0.9231,0.0,0.0,6.24,2.03,0.0256,,Safe,0.0,0,0,0,3,0,0,0,0,0,0,0,Keep,3
REC0000156,U000156,PLAN000156,EX0004,Beginner,Mobility and Flexibility,Athletic Performance,Other,31,167.0,89.2,31.98,Obese,3,Chest Back Legs,Commercial Gym,7,0,0,Bodyweight,Beginner,Beginner,1,2,1,2.0,2.0,2.0,1.0,3.8,"[""Pectoralis Major""]","[""Anterior Deltoid"", ""Triceps Brachii""]","[""Bodyweight""]",Horizontal Push,"[""Shoulder"", ""Elbow"", ""Wrist""]",[],3,0,0.7297,0.9189,0.0,0.0,6.75,3.12,0.0541,,Safe,0.0,0,0,0,1,1,1,0,1,0,1,1,Reduce Difficulty,3
REC0000157,U000157,PLAN000157,EX0062,Intermediate,Rehabilitation and Joint Health,Strength,Female,21,162.0,81.1,30.9,Obese,3,Auto,Commercial Gym,6,0,0,Resistance Training,Beginner,Beginner,1,1,1,1.0,1.5,2.0,1.0,2.5,"[""Gastrocnemius""]","[""Soleus""]","[""Leg Press Machine""]",Ankle Plantarflexion,"[""Ankle"", ""Achilles Tendon""]","[""Achilles tendinopathy""]",2,1,0.8571,0.9714,0.0,0.0,4.9,1.06,0.0571,,Safe,0.0,0,0,0,13,1,1,5,1,1,1,1,Reduce Difficulty,3
REC0000158,U000158,PLAN000158,EX0004,Beginner,Muscle Gain,Strength,Female,25,175.0,59.4,19.4,Normal,2,Auto,Limited Gym,3,0,0,Bodyweight,Beginner,Beginner,1,2,1,2.0,2.0,2.0,1.0,3.8,"[""Pectoralis Major""]","[""Anterior Deltoid"", ""Triceps Brachii""]","[""Bodyweight""]",Horizontal Push,"[""Shoulder"", ""Elbow"", ""Wrist""]",[],3,0,0.875,0.9688,0.0,0.0,7.79,3.29,0.0625,,Safe,0.0,0,0,0,2,0,1,0,1,0,1,1,Review Safety,2
REC0000159,U000159,PLAN000159,EX0009,Advanced,Strength,Fat Loss,Female,22,151.0,55.0,24.12,Normal,2,Chest Back Legs,Commercial Gym,7,0,0,Resistance Training,Beginner,Beginner,2,3,1,1.0,1.0,1.0,1.0,3.5,"[""Latissimus Dorsi"", ""Rhomboids""]","[""Middle Trapezius"", ""Posterior Deltoid"", ""Biceps Brachii""]","[""Row Machine""]",Horizontal Pull,"[""Shoulder"", ""Elbow""]","[""Acute shoulder pain"", ""Pain during pulling""]",2,2,0.875,0.9728,0.0,0.0,7.88,3.0,0.0,,Safe,0.0,0,0,0,17,18,0,2,0,1,0,0,Keep,2
REC0000160,U000160,PLAN000160,EX0004,Intermediate,Muscular Endurance,Strength,Female,36,154.0,72.0,30.36,Obese,4,Full Body,Limited Gym,4,0,0,Bodyweight,Beginner,Beginner,1,2,1,2.0,2.0,2.0,1.0,3.8,"[""Pectoralis Major""]","[""Anterior Deltoid"", ""Triceps Brachii""]","[""Bodyweight""]",Horizontal Push,"[""Shoulder"", ""Elbow"", ""Wrist""]",[],3,0,0.8056,0.9444,0.0,0.0,7.09,2.03,0.0278,,Safe,0.0,0,0,0,2,1,0,0,0,1,0,0,Keep,4
REC0000161,U000161,PLAN000161,EX0026,Beginner,Rehabilitation and Joint Health,Muscle Gain,Female,29,167.0,59.8,21.44,Normal,4,Auto,Limited Gym,6,0,0,Bodyweight,Beginner,Beginner,2,3,1,1.5,2.0,1.0,2.0,3.0,"[""Rectus Abdominis"", ""Transverse Abdominis""]","[""Obliques"", ""Erector Spinae"", ""Serratus Anterior""]","[""Bodyweight""]",Core Anti-Extension,"[""Lower Back"", ""Shoulder""]",[],2,0,0.878,0.9512,0.0,0.0,5.03,1.03,0.0244,,Safe,0.0,0,0,0,12,4,2,1,2,1,1,0,Reduce Difficulty,4
REC0000163,U000163,PLAN000163,EX0004,Intermediate,Muscular Endurance,Rehabilitation and Joint Health,Female,22,151.0,76.1,33.38,Obese,2,Body Part Split,Limited Gym,3,0,0,Bodyweight,Beginner,Beginner,1,2,1,2.0,2.0,2.0,1.0,3.8,"[""Pectoralis Major""]","[""Anterior Deltoid"", ""Triceps Brachii""]","[""Bodyweight""]",Horizontal Push,"[""Shoulder"", ""Elbow"", ""Wrist""]",[],3,0,0.8438,0.9583,0.0,0.0,6.89,2.0,0.0,,Safe,0.0,0,0,0,2,1,0,0,0,0,0,0,Keep,2
REC0000164,U000164,PLAN000164,EX0004,Beginner,Fat Loss,Rehabilitation and Joint Health,Female,24,169.0,79.2,27.73,Overweight,5,Body Part Split,Limited Gym,4,0,0,Bodyweight,Beginner,Beginner,1,2,1,2.0,2.0,2.0,1.0,3.8,"[""Pectoralis Major""]","[""Anterior Deltoid"", ""Triceps Brachii""]","[""Bodyweight""]",Horizontal Push,"[""Shoulder"", ""Elbow"", ""Wrist""]",[],3,0,0.8,0.881,0.0,0.0,7.35,2.94,0.0286,,Safe,0.0,0,0,0,8,2,2,0,2,1,2,1,Reduce Difficulty,5
REC0000165,U000165,PLAN000165,EX0004,Advanced,Muscular Endurance,Athletic Performance,Female,27,163.0,56.3,21.19,Normal,2,Upper Lower,Limited Gym,6,0,0,Bodyweight,Beginner,Beginner,1,2,1,2.0,2.0,2.0,1.0,3.8,"[""Pectoralis Major""]","[""Anterior Deltoid"", ""Triceps Brachii""]","[""Bodyweight""]",Horizontal Push,"[""Shoulder"", ""Elbow"", ""Wrist""]",[],3,0,0.8125,0.9375,0.0,0.0,7.01,2.03,0.0312,,Safe,0.0,0,0,0,23,5,2,3,1,2,2,1,Reduce Difficulty,2
REC0000166,U000166,PLAN000166,EX0340,Beginner,Mobility and Flexibility,Muscular Endurance,Female,28,167.0,61.6,22.09,Normal,5,Upper Lower,Limited Gym,5,0,0,Resistance Training,Beginner,Beginner,1,1,1,2.0,1.5,2.0,1.5,2.0,"[""Triceps Brachii""]","[""Anconeus""]","[""Cable Machine""]",Elbow Extension,"[""Elbow""]","[""Elbow tendinopathy""]",1,1,0.8421,0.9394,0.0,0.0,6.19,2.44,0.0,,Safe,0.0,0,0,0,9,11,1,1,1,1,1,0,Reduce Difficulty,5
REC0000168,U000168,PLAN000168,EX0004,Beginner,General Fitness,Mobility and Flexibility,Female,34,160.0,69.7,27.23,Overweight,2,Body Part Split,Commercial Gym,7,0,0,Bodyweight,Beginner,Beginner,1,2,1,2.0,2.0,2.0,1.0,3.8,"[""Pectoralis Major""]","[""Anterior Deltoid"", ""Triceps Brachii""]","[""Bodyweight""]",Horizontal Push,"[""Shoulder"", ""Elbow"", ""Wrist""]",[],3,0,0.7188,0.875,0.0,0.0,7.73,4.07,0.0625,,Safe,0.0,0,0,0,1,1,1,0,1,0,1,1,Reduce Difficulty,2
REC0000169,U000169,PLAN000169,EX0004,Advanced,Fat Loss,Muscle Gain,Female,35,163.0,80.6,30.34,Obese,6,Push Pull Legs,Commercial Gym,6,0,0,Bodyweight,Beginner,Beginner,1,2,1,2.0,2.0,2.0,1.0,3.8,"[""Pectoralis Major""]","[""Anterior Deltoid"", ""Triceps Brachii""]","[""Bodyweight""]",Horizontal Push,"[""Shoulder"", ""Elbow"", ""Wrist""]",[],3,0,0.9231,1.0,0.0,0.0,6.82,2.08,0.0513,,Safe,0.0,0,0,0,9,7,1,1,0,1,1,1,Reduce Difficulty,6
REC0000170,U000170,PLAN000170,EX0004,Advanced,Muscular Endurance,Mobility and Flexibility,Male,22,173.0,89.5,29.9,Overweight,2,Upper Lower,Limited Gym,4,0,0,Bodyweight,Beginner,Beginner,1,2,1,2.0,2.0,2.0,1.0,3.8,"[""Pectoralis Major""]","[""Anterior Deltoid"", ""Triceps Brachii""]","[""Bodyweight""]",Horizontal Push,"[""Shoulder"", ""Elbow"", ""Wrist""]",[],3,0,0.8438,0.9688,0.0,0.0,7.17,2.16,0.0,,Safe,0.0,0,0,0,6,5,0,0,0,1,0,0,Keep,2
REC0000171,U000171,PLAN000171,EX0004,Beginner,Athletic Performance,General Fitness,Male,19,172.0,90.3,30.52,Obese,6,Body Part Split,Commercial Gym,7,0,0,Bodyweight,Beginner,Beginner,1,2,1,2.0,2.0,2.0,1.0,3.8,"[""Pectoralis Major""]","[""Anterior Deltoid"", ""Triceps Brachii""]","[""Bodyweight""]",Horizontal Push,"[""Shoulder"", ""Elbow"", ""Wrist""]",[],3,0,0.7143,0.9031,0.0,0.0,7.75,3.91,0.0571,,Safe,0.0,0,0,0,2,2,1,0,1,0,1,1,Reduce Difficulty,6
REC0000172,U000172,PLAN000172,EX0004,Beginner,Muscle Gain,General Fitness,Male,33,183.0,92.7,27.68,Overweight,4,Upper Lower,Home Gym,4,0,0,Bodyweight,Beginner,Beginner,1,2,1,2.0,2.0,2.0,1.0,3.8,"[""Pectoralis Major""]","[""Anterior Deltoid"", ""Triceps Brachii""]","[""Bodyweight""]",Horizontal Push,"[""Shoulder"", ""Elbow"", ""Wrist""]",[],3,0,0.85,0.9545,0.0,0.0,7.99,3.03,0.025,,Safe,0.0,0,0,0,6,4,3,1,3,1,2,1,Reduce Difficulty,4
REC0000174,U000174,PLAN000174,EX0061,Advanced,Mobility and Flexibility,Athletic Performance,Male,18,171.0,87.4,29.89,Overweight,4,Push Pull Legs,Limited Gym,6,0,0,Resistance Training,Beginner,Beginner,3,1,2,1.5,1.0,2.0,1.0,2.0,"[""Extensor Carpi Radialis Longus"", ""Extensor Carpi Radialis Brevis"", ""Extensor Carpi Ulnaris""]","[""Extensor Digitorum""]","[""Barbell"", ""Bench""]",Wrist Extension,"[""Wrist""]","[""Acute wrist pain"", ""Tennis elbow""]",1,2,0.8333,0.9722,0.0,0.0,5.9,2.0,0.0,,Safe,0.0,0,0,0,12,5,1,1,1,1,1,0,Reduce Difficulty,4
REC0000176,U000176,PLAN000176,EX0004,Intermediate,Fat Loss,Strength,Male,23,169.0,72.3,25.31,Overweight,4,Auto,Home Gym,3,0,0,Bodyweight,Beginner,Beginner,1,2,1,2.0,2.0,2.0,1.0,3.8,"[""Pectoralis Major""]","[""Anterior Deltoid"", ""Triceps Brachii""]","[""Bodyweight""]",Horizontal Push,"[""Shoulder"", ""Elbow"", ""Wrist""]",[],3,0,0.7692,0.957,0.0,0.0,7.0,2.43,0.0,,Safe,0.0,0,0,0,1,1,0,0,0,0,0,0,Keep,4
REC0000178,U000178,PLAN000178,EX0004,Intermediate,Muscle Gain,Fat Loss,Male,46,177.0,73.3,23.4,Normal,6,Upper Lower,Commercial Gym,5,0,0,Bodyweight,Beginner,Beginner,1,2,1,2.0,2.0,2.0,1.0,3.8,"[""Pectoralis Major""]","[""Anterior Deltoid"", ""Triceps Brachii""]","[""Bodyweight""]",Horizontal Push,"[""Shoulder"", ""Elbow"", ""Wrist""]",[],3,0,0.8286,0.9445,0.0,0.0,7.91,3.06,0.0571,,Safe,0.0,0,0,0,33,7,3,1,0,2,2,1,Reduce Difficulty,6
REC0000179,U000179,PLAN000179,EX0046,Beginner,Mobility and Flexibility,Muscular Endurance,Male,21,182.0,60.6,18.29,Underweight,3,Upper Lower,Bodyweight Only,3,0,0,Bodyweight,Beginner,Beginner,1,1,1,1.0,1.0,1.0,2.0,2.0,"[""Gluteus Maximus""]","[""Hamstrings""]","[""Mat""]",Hip Extension,"[""Lower Back"", ""Neck""]","[""Cervical spine issues""]",2,1,0.7,0.9,0.0,0.0,6.71,3.03,0.025,,Safe,0.0,0,0,0,13,1,3,1,2,1,2,1,Reduce Difficulty,3
REC0000180,U000180,PLAN000180,EX0004,Beginner,Muscle Gain,Fat Loss,Male,23,173.0,70.8,23.66,Normal,5,Push Pull Legs,Commercial Gym,5,0,0,Bodyweight,Beginner,Beginner,1,2,1,2.0,2.0,2.0,1.0,3.8,"[""Pectoralis Major""]","[""Anterior Deltoid"", ""Triceps Brachii""]","[""Bodyweight""]",Horizontal Push,"[""Shoulder"", ""Elbow"", ""Wrist""]",[],3,0,0.7368,0.8947,0.0,0.0,8.73,3.29,0.0526,,Safe,0.0,0,0,0,2,1,1,0,1,0,1,1,Reduce Difficulty,5
REC0000181,U000181,PLAN000181,EX0004,Beginner,Athletic Performance,General Fitness,Male,43,185.0,64.7,18.9,Normal,5,Chest Back Legs,Limited Gym,4,0,0,Bodyweight,Beginner,Beginner,1,2,1,2.0,2.0,2.0,1.0,3.8,"[""Pectoralis Major""]","[""Anterior Deltoid"", ""Triceps Brachii""]","[""Bodyweight""]",Horizontal Push,"[""Shoulder"", ""Elbow"", ""Wrist""]",[],3,0,0.8333,0.8885,0.0,0.0,7.13,2.27,0.0278,,Safe,0.0,0,0,0,2,1,0,0,0,0,0,0,Keep,5
REC0000183,U000183,PLAN000183,EX0004,Intermediate,General Fitness,Athletic Performance,Male,24,176.0,90.4,29.18,Overweight,2,Body Part Split,Commercial Gym,6,0,0,Bodyweight,Beginner,Beginner,1,2,1,2.0,2.0,2.0,1.0,3.8,"[""Pectoralis Major""]","[""Anterior Deltoid"", ""Triceps Brachii""]","[""Bodyweight""]",Horizontal Push,"[""Shoulder"", ""Elbow"", ""Wrist""]",[],3,0,0.7188,0.9062,0.0,0.0,7.36,2.52,0.0312,,Safe,0.0,0,0,0,1,2,1,0,1,0,1,1,Reduce Difficulty,2
REC0000185,U000185,PLAN000185,EX0004,Beginner,Athletic Performance,Muscle Gain,Male,33,160.0,80.3,31.37,Obese,4,Push Pull Legs,Limited Gym,3,0,0,Bodyweight,Beginner,Beginner,1,2,1,2.0,2.0,2.0,1.0,3.8,"[""Pectoralis Major""]","[""Anterior Deltoid"", ""Triceps Brachii""]","[""Bodyweight""]",Horizontal Push,"[""Shoulder"", ""Elbow"", ""Wrist""]",[],3,0,0.7714,0.9143,0.0,0.0,7.52,2.69,0.0571,,Safe,0.0,0,0,0,18,5,2,1,1,1,2,1,Reduce Difficulty,4
REC0000188,U000188,PLAN000188,EX0141,Intermediate,Strength,General Fitness,Male,43,170.0,91.9,31.8,Obese,6,Auto,Home Gym,5,0,0,Resistance Training,Beginner,Beginner,3,2,1,1.5,1.0,1.5,1.5,2.0,"[""Posterior Deltoid"", ""Rhomboids"", ""Middle Trapezius""]","[""Infraspinatus"", ""Teres Minor""]","[""Resistance Band""]",Horizontal Pull,"[""Shoulder""]","[""None""]",1,1,0.8056,0.9126,0.0,0.0,8.18,3.03,0.0278,,Safe,0.0,0,0,0,6,2,0,1,0,1,0,0,Keep,6
REC0000189,U000189,PLAN000189,EX0227,Beginner,Muscular Endurance,Fat Loss,Male,20,179.0,62.7,19.57,Normal,4,Auto,Home Gym,5,1,1,Bodyweight,Beginner,Beginner,2,3,1,3.5,1.5,2.5,3.0,6.5,"[""Core"", ""Hip Flexors""]","[""Shoulders (Deltoids)"", ""Triceps Brachii"", ""Quadriceps""]","[""Mat""]",Total Body Integration,"[""Wrist"", ""Shoulder""]","[""Wrist pain""]",2,1,0.7073,0.8794,0.0,0.0,7.71,4.06,0.0488,,Review,0.55,1,0,0,15,4,5,3,4,1,2,1,Review Safety,4
REC0000191,U000191,PLAN000191,EX0004,Intermediate,General Fitness,Strength,Male,33,173.0,71.7,23.96,Normal,4,Upper Lower,Commercial Gym,6,0,0,Bodyweight,Beginner,Beginner,1,2,1,2.0,2.0,2.0,1.0,3.8,"[""Pectoralis Major""]","[""Anterior Deltoid"", ""Triceps Brachii""]","[""Bodyweight""]",Horizontal Push,"[""Shoulder"", ""Elbow"", ""Wrist""]",[],3,0,0.8108,0.9355,0.0,0.0,7.46,2.54,0.027,,Safe,0.0,0,0,0,3,0,1,0,1,0,1,1,Review Safety,4
REC0000192,U000192,PLAN000192,EX0004,Beginner,Muscle Gain,Muscular Endurance,Male,22,169.0,89.2,31.23,Obese,4,Chest Back Legs,Home Gym,5,0,0,Bodyweight,Beginner,Beginner,1,2,1,2.0,2.0,2.0,1.0,3.8,"[""Pectoralis Major""]","[""Anterior Deltoid"", ""Triceps Brachii""]","[""Bodyweight""]",Horizontal Push,"[""Shoulder"", ""Elbow"", ""Wrist""]",[],3,0,0.8,0.8598,0.0,0.0,8.05,3.09,0.0571,,Safe,0.0,0,0,0,2,0,1,0,1,0,1,1,Review Safety,4
REC0000193,U000193,PLAN000193,EX0242,Intermediate,Strength,Fat Loss,Male,28,180.0,71.6,22.1,Normal,2,Body Part Split,Home Gym,4,0,0,Resistance Training,Intermediate,Intermediate,2,1,1,2.0,3.5,2.0,1.5,3.0,"[""Pectoralis Major"", ""Triceps Brachii""]","[""Anterior Deltoid""]","[""Dumbbell""]",Horizontal Push,"[""Wrist"", ""Elbow""]","[""Wrist pain""]",2,1,0.6875,0.9196,0.0,0.0,8.74,4.07,0.0625,,Safe,0.0,0,0,0,1,1,1,0,1,0,1,1,Reduce Difficulty,2
REC0000196,U000196,PLAN000196,EX0026,Beginner,Mobility and Flexibility,Strength,Female,43,151.0,53.0,23.24,Normal,3,Auto,Limited Gym,5,0,0,Bodyweight,Beginner,Beginner,2,3,1,1.5,2.0,1.0,2.0,3.0,"[""Rectus Abdominis"", ""Transverse Abdominis""]","[""Obliques"", ""Erector Spinae"", ""Serratus Anterior""]","[""Bodyweight""]",Core Anti-Extension,"[""Lower Back"", ""Shoulder""]",[],2,0,0.7805,0.9268,0.0,0.0,6.52,2.45,0.0244,,Safe,0.0,0,0,0,1,1,0,0,0,0,0,0,Keep,3
REC0000197,U000197,PLAN000197,EX0004,Beginner,Strength,Fat Loss,Female,34,169.0,79.8,27.94,Overweight,4,Auto,Commercial Gym,5,0,0,Bodyweight,Beginner,Beginner,1,2,1,2.0,2.0,2.0,1.0,3.8,"[""Pectoralis Major""]","[""Anterior Deltoid"", ""Triceps Brachii""]","[""Bodyweight""]",Horizontal Push,"[""Shoulder"", ""Elbow"", ""Wrist""]",[],3,0,0.8462,0.9231,0.0,0.0,8.17,3.06,0.0256,,Safe,0.0,0,0,0,1,1,0,0,0,0,0,0,Keep,4
REC0000198,U000198,PLAN000198,EX0004,Beginner,Athletic Performance,Mobility and Flexibility,Female,31,152.0,64.5,27.92,Overweight,4,Upper Lower,Limited Gym,6,0,0,Bodyweight,Beginner,Beginner,1,2,1,2.0,2.0,2.0,1.0,3.8,"[""Pectoralis Major""]","[""Anterior Deltoid"", ""Triceps Brachii""]","[""Bodyweight""]",Horizontal Push,"[""Shoulder"", ""Elbow"", ""Wrist""]",[],3,0,0.8378,0.9492,0.0,0.0,7.13,2.09,0.027,,Safe,0.0,0,0,0,1,7,2,0,2,0,1,0,Reduce Difficulty,4
REC0000199,U000199,PLAN000199,EX0270,Advanced,Mobility and Flexibility,General Fitness,Male,18,186.0,63.3,18.3,Underweight,2,Auto,Limited Gym,3,0,0,Resistance Training,Beginner,Beginner,3,1,1,1.5,1.5,2.5,2.0,2.0,"[""Hamstrings"", ""Gluteus Maximus"", ""Erector Spinae""]","[""None""]","[""Resistance Band""]",Hinge,"[""Lower Back""]","[""Acute low back pain""]",1,1,0.8438,0.9375,0.0,0.0,6.08,2.0,0.0,,Safe,0.0,0,0,0,2,1,0,0,0,0,0,0,Keep,2
REC0000200,U000200,PLAN000200,EX0004,Intermediate,General Fitness,Muscular Endurance,Male,33,171.0,88.8,30.37,Obese,6,Body Part Split,Limited Gym,4,1,1,Bodyweight,Beginner,Beginner,1,2,1,2.0,2.0,2.0,1.0,3.8,"[""Pectoralis Major""]","[""Anterior Deltoid"", ""Triceps Brachii""]","[""Bodyweight""]",Horizontal Push,"[""Shoulder"", ""Elbow"", ""Wrist""]",[],3,0,0.725,0.9138,0.0,0.0,7.48,3.35,0.075,,Safe,0.0,0,0,0,6,2,2,2,2,1,2,1,Reduce Difficulty,6
REC0000201,U000201,PLAN000201,EX0224,Intermediate,Strength,Athletic Performance,Prefer not to say,23,150.0,49.8,22.13,Normal,2,Auto,Bodyweight Only,2,0,0,Bodyweight,Intermediate,Intermediate,2,2,1,2.5,3.0,3.0,3.0,4.5,"[""Anterior Deltoid"", ""Lateral Deltoid""]","[""Triceps Brachii"", ""Upper Trapezius""]","[""Mat""]",Vertical Push,"[""Shoulder"", ""Wrist"", ""Neck""]","[""High blood pressure"", ""Shoulder instability""]",3,2,0.7812,0.9375,0.0,0.0,8.2,3.07,0.0625,,Safe,0.0,0,0,0,1,14,4,0,3,0,2,1,Reduce Difficulty,2
REC0000202,U000202,PLAN000202,EX0003,Advanced,Strength,Rehabilitation and Joint Health,Prefer not to say,33,175.0,62.3,20.34,Normal,3,Body Part Split,Limited Gym,7,0,0,Resistance Training,Beginner,Beginner,1,2,1,1.0,1.0,1.0,1.0,3.5,"[""Pectoralis Major""]","[""Anterior Deltoid"", ""Triceps Brachii""]","[""Chest Press Machine""]",Horizontal Push,"[""Shoulder"", ""Elbow""]",[],2,0,0.8333,0.9091,0.0,0.0,8.2,3.06,0.0556,,Safe,0.0,0,0,0,14,5,7,3,6,1,2,1,Reduce Difficulty,3
REC0000204,U000204,PLAN000204,EX0155,Intermediate,Rehabilitation and Joint Health,General Fitness,Male,43,179.0,82.0,25.59,Overweight,4,Push Pull Legs,Home Gym,3,0,0,Resistance Training,Intermediate,Intermediate,2,3,1,3.5,3.5,3.0,3.5,5.5,"[""Gluteus Maximus"", ""Hamstrings""]","[""Quadriceps"", ""Erector Spinae"", ""Trapezius""]","[""Kettlebell""]",Hinge,"[""Wrist"", ""Lower Back"", ""Shoulder""]","[""Wrist pain""]",3,1,0.8718,0.9785,0.0,0.0,4.88,1.03,0.0256,,Safe,0.0,0,0,0,2,0,1,0,1,0,1,1,Reduce Difficulty,4
REC0000207,U000207,PLAN000207,EX0009,Beginner,General Fitness,Rehabilitation and Joint Health,Male,28,158.0,43.9,17.59,Underweight,2,Push Pull Legs,Commercial Gym,19,0,0,Resistance Training,Beginner,Beginner,2,3,1,1.0,1.0,1.0,1.0,3.5,"[""Latissimus Dorsi"", ""Rhomboids""]","[""Middle Trapezius"", ""Posterior Deltoid"", ""Biceps Brachii""]","[""Row Machine""]",Horizontal Pull,"[""Shoulder"", ""Elbow""]","[""Acute shoulder pain"", ""Pain during pulling""]",2,2,0.7812,0.9375,0.0,0.0,7.21,2.8,0.0312,,Safe,0.0,0,0,0,7,4,1,0,1,2,1,0,Reduce Difficulty,2
REC0000208,U000208,PLAN000208,EX0026,Intermediate,Rehabilitation and Joint Health,Strength,Prefer not to say,30,169.0,82.6,28.92,Overweight,5,Chest Back Legs,Bodyweight Only,2,0,0,Bodyweight,Beginner,Beginner,2,3,1,1.5,2.0,1.0,2.0,3.0,"[""Rectus Abdominis"", ""Transverse Abdominis""]","[""Obliques"", ""Erector Spinae"", ""Serratus Anterior""]","[""Bodyweight""]",Core Anti-Extension,"[""Lower Back"", ""Shoulder""]",[],2,0,0.7105,0.8954,0.0,0.0,5.7,3.03,0.0263,,Safe,0.0,0,0,0,2,1,1,0,1,0,1,1,Reduce Difficulty,5
REC0000209,U000209,PLAN000209,EX0026,Advanced,Fat Loss,Muscular Endurance,Prefer not to say,45,173.0,56.6,18.91,Normal,4,Upper Lower,Home Gym,3,0,0,Bodyweight,Beginner,Beginner,2,3,1,1.5,2.0,1.0,2.0,3.0,"[""Rectus Abdominis"", ""Transverse Abdominis""]","[""Obliques"", ""Erector Spinae"", ""Serratus Anterior""]","[""Bodyweight""]",Core Anti-Extension,"[""Lower Back"", ""Shoulder""]",[],2,0,0.7222,0.9167,0.0,0.0,7.76,3.79,0.0278,,Safe,0.0,0,0,0,2,1,1,0,1,0,1,1,Reduce Difficulty,4
REC0000210,U000210,PLAN000210,EX0004,Intermediate,General Fitness,Rehabilitation and Joint Health,Female,19,150.0,68.5,30.44,Obese,5,Upper Lower,Commercial Gym,13,0,0,Bodyweight,Beginner,Beginner,1,2,1,2.0,2.0,2.0,1.0,3.8,"[""Pectoralis Major""]","[""Anterior Deltoid"", ""Triceps Brachii""]","[""Bodyweight""]",Horizontal Push,"[""Shoulder"", ""Elbow"", ""Wrist""]",[],3,0,0.7317,0.9024,0.0,0.0,7.47,2.54,0.0,,Safe,0.0,0,0,0,1,17,2,0,2,0,1,0,Reduce Difficulty,5
REC0000211,U000211,PLAN000211,EX0219,Intermediate,Mobility and Flexibility,Strength,Other,29,159.0,60.2,23.81,Normal,5,Auto,Commercial Gym,19,0,0,Resistance Training,Beginner,Beginner,2,2,2,2.5,1.5,2.0,1.0,2.0,"[""Lower Trapezius"", ""Lateral Deltoid""]","[""Anterior Deltoid"", ""Serratus Anterior""]","[""Dumbbell"", ""Incline Bench""]",Vertical Pull,"[""Shoulder""]","[""Shoulder impingement""]",1,1,0.7692,0.8974,0.0,0.0,6.09,2.06,0.0513,,Safe,0.0,0,0,0,5,0,0,0,0,2,0,0,Reduce Difficulty,5
REC0000212,U000212,PLAN000212,EX0004,Intermediate,Muscular Endurance,Fat Loss,Other,25,168.0,62.3,22.07,Normal,4,Body Part Split,Commercial Gym,16,0,0,Bodyweight,Beginner,Beginner,1,2,1,2.0,2.0,2.0,1.0,3.8,"[""Pectoralis Major""]","[""Anterior Deltoid"", ""Triceps Brachii""]","[""Bodyweight""]",Horizontal Push,"[""Shoulder"", ""Elbow"", ""Wrist""]",[],3,0,0.7297,0.9328,0.0,0.0,7.73,4.0,0.0541,,Safe,0.0,0,0,0,1,1,1,0,1,0,1,1,Reduce Difficulty,4
REC0000213,U000213,PLAN000213,EX0026,Advanced,Rehabilitation and Joint Health,Muscle Gain,Other,46,159.0,52.5,20.77,Normal,5,Body Part Split,Home Gym,4,0,0,Bodyweight,Beginner,Beginner,2,3,1,1.5,2.0,1.0,2.0,3.0,"[""Rectus Abdominis"", ""Transverse Abdominis""]","[""Obliques"", ""Erector Spinae"", ""Serratus Anterior""]","[""Bodyweight""]",Core Anti-Extension,"[""Lower Back"", ""Shoulder""]",[],2,0,0.8286,0.9714,0.0,0.0,5.05,1.32,0.0571,,Safe,0.0,0,0,0,2,1,1,0,1,0,1,1,Reduce Difficulty,5
REC0000214,U000214,PLAN000214,EX0197,Advanced,Strength,Fat Loss,Prefer not to say,35,150.0,66.7,29.64,Overweight,5,Body Part Split,Commercial Gym,11,0,0,Resistance Training,Beginner,Beginner,2,1,1,1.5,1.5,1.5,1.0,3.5,"[""Triceps Brachii"", ""Pectoralis Major""]","[""Anterior Deltoid""]","[""Assisted Dip Machine""]",Vertical Push,"[""Shoulder"", ""Wrist"", ""Elbow""]","[""AC joint pain""]",3,1,0.8,0.954,0.0,0.0,8.05,3.05,0.05,,Safe,0.0,0,0,0,3,0,1,0,1,0,1,1,Reduce Difficulty,5
REC0000216,U000216,PLAN000216,EX0004,Beginner,Strength,Athletic Performance,Other,23,154.0,49.9,21.04,Normal,3,Body Part Split,Limited Gym,9,1,1,Bodyweight,Beginner,Beginner,1,2,1,2.0,2.0,2.0,1.0,3.8,"[""Pectoralis Major""]","[""Anterior Deltoid"", ""Triceps Brachii""]","[""Bodyweight""]",Horizontal Push,"[""Shoulder"", ""Elbow"", ""Wrist""]",[],3,0,0.75,0.9045,0.0,0.0,8.41,3.0,0.0,,Safe,0.0,0,0,0,1,2,3,0,3,0,2,0,Reduce Difficulty,3
REC0000218,U000218,PLAN000218,EX0227,Intermediate,Fat Loss,Rehabilitation and Joint Health,Other,35,166.0,85.8,31.14,Obese,5,Chest Back Legs,Bodyweight Only,2,0,0,Bodyweight,Beginner,Beginner,2,3,1,3.5,1.5,2.5,3.0,6.5,"[""Core"", ""Hip Flexors""]","[""Shoulders (Deltoids)"", ""Triceps Brachii"", ""Quadriceps""]","[""Mat""]",Total Body Integration,"[""Wrist"", ""Shoulder""]","[""Wrist pain""]",2,1,0.7436,0.8962,0.0,0.0,7.7,4.03,0.0256,,Safe,0.0,0,0,0,2,14,3,0,3,0,1,0,Reduce Difficulty,5
REC0000219,U000219,PLAN000219,EX0004,Advanced,Fat Loss,Muscular Endurance,Male,22,175.0,62.2,20.31,Normal,5,Upper Lower,Home Gym,4,1,1,Bodyweight,Beginner,Beginner,1,2,1,2.0,2.0,2.0,1.0,3.8,"[""Pectoralis Major""]","[""Anterior Deltoid"", ""Triceps Brachii""]","[""Bodyweight""]",Horizontal Push,"[""Shoulder"", ""Elbow"", ""Wrist""]",[],3,0,0.8378,0.9459,0.0,0.0,7.09,2.06,0.0541,,Safe,0.0,0,0,0,2,0,1,0,1,0,1,1,Reduce Difficulty,5
REC0000221,U000221,PLAN000221,EX0215,Intermediate,Mobility and Flexibility,Athletic Performance,Male,22,173.0,52.8,17.64,Underweight,6,Upper Lower,Commercial Gym,17,0,0,Bodyweight,Intermediate,Intermediate,2,1,1,2.5,3.5,3.0,2.0,3.5,"[""Triceps Brachii"", ""Pectoralis Major (Inner/Clavicular Bias)""]","[""Anterior Deltoid""]","[""Bodyweight""]",Horizontal Push,"[""Wrist"", ""Elbow"", ""Shoulder""]","[""Wrist impingement""]",3,1,0.85,0.9731,0.0,0.0,6.02,2.18,0.05,,Safe,0.0,0,0,0,23,7,3,2,1,2,3,1,Reduce Difficulty,6
REC0000222,U000222,PLAN000222,EX0004,Intermediate,Muscle Gain,Strength,Prefer not to say,33,169.0,87.8,30.74,Obese,4,Auto,Bodyweight Only,2,0,0,Bodyweight,Beginner,Beginner,1,2,1,2.0,2.0,2.0,1.0,3.8,"[""Pectoralis Major""]","[""Anterior Deltoid"", ""Triceps Brachii""]","[""Bodyweight""]",Horizontal Push,"[""Shoulder"", ""Elbow"", ""Wrist""]",[],3,0,0.7632,0.9474,0.0,0.0,8.16,3.06,0.0526,,Safe,0.0,0,0,0,5,4,3,0,3,1,2,1,Reduce Difficulty,4
REC0000223,U000223,PLAN000223,EX0180,Intermediate,General Fitness,Muscle Gain,Male,26,163.0,52.9,19.91,Normal,6,Auto,Home Gym,2,1,1,Bodyweight,Beginner,Beginner,3,2,1,2.0,1.0,1.5,1.5,2.0,"[""Erector Spinae"", ""Gluteus Maximus"", ""Transverse Abdominis""]","[""Deltoids"", ""Hamstrings""]","[""Mat""]",Core Anti-Rotation,"[""Lower Back"", ""Wrist""]","[""None""]",2,1,0.6944,0.8874,0.0,0.0,7.7,4.03,0.0278,,Safe,0.0,0,0,0,11,3,3,2,2,1,2,1,Reduce Difficulty,6
REC0000224,U000224,PLAN000224,EX0004,Beginner,Muscle Gain,Rehabilitation and Joint Health,Prefer not to say,30,171.0,77.1,26.37,Overweight,3,Auto,Bodyweight Only,2,0,0,Bodyweight,Beginner,Beginner,1,2,1,2.0,2.0,2.0,1.0,3.8,"[""Pectoralis Major""]","[""Anterior Deltoid"", ""Triceps Brachii""]","[""Bodyweight""]",Horizontal Push,"[""Shoulder"", ""Elbow"", ""Wrist""]",[],3,0,0.7561,0.9275,0.0,0.0,8.5,3.13,0.0244,,Safe,0.0,0,0,0,11,11,8,1,3,1,2,1,Reduce Difficulty,3
REC0000225,U000225,PLAN000225,EX0035,Beginner,Rehabilitation and Joint Health,Muscle Gain,Female,34,151.0,65.6,28.77,Overweight,4,Upper Lower,Commercial Gym,19,0,0,Resistance Training,Beginner,Beginner,1,1,1,1.0,1.5,2.0,1.0,2.0,"[""Soleus""]","[""Gastrocnemius""]","[""Seated Calf Machine""]",Ankle Plantarflexion,"[""Ankle"", ""Achilles Tendon""]","[""Achilles tendinopathy""]",2,1,0.7692,0.9487,0.0,0.0,5.02,1.08,0.0769,,Safe,0.0,0,0,0,2,0,1,0,1,0,1,1,Reduce Difficulty,4
REC0000226,U000226,PLAN000226,EX0004,Advanced,General Fitness,Fat Loss,Prefer not to say,44,168.0,55.5,19.66,Normal,6,Chest Back Legs,Limited Gym,6,0,0,Bodyweight,Beginner,Beginner,1,2,1,2.0,2.0,2.0,1.0,3.8,"[""Pectoralis Major""]","[""Anterior Deltoid"", ""Triceps Brachii""]","[""Bodyweight""]",Horizontal Push,"[""Shoulder"", ""Elbow"", ""Wrist""]",[],3,0,0.8649,0.9459,0.0,0.0,6.89,2.23,0.027,,Safe,0.0,0,0,0,2,0,0,0,0,0,0,0,Keep,6
REC0000227,U000227,PLAN000227,EX0004,Intermediate,General Fitness,Strength,Female,19,159.0,54.0,21.36,Normal,2,Full Body,Limited Gym,8,0,0,Bodyweight,Beginner,Beginner,1,2,1,2.0,2.0,2.0,1.0,3.8,"[""Pectoralis Major""]","[""Anterior Deltoid"", ""Triceps Brachii""]","[""Bodyweight""]",Horizontal Push,"[""Shoulder"", ""Elbow"", ""Wrist""]",[],3,0,0.6875,0.9062,0.0,0.0,7.34,2.52,0.0312,,Safe,0.0,0,0,0,14,2,3,3,3,1,1,0,Reduce Difficulty,2
REC0000228,U000228,PLAN000228,EX0172,Intermediate,Rehabilitation and Joint Health,Muscle Gain,Other,25,170.0,83.3,28.82,Overweight,4,Auto,Limited Gym,9,0,0,Bodyweight,Intermediate,Intermediate,3,1,1,3.5,3.5,3.0,3.0,4.0,"[""Quadriceps"", ""Gluteus Maximus"", ""Adductor Magnus""]","[""Hamstrings""]","[""Bodyweight""]",Squat,"[""Knee"", ""Hip""]","[""Groin strain"", ""Knee meniscus issues""]",2,2,0.8,0.95,0.0,0.0,5.0,1.0,0.0,,Safe,0.0,0,0,0,3,1,0,1,0,1,0,0,Keep,4
REC0000229,U000229,PLAN000229,EX0180,Beginner,Strength,General Fitness,Other,27,164.0,85.4,31.75,Obese,2,Auto,Bodyweight Only,2,0,0,Bodyweight,Beginner,Beginner,3,2,1,2.0,1.0,1.5,1.5,2.0,"[""Erector Spinae"", ""Gluteus Maximus"", ""Transverse Abdominis""]","[""Deltoids"", ""Hamstrings""]","[""Mat""]",Core Anti-Rotation,"[""Lower Back"", ""Wrist""]","[""None""]",2,1,0.7812,0.9375,0.0,0.0,8.21,3.0,0.0,,Safe,0.0,0,0,0,2,1,0,0,0,0,0,0,Keep,2
REC0000231,U000231,PLAN000231,EX0004,Beginner,Athletic Performance,Muscular Endurance,Other,22,169.0,62.9,22.02,Normal,6,Body Part Split,Home Gym,4,0,0,Bodyweight,Beginner,Beginner,1,2,1,2.0,2.0,2.0,1.0,3.8,"[""Pectoralis Major""]","[""Anterior Deltoid"", ""Triceps Brachii""]","[""Bodyweight""]",Horizontal Push,"[""Shoulder"", ""Elbow"", ""Wrist""]",[],3,0,0.8049,0.9268,0.0,0.0,7.11,2.0,0.0,,Safe,0.0,0,0,0,1,2,0,0,0,0,0,0,Keep,6
REC0000232,U000232,PLAN000232,EX0179,Intermediate,Athletic Performance,Mobility and Flexibility,Male,27,183.0,75.6,22.57,Normal,6,Chest Back Legs,Bodyweight Only,2,0,0,Bodyweight,Beginner,Beginner,2,2,1,2.5,1.5,1.5,1.5,2.5,"[""Rectus Abdominis"", ""Transverse Abdominis""]","[""Obliques"", ""Hip Flexors""]","[""Mat""]",Core Anti-Extension,"[""Lower Back""]","[""None""]",1,1,0.7692,0.9177,0.0,0.0,7.19,2.47,0.0256,,Safe,0.0,0,0,0,6,10,1,1,0,1,1,1,Keep,6
REC0000234,U000234,PLAN000234,EX0004,Advanced,Fat Loss,Mobility and Flexibility,Female,18,161.0,63.3,24.42,Normal,5,Auto,Limited Gym,7,0,0,Bodyweight,Beginner,Beginner,1,2,1,2.0,2.0,2.0,1.0,3.8,"[""Pectoralis Major""]","[""Anterior Deltoid"", ""Triceps Brachii""]","[""Bodyweight""]",Horizontal Push,"[""Shoulder"", ""Elbow"", ""Wrist""]",[],3,0,0.7429,0.8916,0.0,0.0,7.41,2.65,0.0857,,Safe,0.0,0,0,0,1,1,2,0,2,0,2,2,Review Safety,5
REC0000238,U000238,PLAN000238,EX0004,Advanced,Strength,Fat Loss,Prefer not to say,24,169.0,60.2,21.08,Normal,3,Push Pull Legs,Home Gym,1,0,0,Bodyweight,Beginner,Beginner,1,2,1,2.0,2.0,2.0,1.0,3.8,"[""Pectoralis Major""]","[""Anterior Deltoid"", ""Triceps Brachii""]","[""Bodyweight""]",Horizontal Push,"[""Shoulder"", ""Elbow"", ""Wrist""]",[],3,0,0.7073,0.9024,0.0,0.0,8.38,3.08,0.0732,,Safe,0.0,0,0,0,3,0,1,0,1,0,1,1,Reduce Difficulty,3
REC0000239,U000239,PLAN000239,EX0003,Intermediate,Athletic Performance,Rehabilitation and Joint Health,Other,32,154.0,66.5,28.04,Overweight,6,Auto,Limited Gym,5,0,0,Resistance Training,Beginner,Beginner,1,2,1,1.0,1.0,1.0,1.0,3.5,"[""Pectoralis Major""]","[""Anterior Deltoid"", ""Triceps Brachii""]","[""Chest Press Machine""]",Horizontal Push,"[""Shoulder"", ""Elbow""]",[],2,0,0.7949,0.9467,0.0,0.0,7.12,2.08,0.0513,,Safe,0.0,0,0,0,2,1,1,0,1,0,1,1,Review Safety,6
REC0000240,U000240,PLAN000240,EX0243,Advanced,Strength,Mobility and Flexibility,Prefer not to say,22,179.0,98.8,30.84,Obese,3,Full Body,Commercial Gym,15,0,0,Resistance Training,Intermediate,Intermediate,2,3,1,3.0,4.0,3.0,3.5,4.0,"[""Anterior Deltoid"", ""Triceps Brachii""]","[""Lateral Deltoid"", ""Upper Trapezius"", ""Pectoralis Major (Clavicular Head)""]","[""Kettlebell""]",Vertical Push,"[""Shoulder"", ""Lower Back"", ""Wrist""]","[""Shoulder impingement"", ""Wrist pain""]",3,2,0.8649,0.9722,0.0,0.0,7.99,3.0,0.0,,Safe,0.0,0,0,0,3,6,1,0,1,0,1,0,Reduce Difficulty,3
REC0000241,U000241,PLAN000241,EX0026,Beginner,Mobility and Flexibility,Rehabilitation and Joint Health,Female,27,158.0,53.5,21.43,Normal,6,Body Part Split,Home Gym,3,0,0,Bodyweight,Beginner,Beginner,2,3,1,1.5,2.0,1.0,2.0,3.0,"[""Rectus Abdominis"", ""Transverse Abdominis""]","[""Obliques"", ""Erector Spinae"", ""Serratus Anterior""]","[""Bodyweight""]",Core Anti-Extension,"[""Lower Back"", ""Shoulder""]",[],2,0,0.8286,0.9429,0.0,0.0,5.92,2.03,0.0286,,Safe,0.0,0,0,0,1,2,0,0,0,0,0,0,Keep,6
REC0000242,U000242,PLAN000242,EX0004,Beginner,Muscle Gain,General Fitness,Female,19,164.0,84.7,31.49,Obese,4,Full Body,Commercial Gym,18,0,0,Bodyweight,Beginner,Beginner,1,2,1,2.0,2.0,2.0,1.0,3.8,"[""Pectoralis Major""]","[""Anterior Deltoid"", ""Triceps Brachii""]","[""Bodyweight""]",Horizontal Push,"[""Shoulder"", ""Elbow"", ""Wrist""]",[],3,0,0.825,0.9224,0.0,0.0,8.11,3.46,0.025,,Safe,0.0,0,0,0,4,0,0,1,0,1,0,0,Keep,4
REC0000243,U000243,PLAN000243,EX0026,Advanced,Rehabilitation and Joint Health,Strength,Male,24,179.0,102.0,31.83,Obese,2,Upper Lower,Limited Gym,6,0,0,Bodyweight,Beginner,Beginner,2,3,1,1.5,2.0,1.0,2.0,3.0,"[""Rectus Abdominis"", ""Transverse Abdominis""]","[""Obliques"", ""Erector Spinae"", ""Serratus Anterior""]","[""Bodyweight""]",Core Anti-Extension,"[""Lower Back"", ""Shoulder""]",[],2,0,0.7812,0.9375,0.0,0.0,5.22,1.87,0.0312,,Safe,0.0,0,0,0,3,0,1,0,1,0,1,1,Reduce Difficulty,2
REC0000244,U000244,PLAN000244,EX0180,Advanced,General Fitness,Fat Loss,Prefer not to say,37,158.0,47.8,19.15,Normal,5,Upper Lower,Bodyweight Only,2,0,0,Bodyweight,Beginner,Beginner,3,2,1,2.0,1.0,1.5,1.5,2.0,"[""Erector Spinae"", ""Gluteus Maximus"", ""Transverse Abdominis""]","[""Deltoids"", ""Hamstrings""]","[""Mat""]",Core Anti-Rotation,"[""Lower Back"", ""Wrist""]","[""None""]",2,1,0.8333,0.9394,0.0,0.0,7.0,2.44,0.0,,Safe,0.0,0,0,0,9,0,1,1,1,1,1,0,Reduce Difficulty,5
REC0000245,U000245,PLAN000245,EX0004,Advanced,Fat Loss,Athletic Performance,Prefer not to say,22,168.0,58.0,20.55,Normal,2,Upper Lower,Home Gym,5,0,0,Bodyweight,Beginner,Beginner,1,2,1,2.0,2.0,2.0,1.0,3.8,"[""Pectoralis Major""]","[""Anterior Deltoid"", ""Triceps Brachii""]","[""Bodyweight""]",Horizontal Push,"[""Shoulder"", ""Elbow"", ""Wrist""]",[],3,0,0.7812,0.9062,0.0,0.0,7.36,2.52,0.0312,,Safe,0.0,0,0,0,3,2,2,1,2,1,2,1,Reduce Difficulty,2
REC0000246,U000246,PLAN000246,EX0026,Intermediate,Rehabilitation and Joint Health,Muscular Endurance,Other,23,161.0,68.4,26.39,Overweight,3,Chest Back Legs,Home Gym,4,0,0,Bodyweight,Beginner,Beginner,2,3,1,1.5,2.0,1.0,2.0,3.0,"[""Rectus Abdominis"", ""Transverse Abdominis""]","[""Obliques"", ""Erector Spinae"", ""Serratus Anterior""]","[""Bodyweight""]",Core Anti-Extension,"[""Lower Back"", ""Shoulder""]",[],2,0,0.8718,0.9744,0.0,0.0,4.95,1.11,0.0513,,Safe,0.0,0,0,0,2,1,1,0,1,0,1,1,Reduce Difficulty,3
REC0000247,U000247,PLAN000247,EX0176,Beginner,Mobility and Flexibility,Strength,Female,22,155.0,62.0,25.81,Overweight,2,Upper Lower,Bodyweight Only,2,0,0,Bodyweight,Beginner,Beginner,2,1,1,1.5,1.5,1.5,2.5,3.0,"[""Obliques"", ""Quadratus Lumborum""]","[""Gluteus Medius""]","[""Mat""]",Core Anti-Lateral Flexion,"[""Shoulder""]","[""Shoulder impingement or instability""]",1,1,0.7812,0.9479,0.0,0.0,6.0,2.27,0.0312,,Safe,0.0,0,0,0,2,1,1,0,1,0,1,1,Review Safety,2
REC0000248,U000248,PLAN000248,EX0004,Advanced,Fat Loss,General Fitness,Male,36,175.0,63.8,20.83,Normal,3,Upper Lower,Home Gym,2,0,0,Bodyweight,Beginner,Beginner,1,2,1,2.0,2.0,2.0,1.0,3.8,"[""Pectoralis Major""]","[""Anterior Deltoid"", ""Triceps Brachii""]","[""Bodyweight""]",Horizontal Push,"[""Shoulder"", ""Elbow"", ""Wrist""]",[],3,0,0.8286,0.9143,0.0,0.0,6.98,2.03,0.0,,Safe,0.0,0,0,0,2,0,0,0,0,0,0,0,Keep,3
REC0000249,U000249,PLAN000249,EX0004,Advanced,Mobility and Flexibility,General Fitness,Other,35,165.0,73.2,26.89,Overweight,3,Chest Back Legs,Commercial Gym,10,1,1,Bodyweight,Beginner,Beginner,1,2,1,2.0,2.0,2.0,1.0,3.8,"[""Pectoralis Major""]","[""Anterior Deltoid"", ""Triceps Brachii""]","[""Bodyweight""]",Horizontal Push,"[""Shoulder"", ""Elbow"", ""Wrist""]",[],3,0,0.8,0.9367,0.0,0.0,6.21,2.05,0.05,,Review,0.55,1,0,0,9,6,1,1,1,1,1,0,Review Safety,3
REC0000250,U000250,PLAN000250,EX0227,Beginner,Muscular Endurance,Rehabilitation and Joint Health,Female,36,150.0,42.8,19.02,Normal,2,Push Pull Legs,Bodyweight Only,2,0,0,Bodyweight,Beginner,Beginner,2,3,1,3.5,1.5,2.5,3.0,6.5,"[""Core"", ""Hip Flexors""]","[""Shoulders (Deltoids)"", ""Triceps Brachii"", ""Quadriceps""]","[""Mat""]",Total Body Integration,"[""Wrist"", ""Shoulder""]","[""Wrist pain""]",2,1,0.8438,0.9375,0.0,0.0,7.0,2.0,0.0,,Safe,0.0,0,0,0,18,0,1,4,1,1,1,0,Reduce Difficulty,2
REC0000251,U000251,PLAN000251,EX0004,Advanced,Muscle Gain,Muscular Endurance,Prefer not to say,24,163.0,44.0,16.56,Underweight,3,Chest Back Legs,Bodyweight Only,2,0,0,Bodyweight,Beginner,Beginner,1,2,1,2.0,2.0,2.0,1.0,3.8,"[""Pectoralis Major""]","[""Anterior Deltoid"", ""Triceps Brachii""]","[""Bodyweight""]",Horizontal Push,"[""Shoulder"", ""Elbow"", ""Wrist""]",[],3,0,0.8333,0.9722,0.0,0.0,8.07,3.11,0.0,,Safe,0.0,0,0,0,7,5,1,0,1,1,1,0,Reduce Difficulty,3
REC0000252,U000252,PLAN000252,EX0026,Intermediate,Rehabilitation and Joint Health,Muscle Gain,Other,23,168.0,71.6,25.37,Overweight,4,Auto,Limited Gym,4,1,1,Bodyweight,Beginner,Beginner,2,3,1,1.5,2.0,1.0,2.0,3.0,"[""Rectus Abdominis"", ""Transverse Abdominis""]","[""Obliques"", ""Erector Spinae"", ""Serratus Anterior""]","[""Bodyweight""]",Core Anti-Extension,"[""Lower Back"", ""Shoulder""]",[],2,0,0.8537,0.9615,0.0,0.0,4.91,1.0,0.0,,Safe,0.0,0,0,0,1,1,0,0,0,0,0,0,Keep,4
REC0000254,U000254,PLAN000254,EX0003,Intermediate,General Fitness,Strength,Other,24,157.0,76.6,31.08,Obese,2,Push Pull Legs,Commercial Gym,19,0,0,Resistance Training,Beginner,Beginner,1,2,1,1.0,1.0,1.0,1.0,3.5,"[""Pectoralis Major""]","[""Anterior Deltoid"", ""Triceps Brachii""]","[""Chest Press Machine""]",Horizontal Push,"[""Shoulder"", ""Elbow""]",[],2,0,0.8125,0.9062,0.0,0.0,7.24,2.72,0.0312,,Safe,0.0,0,0,0,16,0,4,4,1,1,2,1,Reduce Difficulty,2
REC0000255,U000255,PLAN000255,EX0151,Advanced,Muscular Endurance,General Fitness,Male,23,167.0,78.3,28.08,Overweight,2,Upper Lower,Limited Gym,6,1,1,Bodyweight,Intermediate,Intermediate,1,2,2,3.0,3.5,2.5,3.5,3.5,"[""Hamstrings""]","[""Gluteus Maximus"", ""Gastrocnemius""]","[""Sliders"", ""Towels""]",Knee Flexion,"[""Knee""]","[""Acute hamstring strain""]",1,1,0.7812,0.9375,0.0,0.0,7.02,2.0,0.0,,Safe,0.0,0,0,0,1,3,0,0,0,0,0,0,Keep,2
REC0000257,U000257,PLAN000257,EX0052,Advanced,Strength,Mobility and Flexibility,Other,21,165.0,58.9,21.63,Normal,3,Auto,Limited Gym,7,0,0,Resistance Training,Beginner,Beginner,1,2,1,2.0,4.0,2.0,1.0,4.5,"[""Quadriceps""]","[""Gluteus Maximus"", ""Hamstrings""]","[""Hack Squat Machine""]",Squat,"[""Knee"", ""Lower Back""]","[""Severe knee osteoarthritis""]",2,1,0.8421,0.9451,0.0,0.0,7.88,3.0,0.0,,Safe,0.0,0,0,0,2,2,0,0,0,1,0,0,Keep,3
REC0000258,U000258,PLAN000258,EX0004,Intermediate,Muscular Endurance,Rehabilitation and Joint Health,Prefer not to say,28,165.0,70.3,25.82,Overweight,5,Body Part Split,Bodyweight Only,2,0,0,Bodyweight,Beginner,Beginner,1,2,1,2.0,2.0,2.0,1.0,3.8,"[""Pectoralis Major""]","[""Anterior Deltoid"", ""Triceps Brachii""]","[""Bodyweight""]",Horizontal Push,"[""Shoulder"", ""Elbow"", ""Wrist""]",[],3,0,0.7778,0.9333,0.0,0.0,7.02,2.06,0.0556,,Safe,0.0,0,0,0,7,1,2,2,2,1,2,1,Reduce Difficulty,5
REC0000260,U000260,PLAN000260,EX0054,Intermediate,Fat Loss,Mobility and Flexibility,Male,21,182.0,103.4,31.22,Obese,3,Body Part Split,Commercial Gym,10,1,1,Resistance Training,Beginner,Beginner,1,1,1,1.0,1.5,1.5,1.0,2.0,"[""Pectoralis Major""]","[""Anterior Deltoid""]","[""Pec Deck Machine""]",Horizontal Push,"[""Shoulder""]","[""Severe shoulder impingement""]",1,1,0.8462,0.9744,0.0,0.0,6.89,2.24,0.0,,Safe,0.0,0,0,0,2,1,0,0,0,0,0,0,Keep,3
REC0000262,U000262,PLAN000262,EX0154,Intermediate,Athletic Performance,Muscle Gain,Other,36,175.0,73.7,24.07,Normal,5,Chest Back Legs,Home Gym,3,0,0,Resistance Training,Beginner,Beginner,2,4,1,2.0,2.0,4.0,4.0,6.0,"[""Latissimus Dorsi"", ""Rectus Abdominis""]","[""Gluteus Maximus"", ""Hamstrings"", ""Triceps Brachii"", ""Anterior Deltoid""]","[""Medicine Ball""]",Trunk Flexion,"[""Shoulder"", ""Lower Back""]","[""Severe lower back pain""]",2,1,0.8857,0.9706,0.0,0.0,6.81,2.03,0.0286,,Safe,0.0,0,0,0,2,1,0,0,0,0,0,0,Keep,5
REC0000263,U000263,PLAN000263,EX0242,Advanced,Strength,Mobility and Flexibility,Female,28,159.0,58.9,23.3,Normal,6,Body Part Split,Commercial Gym,14,0,0,Resistance Training,Intermediate,Intermediate,2,1,1,2.0,3.5,2.0,1.5,3.0,"[""Pectoralis Major"", ""Triceps Brachii""]","[""Anterior Deltoid""]","[""Dumbbell""]",Horizontal Push,"[""Wrist"", ""Elbow""]","[""Wrist pain""]",2,1,0.85,0.978,0.0,0.0,7.88,3.18,0.0,,Safe,0.0,0,0,0,16,1,0,2,0,4,0,0,Keep,6
REC0000264,U000264,PLAN000264,EX0215,Advanced,Rehabilitation and Joint Health,Mobility and Flexibility,Female,18,159.0,69.2,27.37,Overweight,3,Upper Lower,Limited Gym,9,0,0,Bodyweight,Intermediate,Intermediate,2,1,1,2.5,3.5,3.0,2.0,3.5,"[""Triceps Brachii"", ""Pectoralis Major (Inner/Clavicular Bias)""]","[""Anterior Deltoid""]","[""Bodyweight""]",Horizontal Push,"[""Wrist"", ""Elbow"", ""Shoulder""]","[""Wrist impingement""]",3,1,0.7105,0.8684,0.0,0.0,5.71,3.03,0.0263,,Safe,0.0,0,0,0,1,2,1,0,1,0,1,1,Reduce Difficulty,3
REC0000265,U000265,PLAN000265,EX0004,Intermediate,Muscle Gain,Athletic Performance,Male,38,166.0,54.9,19.92,Normal,3,Body Part Split,Home Gym,3,0,0,Bodyweight,Beginner,Beginner,1,2,1,2.0,2.0,2.0,1.0,3.8,"[""Pectoralis Major""]","[""Anterior Deltoid"", ""Triceps Brachii""]","[""Bodyweight""]",Horizontal Push,"[""Shoulder"", ""Elbow"", ""Wrist""]",[],3,0,0.7778,0.9504,0.0,0.0,8.27,3.03,0.0278,,Safe,0.0,0,0,0,3,0,1,0,1,0,1,1,Reduce Difficulty,3
REC0000266,U000266,PLAN000266,EX0179,Beginner,Athletic Performance,Rehabilitation and Joint Health,Male,22,156.0,59.7,24.53,Normal,4,Chest Back Legs,Bodyweight Only,2,1,1,Bodyweight,Beginner,Beginner,2,2,1,2.5,1.5,1.5,1.5,2.5,"[""Rectus Abdominis"", ""Transverse Abdominis""]","[""Obliques"", ""Hip Flexors""]","[""Mat""]",Core Anti-Extension,"[""Lower Back""]","[""None""]",1,1,0.8049,0.9273,0.0,0.0,7.01,2.08,0.0732,,Safe,0.0,0,0,0,6,24,4,0,0,1,2,1,Reduce Difficulty,4
REC0000267,U000267,PLAN000267,EX0004,Beginner,General Fitness,Strength,Other,25,168.0,54.9,19.45,Normal,4,Body Part Split,Home Gym,3,0,0,Bodyweight,Beginner,Beginner,1,2,1,2.0,2.0,2.0,1.0,3.8,"[""Pectoralis Major""]","[""Anterior Deltoid"", ""Triceps Brachii""]","[""Bodyweight""]",Horizontal Push,"[""Shoulder"", ""Elbow"", ""Wrist""]",[],3,0,0.8462,0.9744,0.0,0.0,7.0,2.26,0.0,,Safe,0.0,0,0,0,2,0,0,0,0,0,0,0,Keep,4
REC0000268,U000268,PLAN000268,EX0004,Intermediate,Muscular Endurance,Athletic Performance,Prefer not to say,20,163.0,55.5,20.89,Normal,6,Push Pull Legs,Commercial Gym,19,0,0,Bodyweight,Beginner,Beginner,1,2,1,2.0,2.0,2.0,1.0,3.8,"[""Pectoralis Major""]","[""Anterior Deltoid"", ""Triceps Brachii""]","[""Bodyweight""]",Horizontal Push,"[""Shoulder"", ""Elbow"", ""Wrist""]",[],3,0,0.8378,0.9524,0.0,0.0,6.91,2.06,0.0541,,Safe,0.0,0,0,0,10,0,0,0,0,2,0,0,Reduce Difficulty,6
REC0000269,U000269,PLAN000269,EX0274,Beginner,Fat Loss,Muscle Gain,Male,28,158.0,53.3,21.35,Normal,4,Auto,Bodyweight Only,2,1,1,Bodyweight,Beginner,Beginner,3,1,1,1.0,1.0,1.0,1.5,1.5,"[""Adductors (Longus, Magnus, Brevis)"", ""Gracilis"", ""Pectineus""]","[""None""]","[""Mat""]",Hip Adduction,"[""Hip"", ""Groin""]","[""Acute groin strain""]",2,1,0.7714,0.9429,0.0,0.0,7.13,2.24,0.0,,Safe,0.0,0,0,0,11,1,0,1,0,1,0,0,Keep,4
REC0000270,U000270,PLAN000270,EX0026,Intermediate,Mobility and Flexibility,Athletic Performance,Other,22,172.0,94.0,31.77,Obese,4,Chest Back Legs,Home Gym,3,0,0,Bodyweight,Beginner,Beginner,2,3,1,1.5,2.0,1.0,2.0,3.0,"[""Rectus Abdominis"", ""Transverse Abdominis""]","[""Obliques"", ""Erector Spinae"", ""Serratus Anterior""]","[""Bodyweight""]",Core Anti-Extension,"[""Lower Back"", ""Shoulder""]",[],2,0,0.85,0.95,0.0,0.0,6.21,2.24,0.0,,Safe,0.0,0,0,0,1,2,0,0,0,0,0,0,Keep,4
REC0000271,U000271,PLAN000271,EX0004,Advanced,General Fitness,Muscular Endurance,Other,20,162.0,44.7,17.03,Underweight,6,Push Pull Legs,Home Gym,3,0,0,Bodyweight,Beginner,Beginner,1,2,1,2.0,2.0,2.0,1.0,3.8,"[""Pectoralis Major""]","[""Anterior Deltoid"", ""Triceps Brachii""]","[""Bodyweight""]",Horizontal Push,"[""Shoulder"", ""Elbow"", ""Wrist""]",[],3,0,0.8947,1.0,0.0,0.0,6.88,2.34,0.0,,Safe,0.0,0,0,0,3,0,0,0,0,0,0,0,Keep,6
REC0000272,U000272,PLAN000272,EX0224,Advanced,Strength,General Fitness,Female,38,151.0,51.6,22.63,Normal,6,Auto,Commercial Gym,13,1,1,Bodyweight,Intermediate,Intermediate,2,2,1,2.5,3.0,3.0,3.0,4.5,"[""Anterior Deltoid"", ""Lateral Deltoid""]","[""Triceps Brachii"", ""Upper Trapezius""]","[""Mat""]",Vertical Push,"[""Shoulder"", ""Wrist"", ""Neck""]","[""High blood pressure"", ""Shoulder instability""]",3,2,0.9167,0.9816,0.0,0.0,7.9,3.0,0.0,,Safe,0.0,0,0,0,8,5,0,1,0,2,0,0,Keep,6
REC0000273,U000273,PLAN000273,EX0026,Advanced,Rehabilitation and Joint Health,Muscular Endurance,Prefer not to say,38,153.0,72.0,30.76,Obese,6,Auto,Limited Gym,6,0,0,Bodyweight,Beginner,Beginner,2,3,1,1.5,2.0,1.0,2.0,3.0,"[""Rectus Abdominis"", ""Transverse Abdominis""]","[""Obliques"", ""Erector Spinae"", ""Serratus Anterior""]","[""Bodyweight""]",Core Anti-Extension,"[""Lower Back"", ""Shoulder""]",[],2,0,0.9024,0.9756,0.0,0.0,4.82,1.05,0.0488,,Safe,0.0,0,0,0,3,0,1,0,1,0,1,1,Reduce Difficulty,6
REC0000277,U000277,PLAN000277,EX0004,Intermediate,Athletic Performance,Muscle Gain,Male,49,161.0,72.7,28.05,Overweight,4,Body Part Split,Limited Gym,8,0,0,Bodyweight,Beginner,Beginner,1,2,1,2.0,2.0,2.0,1.0,3.8,"[""Pectoralis Major""]","[""Anterior Deltoid"", ""Triceps Brachii""]","[""Bodyweight""]",Horizontal Push,"[""Shoulder"", ""Elbow"", ""Wrist""]",[],3,0,0.825,0.9,0.0,0.0,7.01,2.05,0.05,,Safe,0.0,0,0,0,15,0,3,2,1,3,3,2,Reduce Difficulty,4
REC0000278,U000278,PLAN000278,EX0155,Intermediate,Athletic Performance,Muscle Gain,Other,44,161.0,60.7,23.42,Normal,5,Auto,Commercial Gym,12,1,1,Resistance Training,Intermediate,Intermediate,2,3,1,3.5,3.5,3.0,3.5,5.5,"[""Gluteus Maximus"", ""Hamstrings""]","[""Quadriceps"", ""Erector Spinae"", ""Trapezius""]","[""Kettlebell""]",Hinge,"[""Wrist"", ""Lower Back"", ""Shoulder""]","[""Wrist pain""]",3,1,0.8684,0.9463,0.0,0.0,7.02,2.08,0.0526,,Safe,0.0,0,0,0,10,15,1,1,0,1,1,1,Reduce Difficulty,5
REC0000279,U000279,PLAN000279,EX0227,Advanced,Fat Loss,Strength,Male,34,176.0,85.5,27.6,Overweight,3,Chest Back Legs,Bodyweight Only,2,0,0,Bodyweight,Beginner,Beginner,2,3,1,3.5,1.5,2.5,3.0,6.5,"[""Core"", ""Hip Flexors""]","[""Shoulders (Deltoids)"", ""Triceps Brachii"", ""Quadriceps""]","[""Mat""]",Total Body Integration,"[""Wrist"", ""Shoulder""]","[""Wrist pain""]",2,1,0.7222,0.9167,0.0,0.0,7.71,4.03,0.0278,,Safe,0.0,0,0,0,14,2,0,0,0,1,0,0,Reduce Difficulty,3
REC0000281,U000281,PLAN000281,EX0004,Beginner,Muscle Gain,Fat Loss,Other,30,150.0,52.1,23.16,Normal,6,Upper Lower,Limited Gym,7,0,0,Bodyweight,Beginner,Beginner,1,2,1,2.0,2.0,2.0,1.0,3.8,"[""Pectoralis Major""]","[""Anterior Deltoid"", ""Triceps Brachii""]","[""Bodyweight""]",Horizontal Push,"[""Shoulder"", ""Elbow"", ""Wrist""]",[],3,0,0.7436,0.8878,0.0,0.0,8.73,4.06,0.0513,,Safe,0.0,0,0,0,2,1,1,0,1,0,1,1,Reduce Difficulty,6
REC0000282,U000282,PLAN000282,EX0032,Beginner,Mobility and Flexibility,Fat Loss,Prefer not to say,27,160.0,69.1,26.99,Overweight,2,Upper Lower,Commercial Gym,15,0,0,Resistance Training,Beginner,Beginner,2,1,1,1.5,2.0,1.0,2.0,3.0,"[""Biceps Brachii"", ""Brachialis""]","[""Brachioradialis""]","[""Barbell""]",Elbow Flexion,"[""Elbow"", ""Wrist""]","[""Wrist pain"", ""Medial epicondylitis""]",2,2,0.875,0.9688,0.0,0.0,5.9,2.03,0.0312,,Safe,0.0,0,0,0,3,0,0,0,0,0,0,0,Keep,2
REC0000284,U000284,PLAN000284,EX0026,Intermediate,Muscle Gain,Strength,Prefer not to say,40,163.0,63.1,23.75,Normal,2,Upper Lower,Home Gym,4,0,0,Bodyweight,Beginner,Beginner,2,3,1,1.5,2.0,1.0,2.0,3.0,"[""Rectus Abdominis"", ""Transverse Abdominis""]","[""Obliques"", ""Erector Spinae"", ""Serratus Anterior""]","[""Bodyweight""]",Core Anti-Extension,"[""Lower Back"", ""Shoulder""]",[],2,0,0.9062,0.9688,0.0,0.0,7.8,3.0,0.0,,Safe,0.0,0,0,0,3,0,0,0,0,0,0,0,Keep,2
REC0000285,U000285,PLAN000285,EX0004,Advanced,Muscular Endurance,Athletic Performance,Other,24,157.0,51.3,20.81,Normal,4,Upper Lower,Home Gym,3,0,0,Bodyweight,Beginner,Beginner,1,2,1,2.0,2.0,2.0,1.0,3.8,"[""Pectoralis Major""]","[""Anterior Deltoid"", ""Triceps Brachii""]","[""Bodyweight""]",Horizontal Push,"[""Shoulder"", ""Elbow"", ""Wrist""]",[],3,0,0.6842,0.8684,0.0,0.0,7.71,4.03,0.0263,,Safe,0.0,0,0,0,1,2,0,0,0,0,0,0,Reduce Difficulty,4
REC0000287,U000287,PLAN000287,EX0026,Intermediate,General Fitness,Muscular Endurance,Male,26,165.0,68.7,25.23,Overweight,2,Chest Back Legs,Home Gym,4,0,0,Bodyweight,Beginner,Beginner,2,3,1,1.5,2.0,1.0,2.0,3.0,"[""Rectus Abdominis"", ""Transverse Abdominis""]","[""Obliques"", ""Erector Spinae"", ""Serratus Anterior""]","[""Bodyweight""]",Core Anti-Extension,"[""Lower Back"", ""Shoulder""]",[],2,0,0.9062,0.9688,0.0,0.0,6.91,2.0,0.0,,Safe,0.0,0,0,0,2,1,0,0,0,0,0,0,Keep,2
REC0000289,U000289,PLAN000289,EX0319,Beginner,Rehabilitation and Joint Health,Muscle Gain,Male,35,174.0,91.9,30.35,Obese,5,Auto,Commercial Gym,19,1,1,Bodyweight,Beginner,Beginner,2,2,1,1.0,1.0,1.5,3.5,2.0,"[""Lower Trapezius"", ""Serratus Anterior""]","[""Lateral Deltoid"", ""External Rotators""]","[""Wall""]",Scapular Upward Rotation,"[""Shoulder""]",[],1,0,0.8919,0.966,0.0,0.0,4.79,1.0,0.0,,Review,0.55,1,0,0,3,0,0,0,0,0,0,0,Review Safety,5
REC0000290,U000290,PLAN000290,EX0179,Intermediate,Athletic Performance,Strength,Male,30,158.0,59.9,23.99,Normal,3,Auto,Bodyweight Only,2,0,0,Bodyweight,Beginner,Beginner,2,2,1,2.5,1.5,1.5,1.5,2.5,"[""Rectus Abdominis"", ""Transverse Abdominis""]","[""Obliques"", ""Hip Flexors""]","[""Mat""]",Core Anti-Extension,"[""Lower Back""]","[""None""]",1,1,0.7714,0.969,0.0,0.0,7.31,2.65,0.0,,Safe,0.0,0,0,0,3,11,0,0,0,0,0,0,Keep,3
REC0000292,U000292,PLAN000292,EX0003,Beginner,General Fitness,Muscular Endurance,Female,43,157.0,41.0,16.63,Underweight,5,Auto,Limited Gym,7,0,0,Resistance Training,Beginner,Beginner,1,2,1,1.0,1.0,1.0,1.0,3.5,"[""Pectoralis Major""]","[""Anterior Deltoid"", ""Triceps Brachii""]","[""Chest Press Machine""]",Horizontal Push,"[""Shoulder"", ""Elbow""]",[],2,0,0.8421,0.9778,0.0,0.0,7.19,2.46,0.0263,,Safe,0.0,0,0,0,1,1,0,0,0,0,0,0,Keep,5
REC0000293,U000293,PLAN000293,EX0004,Beginner,Muscle Gain,General Fitness,Male,38,176.0,59.6,19.24,Normal,4,Push Pull Legs,Bodyweight Only,2,0,0,Bodyweight,Beginner,Beginner,1,2,1,2.0,2.0,2.0,1.0,3.8,"[""Pectoralis Major""]","[""Anterior Deltoid"", ""Triceps Brachii""]","[""Bodyweight""]",Horizontal Push,"[""Shoulder"", ""Elbow"", ""Wrist""]",[],3,0,0.8889,1.0,0.0,0.0,7.89,3.06,0.0556,,Safe,0.0,0,0,0,17,4,1,5,0,1,1,1,Reduce Difficulty,4
REC0000294,U000294,PLAN000294,EX0056,Advanced,Mobility and Flexibility,General Fitness,Prefer not to say,25,166.0,72.1,26.16,Overweight,4,Body Part Split,Commercial Gym,19,0,0,Resistance Training,Beginner,Beginner,2,1,2,1.5,1.5,1.0,1.0,2.5,"[""Biceps Brachii"", ""Brachialis""]","[""Brachioradialis""]","[""EZ-Bar"", ""Preacher Bench""]",Elbow Flexion,"[""Elbow"", ""Wrist""]","[""Medial epicondylitis"", ""Distal biceps tendon issues""]",2,2,0.878,0.9459,0.0,0.0,5.91,2.03,0.0488,,Safe,0.0,0,0,0,2,1,1,0,1,0,1,1,Reduce Difficulty,4
REC0000295,U000295,PLAN000295,EX0215,Intermediate,Mobility and Flexibility,Strength,Prefer not to say,24,163.0,54.0,20.32,Normal,4,Upper Lower,Commercial Gym,11,0,0,Bodyweight,Intermediate,Intermediate,2,1,1,2.5,3.5,3.0,2.0,3.5,"[""Triceps Brachii"", ""Pectoralis Major (Inner/Clavicular Bias)""]","[""Anterior Deltoid""]","[""Bodyweight""]",Horizontal Push,"[""Wrist"", ""Elbow"", ""Shoulder""]","[""Wrist impingement""]",3,1,0.8974,0.9487,0.0,0.0,5.8,2.0,0.0,,Safe,0.0,0,0,0,3,0,0,0,0,0,0,0,Keep,4
REC0000297,U000297,PLAN000297,EX0075,Advanced,Mobility and Flexibility,Strength,Prefer not to say,37,161.0,48.8,18.83,Normal,6,Auto,Bodyweight Only,2,1,1,Bodyweight,Advanced,Advanced,1,1,1,4.0,3.0,4.0,4.0,4.0,"[""Quadriceps (Rectus Femoris)""]","[""None""]","[""Bodyweight""]",Knee Extension,"[""Knee""]","[""Patellar tendinopathy"", ""Meniscus tears"", ""Knee instability""]",1,3,0.8857,1.0,0.0,0.0,5.77,2.0,0.0,,Safe,0.0,0,0,0,6,3,0,0,0,1,0,0,Keep,6
REC0000298,U000298,PLAN000298,EX0231,Intermediate,Rehabilitation and Joint Health,Fat Loss,Prefer not to say,27,174.0,73.8,24.38,Normal,5,Body Part Split,Limited Gym,6,0,0,Resistance Training,Beginner,Beginner,2,1,1,1.5,1.5,1.5,1.5,2.0,"[""Forearm Flexors"", ""Hand/Finger Flexors""]","[""Brachioradialis""]","[""Weight Plates""]",Grip,"[""Wrist"", ""Fingers""]","[""Carpal tunnel syndrome"", ""Arthritis in hands""]",2,2,0.85,0.9613,0.0,0.0,4.9,1.05,0.05,,Safe,0.0,0,0,0,3,0,1,0,1,0,1,1,Reduce Difficulty,5
REC0000301,U000301,PLAN000301,EX0004,Intermediate,Muscle Gain,General Fitness,Prefer not to say,24,165.0,78.4,28.8,Overweight,3,Full Body,Commercial Gym,19,0,0,Bodyweight,Beginner,Beginner,1,2,1,2.0,2.0,2.0,1.0,3.8,"[""Pectoralis Major""]","[""Anterior Deltoid"", ""Triceps Brachii""]","[""Bodyweight""]",Horizontal Push,"[""Shoulder"", ""Elbow"", ""Wrist""]",[],3,0,0.8537,0.9512,0.0,0.0,7.89,3.0,0.0,,Safe,0.0,0,0,0,3,1,0,0,0,1,0,0,Keep,3
REC0000304,U000304,PLAN000304,EX0004,Advanced,Athletic Performance,General Fitness,Female,19,153.0,57.5,24.56,Normal,6,Auto,Limited Gym,5,1,1,Bodyweight,Beginner,Beginner,1,2,1,2.0,2.0,2.0,1.0,3.8,"[""Pectoralis Major""]","[""Anterior Deltoid"", ""Triceps Brachii""]","[""Bodyweight""]",Horizontal Push,"[""Shoulder"", ""Elbow"", ""Wrist""]",[],3,0,0.8571,0.9429,0.0,0.0,6.9,2.0,0.0,,Safe,0.0,0,0,0,2,34,2,0,1,0,1,0,Reduce Difficulty,6
REC0000305,U000305,PLAN000305,EX0003,Beginner,General Fitness,Rehabilitation and Joint Health,Other,27,162.0,76.5,29.15,Overweight,6,Push Pull Legs,Limited Gym,9,0,0,Resistance Training,Beginner,Beginner,1,2,1,1.0,1.0,1.0,1.0,3.5,"[""Pectoralis Major""]","[""Anterior Deltoid"", ""Triceps Brachii""]","[""Chest Press Machine""]",Horizontal Push,"[""Shoulder"", ""Elbow""]",[],2,0,0.85,0.975,0.0,0.0,6.89,2.0,0.0,,Safe,0.0,0,0,0,13,2,0,1,0,4,0,0,Keep,6
REC0000306,U000306,PLAN000306,EX0004,Advanced,Muscular Endurance,Athletic Performance,Female,19,160.0,57.4,22.42,Normal,2,Auto,Home Gym,3,0,0,Bodyweight,Beginner,Beginner,1,2,1,2.0,2.0,2.0,1.0,3.8,"[""Pectoralis Major""]","[""Anterior Deltoid"", ""Triceps Brachii""]","[""Bodyweight""]",Horizontal Push,"[""Shoulder"", ""Elbow"", ""Wrist""]",[],3,0,0.8125,0.9688,0.0,0.0,7.24,2.48,0.0,,Safe,0.0,0,0,0,3,0,0,0,0,0,0,0,Keep,2
REC0000307,U000307,PLAN000307,EX0227,Intermediate,Muscular Endurance,Strength,Other,19,177.0,59.7,19.06,Normal,4,Auto,Bodyweight Only,2,0,0,Bodyweight,Beginner,Beginner,2,3,1,3.5,1.5,2.5,3.0,6.5,"[""Core"", ""Hip Flexors""]","[""Shoulders (Deltoids)"", ""Triceps Brachii"", ""Quadriceps""]","[""Mat""]",Total Body Integration,"[""Wrist"", ""Shoulder""]","[""Wrist pain""]",2,1,0.8056,0.9444,0.0,0.0,7.01,2.06,0.0556,,Safe,0.0,0,0,0,8,2,2,2,2,1,1,1,Review Safety,4
REC0000308,U000308,PLAN000308,EX0294,Advanced,General Fitness,Rehabilitation and Joint Health,Prefer not to say,25,156.0,71.5,29.38,Overweight,3,Upper Lower,Limited Gym,7,0,0,Resistance Training,Intermediate,Intermediate,2,4,1,3.5,4.5,3.0,3.0,5.0,"[""Gluteus Maximus"", ""Hamstrings""]","[""Quadriceps"", ""Erector Spinae"", ""Trapezius"", ""Biceps Brachii""]","[""Dumbbell""]",Total Body Integration,"[""Lower Back"", ""Wrist""]","[""Acute low back pain"", ""Wrist instability""]",2,2,0.7317,0.9268,0.0,0.0,7.37,2.55,0.0244,,Safe,0.0,0,0,0,1,2,0,0,0,0,0,0,Keep,3
REC0000311,U000311,PLAN000311,EX0003,Beginner,Athletic Performance,Mobility and Flexibility,Other,28,154.0,74.4,31.37,Obese,2,Body Part Split,Commercial Gym,11,0,0,Resistance Training,Beginner,Beginner,1,2,1,1.0,1.0,1.0,1.0,3.5,"[""Pectoralis Major""]","[""Anterior Deltoid"", ""Triceps Brachii""]","[""Chest Press Machine""]",Horizontal Push,"[""Shoulder"", ""Elbow""]",[],2,0,0.9375,1.0,0.0,0.0,6.78,2.0,0.0,,Safe,0.0,0,0,0,2,1,0,0,0,0,0,0,Keep,2
REC0000313,U000313,PLAN000313,EX0277,Intermediate,Mobility and Flexibility,General Fitness,Prefer not to say,33,162.0,57.9,22.06,Normal,3,Chest Back Legs,Home Gym,6,0,0,Bodyweight,Beginner,Beginner,3,2,1,2.5,2.0,2.0,3.0,3.0,"[""Triceps Brachii"", ""Gluteus Maximus"", ""Hamstrings""]","[""Core"", ""Shoulders (Anterior Deltoid)""]","[""Bodyweight""]",Gait,"[""Wrist"", ""Shoulder""]",[],2,0,0.8158,0.9375,0.0,0.0,5.91,1.97,0.0,,Safe,0.0,0,0,0,3,0,0,0,0,0,0,0,Keep,3
REC0000314,U000314,PLAN000314,EX0004,Advanced,Muscle Gain,General Fitness,Prefer not to say,45,151.0,44.9,19.69,Normal,3,Push Pull Legs,Commercial Gym,11,0,0,Bodyweight,Beginner,Beginner,1,2,1,2.0,2.0,2.0,1.0,3.8,"[""Pectoralis Major""]","[""Anterior Deltoid"", ""Triceps Brachii""]","[""Bodyweight""]",Horizontal Push,"[""Shoulder"", ""Elbow"", ""Wrist""]",[],3,0,0.8889,0.9886,0.0,0.0,7.79,3.06,0.0556,,Safe,0.0,0,0,0,15,12,1,3,0,1,1,1,Reduce Difficulty,3
REC0000315,U000315,PLAN000315,EX0281,Advanced,Athletic Performance,Mobility and Flexibility,Male,34,164.0,83.4,31.01,Obese,2,Full Body,Commercial Gym,16,0,0,Resistance Training,Intermediate,Intermediate,2,1,1,3.0,3.5,2.5,3.0,4.0,"[""Pectoralis Major"", ""Triceps Brachii""]","[""Anterior Deltoid""]","[""Resistance Band""]",Horizontal Push,"[""Shoulder"", ""Wrist"", ""Elbow""]","[""Shoulder impingement""]",3,1,0.75,0.8684,0.0,0.0,7.71,4.07,0.0625,,Safe,0.0,0,0,0,18,2,2,3,0,3,2,1,Reduce Difficulty,2
REC0000316,U000316,PLAN000316,EX0004,Advanced,Muscular Endurance,Fat Loss,Male,20,158.0,59.6,23.87,Normal,5,Auto,Commercial Gym,13,0,0,Bodyweight,Beginner,Beginner,1,2,1,2.0,2.0,2.0,1.0,3.8,"[""Pectoralis Major""]","[""Anterior Deltoid"", ""Triceps Brachii""]","[""Bodyweight""]",Horizontal Push,"[""Shoulder"", ""Elbow"", ""Wrist""]",[],3,0,0.8718,0.9744,0.0,0.0,6.89,2.11,0.0,,Safe,0.0,0,0,0,3,0,0,0,0,0,0,0,Keep,5
REC0000318,U000318,PLAN000318,EX0180,Intermediate,Fat Loss,Strength,Female,58,169.0,62.0,21.71,Normal,6,Auto,Home Gym,5,0,0,Bodyweight,Beginner,Beginner,3,2,1,2.0,1.0,1.5,1.5,2.0,"[""Erector Spinae"", ""Gluteus Maximus"", ""Transverse Abdominis""]","[""Deltoids"", ""Hamstrings""]","[""Mat""]",Core Anti-Rotation,"[""Lower Back"", ""Wrist""]","[""None""]",2,1,0.8,0.9714,0.0,0.0,7.0,2.0,0.0,,Safe,0.0,0,0,0,23,4,1,3,0,1,0,0,Keep,6
REC0000319,U000319,PLAN000319,EX0004,Beginner,Strength,Rehabilitation and Joint Health,Other,30,168.0,54.1,19.17,Normal,5,Auto,Limited Gym,4,0,0,Bodyweight,Beginner,Beginner,1,2,1,2.0,2.0,2.0,1.0,3.8,"[""Pectoralis Major""]","[""Anterior Deltoid"", ""Triceps Brachii""]","[""Bodyweight""]",Horizontal Push,"[""Shoulder"", ""Elbow"", ""Wrist""]",[],3,0,0.9,0.9762,0.0,0.0,7.78,3.26,0.05,,Safe,0.0,0,0,0,57,0,2,2,0,1,2,1,Keep,5
REC0000320,U000320,PLAN000320,EX0026,Advanced,Mobility and Flexibility,Rehabilitation and Joint Health,Prefer not to say,45,171.0,66.0,22.57,Normal,3,Upper Lower,Limited Gym,6,0,0,Bodyweight,Beginner,Beginner,2,3,1,1.5,2.0,1.0,2.0,3.0,"[""Rectus Abdominis"", ""Transverse Abdominis""]","[""Obliques"", ""Erector Spinae"", ""Serratus Anterior""]","[""Bodyweight""]",Core Anti-Extension,"[""Lower Back"", ""Shoulder""]",[],2,0,0.8421,0.9474,0.0,0.0,6.29,2.03,0.0263,,Safe,0.0,0,0,0,17,1,1,0,0,0,1,1,Keep,3
REC0000321,U000321,PLAN000321,EX0281,Advanced,Strength,Muscle Gain,Prefer not to say,32,161.0,59.6,22.99,Normal,3,Push Pull Legs,Commercial Gym,20,0,0,Resistance Training,Intermediate,Intermediate,2,1,1,3.0,3.5,2.5,3.0,4.0,"[""Pectoralis Major"", ""Triceps Brachii""]","[""Anterior Deltoid""]","[""Resistance Band""]",Horizontal Push,"[""Shoulder"", ""Wrist"", ""Elbow""]","[""Shoulder impingement""]",3,1,0.8333,0.9481,0.0,0.0,8.02,3.03,0.0278,,Safe,0.0,0,0,0,25,1,0,0,0,1,0,0,Keep,3
REC0000323,U000323,PLAN000323,EX0046,Beginner,Mobility and Flexibility,Muscle Gain,Other,26,176.0,78.3,25.28,Overweight,3,Chest Back Legs,Bodyweight Only,2,0,0,Bodyweight,Beginner,Beginner,1,1,1,1.0,1.0,1.0,2.0,2.0,"[""Gluteus Maximus""]","[""Hamstrings""]","[""Mat""]",Hip Extension,"[""Lower Back"", ""Neck""]","[""Cervical spine issues""]",2,1,0.7436,0.8974,0.0,0.0,6.7,3.03,0.0256,,Safe,0.0,0,0,0,17,0,0,0,0,0,0,0,Reduce Volume,3
REC0000324,U000324,PLAN000324,EX0011,Advanced,Athletic Performance,Muscle Gain,Other,25,181.0,84.6,25.82,Overweight,2,Chest Back Legs,Home Gym,5,0,0,Resistance Training,Intermediate,Intermediate,1,4,1,4.0,4.0,3.0,2.0,6.0,"[""Latissimus Dorsi""]","[""Biceps Brachii"", ""Brachialis"", ""Rhomboids"", ""Posterior Deltoid""]","[""Pull-up Bar""]",Vertical Pull,"[""Shoulder"", ""Elbow"", ""Wrist""]","[""Acute shoulder or elbow pain"", ""Inability to control the hanging position"", ""Painful overhead range""]",3,3,0.8438,0.9688,0.0,0.0,6.88,2.0,0.0,,Safe,0.0,0,0,0,16,0,0,0,0,0,0,0,Keep,2
REC0000325,U000325,PLAN000325,EX0075,Advanced,Rehabilitation and Joint Health,Strength,Female,36,150.0,47.8,21.24,Normal,6,Auto,Commercial Gym,13,0,0,Bodyweight,Advanced,Advanced,1,1,1,4.0,3.0,4.0,4.0,4.0,"[""Quadriceps (Rectus Femoris)""]","[""None""]","[""Bodyweight""]",Knee Extension,"[""Knee""]","[""Patellar tendinopathy"", ""Meniscus tears"", ""Knee instability""]",1,3,0.8857,0.9714,0.0,0.0,4.77,1.0,0.0,,Safe,0.0,0,0,0,17,0,0,0,0,0,0,0,Keep,6
REC0000327,U000327,PLAN000327,EX0004,Intermediate,Fat Loss,Athletic Performance,Male,33,176.0,78.1,25.21,Overweight,2,Upper Lower,Commercial Gym,10,0,0,Bodyweight,Beginner,Beginner,1,2,1,2.0,2.0,2.0,1.0,3.8,"[""Pectoralis Major""]","[""Anterior Deltoid"", ""Triceps Brachii""]","[""Bodyweight""]",Horizontal Push,"[""Shoulder"", ""Elbow"", ""Wrist""]",[],3,0,0.875,0.9773,0.0,0.0,6.89,2.03,0.0312,,Safe,0.0,0,0,0,14,1,1,0,0,0,1,1,Keep,2
REC0000329,U000329,PLAN000329,EX0160,Intermediate,Mobility and Flexibility,Muscular Endurance,Male,38,171.0,91.8,31.39,Obese,6,Auto,Bodyweight Only,2,0,0,Bodyweight,Beginner,Beginner,1,2,1,2.0,1.5,1.5,1.0,3.0,"[""Rectus Abdominis""]","[""Obliques"", ""Hip Flexors""]","[""Mat""]",Trunk Flexion,"[""Lower Back""]","[""Lumbar disc herniation""]",1,1,0.6829,0.876,0.0,0.0,6.71,3.06,0.0488,,Safe,0.0,0,0,0,15,0,2,0,0,0,1,1,Reduce Volume,6
REC0000331,U000331,PLAN000331,EX0107,Beginner,Strength,Muscle Gain,Other,18,169.0,64.3,22.51,Normal,4,Auto,Bodyweight Only,2,0,0,Bodyweight,Beginner,Beginner,2,1,1,2.0,2.0,2.0,1.5,3.0,"[""Rectus Abdominis"", ""Obliques""]","[""Hip Flexors (Iliopsoas, Rectus Femoris)""]","[""Mat""]",Trunk Rotation,"[""Lower Back"", ""Neck""]","[""Lumbar disc herniation"", ""Neck strain""]",2,2,0.7568,0.8922,0.0,0.0,8.32,3.0,0.0,,Safe,0.0,0,0,0,15,4,2,3,2,1,1,0,Reduce Difficulty,4
REC0000334,U000334,PLAN000334,EX0319,Intermediate,Rehabilitation and Joint Health,Muscular Endurance,Male,28,175.0,53.2,17.37,Underweight,6,Push Pull Legs,Commercial Gym,19,0,0,Bodyweight,Beginner,Beginner,2,2,1,1.0,1.0,1.5,3.5,2.0,"[""Lower Trapezius"", ""Serratus Anterior""]","[""Lateral Deltoid"", ""External Rotators""]","[""Wall""]",Scapular Upward Rotation,"[""Shoulder""]",[],1,0,0.8421,0.9492,0.0,0.0,4.88,1.03,0.0263,,Safe,0.0,0,0,0,43,4,1,5,0,2,1,1,Keep,6
REC0000335,U000335,PLAN000335,EX0004,Beginner,Muscular Endurance,Fat Loss,Prefer not to say,37,156.0,52.2,21.45,Normal,2,Upper Lower,Commercial Gym,11,0,0,Bodyweight,Beginner,Beginner,1,2,1,2.0,2.0,2.0,1.0,3.8,"[""Pectoralis Major""]","[""Anterior Deltoid"", ""Triceps Brachii""]","[""Bodyweight""]",Horizontal Push,"[""Shoulder"", ""Elbow"", ""Wrist""]",[],3,0,0.8125,0.9375,0.0,0.0,6.9,2.03,0.0312,,Safe,0.0,0,0,0,30,0,1,2,0,1,1,1,Keep,2
REC0000337,U000337,PLAN000337,EX0079,Intermediate,Mobility and Flexibility,Rehabilitation and Joint Health,Prefer not to say,24,157.0,76.5,31.04,Obese,4,Auto,Limited Gym,8,0,0,Resistance Training,Beginner,Beginner,1,1,1,1.5,2.0,2.0,1.5,3.0,"[""Gastrocnemius""]","[""Soleus""]","[""Donkey Calf Machine""]",Ankle Plantarflexion,"[""Ankle"", ""Achilles Tendon"", ""Lower Back""]",[],3,0,0.8205,0.9487,0.0,0.0,6.0,2.0,0.0,,Safe,0.0,0,0,0,16,2,0,0,0,0,0,0,Reduce Volume,4
REC0000338,U000338,PLAN000338,EX0004,Intermediate,Muscular Endurance,Strength,Female,23,160.0,78.8,30.78,Obese,6,Push Pull Legs,Commercial Gym,14,1,1,Bodyweight,Beginner,Beginner,1,2,1,2.0,2.0,2.0,1.0,3.8,"[""Pectoralis Major""]","[""Anterior Deltoid"", ""Triceps Brachii""]","[""Bodyweight""]",Horizontal Push,"[""Shoulder"", ""Elbow"", ""Wrist""]",[],3,0,0.6757,0.8411,0.0,0.0,7.75,3.94,0.0541,,Safe,0.0,0,0,0,8,5,3,2,2,1,2,1,Reduce Difficulty,6
REC0000340,U000340,PLAN000340,EX0004,Advanced,Athletic Performance,General Fitness,Male,40,176.0,81.6,26.34,Overweight,3,Auto,Home Gym,3,0,0,Bodyweight,Beginner,Beginner,1,2,1,2.0,2.0,2.0,1.0,3.8,"[""Pectoralis Major""]","[""Anterior Deltoid"", ""Triceps Brachii""]","[""Bodyweight""]",Horizontal Push,"[""Shoulder"", ""Elbow"", ""Wrist""]",[],3,0,0.775,0.925,0.0,0.0,7.04,2.05,0.025,,Safe,0.0,0,0,0,18,1,1,0,0,0,0,0,Keep,3
REC0000341,U000341,PLAN000341,EX0172,Advanced,Fat Loss,Muscular Endurance,Other,39,170.0,58.4,20.21,Normal,2,Upper Lower,Home Gym,3,0,0,Bodyweight,Intermediate,Intermediate,3,1,1,3.5,3.5,3.0,3.0,4.0,"[""Quadriceps"", ""Gluteus Maximus"", ""Adductor Magnus""]","[""Hamstrings""]","[""Bodyweight""]",Squat,"[""Knee"", ""Hip""]","[""Groin strain"", ""Knee meniscus issues""]",2,2,0.875,0.9688,0.0,0.0,6.91,2.19,0.0,,Safe,0.0,0,0,0,16,0,0,0,0,0,0,0,Keep,2
REC0000342,U000342,PLAN000342,EX0004,Intermediate,Strength,Muscular Endurance,Other,31,166.0,60.0,21.77,Normal,2,Auto,Home Gym,4,0,0,Bodyweight,Beginner,Beginner,1,2,1,2.0,2.0,2.0,1.0,3.8,"[""Pectoralis Major""]","[""Anterior Deltoid"", ""Triceps Brachii""]","[""Bodyweight""]",Horizontal Push,"[""Shoulder"", ""Elbow"", ""Wrist""]",[],3,0,0.8125,0.9062,0.0,0.0,8.39,3.28,0.0312,,Safe,0.0,0,0,0,3,0,0,0,0,0,0,0,Keep,2
REC0000343,U000343,PLAN000343,EX0026,Intermediate,Mobility and Flexibility,Muscle Gain,Male,22,168.0,72.6,25.72,Overweight,2,Chest Back Legs,Home Gym,2,0,0,Bodyweight,Beginner,Beginner,2,3,1,1.5,2.0,1.0,2.0,3.0,"[""Rectus Abdominis"", ""Transverse Abdominis""]","[""Obliques"", ""Erector Spinae"", ""Serratus Anterior""]","[""Bodyweight""]",Core Anti-Extension,"[""Lower Back"", ""Shoulder""]",[],2,0,0.8125,0.9375,0.0,0.0,6.03,2.03,0.0312,,Safe,0.0,0,0,0,15,2,0,0,0,0,0,0,Keep,2
REC0000345,U000345,PLAN000345,EX0194,Intermediate,Fat Loss,Mobility and Flexibility,Male,18,166.0,75.2,27.29,Overweight,4,Auto,Limited Gym,4,0,0,Bodyweight,Beginner,Beginner,3,4,1,4.5,3.0,1.0,3.0,8.0,"[""Quadriceps"", ""Pectoralis Major"", ""Gluteus Maximus""]","[""Triceps Brachii"", ""Anterior Deltoid"", ""Hamstrings"", ""Calves""]","[""Bodyweight""]",Total Body Integration,"[""Wrist"", ""Knee"", ""Lower Back""]",[],3,0,0.8378,0.9459,0.0,0.0,6.93,2.0,0.0,,Safe,0.0,0,0,0,16,2,0,0,0,0,0,0,Keep,4
REC0000346,U000346,PLAN000346,EX0095,Intermediate,Muscular Endurance,Muscle Gain,Male,24,170.0,68.2,23.6,Normal,4,Push Pull Legs,Limited Gym,7,0,0,Resistance Training,Intermediate,Intermediate,2,3,1,4.0,4.5,3.5,3.5,5.5,"[""Anterior Deltoid"", ""Triceps Brachii""]","[""Quadriceps"", ""Gluteus Maximus"", ""Lateral Deltoid""]","[""Barbell""]",Vertical Push,"[""Shoulder"", ""Knee"", ""Lower Back""]","[""Shoulder impingement"", ""Lumbar spine instability""]",3,2,0.8571,0.9794,0.0,0.0,6.92,2.09,0.0857,,Monitor,0.25,1,0,0,13,0,3,0,1,0,2,2,Reduce Difficulty,4
REC0000348,U000348,PLAN000348,EX0194,Intermediate,Muscular Endurance,Mobility and Flexibility,Male,29,167.0,52.1,18.68,Normal,5,Push Pull Legs,Home Gym,2,1,1,Bodyweight,Beginner,Beginner,3,4,1,4.5,3.0,1.0,3.0,8.0,"[""Quadriceps"", ""Pectoralis Major"", ""Gluteus Maximus""]","[""Triceps Brachii"", ""Anterior Deltoid"", ""Hamstrings"", ""Calves""]","[""Bodyweight""]",Total Body Integration,"[""Wrist"", ""Knee"", ""Lower Back""]",[],3,0,0.8158,0.9474,0.0,0.0,7.07,2.11,0.0526,,Monitor,0.25,1,0,0,20,0,0,0,0,0,0,0,Reduce Difficulty,5
REC0000349,U000349,PLAN000349,EX0227,Beginner,Fat Loss,Rehabilitation and Joint Health,Male,18,172.0,72.7,24.57,Normal,5,Auto,Bodyweight Only,2,0,0,Bodyweight,Beginner,Beginner,2,3,1,3.5,1.5,2.5,3.0,6.5,"[""Core"", ""Hip Flexors""]","[""Shoulders (Deltoids)"", ""Triceps Brachii"", ""Quadriceps""]","[""Mat""]",Total Body Integration,"[""Wrist"", ""Shoulder""]","[""Wrist pain""]",2,1,0.9167,0.9711,0.0,0.0,6.77,2.0,0.0,,Safe,0.0,0,0,0,40,3,0,2,0,1,0,0,Increase Difficulty,5
REC0000352,U000352,PLAN000352,EX0004,Advanced,Athletic Performance,Fat Loss,Prefer not to say,27,155.0,69.2,28.8,Overweight,4,Body Part Split,Bodyweight Only,2,0,0,Bodyweight,Beginner,Beginner,1,2,1,2.0,2.0,2.0,1.0,3.8,"[""Pectoralis Major""]","[""Anterior Deltoid"", ""Triceps Brachii""]","[""Bodyweight""]",Horizontal Push,"[""Shoulder"", ""Elbow"", ""Wrist""]",[],3,0,0.7838,0.906,0.0,0.0,7.49,2.62,0.027,,Safe,0.0,0,0,0,23,1,2,2,2,1,1,0,Reduce Difficulty,4
REC0000354,U000354,PLAN000354,EX0004,Beginner,Athletic Performance,Muscular Endurance,Male,46,163.0,83.4,31.39,Obese,6,Auto,Commercial Gym,11,0,0,Bodyweight,Beginner,Beginner,1,2,1,2.0,2.0,2.0,1.0,3.8,"[""Pectoralis Major""]","[""Anterior Deltoid"", ""Triceps Brachii""]","[""Bodyweight""]",Horizontal Push,"[""Shoulder"", ""Elbow"", ""Wrist""]",[],3,0,0.85,0.95,0.0,0.0,7.09,2.08,0.05,,Safe,0.0,0,0,0,57,0,4,1,1,1,2,1,Reduce Difficulty,6
REC0000355,U000355,PLAN000355,EX0179,Beginner,Athletic Performance,Rehabilitation and Joint Health,Male,19,175.0,69.8,22.79,Normal,2,Auto,Bodyweight Only,2,0,0,Bodyweight,Beginner,Beginner,2,2,1,2.5,1.5,1.5,1.5,2.5,"[""Rectus Abdominis"", ""Transverse Abdominis""]","[""Obliques"", ""Hip Flexors""]","[""Mat""]",Core Anti-Extension,"[""Lower Back""]","[""None""]",1,1,0.7812,0.9375,0.0,0.0,7.25,2.57,0.0625,,Safe,0.0,0,0,0,27,18,3,2,1,1,1,1,Reduce Difficulty,2
REC0000356,U000356,PLAN000356,EX0180,Beginner,General Fitness,Fat Loss,Prefer not to say,32,155.0,69.1,28.76,Overweight,2,Chest Back Legs,Bodyweight Only,2,0,0,Bodyweight,Beginner,Beginner,3,2,1,2.0,1.0,1.5,1.5,2.0,"[""Erector Spinae"", ""Gluteus Maximus"", ""Transverse Abdominis""]","[""Deltoids"", ""Hamstrings""]","[""Mat""]",Core Anti-Rotation,"[""Lower Back"", ""Wrist""]","[""None""]",2,1,0.7188,0.9062,0.0,0.0,7.7,4.0,0.0,,Safe,0.0,0,0,0,16,16,3,3,1,1,1,0,Reduce Difficulty,2
REC0000357,U000357,PLAN000357,EX0004,Advanced,Athletic Performance,Strength,Male,28,178.0,57.6,18.18,Underweight,2,Upper Lower,Commercial Gym,11,0,0,Bodyweight,Beginner,Beginner,1,2,1,2.0,2.0,2.0,1.0,3.8,"[""Pectoralis Major""]","[""Anterior Deltoid"", ""Triceps Brachii""]","[""Bodyweight""]",Horizontal Push,"[""Shoulder"", ""Elbow"", ""Wrist""]",[],3,0,0.8438,0.9353,0.0,0.0,6.9,2.03,0.0312,,Safe,0.0,0,0,0,28,1,1,4,0,1,1,1,Keep,2
REC0000359,U000359,PLAN000359,EX0197,Intermediate,General Fitness,Rehabilitation and Joint Health,Male,22,174.0,78.6,25.96,Overweight,6,Push Pull Legs,Commercial Gym,13,0,0,Resistance Training,Beginner,Beginner,2,1,1,1.5,1.5,1.5,1.0,3.5,"[""Triceps Brachii"", ""Pectoralis Major""]","[""Anterior Deltoid""]","[""Assisted Dip Machine""]",Vertical Push,"[""Shoulder"", ""Wrist"", ""Elbow""]","[""AC joint pain""]",3,1,0.8108,0.9417,0.0,0.0,7.02,2.06,0.027,,Safe,0.0,0,0,0,16,1,1,0,0,0,0,0,Keep,6
REC0000362,U000362,PLAN000362,EX0004,Beginner,Muscle Gain,Muscular Endurance,Male,38,180.0,101.0,31.17,Obese,4,Chest Back Legs,Limited Gym,7,0,0,Bodyweight,Beginner,Beginner,1,2,1,2.0,2.0,2.0,1.0,3.8,"[""Pectoralis Major""]","[""Anterior Deltoid"", ""Triceps Brachii""]","[""Bodyweight""]",Horizontal Push,"[""Shoulder"", ""Elbow"", ""Wrist""]",[],3,0,0.7368,0.9636,0.0,0.0,8.11,3.12,0.0789,,Safe,0.0,0,0,0,1,19,3,0,0,0,1,1,Reduce Difficulty,4
REC0000363,U000363,PLAN000363,EX0180,Beginner,General Fitness,Athletic Performance,Female,21,162.0,79.8,30.41,Obese,5,Auto,Bodyweight Only,2,0,0,Bodyweight,Beginner,Beginner,3,2,1,2.0,1.0,1.5,1.5,2.0,"[""Erector Spinae"", ""Gluteus Maximus"", ""Transverse Abdominis""]","[""Deltoids"", ""Hamstrings""]","[""Mat""]",Core Anti-Rotation,"[""Lower Back"", ""Wrist""]","[""None""]",2,1,0.75,0.9205,0.0,0.0,7.43,2.61,0.0278,,Safe,0.0,0,0,0,36,5,2,0,1,1,1,0,Reduce Difficulty,5
REC0000364,U000364,PLAN000364,EX0194,Beginner,General Fitness,Rehabilitation and Joint Health,Female,22,151.0,45.0,19.74,Normal,2,Auto,Home Gym,5,0,0,Bodyweight,Beginner,Beginner,3,4,1,4.5,3.0,1.0,3.0,8.0,"[""Quadriceps"", ""Pectoralis Major"", ""Gluteus Maximus""]","[""Triceps Brachii"", ""Anterior Deltoid"", ""Hamstrings"", ""Calves""]","[""Bodyweight""]",Total Body Integration,"[""Wrist"", ""Knee"", ""Lower Back""]",[],3,0,0.8125,0.9062,0.0,0.0,7.25,2.48,0.0312,,Safe,0.1,1,0,0,9,8,0,0,0,0,0,0,Keep,2
REC0000365,U000365,PLAN000365,EX0046,Advanced,Strength,Mobility and Flexibility,Prefer not to say,47,171.0,71.2,24.35,Normal,4,Chest Back Legs,Bodyweight Only,2,1,1,Bodyweight,Beginner,Beginner,1,1,1,1.0,1.0,1.0,2.0,2.0,"[""Gluteus Maximus""]","[""Hamstrings""]","[""Mat""]",Hip Extension,"[""Lower Back"", ""Neck""]","[""Cervical spine issues""]",2,1,0.8205,0.9457,0.0,0.0,8.14,3.0,0.0,,Safe,0.0,0,0,0,10,21,0,1,0,1,0,0,Reduce Volume,4
REC0000366,U000366,PLAN000366,EX0004,Intermediate,Muscular Endurance,Mobility and Flexibility,Female,30,151.0,57.5,25.22,Overweight,3,Chest Back Legs,Home Gym,3,0,0,Bodyweight,Beginner,Beginner,1,2,1,2.0,2.0,2.0,1.0,3.8,"[""Pectoralis Major""]","[""Anterior Deltoid"", ""Triceps Brachii""]","[""Bodyweight""]",Horizontal Push,"[""Shoulder"", ""Elbow"", ""Wrist""]",[],3,0,0.8378,0.9459,0.0,0.0,7.1,2.2,0.027,,Safe,0.0,0,0,0,17,2,0,0,0,0,0,0,Keep,3
REC0000369,U000369,PLAN000369,EX0227,Intermediate,Fat Loss,Athletic Performance,Male,29,153.0,50.2,21.44,Normal,3,Auto,Bodyweight Only,2,0,0,Bodyweight,Beginner,Beginner,2,3,1,3.5,1.5,2.5,3.0,6.5,"[""Core"", ""Hip Flexors""]","[""Shoulders (Deltoids)"", ""Triceps Brachii"", ""Quadriceps""]","[""Mat""]",Total Body Integration,"[""Wrist"", ""Shoulder""]","[""Wrist pain""]",2,1,0.7632,0.9474,0.0,0.0,7.37,2.56,0.0263,,Safe,0.0,0,0,0,14,18,3,1,1,1,2,1,Reduce Difficulty,3
REC0000370,U000370,PLAN000370,EX0004,Intermediate,Muscular Endurance,General Fitness,Female,30,158.0,54.0,21.63,Normal,3,Auto,Home Gym,2,0,0,Bodyweight,Beginner,Beginner,1,2,1,2.0,2.0,2.0,1.0,3.8,"[""Pectoralis Major""]","[""Anterior Deltoid"", ""Triceps Brachii""]","[""Bodyweight""]",Horizontal Push,"[""Shoulder"", ""Elbow"", ""Wrist""]",[],3,0,0.7222,0.9167,0.0,0.0,7.72,4.06,0.0556,,Safe,0.0,0,0,0,1,6,1,0,1,0,1,1,Reduce Difficulty,3
REC0000371,U000371,PLAN000371,EX0004,Beginner,Athletic Performance,Muscular Endurance,Prefer not to say,22,156.0,75.9,31.19,Obese,3,Push Pull Legs,Commercial Gym,11,0,0,Bodyweight,Beginner,Beginner,1,2,1,2.0,2.0,2.0,1.0,3.8,"[""Pectoralis Major""]","[""Anterior Deltoid"", ""Triceps Brachii""]","[""Bodyweight""]",Horizontal Push,"[""Shoulder"", ""Elbow"", ""Wrist""]",[],3,0,0.7805,0.9257,0.0,0.0,7.39,2.55,0.0,,Safe,0.0,0,0,0,17,3,0,0,0,0,0,0,Reduce Volume,3
REC0000372,U000372,PLAN000372,EX0004,Beginner,Muscle Gain,Rehabilitation and Joint Health,Male,36,175.0,70.1,22.89,Normal,5,Body Part Split,Home Gym,4,0,0,Bodyweight,Beginner,Beginner,1,2,1,2.0,2.0,2.0,1.0,3.8,"[""Pectoralis Major""]","[""Anterior Deltoid"", ""Triceps Brachii""]","[""Bodyweight""]",Horizontal Push,"[""Shoulder"", ""Elbow"", ""Wrist""]",[],3,0,0.7436,0.9231,0.0,0.0,8.33,3.14,0.0256,,Safe,0.0,0,0,0,2,17,1,0,0,0,1,1,Keep,5
REC0000373,U000373,PLAN000373,EX0003,Intermediate,Strength,General Fitness,Prefer not to say,36,173.0,80.4,26.86,Overweight,3,Body Part Split,Commercial Gym,10,1,1,Resistance Training,Beginner,Beginner,1,2,1,1.0,1.0,1.0,1.0,3.5,"[""Pectoralis Major""]","[""Anterior Deltoid"", ""Triceps Brachii""]","[""Chest Press Machine""]",Horizontal Push,"[""Shoulder"", ""Elbow""]",[],2,0,0.8108,0.9323,0.0,0.0,8.0,3.0,0.0,,Safe,0.0,0,0,0,1,17,1,0,0,0,0,0,Reduce Volume,3
REC0000375,U000375,PLAN000375,EX0088,Advanced,Athletic Performance,General Fitness,Prefer not to say,36,162.0,54.1,20.61,Normal,4,Auto,Limited Gym,9,0,0,Bodyweight,Advanced,Advanced,2,2,1,4.0,3.5,3.0,2.0,4.5,"[""Hamstrings"", ""Gluteus Maximus""]","[""Gastrocnemius"", ""Erector Spinae""]","[""GHR Machine""]",Knee Flexion,"[""Knee"", ""Hamstrings""]","[""Acute hamstring strain"", ""Knee pain""]",2,2,0.8,0.926,0.0,0.0,7.15,2.22,0.05,,Monitor,0.25,1,0,0,13,9,2,0,0,0,1,1,Reduce Volume,4
REC0000376,U000376,PLAN000376,EX0181,Intermediate,General Fitness,Muscle Gain,Prefer not to say,20,173.0,67.9,22.69,Normal,3,Body Part Split,Commercial Gym,17,1,1,Bodyweight,Intermediate,Intermediate,2,1,1,3.0,3.5,3.0,3.0,4.0,"[""Pectoralis Major"", ""Triceps Brachii""]","[""Anterior Deltoid""]","[""Suspension Trainer (TRX)""]",Horizontal Push,"[""Shoulder"", ""Wrist""]","[""Shoulder instability""]",2,1,0.7895,0.9339,0.0,0.0,7.13,2.17,0.0526,,Review,0.55,1,0,0,17,4,3,0,0,0,2,2,Review Safety,3
REC0000379,U000379,PLAN000379,EX0274,Beginner,Strength,Mobility and Flexibility,Other,28,161.0,76.1,29.36,Overweight,4,Push Pull Legs,Home Gym,3,0,0,Bodyweight,Beginner,Beginner,3,1,1,1.0,1.0,1.0,1.5,1.5,"[""Adductors (Longus, Magnus, Brevis)"", ""Gracilis"", ""Pectineus""]","[""None""]","[""Mat""]",Hip Adduction,"[""Hip"", ""Groin""]","[""Acute groin strain""]",2,1,0.8462,0.977,0.0,0.0,7.89,3.03,0.0256,,Safe,0.0,0,0,0,6,24,9,0,6,1,1,0,Reduce Difficulty,4
REC0000382,U000382,PLAN000382,EX0004,Advanced,Muscular Endurance,Rehabilitation and Joint Health,Other,28,168.0,78.7,27.88,Overweight,2,Chest Back Legs,Bodyweight Only,2,0,0,Bodyweight,Beginner,Beginner,1,2,1,2.0,2.0,2.0,1.0,3.8,"[""Pectoralis Major""]","[""Anterior Deltoid"", ""Triceps Brachii""]","[""Bodyweight""]",Horizontal Push,"[""Shoulder"", ""Elbow"", ""Wrist""]",[],3,0,0.6875,0.9062,0.0,0.0,7.71,4.03,0.0312,,Safe,0.0,0,0,0,7,11,6,2,3,1,2,1,Reduce Difficulty,2
REC0000383,U000383,PLAN000383,EX0026,Advanced,Athletic Performance,Mobility and Flexibility,Prefer not to say,35,167.0,83.4,29.9,Overweight,4,Chest Back Legs,Home Gym,4,0,0,Bodyweight,Beginner,Beginner,2,3,1,1.5,2.0,1.0,2.0,3.0,"[""Rectus Abdominis"", ""Transverse Abdominis""]","[""Obliques"", ""Erector Spinae"", ""Serratus Anterior""]","[""Bodyweight""]",Core Anti-Extension,"[""Lower Back"", ""Shoulder""]",[],2,0,0.7368,0.8947,0.0,0.0,7.46,2.53,0.0526,,Safe,0.0,0,0,0,6,15,1,0,0,0,0,0,Reduce Difficulty,4
REC0000384,U000384,PLAN000384,EX0242,Intermediate,Strength,General Fitness,Other,18,162.0,68.8,26.22,Overweight,6,Full Body,Commercial Gym,11,0,0,Resistance Training,Intermediate,Intermediate,2,1,1,2.0,3.5,2.0,1.5,3.0,"[""Pectoralis Major"", ""Triceps Brachii""]","[""Anterior Deltoid""]","[""Dumbbell""]",Horizontal Push,"[""Wrist"", ""Elbow""]","[""Wrist pain""]",2,1,0.8056,0.9428,0.0,0.0,8.07,3.44,0.0,,Safe,0.0,0,0,0,10,16,1,1,0,5,0,0,Keep,6
REC0000385,U000385,PLAN000385,EX0026,Beginner,Rehabilitation and Joint Health,Fat Loss,Female,26,156.0,45.8,18.82,Normal,3,Auto,Limited Gym,3,0,0,Bodyweight,Beginner,Beginner,2,3,1,1.5,2.0,1.0,2.0,3.0,"[""Rectus Abdominis"", ""Transverse Abdominis""]","[""Obliques"", ""Erector Spinae"", ""Serratus Anterior""]","[""Bodyweight""]",Core Anti-Extension,"[""Lower Back"", ""Shoulder""]",[],2,0,0.7317,0.9024,0.0,0.0,5.72,2.05,0.0488,,Safe,0.0,0,0,0,14,5,2,0,0,0,1,1,Keep,3
REC0000386,U000386,PLAN000386,EX0004,Intermediate,Fat Loss,Rehabilitation and Joint Health,Male,26,160.0,49.4,19.3,Normal,2,Auto,Limited Gym,8,0,0,Bodyweight,Beginner,Beginner,1,2,1,2.0,2.0,2.0,1.0,3.8,"[""Pectoralis Major""]","[""Anterior Deltoid"", ""Triceps Brachii""]","[""Bodyweight""]",Horizontal Push,"[""Shoulder"", ""Elbow"", ""Wrist""]",[],3,0,0.8438,1.0,0.0,0.0,7.21,2.25,0.0625,,Safe,0.0,0,0,0,26,23,2,0,0,1,1,1,Reduce Difficulty,2
REC0000388,U000388,PLAN000388,EX0004,Advanced,Muscle Gain,Rehabilitation and Joint Health,Female,21,150.0,42.9,19.07,Normal,4,Push Pull Legs,Home Gym,3,0,0,Bodyweight,Beginner,Beginner,1,2,1,2.0,2.0,2.0,1.0,3.8,"[""Pectoralis Major""]","[""Anterior Deltoid"", ""Triceps Brachii""]","[""Bodyweight""]",Horizontal Push,"[""Shoulder"", ""Elbow"", ""Wrist""]",[],3,0,0.7143,0.9143,0.0,0.0,8.73,4.0,0.0,,Safe,0.0,0,0,0,1,16,1,0,0,0,0,0,Reduce Difficulty,4
REC0000390,U000390,PLAN000390,EX0277,Beginner,Fat Loss,Muscular Endurance,Prefer not to say,28,156.0,64.4,26.46,Overweight,3,Chest Back Legs,Home Gym,3,0,0,Bodyweight,Beginner,Beginner,3,2,1,2.5,2.0,2.0,3.0,3.0,"[""Triceps Brachii"", ""Gluteus Maximus"", ""Hamstrings""]","[""Core"", ""Shoulders (Anterior Deltoid)""]","[""Bodyweight""]",Gait,"[""Wrist"", ""Shoulder""]",[],2,0,0.8158,0.9211,0.0,0.0,7.36,2.37,0.0526,,Safe,0.0,0,0,0,20,2,2,0,0,0,1,1,Reduce Difficulty,3
REC0000392,U000392,PLAN000392,EX0095,Intermediate,Athletic Performance,General Fitness,Female,22,164.0,60.8,22.61,Normal,4,Push Pull Legs,Commercial Gym,11,0,0,Resistance Training,Intermediate,Intermediate,2,3,1,4.0,4.5,3.5,3.5,5.5,"[""Anterior Deltoid"", ""Triceps Brachii""]","[""Quadriceps"", ""Gluteus Maximus"", ""Lateral Deltoid""]","[""Barbell""]",Vertical Push,"[""Shoulder"", ""Knee"", ""Lower Back""]","[""Shoulder impingement"", ""Lumbar spine instability""]",3,2,0.7805,0.9619,0.0,0.0,7.01,2.03,0.0244,,Safe,0.0,0,0,0,14,4,3,0,0,0,1,1,Keep,4
REC0000393,U000393,PLAN000393,EX0004,Beginner,Athletic Performance,Rehabilitation and Joint Health,Prefer not to say,21,169.0,68.6,24.02,Normal,5,Push Pull Legs,Commercial Gym,12,0,0,Bodyweight,Beginner,Beginner,1,2,1,2.0,2.0,2.0,1.0,3.8,"[""Pectoralis Major""]","[""Anterior Deltoid"", ""Triceps Brachii""]","[""Bodyweight""]",Horizontal Push,"[""Shoulder"", ""Elbow"", ""Wrist""]",[],3,0,0.8462,0.9299,0.0,0.0,6.97,2.06,0.0,,Safe,0.0,0,0,0,14,5,0,0,0,0,0,0,Keep,5
REC0000394,U000394,PLAN000394,EX0004,Advanced,General Fitness,Athletic Performance,Other,22,174.0,83.6,27.61,Overweight,4,Chest Back Legs,Limited Gym,9,0,0,Bodyweight,Beginner,Beginner,1,2,1,2.0,2.0,2.0,1.0,3.8,"[""Pectoralis Major""]","[""Anterior Deltoid"", ""Triceps Brachii""]","[""Bodyweight""]",Horizontal Push,"[""Shoulder"", ""Elbow"", ""Wrist""]",[],3,0,0.7027,0.8919,0.0,0.0,7.71,4.03,0.027,,Safe,0.0,0,0,0,2,4,2,0,1,0,1,1,Reduce Difficulty,4
REC0000395,U000395,PLAN000395,EX0125,Advanced,Strength,General Fitness,Male,26,162.0,74.1,28.24,Overweight,5,Body Part Split,Limited Gym,7,1,1,Resistance Training,Beginner,Beginner,1,2,1,1.0,1.5,1.5,1.0,2.0,"[""Lateral Deltoid""]","[""Anterior Deltoid"", ""Supraspinatus""]","[""Lateral Raise Machine""]",Vertical Push,"[""Shoulder""]","[""Acute shoulder impingement""]",1,1,0.8571,0.943,0.0,0.0,8.16,3.09,0.0571,,Safe,0.0,0,0,0,3,14,2,0,0,0,1,1,Reduce Difficulty,5
REC0000397,U000397,PLAN000397,EX0003,Beginner,Athletic Performance,Rehabilitation and Joint Health,Female,19,159.0,51.0,20.17,Normal,6,Auto,Limited Gym,6,0,0,Resistance Training,Beginner,Beginner,1,2,1,1.0,1.0,1.0,1.0,3.5,"[""Pectoralis Major""]","[""Anterior Deltoid"", ""Triceps Brachii""]","[""Chest Press Machine""]",Horizontal Push,"[""Shoulder"", ""Elbow""]",[],2,0,0.7632,0.885,0.0,0.0,7.0,2.0,0.0,,Safe,0.0,0,0,0,18,4,3,0,0,1,0,0,Reduce Volume,6
REC0000398,U000398,PLAN000398,EX0224,Intermediate,Strength,Athletic Performance,Other,18,159.0,63.1,24.96,Normal,2,Auto,Bodyweight Only,2,0,0,Bodyweight,Intermediate,Intermediate,2,2,1,2.5,3.0,3.0,3.0,4.5,"[""Anterior Deltoid"", ""Lateral Deltoid""]","[""Triceps Brachii"", ""Upper Trapezius""]","[""Mat""]",Vertical Push,"[""Shoulder"", ""Wrist"", ""Neck""]","[""High blood pressure"", ""Shoulder instability""]",3,2,0.7188,0.9327,0.0,0.0,8.35,3.03,0.0312,,Safe,0.0,0,0,0,2,26,7,0,6,0,1,0,Reduce Difficulty,2
REC0000399,U000399,PLAN000399,EX0004,Beginner,Fat Loss,Mobility and Flexibility,Female,21,160.0,75.2,29.37,Overweight,6,Chest Back Legs,Commercial Gym,14,0,0,Bodyweight,Beginner,Beginner,1,2,1,2.0,2.0,2.0,1.0,3.8,"[""Pectoralis Major""]","[""Anterior Deltoid"", ""Triceps Brachii""]","[""Bodyweight""]",Horizontal Push,"[""Shoulder"", ""Elbow"", ""Wrist""]",[],3,0,0.7317,0.8842,0.0,0.0,7.77,4.03,0.0732,,Safe,0.0,0,0,0,2,2,19,0,0,0,1,1,Reduce Difficulty,6
REC0000400,U000400,PLAN000400,EX0004,Beginner,Muscular Endurance,Athletic Performance,Prefer not to say,26,159.0,60.9,24.09,Normal,5,Push Pull Legs,Home Gym,5,0,0,Bodyweight,Beginner,Beginner,1,2,1,2.0,2.0,2.0,1.0,3.8,"[""Pectoralis Major""]","[""Anterior Deltoid"", ""Triceps Brachii""]","[""Bodyweight""]",Horizontal Push,"[""Shoulder"", ""Elbow"", ""Wrist""]",[],3,0,0.8205,0.9487,0.0,0.0,7.11,2.08,0.0,,Safe,0.0,0,0,0,13,7,1,0,0,0,0,0,Keep,5
REC0000401,U000401,PLAN000401,EX0227,Advanced,Muscular Endurance,Fat Loss,Other,21,158.0,56.9,22.79,Normal,2,Chest Back Legs,Bodyweight Only,2,0,0,Bodyweight,Beginner,Beginner,2,3,1,3.5,1.5,2.5,3.0,6.5,"[""Core"", ""Hip Flexors""]","[""Shoulders (Deltoids)"", ""Triceps Brachii"", ""Quadriceps""]","[""Mat""]",Total Body Integration,"[""Wrist"", ""Shoulder""]","[""Wrist pain""]",2,1,0.75,0.9062,0.0,0.0,7.37,2.69,0.0625,,Safe,0.0,0,0,0,20,8,8,1,3,1,2,1,Reduce Difficulty,2
REC0000402,U000402,PLAN000402,EX0004,Beginner,General Fitness,Rehabilitation and Joint Health,Female,39,157.0,45.6,18.5,Normal,6,Upper Lower,Limited Gym,6,1,1,Bodyweight,Beginner,Beginner,1,2,1,2.0,2.0,2.0,1.0,3.8,"[""Pectoralis Major""]","[""Anterior Deltoid"", ""Triceps Brachii""]","[""Bodyweight""]",Horizontal Push,"[""Shoulder"", ""Elbow"", ""Wrist""]",[],3,0,0.7714,0.9143,0.0,0.0,7.31,2.44,0.0,,Safe,0.0,0,0,0,2,15,2,0,0,0,0,0,Keep,6
REC0000403,U000403,PLAN000403,EX0179,Beginner,Mobility and Flexibility,Muscular Endurance,Other,40,168.0,79.3,28.1,Overweight,2,Chest Back Legs,Bodyweight Only,2,0,0,Bodyweight,Beginner,Beginner,2,2,1,2.5,1.5,1.5,1.5,2.5,"[""Rectus Abdominis"", ""Transverse Abdominis""]","[""Obliques"", ""Hip Flexors""]","[""Mat""]",Core Anti-Extension,"[""Lower Back""]","[""None""]",1,1,0.7812,0.8906,0.0,0.0,6.01,2.31,0.0625,,Safe,0.0,0,0,0,11,5,4,0,0,0,1,1,Reduce Difficulty,2
REC0000404,U000404,PLAN000404,EX0004,Intermediate,Fat Loss,Rehabilitation and Joint Health,Female,38,155.0,63.3,26.35,Overweight,3,Push Pull Legs,Home Gym,2,0,0,Bodyweight,Beginner,Beginner,1,2,1,2.0,2.0,2.0,1.0,3.8,"[""Pectoralis Major""]","[""Anterior Deltoid"", ""Triceps Brachii""]","[""Bodyweight""]",Horizontal Push,"[""Shoulder"", ""Elbow"", ""Wrist""]",[],3,0,0.8684,0.9737,0.0,0.0,7.11,2.54,0.0263,,Monitor,0.25,1,0,0,11,10,4,0,1,0,1,1,Reduce Difficulty,3
REC0000405,U000405,PLAN000405,EX0004,Advanced,General Fitness,Strength,Male,31,163.0,53.9,20.29,Normal,4,Chest Back Legs,Limited Gym,6,0,0,Bodyweight,Beginner,Beginner,1,2,1,2.0,2.0,2.0,1.0,3.8,"[""Pectoralis Major""]","[""Anterior Deltoid"", ""Triceps Brachii""]","[""Bodyweight""]",Horizontal Push,"[""Shoulder"", ""Elbow"", ""Wrist""]",[],3,0,0.7222,0.8444,0.0,0.0,7.77,3.84,0.0278,,Safe,0.0,0,0,0,2,4,19,0,0,0,2,1,Replace Exercise,4
REC0000406,U000406,PLAN000406,EX0004,Intermediate,Muscular Endurance,Rehabilitation and Joint Health,Female,26,155.0,43.9,18.27,Underweight,6,Push Pull Legs,Limited Gym,7,0,0,Bodyweight,Beginner,Beginner,1,2,1,2.0,2.0,2.0,1.0,3.8,"[""Pectoralis Major""]","[""Anterior Deltoid"", ""Triceps Brachii""]","[""Bodyweight""]",Horizontal Push,"[""Shoulder"", ""Elbow"", ""Wrist""]",[],3,0,0.7805,0.9259,0.0,0.0,7.11,2.03,0.0,,Safe,0.0,0,0,0,16,5,3,0,0,0,2,0,Keep,6
REC0000407,U000407,PLAN000407,EX0279,Advanced,Mobility and Flexibility,Athletic Performance,Prefer not to say,19,173.0,89.0,29.74,Overweight,5,Chest Back Legs,Commercial Gym,12,1,1,Bodyweight,Advanced,Advanced,2,2,1,3.0,1.5,5.0,4.0,2.0,"[""Neck Extensors (Splenius Capitis, Erector Spinae Cervicis)"", ""Gluteus Maximus""]","[""Hamstrings"", ""Erector Spinae (Lumbar)""]","[""Mat""]",Spinal Extension,"[""Cervical Spine"", ""Lower Back""]","[""Any history of neck pain, cervical disc herniation, or spine issues""]",2,1,0.7692,0.8644,0.0,0.0,6.73,2.06,0.0513,,Safe,0.0,0,0,0,18,6,13,1,1,1,8,1,Reduce Difficulty,5
REC0000408,U000408,PLAN000408,EX0004,Beginner,General Fitness,Rehabilitation and Joint Health,Male,34,168.0,71.7,25.4,Overweight,3,Upper Lower,Limited Gym,7,0,0,Bodyweight,Beginner,Beginner,1,2,1,2.0,2.0,2.0,1.0,3.8,"[""Pectoralis Major""]","[""Anterior Deltoid"", ""Triceps Brachii""]","[""Bodyweight""]",Horizontal Push,"[""Shoulder"", ""Elbow"", ""Wrist""]",[],3,0,0.7568,0.9189,0.0,0.0,7.72,4.03,0.027,,Safe,0.0,0,0,0,1,2,20,0,0,0,2,1,Reduce Difficulty,3
REC0000409,U000409,PLAN000409,EX0004,Advanced,Athletic Performance,Muscle Gain,Other,33,168.0,61.6,21.83,Normal,3,Chest Back Legs,Home Gym,3,0,0,Bodyweight,Beginner,Beginner,1,2,1,2.0,2.0,2.0,1.0,3.8,"[""Pectoralis Major""]","[""Anterior Deltoid"", ""Triceps Brachii""]","[""Bodyweight""]",Horizontal Push,"[""Shoulder"", ""Elbow"", ""Wrist""]",[],3,0,0.7429,0.9143,0.0,0.0,7.42,2.62,0.0286,,Safe,0.0,0,0,0,14,2,8,0,0,0,3,1,Keep,3
REC0000411,U000411,PLAN000411,EX0319,Intermediate,General Fitness,Rehabilitation and Joint Health,Female,21,159.0,44.4,17.56,Underweight,2,Push Pull Legs,Limited Gym,9,0,0,Bodyweight,Beginner,Beginner,2,2,1,1.0,1.0,1.5,3.5,2.0,"[""Lower Trapezius"", ""Serratus Anterior""]","[""Lateral Deltoid"", ""External Rotators""]","[""Wall""]",Scapular Upward Rotation,"[""Shoulder""]",[],1,0,0.8438,0.9375,0.0,0.0,7.0,2.4,0.0,,Safe,0.0,0,0,0,10,8,38,0,0,0,9,0,Keep,2
REC0000416,U000416,PLAN000416,EX0026,Beginner,General Fitness,Strength,Male,44,166.0,62.9,22.83,Normal,3,Upper Lower,Home Gym,5,1,1,Bodyweight,Beginner,Beginner,2,3,1,1.5,2.0,1.0,2.0,3.0,"[""Rectus Abdominis"", ""Transverse Abdominis""]","[""Obliques"", ""Erector Spinae"", ""Serratus Anterior""]","[""Bodyweight""]",Core Anti-Extension,"[""Lower Back"", ""Shoulder""]",[],2,0,0.7714,0.9429,0.0,0.0,7.18,2.21,0.0571,,Safe,0.0,0,0,0,10,7,4,0,0,0,1,1,Reduce Difficulty,3
REC0000417,U000417,PLAN000417,EX0179,Beginner,Athletic Performance,Mobility and Flexibility,Female,33,164.0,68.9,25.62,Overweight,2,Auto,Bodyweight Only,2,0,0,Bodyweight,Beginner,Beginner,2,2,1,2.5,1.5,1.5,1.5,2.5,"[""Rectus Abdominis"", ""Transverse Abdominis""]","[""Obliques"", ""Hip Flexors""]","[""Mat""]",Core Anti-Extension,"[""Lower Back""]","[""None""]",1,1,0.8125,0.9444,0.0,0.0,7.18,2.23,0.0,,Safe,0.0,0,0,0,30,4,8,0,0,1,7,0,Keep,2
REC0000418,U000418,PLAN000418,EX0095,Intermediate,Athletic Performance,Muscular Endurance,Male,32,174.0,61.3,20.25,Normal,4,Push Pull Legs,Limited Gym,8,0,0,Resistance Training,Intermediate,Intermediate,2,3,1,4.0,4.5,3.5,3.5,5.5,"[""Anterior Deltoid"", ""Triceps Brachii""]","[""Quadriceps"", ""Gluteus Maximus"", ""Lateral Deltoid""]","[""Barbell""]",Vertical Push,"[""Shoulder"", ""Knee"", ""Lower Back""]","[""Shoulder impingement"", ""Lumbar spine instability""]",3,2,0.7368,0.9211,0.0,0.0,7.49,2.6,0.0263,,Safe,0.0,0,0,0,3,19,10,0,0,1,4,1,Keep,4
REC0000419,U000419,PLAN000419,EX0003,Beginner,General Fitness,Strength,Female,23,159.0,48.6,19.22,Normal,6,Upper Lower,Limited Gym,4,0,0,Resistance Training,Beginner,Beginner,1,2,1,1.0,1.0,1.0,1.0,3.5,"[""Pectoralis Major""]","[""Anterior Deltoid"", ""Triceps Brachii""]","[""Chest Press Machine""]",Horizontal Push,"[""Shoulder"", ""Elbow""]",[],2,0,0.6944,0.8889,0.0,0.0,7.72,4.06,0.0556,,Safe,0.0,0,0,0,2,1,27,0,0,0,4,1,Reduce Difficulty,6
REC0000420,U000420,PLAN000420,EX0227,Advanced,Muscular Endurance,Fat Loss,Other,22,176.0,66.4,21.44,Normal,6,Upper Lower,Bodyweight Only,2,0,0,Bodyweight,Beginner,Beginner,2,3,1,3.5,1.5,2.5,3.0,6.5,"[""Core"", ""Hip Flexors""]","[""Shoulders (Deltoids)"", ""Triceps Brachii"", ""Quadriceps""]","[""Mat""]",Total Body Integration,"[""Wrist"", ""Shoulder""]","[""Wrist pain""]",2,1,0.7073,0.878,0.0,0.0,7.7,4.03,0.0244,,Safe,0.0,0,0,0,9,3,42,1,1,1,18,1,Reduce Difficulty,6
REC0000421,U000421,PLAN000421,EX0009,Intermediate,Muscle Gain,Mobility and Flexibility,Prefer not to say,21,173.0,57.5,19.21,Normal,3,Push Pull Legs,Limited Gym,5,0,0,Resistance Training,Beginner,Beginner,2,3,1,1.0,1.0,1.0,1.0,3.5,"[""Latissimus Dorsi"", ""Rhomboids""]","[""Middle Trapezius"", ""Posterior Deltoid"", ""Biceps Brachii""]","[""Row Machine""]",Horizontal Pull,"[""Shoulder"", ""Elbow""]","[""Acute shoulder pain"", ""Pain during pulling""]",2,2,0.7179,0.8974,0.0,0.0,8.71,4.03,0.0256,,Safe,0.0,0,0,0,1,1,39,0,0,0,2,0,Reduce Difficulty,3
REC0000422,U000422,PLAN000422,EX0105,Advanced,General Fitness,Muscular Endurance,Female,30,169.0,67.9,23.77,Normal,6,Auto,Home Gym,5,1,1,Resistance Training,Beginner,Beginner,2,1,1,1.5,1.5,1.5,3.0,2.0,"[""Gluteus Medius"", ""Gluteus Minimus""]","[""Tensor Fasciae Latae""]","[""Resistance Band""]",Hip Abduction,"[""Hip"", ""Knee""]","[""Severe hip osteoarthritis""]",2,1,0.8108,0.9444,0.0,0.0,7.01,2.0,0.0,,Safe,0.0,0,0,0,16,3,17,0,0,0,2,0,Keep,6
REC0000423,U000423,PLAN000423,EX0269,Intermediate,Muscle Gain,Rehabilitation and Joint Health,Male,21,180.0,103.3,31.88,Obese,3,Auto,Bodyweight Only,2,0,0,Bodyweight,Beginner,Beginner,2,2,1,2.0,2.0,2.5,3.0,2.5,"[""Gluteus Maximus"", ""Hamstrings""]","[""Core"", ""Erector Spinae""]","[""Mat""]",Hip Extension,"[""Lower Back""]","[""None""]",1,1,0.8,0.9143,0.0,0.0,8.38,3.38,0.0286,,Safe,0.0,0,0,0,21,23,14,1,4,1,5,0,Reduce Difficulty,3
REC0000424,U000424,PLAN000424,EX0227,Beginner,Muscle Gain,Mobility and Flexibility,Male,37,170.0,77.2,26.71,Overweight,4,Auto,Bodyweight Only,2,0,0,Bodyweight,Beginner,Beginner,2,3,1,3.5,1.5,2.5,3.0,6.5,"[""Core"", ""Hip Flexors""]","[""Shoulders (Deltoids)"", ""Triceps Brachii"", ""Quadriceps""]","[""Mat""]",Total Body Integration,"[""Wrist"", ""Shoulder""]","[""Wrist pain""]",2,1,0.825,0.9447,0.0,0.0,7.87,3.03,0.025,,Safe,0.0,0,0,0,68,30,2,1,2,12,1,0,Reduce Difficulty,4
REC0000426,U000426,PLAN000426,EX0059,Advanced,Mobility and Flexibility,Muscle Gain,Female,43,163.0,70.8,26.65,Overweight,4,Push Pull Legs,Commercial Gym,18,0,0,Resistance Training,Beginner,Beginner,1,1,1,1.0,2.0,1.0,2.0,3.0,"[""Upper Trapezius""]","[""Levator Scapulae""]","[""Dumbbell""]",Scapular Elevation,"[""Neck"", ""Shoulder""]","[""Cervical spine issues"", ""Neck spasms""]",2,2,0.8333,0.9701,0.0,0.0,6.03,2.0,0.0,,Safe,0.0,0,0,0,138,3,9,0,0,18,7,0,Keep,4
REC0000427,U000427,PLAN000427,EX0004,Intermediate,Muscle Gain,Mobility and Flexibility,Female,23,152.0,73.2,31.68,Obese,5,Auto,Limited Gym,6,0,0,Bodyweight,Beginner,Beginner,1,2,1,2.0,2.0,2.0,1.0,3.8,"[""Pectoralis Major""]","[""Anterior Deltoid"", ""Triceps Brachii""]","[""Bodyweight""]",Horizontal Push,"[""Shoulder"", ""Elbow"", ""Wrist""]",[],3,0,0.8049,0.9276,0.0,0.0,8.11,3.05,0.0488,,Safe,0.0,0,0,0,11,18,11,0,0,2,4,1,Keep,5
REC0000429,U000429,PLAN000429,EX0026,Advanced,Strength,Muscle Gain,Male,18,167.0,77.6,27.82,Overweight,2,Body Part Split,Home Gym,4,0,0,Bodyweight,Beginner,Beginner,2,3,1,1.5,2.0,1.0,2.0,3.0,"[""Rectus Abdominis"", ""Transverse Abdominis""]","[""Obliques"", ""Erector Spinae"", ""Serratus Anterior""]","[""Bodyweight""]",Core Anti-Extension,"[""Lower Back"", ""Shoulder""]",[],2,0,0.8125,0.9375,0.0,0.0,8.57,3.7,0.0,,Safe,0.0,0,0,0,3,0,28,0,0,0,2,0,Reduce Difficulty,2
REC0000430,U000430,PLAN000430,EX0270,Beginner,Strength,Athletic Performance,Other,24,174.0,70.0,23.12,Normal,5,Upper Lower,Home Gym,7,1,1,Resistance Training,Beginner,Beginner,3,1,1,1.5,1.5,2.5,2.0,2.0,"[""Hamstrings"", ""Gluteus Maximus"", ""Erector Spinae""]","[""None""]","[""Resistance Band""]",Hinge,"[""Lower Back""]","[""Acute low back pain""]",1,1,0.9143,1.0,0.0,0.0,7.95,3.06,0.0571,,Safe,0.0,0,0,0,13,16,2,0,0,4,1,1,Reduce Difficulty,5
REC0000431,U000431,PLAN000431,EX0004,Beginner,Strength,General Fitness,Male,42,178.0,91.7,28.94,Overweight,5,Chest Back Legs,Home Gym,5,0,0,Bodyweight,Beginner,Beginner,1,2,1,2.0,2.0,2.0,1.0,3.8,"[""Pectoralis Major""]","[""Anterior Deltoid"", ""Triceps Brachii""]","[""Bodyweight""]",Horizontal Push,"[""Shoulder"", ""Elbow"", ""Wrist""]",[],3,0,0.75,0.925,0.0,0.0,8.75,4.05,0.05,,Safe,0.0,0,0,0,2,1,31,0,0,0,3,1,Reduce Difficulty,5
REC0000432,U000432,PLAN000432,EX0145,Beginner,General Fitness,Strength,Male,48,170.0,53.8,18.62,Normal,6,Upper Lower,Home Gym,5,1,1,Bodyweight,Beginner,Beginner,1,2,1,1.0,2.0,1.5,1.0,3.0,"[""Quadriceps""]","[""Gluteus Maximus"", ""Calves""]","[""Wall""]",Squat,"[""Knee""]","[""Acute knee pain""]",1,1,0.8158,0.9474,0.0,0.0,7.26,2.64,0.0,,Safe,0.0,0,0,0,52,16,14,0,0,4,4,0,Keep,6
REC0000433,U000433,PLAN000433,EX0004,Advanced,General Fitness,Athletic Performance,Male,25,173.0,69.8,23.32,Normal,6,Body Part Split,Limited Gym,6,0,0,Bodyweight,Beginner,Beginner,1,2,1,2.0,2.0,2.0,1.0,3.8,"[""Pectoralis Major""]","[""Anterior Deltoid"", ""Triceps Brachii""]","[""Bodyweight""]",Horizontal Push,"[""Shoulder"", ""Elbow"", ""Wrist""]",[],3,0,0.8333,0.9762,0.0,0.0,7.04,2.06,0.0278,,Safe,0.0,0,0,0,58,2,7,0,0,6,2,1,Reduce Volume,6
REC0000435,U000435,PLAN000435,EX0003,Advanced,Strength,Athletic Performance,Other,19,159.0,78.8,31.17,Obese,5,Push Pull Legs,Commercial Gym,14,0,0,Resistance Training,Beginner,Beginner,1,2,1,1.0,1.0,1.0,1.0,3.5,"[""Pectoralis Major""]","[""Anterior Deltoid"", ""Triceps Brachii""]","[""Chest Press Machine""]",Horizontal Push,"[""Shoulder"", ""Elbow""]",[],2,0,0.7436,0.9236,0.0,0.0,8.7,4.06,0.0513,,Safe,0.0,0,0,0,2,1,90,0,0,0,9,1,Reduce Difficulty,5
REC0000436,U000436,PLAN000436,EX0026,Advanced,Mobility and Flexibility,Athletic Performance,Female,20,168.0,66.0,23.38,Normal,3,Body Part Split,Home Gym,5,0,0,Bodyweight,Beginner,Beginner,2,3,1,1.5,2.0,1.0,2.0,3.0,"[""Rectus Abdominis"", ""Transverse Abdominis""]","[""Obliques"", ""Erector Spinae"", ""Serratus Anterior""]","[""Bodyweight""]",Core Anti-Extension,"[""Lower Back"", ""Shoulder""]",[],2,0,0.8108,0.9189,0.0,0.0,6.19,2.06,0.0541,,Safe,0.0,0,0,0,45,4,5,0,0,6,3,1,Reduce Difficulty,3
REC0000437,U000437,PLAN000437,EX0004,Advanced,Fat Loss,Muscle Gain,Male,28,174.0,84.6,27.94,Overweight,2,Push Pull Legs,Limited Gym,6,0,0,Bodyweight,Beginner,Beginner,1,2,1,2.0,2.0,2.0,1.0,3.8,"[""Pectoralis Major""]","[""Anterior Deltoid"", ""Triceps Brachii""]","[""Bodyweight""]",Horizontal Push,"[""Shoulder"", ""Elbow"", ""Wrist""]",[],3,0,0.8438,0.9062,0.0,0.0,7.23,2.97,0.0,,Safe,0.0,0,0,0,47,0,27,0,0,6,5,0,Replace Exercise,2
REC0000438,U000438,PLAN000438,EX0227,Beginner,Muscular Endurance,Muscle Gain,Prefer not to say,33,159.0,65.5,25.91,Overweight,5,Auto,Limited Gym,6,1,1,Bodyweight,Beginner,Beginner,2,3,1,3.5,1.5,2.5,3.0,6.5,"[""Core"", ""Hip Flexors""]","[""Shoulders (Deltoids)"", ""Triceps Brachii"", ""Quadriceps""]","[""Mat""]",Total Body Integration,"[""Wrist"", ""Shoulder""]","[""Wrist pain""]",2,1,0.8,0.9267,0.0,0.0,7.12,2.03,0.0,,Review,0.55,1,0,0,165,5,17,1,1,12,11,0,Review Safety,5
REC0000440,U000440,PLAN000440,EX0011,Advanced,Athletic Performance,Rehabilitation and Joint Health,Other,18,150.0,55.3,24.58,Normal,6,Auto,Limited Gym,6,0,0,Resistance Training,Intermediate,Intermediate,1,4,1,4.0,4.0,3.0,2.0,6.0,"[""Latissimus Dorsi""]","[""Biceps Brachii"", ""Brachialis"", ""Rhomboids"", ""Posterior Deltoid""]","[""Pull-up Bar""]",Vertical Pull,"[""Shoulder"", ""Elbow"", ""Wrist""]","[""Acute shoulder or elbow pain"", ""Inability to control the hanging position"", ""Painful overhead range""]",3,3,0.9167,0.9722,0.0,0.0,6.77,2.0,0.0,,Safe,0.0,0,0,0,112,3,6,0,0,5,5,0,Reduce Volume,6
REC0000441,U000441,PLAN000441,EX0004,Advanced,Muscle Gain,Strength,Prefer not to say,26,163.0,60.9,22.92,Normal,5,Chest Back Legs,Commercial Gym,12,0,0,Bodyweight,Beginner,Beginner,1,2,1,2.0,2.0,2.0,1.0,3.8,"[""Pectoralis Major""]","[""Anterior Deltoid"", ""Triceps Brachii""]","[""Bodyweight""]",Horizontal Push,"[""Shoulder"", ""Elbow"", ""Wrist""]",[],3,0,0.8537,0.9362,0.0,0.0,7.89,3.0,0.0,,Safe,0.0,0,0,0,58,20,5,0,0,14,4,0,Reduce Volume,5
REC0000443,U000443,PLAN000443,EX0179,Advanced,Athletic Performance,General Fitness,Female,43,164.0,57.7,21.45,Normal,6,Auto,Bodyweight Only,2,0,0,Bodyweight,Beginner,Beginner,2,2,1,2.5,1.5,1.5,1.5,2.5,"[""Rectus Abdominis"", ""Transverse Abdominis""]","[""Obliques"", ""Hip Flexors""]","[""Mat""]",Core Anti-Extension,"[""Lower Back""]","[""None""]",1,1,0.8919,1.0,0.0,0.0,6.78,2.05,0.0541,,Safe,0.0,0,0,0,137,5,2,0,0,22,1,1,Reduce Difficulty,6
REC0000444,U000444,PLAN000444,EX0004,Beginner,Fat Loss,Muscle Gain,Prefer not to say,39,174.0,62.0,20.48,Normal,4,Chest Back Legs,Home Gym,3,0,0,Bodyweight,Beginner,Beginner,1,2,1,2.0,2.0,2.0,1.0,3.8,"[""Pectoralis Major""]","[""Anterior Deltoid"", ""Triceps Brachii""]","[""Bodyweight""]",Horizontal Push,"[""Shoulder"", ""Elbow"", ""Wrist""]",[],3,0,0.8286,0.9429,0.0,0.0,7.07,2.15,0.0857,,Safe,0.0,0,0,0,41,2,8,0,0,3,3,2,Reduce Difficulty,4
REC0000447,U000447,PLAN000447,EX0004,Intermediate,Fat Loss,Rehabilitation and Joint Health,Other,31,159.0,56.5,22.35,Normal,3,Chest Back Legs,Home Gym,3,0,0,Bodyweight,Beginner,Beginner,1,2,1,2.0,2.0,2.0,1.0,3.8,"[""Pectoralis Major""]","[""Anterior Deltoid"", ""Triceps Brachii""]","[""Bodyweight""]",Horizontal Push,"[""Shoulder"", ""Elbow"", ""Wrist""]",[],3,0,0.6944,0.8605,0.0,0.0,7.7,4.0,0.0,,Safe,0.0,0,0,0,42,1,32,0,0,11,11,0,Reduce Difficulty,3
REC0000449,U000449,PLAN000449,EX0281,Advanced,Athletic Performance,Muscular Endurance,Prefer not to say,36,173.0,54.7,18.28,Underweight,3,Body Part Split,Limited Gym,8,0,0,Resistance Training,Intermediate,Intermediate,2,1,1,3.0,3.5,2.5,3.0,4.0,"[""Pectoralis Major"", ""Triceps Brachii""]","[""Anterior Deltoid""]","[""Resistance Band""]",Horizontal Push,"[""Shoulder"", ""Wrist"", ""Elbow""]","[""Shoulder impingement""]",3,1,0.7949,0.9231,0.0,0.0,7.0,2.0,0.0,,Safe,0.0,0,0,0,48,4,23,0,0,6,7,0,Keep,3
REC0000450,U000450,PLAN000450,EX0116,Advanced,Fat Loss,Muscle Gain,Female,21,160.0,71.0,27.73,Overweight,4,Upper Lower,Bodyweight Only,2,1,1,Bodyweight,Advanced,Advanced,1,1,1,3.5,3.0,3.5,3.0,3.5,"[""Quadriceps (Rectus Femoris)""]","[""None""]","[""Mat""]",Knee Extension,"[""Knee""]","[""Patellar tendinopathy"", ""Knee joint pain""]",1,2,0.7297,0.9189,0.0,0.0,7.71,4.06,0.0541,,Monitor,0.25,1,0,0,66,6,24,1,0,21,7,1,Reduce Difficulty,4
REC0000451,U000451,PLAN000451,EX0004,Intermediate,Strength,Rehabilitation and Joint Health,Male,25,169.0,89.8,31.44,Obese,6,Chest Back Legs,Commercial Gym,10,0,0,Bodyweight,Beginner,Beginner,1,2,1,2.0,2.0,2.0,1.0,3.8,"[""Pectoralis Major""]","[""Anterior Deltoid"", ""Triceps Brachii""]","[""Bodyweight""]",Horizontal Push,"[""Shoulder"", ""Elbow"", ""Wrist""]",[],3,0,0.9714,1.0,0.0,0.0,7.83,3.06,0.0571,,Safe,0.0,0,0,0,32,23,2,0,0,9,1,1,Reduce Difficulty,6
REC0000452,U000452,PLAN000452,EX0026,Intermediate,Rehabilitation and Joint Health,Muscle Gain,Female,36,170.0,82.1,28.41,Overweight,3,Auto,Bodyweight Only,2,0,0,Bodyweight,Beginner,Beginner,2,3,1,1.5,2.0,1.0,2.0,3.0,"[""Rectus Abdominis"", ""Transverse Abdominis""]","[""Obliques"", ""Erector Spinae"", ""Serratus Anterior""]","[""Bodyweight""]",Core Anti-Extension,"[""Lower Back"", ""Shoulder""]",[],2,0,0.75,0.925,0.0,0.0,5.7,3.0,0.0,,Safe,0.0,0,0,0,134,21,16,0,0,10,9,0,Keep,3
REC0000453,U000453,PLAN000453,EX0190,Advanced,Athletic Performance,Rehabilitation and Joint Health,Other,18,167.0,77.1,27.65,Overweight,2,Push Pull Legs,Commercial Gym,12,0,0,Bodyweight,Beginner,Beginner,1,1,1,1.0,1.0,1.0,1.5,2.0,"[""Tibialis Anterior""]","[""Extensor Digitorum Longus""]","[""Wall""]",Ankle Dorsiflexion,"[""Ankle""]","[""None""]",1,1,0.875,0.9722,0.0,0.0,6.9,2.0,0.0,,Safe,0.0,0,0,0,103,8,7,0,0,12,6,0,Reduce Volume,2
REC0000454,U000454,PLAN000454,EX0179,Beginner,Athletic Performance,Mobility and Flexibility,Female,45,158.0,62.9,25.2,Overweight,3,Upper Lower,Bodyweight Only,2,1,1,Bodyweight,Beginner,Beginner,2,2,1,2.5,1.5,1.5,1.5,2.5,"[""Rectus Abdominis"", ""Transverse Abdominis""]","[""Obliques"", ""Hip Flexors""]","[""Mat""]",Core Anti-Extension,"[""Lower Back""]","[""None""]",1,1,0.8889,1.0,0.0,0.0,6.87,2.0,0.0,,Safe,0.0,0,0,0,169,3,0,3,0,12,0,0,Reduce Volume,3
REC0000456,U000456,PLAN000456,EX0004,Advanced,Fat Loss,Athletic Performance,Female,21,162.0,67.9,25.87,Overweight,5,Body Part Split,Limited Gym,9,0,0,Bodyweight,Beginner,Beginner,1,2,1,2.0,2.0,2.0,1.0,3.8,"[""Pectoralis Major""]","[""Anterior Deltoid"", ""Triceps Brachii""]","[""Bodyweight""]",Horizontal Push,"[""Shoulder"", ""Elbow"", ""Wrist""]",[],3,0,0.8974,0.9672,0.0,0.0,6.8,2.05,0.0513,,Safe,0.0,0,0,0,101,2,9,1,0,19,7,1,Reduce Difficulty,5
REC0000458,U000458,PLAN000458,EX0196,Beginner,Strength,Athletic Performance,Male,32,162.0,78.6,29.95,Overweight,3,Auto,Limited Gym,5,0,0,Resistance Training,Beginner,Beginner,1,4,1,1.5,1.5,1.5,1.0,4.0,"[""Latissimus Dorsi""]","[""Biceps Brachii"", ""Brachialis"", ""Rhomboids"", ""Posterior Deltoid""]","[""Assisted Pull-Up Machine""]",Vertical Pull,"[""Shoulder"", ""Elbow""]","[""Severe shoulder impingement""]",2,1,0.8571,0.9429,0.0,0.0,7.89,3.3,0.0,,Safe,0.0,0,0,0,17,9,11,0,0,3,3,0,Replace Exercise,3
REC0000459,U000459,PLAN000459,EX0025,Advanced,Mobility and Flexibility,General Fitness,Other,29,159.0,48.6,19.22,Normal,6,Chest Back Legs,Commercial Gym,15,0,0,Resistance Training,Beginner,Beginner,1,2,1,1.0,1.5,1.0,1.0,2.5,"[""Posterior Deltoid""]","[""Rhomboids"", ""Middle Trapezius""]","[""Pec Deck Machine""]",Horizontal Pull,"[""Shoulder""]","[""None""]",1,1,0.8,0.9242,0.0,0.0,6.27,2.54,0.025,,Safe,0.0,0,0,0,95,18,20,1,0,14,12,1,Reduce Volume,6
REC0000460,U000460,PLAN000460,EX0227,Beginner,General Fitness,Athletic Performance,Female,20,161.0,77.6,29.94,Overweight,3,Chest Back Legs,Bodyweight Only,2,1,1,Bodyweight,Beginner,Beginner,2,3,1,3.5,1.5,2.5,3.0,6.5,"[""Core"", ""Hip Flexors""]","[""Shoulders (Deltoids)"", ""Triceps Brachii"", ""Quadriceps""]","[""Mat""]",Total Body Integration,"[""Wrist"", ""Shoulder""]","[""Wrist pain""]",2,1,0.7105,0.8947,0.0,0.0,7.71,4.03,0.0263,,Safe,0.0,0,0,0,90,8,37,2,1,9,9,1,Reduce Difficulty,3
REC0000461,U000461,PLAN000461,EX0227,Intermediate,Fat Loss,Muscular Endurance,Prefer not to say,31,173.0,76.0,25.39,Overweight,5,Auto,Bodyweight Only,2,1,1,Bodyweight,Beginner,Beginner,2,3,1,3.5,1.5,2.5,3.0,6.5,"[""Core"", ""Hip Flexors""]","[""Shoulders (Deltoids)"", ""Triceps Brachii"", ""Quadriceps""]","[""Mat""]",Total Body Integration,"[""Wrist"", ""Shoulder""]","[""Wrist pain""]",2,1,0.8611,0.9718,0.0,0.0,6.9,2.06,0.0556,,Safe,0.0,0,0,0,145,11,12,0,0,17,9,2,Reduce Difficulty,5
REC0000462,U000462,PLAN000462,EX0009,Advanced,Muscle Gain,Muscular Endurance,Male,44,175.0,65.6,21.42,Normal,6,Auto,Commercial Gym,10,0,0,Resistance Training,Beginner,Beginner,2,3,1,1.0,1.0,1.0,1.0,3.5,"[""Latissimus Dorsi"", ""Rhomboids""]","[""Middle Trapezius"", ""Posterior Deltoid"", ""Biceps Brachii""]","[""Row Machine""]",Horizontal Pull,"[""Shoulder"", ""Elbow""]","[""Acute shoulder pain"", ""Pain during pulling""]",2,2,0.7073,0.9024,0.0,0.0,8.71,4.05,0.0488,,Safe,0.0,0,0,0,10,14,93,1,5,3,14,1,Reduce Difficulty,6
REC0000463,U000463,PLAN000463,EX0004,Advanced,Fat Loss,Rehabilitation and Joint Health,Other,27,164.0,69.0,25.65,Overweight,6,Upper Lower,Home Gym,3,0,0,Bodyweight,Beginner,Beginner,1,2,1,2.0,2.0,2.0,1.0,3.8,"[""Pectoralis Major""]","[""Anterior Deltoid"", ""Triceps Brachii""]","[""Bodyweight""]",Horizontal Push,"[""Shoulder"", ""Elbow"", ""Wrist""]",[],3,0,0.8205,0.9744,0.0,0.0,7.05,2.11,0.0513,,Safe,0.0,0,0,0,33,4,2,0,0,5,1,1,Reduce Difficulty,6
REC0000466,U000466,PLAN000466,EX0004,Intermediate,Muscle Gain,Strength,Male,20,176.0,88.1,28.44,Overweight,3,Upper Lower,Bodyweight Only,2,1,1,Bodyweight,Beginner,Beginner,1,2,1,2.0,2.0,2.0,1.0,3.8,"[""Pectoralis Major""]","[""Anterior Deltoid"", ""Triceps Brachii""]","[""Bodyweight""]",Horizontal Push,"[""Shoulder"", ""Elbow"", ""Wrist""]",[],3,0,0.875,0.975,0.0,0.0,7.89,3.0,0.0,,Safe,0.0,0,0,0,60,22,8,2,0,18,7,0,Reduce Volume,3
REC0000467,U000467,PLAN000467,EX0274,Intermediate,Fat Loss,Muscle Gain,Other,35,159.0,58.4,23.1,Normal,4,Upper Lower,Bodyweight Only,2,0,0,Bodyweight,Beginner,Beginner,3,1,1,1.0,1.0,1.0,1.5,1.5,"[""Adductors (Longus, Magnus, Brevis)"", ""Gracilis"", ""Pectineus""]","[""None""]","[""Mat""]",Hip Adduction,"[""Hip"", ""Groin""]","[""Acute groin strain""]",2,1,0.9474,1.0,0.0,0.0,6.78,2.05,0.0526,,Safe,0.0,0,0,0,171,5,2,0,0,16,1,1,Reduce Difficulty,4
REC0000469,U000469,PLAN000469,EX0231,Advanced,Strength,Mobility and Flexibility,Other,28,150.0,45.6,20.27,Normal,3,Upper Lower,Commercial Gym,17,1,1,Resistance Training,Beginner,Beginner,2,1,1,1.5,1.5,1.5,1.5,2.0,"[""Forearm Flexors"", ""Hand/Finger Flexors""]","[""Brachioradialis""]","[""Weight Plates""]",Grip,"[""Wrist"", ""Fingers""]","[""Carpal tunnel syndrome"", ""Arthritis in hands""]",2,2,0.8537,0.9499,0.0,0.0,7.88,3.0,0.0,,Safe,0.0,0,0,0,32,18,6,0,0,11,5,0,Reduce Volume,3
REC0000470,U000470,PLAN000470,EX0179,Intermediate,Athletic Performance,Muscular Endurance,Prefer not to say,26,163.0,64.1,24.13,Normal,3,Auto,Commercial Gym,11,0,0,Bodyweight,Beginner,Beginner,2,2,1,2.5,1.5,1.5,1.5,2.5,"[""Rectus Abdominis"", ""Transverse Abdominis""]","[""Obliques"", ""Hip Flexors""]","[""Mat""]",Core Anti-Extension,"[""Lower Back""]","[""None""]",1,1,0.8205,0.9217,0.0,0.0,7.27,2.58,0.0513,,Safe,0.0,0,0,0,141,1,11,0,1,21,8,1,Reduce Difficulty,3
REC0000472,U000472,PLAN000472,EX0196,Beginner,Strength,Fat Loss,Male,20,178.0,66.8,21.08,Normal,3,Auto,Commercial Gym,16,0,0,Resistance Training,Beginner,Beginner,1,4,1,1.5,1.5,1.5,1.0,4.0,"[""Latissimus Dorsi""]","[""Biceps Brachii"", ""Brachialis"", ""Rhomboids"", ""Posterior Deltoid""]","[""Assisted Pull-Up Machine""]",Vertical Pull,"[""Shoulder"", ""Elbow""]","[""Severe shoulder impingement""]",2,1,0.8857,1.0,0.0,0.0,7.88,3.14,0.0286,,Safe,0.0,0,0,0,28,22,5,0,0,15,1,1,Reduce Volume,3
REC0000473,U000473,PLAN000473,EX0004,Advanced,General Fitness,Mobility and Flexibility,Other,39,163.0,83.3,31.35,Obese,4,Full Body,Home Gym,2,0,0,Bodyweight,Beginner,Beginner,1,2,1,2.0,2.0,2.0,1.0,3.8,"[""Pectoralis Major""]","[""Anterior Deltoid"", ""Triceps Brachii""]","[""Bodyweight""]",Horizontal Push,"[""Shoulder"", ""Elbow"", ""Wrist""]",[],3,0,0.8,0.95,0.0,0.0,7.28,2.58,0.05,,Safe,0.0,0,0,0,61,18,17,0,0,7,5,2,Keep,4
REC0000474,U000474,PLAN000474,EX0137,Advanced,Mobility and Flexibility,Muscle Gain,Prefer not to say,26,173.0,54.9,18.34,Underweight,5,Chest Back Legs,Limited Gym,8,1,1,Resistance Training,Beginner,Beginner,2,1,1,1.0,1.5,1.5,1.0,2.0,"[""Biceps Brachii"", ""Brachialis""]","[""Brachioradialis""]","[""Bicep Curl Machine""]",Elbow Flexion,"[""Elbow"", ""Wrist""]","[""Medial epicondylitis""]",2,1,0.8158,0.9524,0.0,0.0,6.0,2.0,0.0,,Safe,0.0,0,0,0,87,3,2,0,0,7,1,0,Keep,5
REC0000476,U000476,PLAN000476,EX0004,Advanced,Athletic Performance,Strength,Other,31,167.0,79.4,28.47,Overweight,6,Push Pull Legs,Commercial Gym,10,0,0,Bodyweight,Beginner,Beginner,1,2,1,2.0,2.0,2.0,1.0,3.8,"[""Pectoralis Major""]","[""Anterior Deltoid"", ""Triceps Brachii""]","[""Bodyweight""]",Horizontal Push,"[""Shoulder"", ""Elbow"", ""Wrist""]",[],3,0,0.8537,0.9813,0.0,0.0,6.9,2.05,0.0488,,Safe,0.0,0,0,0,97,37,2,0,0,16,1,1,Reduce Volume,6
REC0000477,U000477,PLAN000477,EX0026,Advanced,Mobility and Flexibility,Rehabilitation and Joint Health,Other,21,164.0,59.5,22.12,Normal,6,Auto,Home Gym,2,0,0,Bodyweight,Beginner,Beginner,2,3,1,1.5,2.0,1.0,2.0,3.0,"[""Rectus Abdominis"", ""Transverse Abdominis""]","[""Obliques"", ""Erector Spinae"", ""Serratus Anterior""]","[""Bodyweight""]",Core Anti-Extension,"[""Lower Back"", ""Shoulder""]",[],2,0,0.8718,0.9487,0.0,0.0,5.87,2.0,0.0,,Safe,0.0,0,0,0,65,34,12,0,0,3,5,0,Keep,6
REC0000478,U000478,PLAN000478,EX0004,Intermediate,Muscular Endurance,Athletic Performance,Female,18,150.0,57.7,25.64,Overweight,4,Auto,Home Gym,2,0,0,Bodyweight,Beginner,Beginner,1,2,1,2.0,2.0,2.0,1.0,3.8,"[""Pectoralis Major""]","[""Anterior Deltoid"", ""Triceps Brachii""]","[""Bodyweight""]",Horizontal Push,"[""Shoulder"", ""Elbow"", ""Wrist""]",[],3,0,0.8919,0.9459,0.0,0.0,6.81,2.0,0.0,,Safe,0.0,0,0,0,34,1,2,0,0,2,1,0,Keep,4
REC0000480,U000480,PLAN000480,EX0004,Intermediate,Muscle Gain,Athletic Performance,Female,22,150.0,48.4,21.51,Normal,3,Auto,Commercial Gym,13,0,0,Bodyweight,Beginner,Beginner,1,2,1,2.0,2.0,2.0,1.0,3.8,"[""Pectoralis Major""]","[""Anterior Deltoid"", ""Triceps Brachii""]","[""Bodyweight""]",Horizontal Push,"[""Shoulder"", ""Elbow"", ""Wrist""]",[],3,0,0.8,0.95,0.0,0.0,8.12,3.0,0.0,,Safe,0.0,0,0,0,1,127,7,0,0,0,5,0,Reduce Volume,3
REC0000482,U000482,PLAN000482,EX0004,Advanced,Muscle Gain,Muscular Endurance,Prefer not to say,20,166.0,49.3,17.89,Underweight,5,Upper Lower,Home Gym,2,0,0,Bodyweight,Beginner,Beginner,1,2,1,2.0,2.0,2.0,1.0,3.8,"[""Pectoralis Major""]","[""Anterior Deltoid"", ""Triceps Brachii""]","[""Bodyweight""]",Horizontal Push,"[""Shoulder"", ""Elbow"", ""Wrist""]",[],3,0,0.8333,0.9444,0.0,0.0,8.01,3.03,0.0278,,Safe,0.0,0,0,0,2,132,9,0,0,0,6,1,Reduce Volume,5
REC0000485,U000485,PLAN000485,EX0227,Advanced,Muscular Endurance,Mobility and Flexibility,Other,38,159.0,52.0,20.57,Normal,2,Upper Lower,Home Gym,2,0,0,Bodyweight,Beginner,Beginner,2,3,1,3.5,1.5,2.5,3.0,6.5,"[""Core"", ""Hip Flexors""]","[""Shoulders (Deltoids)"", ""Triceps Brachii"", ""Quadriceps""]","[""Mat""]",Total Body Integration,"[""Wrist"", ""Shoulder""]","[""Wrist pain""]",2,1,0.8125,0.9688,0.0,0.0,7.0,2.0,0.0,,Safe,0.0,0,0,0,63,76,0,0,0,10,0,0,Keep,2
REC0000486,U000486,PLAN000486,EX0004,Advanced,Strength,Rehabilitation and Joint Health,Prefer not to say,20,158.0,77.8,31.16,Obese,6,Upper Lower,Limited Gym,5,0,0,Bodyweight,Beginner,Beginner,1,2,1,2.0,2.0,2.0,1.0,3.8,"[""Pectoralis Major""]","[""Anterior Deltoid"", ""Triceps Brachii""]","[""Bodyweight""]",Horizontal Push,"[""Shoulder"", ""Elbow"", ""Wrist""]",[],3,0,0.8286,0.9429,0.0,0.0,8.28,3.24,0.0286,,Safe,0.0,0,0,0,2,49,0,0,0,0,0,0,Keep,6
REC0000488,U000488,PLAN000488,EX0004,Intermediate,Athletic Performance,Strength,Female,24,158.0,46.5,18.63,Normal,5,Body Part Split,Bodyweight Only,2,0,0,Bodyweight,Beginner,Beginner,1,2,1,2.0,2.0,2.0,1.0,3.8,"[""Pectoralis Major""]","[""Anterior Deltoid"", ""Triceps Brachii""]","[""Bodyweight""]",Horizontal Push,"[""Shoulder"", ""Elbow"", ""Wrist""]",[],3,0,0.8947,0.9566,0.0,0.0,6.91,2.3,0.0526,,Safe,0.0,0,0,0,47,49,10,0,0,11,7,1,Reduce Difficulty,5
REC0000489,U000489,PLAN000489,EX0180,Intermediate,Mobility and Flexibility,General Fitness,Male,34,172.0,54.8,18.52,Normal,2,Auto,Home Gym,4,1,1,Bodyweight,Beginner,Beginner,3,2,1,2.0,1.0,1.5,1.5,2.0,"[""Erector Spinae"", ""Gluteus Maximus"", ""Transverse Abdominis""]","[""Deltoids"", ""Hamstrings""]","[""Mat""]",Core Anti-Rotation,"[""Lower Back"", ""Wrist""]","[""None""]",2,1,0.9375,0.9688,0.0,0.0,5.79,1.74,0.0,,Safe,0.0,0,0,0,18,15,2,0,0,0,1,0,Keep,2
REC0000490,U000490,PLAN000490,EX0004,Intermediate,Fat Loss,Muscular Endurance,Prefer not to say,19,177.0,58.0,18.51,Normal,4,Auto,Limited Gym,4,0,0,Bodyweight,Beginner,Beginner,1,2,1,2.0,2.0,2.0,1.0,3.8,"[""Pectoralis Major""]","[""Anterior Deltoid"", ""Triceps Brachii""]","[""Bodyweight""]",Horizontal Push,"[""Shoulder"", ""Elbow"", ""Wrist""]",[],3,0,0.7805,0.9512,0.0,0.0,7.15,2.18,0.0488,,Safe,0.0,0,0,0,21,34,5,0,0,4,2,1,Keep,4
REC0000492,U000492,PLAN000492,EX0004,Advanced,General Fitness,Rehabilitation and Joint Health,Male,26,179.0,77.1,24.06,Normal,4,Auto,Limited Gym,8,0,0,Bodyweight,Beginner,Beginner,1,2,1,2.0,2.0,2.0,1.0,3.8,"[""Pectoralis Major""]","[""Anterior Deltoid"", ""Triceps Brachii""]","[""Bodyweight""]",Horizontal Push,"[""Shoulder"", ""Elbow"", ""Wrist""]",[],3,0,0.8649,0.973,0.0,0.0,7.03,2.0,0.0,,Safe,0.0,0,0,0,69,36,0,0,0,3,0,0,Keep,4
REC0000494,U000494,PLAN000494,EX0004,Beginner,Strength,Athletic Performance,Male,21,168.0,86.6,30.68,Obese,2,Auto,Bodyweight Only,2,0,0,Bodyweight,Beginner,Beginner,1,2,1,2.0,2.0,2.0,1.0,3.8,"[""Pectoralis Major""]","[""Anterior Deltoid"", ""Triceps Brachii""]","[""Bodyweight""]",Horizontal Push,"[""Shoulder"", ""Elbow"", ""Wrist""]",[],3,0,0.6875,0.9091,0.0,0.0,8.72,4.03,0.0312,,Safe,0.0,0,0,0,1,38,52,0,0,0,7,0,Reduce Difficulty,2
REC0000496,U000496,PLAN000496,EX0224,Advanced,Strength,Fat Loss,Other,25,171.0,89.4,30.57,Obese,2,Push Pull Legs,Bodyweight Only,2,0,0,Bodyweight,Intermediate,Intermediate,2,2,1,2.5,3.0,3.0,3.0,4.5,"[""Anterior Deltoid"", ""Lateral Deltoid""]","[""Triceps Brachii"", ""Upper Trapezius""]","[""Mat""]",Vertical Push,"[""Shoulder"", ""Wrist"", ""Neck""]","[""High blood pressure"", ""Shoulder instability""]",3,2,0.75,0.9423,0.0,0.0,8.01,3.27,0.0312,,Safe,0.0,0,0,0,9,117,13,2,1,1,7,0,Reduce Difficulty,2
REC0000498,U000498,PLAN000498,EX0004,Beginner,Muscular Endurance,Mobility and Flexibility,Prefer not to say,36,175.0,73.0,23.84,Normal,4,Auto,Commercial Gym,11,1,1,Bodyweight,Beginner,Beginner,1,2,1,2.0,2.0,2.0,1.0,3.8,"[""Pectoralis Major""]","[""Anterior Deltoid"", ""Triceps Brachii""]","[""Bodyweight""]",Horizontal Push,"[""Shoulder"", ""Elbow"", ""Wrist""]",[],3,0,0.8718,0.9744,0.0,0.0,6.91,2.0,0.0,,Safe,0.0,0,0,0,98,51,1,0,1,5,1,0,Reduce Difficulty,4
REC0000499,U000499,PLAN000499,EX0004,Advanced,General Fitness,Muscular Endurance,Other,27,170.0,75.3,26.06,Overweight,3,Full Body,Commercial Gym,18,1,1,Bodyweight,Beginner,Beginner,1,2,1,2.0,2.0,2.0,1.0,3.8,"[""Pectoralis Major""]","[""Anterior Deltoid"", ""Triceps Brachii""]","[""Bodyweight""]",Horizontal Push,"[""Shoulder"", ""Elbow"", ""Wrist""]",[],3,0,0.8378,0.9459,0.0,0.0,6.89,2.09,0.0811,,Safe,0.0,0,0,0,70,63,12,1,0,14,9,2,Reduce Difficulty,3
