sample_id,user_id,exercise_id,training_level,primary_goal,secondary_goal,gender,age,height_cm,weight_kg,bmi,bmi_category,training_days_per_week,preferred_split,gym_access_level,available_equipment_count,injury_count,limitation_count,exercise_category,exercise_difficulty,minimum_training_level,primary_muscle_count,secondary_muscle_count,equipment_count,technical_complexity_score,fatigue_score,mobility_requirement,balance_requirement,estimated_MET,primary_muscles,secondary_muscles,equipment,movement_pattern,joint_stress_areas,contraindications,joint_stress_count,contraindication_count,pain_rate,pain_feedback,pain_area_count,pain_during_exercise,pain_match_count,contraindication_match_count,risk_flag_count,risk_score,safety_label
SAFE0000001,U000001,EX0003,Intermediate,Muscle Gain,General Fitness,Male,35,166.0,72.1,26.16,Overweight,3,Full Body,Commercial Gym,2,0,0,Resistance Training,Beginner,Beginner,1,2,1,1.0,1.0,1.0,1.0,3.5,"[""Pectoralis Major""]","[""Anterior Deltoid"", ""Triceps Brachii""]","[""Chest Press Machine""]",Horizontal Push,"[""Shoulder"", ""Elbow""]",[],2,0,0.0513,,0,,0,0,0,0.0,Safe
SAFE0000002,U000002,EX0003,Intermediate,Strength,Muscle Gain,Female,20,176.0,85.0,27.44,Overweight,2,Push Pull Legs,Commercial Gym,3,0,0,Resistance Training,Beginner,Beginner,1,2,1,1.0,1.0,1.0,1.0,3.5,"[""Pectoralis Major""]","[""Anterior Deltoid"", ""Triceps Brachii""]","[""Chest Press Machine""]",Horizontal Push,"[""Shoulder"", ""Elbow""]",[],2,0,0.0312,,0,,0,0,0,0.0,Safe
SAFE0000003,U000003,EX0004,Advanced,Fat Loss,Strength,Other,35,179.0,90.4,28.21,Overweight,3,Body Part Split,Limited Gym,5,0,0,Bodyweight,Beginner,Beginner,1,2,1,2.0,2.0,2.0,1.0,3.8,"[""Pectoralis Major""]","[""Anterior Deltoid"", ""Triceps Brachii""]","[""Bodyweight""]",Horizontal Push,"[""Shoulder"", ""Elbow"", ""Wrist""]",[],3,0,0.0,,0,,0,0,0,0.0,Safe
SAFE0000004,U000004,EX0242,Advanced,Strength,Athletic Performance,Prefer not to say,18,157.0,54.4,22.07,Normal,6,Chest Back Legs,Home Gym,5,0,0,Resistance Training,Intermediate,Intermediate,2,1,1,2.0,3.5,2.0,1.5,3.0,"[""Pectoralis Major"", ""Triceps Brachii""]","[""Anterior Deltoid""]","[""Dumbbell""]",Horizontal Push,"[""Wrist"", ""Elbow""]","[""Wrist pain""]",2,1,0.05,,0,,0,0,0,0.0,Safe
SAFE0000005,U000005,EX0004,Beginner,General Fitness,Muscular Endurance,Male,34,165.0,69.4,25.49,Overweight,2,Auto,Commercial Gym,2,0,0,Bodyweight,Beginner,Beginner,1,2,1,2.0,2.0,2.0,1.0,3.8,"[""Pectoralis Major""]","[""Anterior Deltoid"", ""Triceps Brachii""]","[""Bodyweight""]",Horizontal Push,"[""Shoulder"", ""Elbow"", ""Wrist""]",[],3,0,0.0625,,0,,0,0,0,0.0,Safe
SAFE0000006,U000006,EX0003,Beginner,General Fitness,Muscular Endurance,Female,35,171.0,71.4,24.42,Normal,6,Upper Lower,Commercial Gym,4,0,0,Resistance Training,Beginner,Beginner,1,2,1,1.0,1.0,1.0,1.0,3.5,"[""Pectoralis Major""]","[""Anterior Deltoid"", ""Triceps Brachii""]","[""Chest Press Machine""]",Horizontal Push,"[""Shoulder"", ""Elbow""]",[],2,0,0.0,,0,,0,0,0,0.0,Safe
SAFE0000007,U000007,EX0004,Intermediate,Fat Loss,Muscle Gain,Other,53,166.0,91.6,33.24,Obese,3,Upper Lower,Commercial Gym,3,0,0,Bodyweight,Beginner,Beginner,1,2,1,2.0,2.0,2.0,1.0,3.8,"[""Pectoralis Major""]","[""Anterior Deltoid"", ""Triceps Brachii""]","[""Bodyweight""]",Horizontal Push,"[""Shoulder"", ""Elbow"", ""Wrist""]",[],3,0,0.0,,0,,0,0,0,0.0,Safe
SAFE0000008,U000008,EX0004,Intermediate,Fat Loss,General Fitness,Prefer not to say,26,182.0,105.3,31.79,Obese,6,Full Body,Limited Gym,3,0,0,Bodyweight,Beginner,Beginner,1,2,1,2.0,2.0,2.0,1.0,3.8,"[""Pectoralis Major""]","[""Anterior Deltoid"", ""Triceps Brachii""]","[""Bodyweight""]",Horizontal Push,"[""Shoulder"", ""Elbow"", ""Wrist""]",[],3,0,0.0,,0,,0,0,0,0.0,Safe
SAFE0000009,U000009,EX0003,Advanced,Fat Loss,Rehabilitation and Joint Health,Male,25,183.0,111.1,33.18,Obese,5,Push Pull Legs,Commercial Gym,3,0,0,Resistance Training,Beginner,Beginner,1,2,1,1.0,1.0,1.0,1.0,3.5,"[""Pectoralis Major""]","[""Anterior Deltoid"", ""Triceps Brachii""]","[""Chest Press Machine""]",Horizontal Push,"[""Shoulder"", ""Elbow""]",[],2,0,0.027,,0,,0,0,0,0.0,Safe
SAFE0000010,U000010,EX0026,Intermediate,Rehabilitation and Joint Health,Mobility and Flexibility,Male,38,164.0,78.7,29.26,Overweight,4,Auto,Limited Gym,4,1,1,Bodyweight,Beginner,Beginner,2,3,1,1.5,2.0,1.0,2.0,3.0,"[""Rectus Abdominis"", ""Transverse Abdominis""]","[""Obliques"", ""Erector Spinae"", ""Serratus Anterior""]","[""Bodyweight""]",Core Anti-Extension,"[""Lower Back"", ""Shoulder""]",[],2,0,0.0286,,0,,0,0,1,0.55,Review
SAFE0000011,U000011,EX0281,Advanced,Strength,Muscle Gain,Female,37,165.0,77.7,28.54,Overweight,6,Body Part Split,Limited Gym,4,0,0,Resistance Training,Intermediate,Intermediate,2,1,1,3.0,3.5,2.5,3.0,4.0,"[""Pectoralis Major"", ""Triceps Brachii""]","[""Anterior Deltoid""]","[""Resistance Band""]",Horizontal Push,"[""Shoulder"", ""Wrist"", ""Elbow""]","[""Shoulder impingement""]",3,1,0.025,,0,,0,0,0,0.0,Safe
SAFE0000012,U000012,EX0067,Intermediate,Fat Loss,General Fitness,Male,28,162.0,86.1,32.81,Obese,3,Push Pull Legs,Limited Gym,3,1,1,Resistance Training,Beginner,Beginner,1,1,1,1.5,2.5,1.0,2.0,3.0,"[""Upper Trapezius""]","[""Levator Scapulae""]","[""Barbell""]",Scapular Elevation,"[""Neck"", ""Lower Back""]","[""Cervical spine pain""]",2,1,0.0263,,0,,0,0,0,0.0,Safe
SAFE0000013,U000013,EX0004,Advanced,Muscular Endurance,Mobility and Flexibility,Female,39,164.0,65.8,24.46,Normal,6,Upper Lower,Commercial Gym,3,0,0,Bodyweight,Beginner,Beginner,1,2,1,2.0,2.0,2.0,1.0,3.8,"[""Pectoralis Major""]","[""Anterior Deltoid"", ""Triceps Brachii""]","[""Bodyweight""]",Horizontal Push,"[""Shoulder"", ""Elbow"", ""Wrist""]",[],3,0,0.0,,0,,0,0,0,0.0,Safe
SAFE0000014,U000014,EX0004,Advanced,Muscular Endurance,Rehabilitation and Joint Health,Male,19,168.0,75.1,26.61,Overweight,3,Chest Back Legs,Home Gym,3,0,0,Bodyweight,Beginner,Beginner,1,2,1,2.0,2.0,2.0,1.0,3.8,"[""Pectoralis Major""]","[""Anterior Deltoid"", ""Triceps Brachii""]","[""Bodyweight""]",Horizontal Push,"[""Shoulder"", ""Elbow"", ""Wrist""]",[],3,0,0.0,,0,,0,0,0,0.0,Safe
SAFE0000015,U000015,EX0026,Intermediate,Fat Loss,General Fitness,Other,34,179.0,87.6,27.34,Overweight,6,Chest Back Legs,Home Gym,3,0,0,Bodyweight,Beginner,Beginner,2,3,1,1.5,2.0,1.0,2.0,3.0,"[""Rectus Abdominis"", ""Transverse Abdominis""]","[""Obliques"", ""Erector Spinae"", ""Serratus Anterior""]","[""Bodyweight""]",Core Anti-Extension,"[""Lower Back"", ""Shoulder""]",[],2,0,0.0,,0,,0,0,0,0.0,Safe
SAFE0000016,U000016,EX0004,Beginner,Muscle Gain,Strength,Male,21,188.0,67.6,19.13,Normal,5,Upper Lower,Limited Gym,3,0,0,Bodyweight,Beginner,Beginner,1,2,1,2.0,2.0,2.0,1.0,3.8,"[""Pectoralis Major""]","[""Anterior Deltoid"", ""Triceps Brachii""]","[""Bodyweight""]",Horizontal Push,"[""Shoulder"", ""Elbow"", ""Wrist""]",[],3,0,0.0541,,0,,0,0,0,0.0,Safe
SAFE0000017,U000017,EX0067,Beginner,Strength,Athletic Performance,Male,29,185.0,89.3,26.09,Overweight,4,Auto,Limited Gym,3,0,0,Resistance Training,Beginner,Beginner,1,1,1,1.5,2.5,1.0,2.0,3.0,"[""Upper Trapezius""]","[""Levator Scapulae""]","[""Barbell""]",Scapular Elevation,"[""Neck"", ""Lower Back""]","[""Cervical spine pain""]",2,1,0.0571,,0,,0,0,0,0.0,Safe
SAFE0000018,U000018,EX0004,Advanced,General Fitness,Mobility and Flexibility,Female,20,166.0,64.8,23.52,Normal,2,Chest Back Legs,Limited Gym,4,0,0,Bodyweight,Beginner,Beginner,1,2,1,2.0,2.0,2.0,1.0,3.8,"[""Pectoralis Major""]","[""Anterior Deltoid"", ""Triceps Brachii""]","[""Bodyweight""]",Horizontal Push,"[""Shoulder"", ""Elbow"", ""Wrist""]",[],3,0,0.0,,0,,0,0,0,0.0,Safe
SAFE0000019,U000019,EX0004,Beginner,Muscle Gain,Mobility and Flexibility,Male,18,188.0,87.1,24.64,Normal,6,Auto,Limited Gym,4,0,0,Bodyweight,Beginner,Beginner,1,2,1,2.0,2.0,2.0,1.0,3.8,"[""Pectoralis Major""]","[""Anterior Deltoid"", ""Triceps Brachii""]","[""Bodyweight""]",Horizontal Push,"[""Shoulder"", ""Elbow"", ""Wrist""]",[],3,0,0.0,,0,,0,0,0,0.0,Safe
SAFE0000020,U000020,EX0004,Beginner,Fat Loss,Muscular Endurance,Male,27,167.0,75.9,27.22,Overweight,5,Upper Lower,Limited Gym,3,0,0,Bodyweight,Beginner,Beginner,1,2,1,2.0,2.0,2.0,1.0,3.8,"[""Pectoralis Major""]","[""Anterior Deltoid"", ""Triceps Brachii""]","[""Bodyweight""]",Horizontal Push,"[""Shoulder"", ""Elbow"", ""Wrist""]",[],3,0,0.0556,,0,,0,0,0,0.0,Safe
SAFE0000021,U000021,EX0004,Advanced,Athletic Performance,Mobility and Flexibility,Female,27,177.0,87.1,27.8,Overweight,5,Upper Lower,Commercial Gym,4,0,0,Bodyweight,Beginner,Beginner,1,2,1,2.0,2.0,2.0,1.0,3.8,"[""Pectoralis Major""]","[""Anterior Deltoid"", ""Triceps Brachii""]","[""Bodyweight""]",Horizontal Push,"[""Shoulder"", ""Elbow"", ""Wrist""]",[],3,0,0.0,,0,,0,0,0,0.0,Safe
SAFE0000022,U000022,EX0004,Advanced,Muscle Gain,Athletic Performance,Female,30,167.0,69.8,25.03,Overweight,6,Chest Back Legs,Limited Gym,4,0,0,Bodyweight,Beginner,Beginner,1,2,1,2.0,2.0,2.0,1.0,3.8,"[""Pectoralis Major""]","[""Anterior Deltoid"", ""Triceps Brachii""]","[""Bodyweight""]",Horizontal Push,"[""Shoulder"", ""Elbow"", ""Wrist""]",[],3,0,0.0256,,0,,0,0,0,0.0,Safe
SAFE0000023,U000023,EX0201,Beginner,Athletic Performance,General Fitness,Other,29,165.0,65.5,24.06,Normal,3,Upper Lower,Commercial Gym,3,1,1,Resistance Training,Beginner,Beginner,2,2,1,1.5,4.5,4.0,4.0,4.0,"[""Quadriceps"", ""Gluteus Maximus""]","[""Hamstrings"", ""Adductor Magnus""]","[""Leg Press Machine""]",Squat,"[""Knee"", ""Hip""]","[""Severe knee osteoarthritis""]",2,1,0.0,,0,,0,0,0,0.0,Safe
SAFE0000024,U000024,EX0004,Intermediate,Muscular Endurance,Fat Loss,Female,53,163.0,52.8,19.87,Normal,4,Chest Back Legs,Home Gym,3,1,1,Bodyweight,Beginner,Beginner,1,2,1,2.0,2.0,2.0,1.0,3.8,"[""Pectoralis Major""]","[""Anterior Deltoid"", ""Triceps Brachii""]","[""Bodyweight""]",Horizontal Push,"[""Shoulder"", ""Elbow"", ""Wrist""]",[],3,0,0.0286,,0,,0,0,0,0.0,Safe
SAFE0000025,U000025,EX0281,Advanced,Strength,Athletic Performance,Male,23,177.0,78.3,24.99,Normal,2,Push Pull Legs,Limited Gym,3,0,0,Resistance Training,Intermediate,Intermediate,2,1,1,3.0,3.5,2.5,3.0,4.0,"[""Pectoralis Major"", ""Triceps Brachii""]","[""Anterior Deltoid""]","[""Resistance Band""]",Horizontal Push,"[""Shoulder"", ""Wrist"", ""Elbow""]","[""Shoulder impingement""]",3,1,0.0625,,0,,0,0,0,0.0,Safe
SAFE0000026,U000026,EX0004,Advanced,General Fitness,Fat Loss,Male,20,176.0,78.7,25.41,Overweight,5,Chest Back Legs,Commercial Gym,2,0,0,Bodyweight,Beginner,Beginner,1,2,1,2.0,2.0,2.0,1.0,3.8,"[""Pectoralis Major""]","[""Anterior Deltoid"", ""Triceps Brachii""]","[""Bodyweight""]",Horizontal Push,"[""Shoulder"", ""Elbow"", ""Wrist""]",[],3,0,0.0,,0,,0,0,0,0.0,Safe
SAFE0000027,U000027,EX0004,Intermediate,Muscle Gain,Rehabilitation and Joint Health,Female,35,152.0,46.0,19.91,Normal,4,Chest Back Legs,Limited Gym,3,0,0,Bodyweight,Beginner,Beginner,1,2,1,2.0,2.0,2.0,1.0,3.8,"[""Pectoralis Major""]","[""Anterior Deltoid"", ""Triceps Brachii""]","[""Bodyweight""]",Horizontal Push,"[""Shoulder"", ""Elbow"", ""Wrist""]",[],3,0,0.0,,0,,0,0,0,0.0,Safe
SAFE0000028,U000028,EX0160,Beginner,Mobility and Flexibility,Rehabilitation and Joint Health,Prefer not to say,32,159.0,55.5,21.95,Normal,4,Auto,Home Gym,3,0,0,Bodyweight,Beginner,Beginner,1,2,1,2.0,1.5,1.5,1.0,3.0,"[""Rectus Abdominis""]","[""Obliques"", ""Hip Flexors""]","[""Mat""]",Trunk Flexion,"[""Lower Back""]","[""Lumbar disc herniation""]",1,1,0.0732,,0,,0,0,0,0.0,Safe
SAFE0000029,U000029,EX0026,Intermediate,Mobility and Flexibility,Strength,Female,27,158.0,49.0,19.63,Normal,4,Chest Back Legs,Commercial Gym,4,0,0,Bodyweight,Beginner,Beginner,2,3,1,1.5,2.0,1.0,2.0,3.0,"[""Rectus Abdominis"", ""Transverse Abdominis""]","[""Obliques"", ""Erector Spinae"", ""Serratus Anterior""]","[""Bodyweight""]",Core Anti-Extension,"[""Lower Back"", ""Shoulder""]",[],2,0,0.0513,,0,,0,0,0,0.0,Safe
SAFE0000030,U000030,EX0227,Beginner,Muscle Gain,General Fitness,Female,35,174.0,66.5,21.96,Normal,2,Auto,Bodyweight Only,3,0,0,Bodyweight,Beginner,Beginner,2,3,1,3.5,1.5,2.5,3.0,6.5,"[""Core"", ""Hip Flexors""]","[""Shoulders (Deltoids)"", ""Triceps Brachii"", ""Quadriceps""]","[""Mat""]",Total Body Integration,"[""Wrist"", ""Shoulder""]","[""Wrist pain""]",2,1,0.0312,,0,,0,0,0,0.0,Safe
SAFE0000031,U000031,EX0004,Intermediate,General Fitness,Rehabilitation and Joint Health,Male,18,179.0,60.9,19.01,Normal,3,Chest Back Legs,Commercial Gym,2,0,0,Bodyweight,Beginner,Beginner,1,2,1,2.0,2.0,2.0,1.0,3.8,"[""Pectoralis Major""]","[""Anterior Deltoid"", ""Triceps Brachii""]","[""Bodyweight""]",Horizontal Push,"[""Shoulder"", ""Elbow"", ""Wrist""]",[],3,0,0.1143,,0,,0,0,0,0.0,Safe
SAFE0000032,U000032,EX0227,Advanced,Fat Loss,Muscle Gain,Male,38,170.0,77.1,26.68,Overweight,3,Upper Lower,Home Gym,3,0,0,Bodyweight,Beginner,Beginner,2,3,1,3.5,1.5,2.5,3.0,6.5,"[""Core"", ""Hip Flexors""]","[""Shoulders (Deltoids)"", ""Triceps Brachii"", ""Quadriceps""]","[""Mat""]",Total Body Integration,"[""Wrist"", ""Shoulder""]","[""Wrist pain""]",2,1,0.05,,0,,0,0,0,0.0,Safe
SAFE0000033,U000033,EX0194,Intermediate,Fat Loss,Muscular Endurance,Female,21,166.0,73.6,26.71,Overweight,3,Upper Lower,Home Gym,2,0,0,Bodyweight,Beginner,Beginner,3,4,1,4.5,3.0,1.0,3.0,8.0,"[""Quadriceps"", ""Pectoralis Major"", ""Gluteus Maximus""]","[""Triceps Brachii"", ""Anterior Deltoid"", ""Hamstrings"", ""Calves""]","[""Bodyweight""]",Total Body Integration,"[""Wrist"", ""Knee"", ""Lower Back""]",[],3,0,0.0526,,0,,0,0,1,0.25,Monitor
SAFE0000034,U000034,EX0059,Advanced,Mobility and Flexibility,Rehabilitation and Joint Health,Other,37,175.0,67.3,21.98,Normal,6,Push Pull Legs,Commercial Gym,4,0,0,Resistance Training,Beginner,Beginner,1,1,1,1.0,2.0,1.0,2.0,3.0,"[""Upper Trapezius""]","[""Levator Scapulae""]","[""Dumbbell""]",Scapular Elevation,"[""Neck"", ""Shoulder""]","[""Cervical spine issues"", ""Neck spasms""]",2,2,0.0,,0,,0,0,0,0.0,Safe
SAFE0000035,U000035,EX0004,Intermediate,Muscle Gain,Muscular Endurance,Female,21,161.0,66.5,25.65,Overweight,2,Upper Lower,Commercial Gym,2,0,0,Bodyweight,Beginner,Beginner,1,2,1,2.0,2.0,2.0,1.0,3.8,"[""Pectoralis Major""]","[""Anterior Deltoid"", ""Triceps Brachii""]","[""Bodyweight""]",Horizontal Push,"[""Shoulder"", ""Elbow"", ""Wrist""]",[],3,0,0.0312,,0,,0,0,0,0.0,Safe
SAFE0000036,U000036,EX0032,Beginner,Strength,Muscle Gain,Male,31,179.0,83.9,26.19,Overweight,4,Upper Lower,Commercial Gym,5,1,1,Resistance Training,Beginner,Beginner,2,1,1,1.5,2.0,1.0,2.0,3.0,"[""Biceps Brachii"", ""Brachialis""]","[""Brachioradialis""]","[""Barbell""]",Elbow Flexion,"[""Elbow"", ""Wrist""]","[""Wrist pain"", ""Medial epicondylitis""]",2,2,0.0513,,0,,0,0,0,0.0,Safe
SAFE0000037,U000037,EX0003,Intermediate,Muscle Gain,Mobility and Flexibility,Female,21,155.0,51.4,21.39,Normal,2,Full Body,Commercial Gym,4,0,0,Resistance Training,Beginner,Beginner,1,2,1,1.0,1.0,1.0,1.0,3.5,"[""Pectoralis Major""]","[""Anterior Deltoid"", ""Triceps Brachii""]","[""Chest Press Machine""]",Horizontal Push,"[""Shoulder"", ""Elbow""]",[],2,0,0.0938,,0,,0,0,0,0.0,Safe
SAFE0000038,U000038,EX0004,Advanced,Strength,Rehabilitation and Joint Health,Male,28,161.0,57.4,22.14,Normal,6,Body Part Split,Bodyweight Only,2,1,1,Bodyweight,Beginner,Beginner,1,2,1,2.0,2.0,2.0,1.0,3.8,"[""Pectoralis Major""]","[""Anterior Deltoid"", ""Triceps Brachii""]","[""Bodyweight""]",Horizontal Push,"[""Shoulder"", ""Elbow"", ""Wrist""]",[],3,0,0.0,,0,,0,0,0,0.0,Safe
SAFE0000039,U000039,EX0026,Advanced,Mobility and Flexibility,Rehabilitation and Joint Health,Female,21,158.0,53.9,21.59,Normal,4,Chest Back Legs,Limited Gym,4,0,0,Bodyweight,Beginner,Beginner,2,3,1,1.5,2.0,1.0,2.0,3.0,"[""Rectus Abdominis"", ""Transverse Abdominis""]","[""Obliques"", ""Erector Spinae"", ""Serratus Anterior""]","[""Bodyweight""]",Core Anti-Extension,"[""Lower Back"", ""Shoulder""]",[],2,0,0.05,,0,,0,0,0,0.0,Safe
SAFE0000040,U000040,EX0080,Intermediate,Rehabilitation and Joint Health,Muscle Gain,Male,22,187.0,76.4,21.85,Normal,4,Chest Back Legs,Limited Gym,5,1,1,Resistance Training,Beginner,Beginner,1,2,1,1.5,1.5,2.0,1.5,2.5,"[""Anterior Deltoid""]","[""Lateral Deltoid"", ""Pectoralis Major (Clavicular Head)""]","[""Dumbbell""]",Vertical Push,"[""Shoulder""]","[""Shoulder impingement""]",1,1,0.0526,,0,,0,0,0,0.0,Safe
SAFE0000041,U000041,EX0004,Advanced,Muscular Endurance,Fat Loss,Other,35,181.0,84.1,25.67,Overweight,2,Body Part Split,Commercial Gym,2,0,0,Bodyweight,Beginner,Beginner,1,2,1,2.0,2.0,2.0,1.0,3.8,"[""Pectoralis Major""]","[""Anterior Deltoid"", ""Triceps Brachii""]","[""Bodyweight""]",Horizontal Push,"[""Shoulder"", ""Elbow"", ""Wrist""]",[],3,0,0.0,,0,,0,0,0,0.0,Safe
SAFE0000042,U000042,EX0003,Intermediate,General Fitness,Fat Loss,Male,36,185.0,73.2,21.39,Normal,4,Upper Lower,Commercial Gym,5,0,0,Resistance Training,Beginner,Beginner,1,2,1,1.0,1.0,1.0,1.0,3.5,"[""Pectoralis Major""]","[""Anterior Deltoid"", ""Triceps Brachii""]","[""Chest Press Machine""]",Horizontal Push,"[""Shoulder"", ""Elbow""]",[],2,0,0.0244,,0,,0,0,0,0.0,Safe
SAFE0000043,U000043,EX0004,Advanced,Athletic Performance,Strength,Male,26,160.0,61.1,23.87,Normal,3,Body Part Split,Bodyweight Only,4,0,0,Bodyweight,Beginner,Beginner,1,2,1,2.0,2.0,2.0,1.0,3.8,"[""Pectoralis Major""]","[""Anterior Deltoid"", ""Triceps Brachii""]","[""Bodyweight""]",Horizontal Push,"[""Shoulder"", ""Elbow"", ""Wrist""]",[],3,0,0.0256,,0,,0,0,0,0.0,Safe
SAFE0000044,U000044,EX0004,Advanced,Muscular Endurance,Fat Loss,Male,34,167.0,70.2,25.17,Overweight,3,Chest Back Legs,Commercial Gym,4,0,0,Bodyweight,Beginner,Beginner,1,2,1,2.0,2.0,2.0,1.0,3.8,"[""Pectoralis Major""]","[""Anterior Deltoid"", ""Triceps Brachii""]","[""Bodyweight""]",Horizontal Push,"[""Shoulder"", ""Elbow"", ""Wrist""]",[],3,0,0.0541,,0,,0,0,1,0.25,Monitor
SAFE0000045,U000045,EX0172,Intermediate,Rehabilitation and Joint Health,Mobility and Flexibility,Female,57,159.0,63.2,25.0,Overweight,2,Push Pull Legs,Commercial Gym,4,1,1,Bodyweight,Intermediate,Intermediate,3,1,1,3.5,3.5,3.0,3.0,4.0,"[""Quadriceps"", ""Gluteus Maximus"", ""Adductor Magnus""]","[""Hamstrings""]","[""Bodyweight""]",Squat,"[""Knee"", ""Hip""]","[""Groin strain"", ""Knee meniscus issues""]",2,2,0.0312,,0,,0,0,1,0.55,Review
SAFE0000046,U000046,EX0095,Advanced,Athletic Performance,Strength,Male,57,169.0,62.3,21.81,Normal,4,Push Pull Legs,Commercial Gym,3,0,0,Resistance Training,Intermediate,Intermediate,2,3,1,4.0,4.5,3.5,3.5,5.5,"[""Anterior Deltoid"", ""Triceps Brachii""]","[""Quadriceps"", ""Gluteus Maximus"", ""Lateral Deltoid""]","[""Barbell""]",Vertical Push,"[""Shoulder"", ""Knee"", ""Lower Back""]","[""Shoulder impingement"", ""Lumbar spine instability""]",3,2,0.0,,0,,0,0,0,0.0,Safe
SAFE0000047,U000047,EX0004,Advanced,Muscle Gain,General Fitness,Prefer not to say,22,176.0,67.1,21.66,Normal,4,Chest Back Legs,Commercial Gym,3,0,0,Bodyweight,Beginner,Beginner,1,2,1,2.0,2.0,2.0,1.0,3.8,"[""Pectoralis Major""]","[""Anterior Deltoid"", ""Triceps Brachii""]","[""Bodyweight""]",Horizontal Push,"[""Shoulder"", ""Elbow"", ""Wrist""]",[],3,0,0.0,,0,,0,0,0,0.0,Safe
SAFE0000048,U000048,EX0004,Beginner,General Fitness,Muscle Gain,Female,49,172.0,50.6,17.1,Underweight,6,Upper Lower,Home Gym,5,1,1,Bodyweight,Beginner,Beginner,1,2,1,2.0,2.0,2.0,1.0,3.8,"[""Pectoralis Major""]","[""Anterior Deltoid"", ""Triceps Brachii""]","[""Bodyweight""]",Horizontal Push,"[""Shoulder"", ""Elbow"", ""Wrist""]",[],3,0,0.0278,,0,,0,0,0,0.0,Safe
SAFE0000049,U000049,EX0004,Advanced,General Fitness,Mobility and Flexibility,Prefer not to say,32,155.0,46.5,19.35,Normal,5,Chest Back Legs,Home Gym,3,0,0,Bodyweight,Beginner,Beginner,1,2,1,2.0,2.0,2.0,1.0,3.8,"[""Pectoralis Major""]","[""Anterior Deltoid"", ""Triceps Brachii""]","[""Bodyweight""]",Horizontal Push,"[""Shoulder"", ""Elbow"", ""Wrist""]",[],3,0,0.0488,,0,,0,0,0,0.0,Safe
SAFE0000050,U000050,EX0009,Advanced,Muscle Gain,Strength,Male,19,182.0,86.9,26.23,Overweight,2,Chest Back Legs,Commercial Gym,3,0,0,Resistance Training,Beginner,Beginner,2,3,1,1.0,1.0,1.0,1.0,3.5,"[""Latissimus Dorsi"", ""Rhomboids""]","[""Middle Trapezius"", ""Posterior Deltoid"", ""Biceps Brachii""]","[""Row Machine""]",Horizontal Pull,"[""Shoulder"", ""Elbow""]","[""Acute shoulder pain"", ""Pain during pulling""]",2,2,0.0,,0,,0,0,0,0.0,Safe
SAFE0000051,U000051,EX0004,Intermediate,Fat Loss,Strength,Male,30,179.0,69.8,21.78,Normal,5,Chest Back Legs,Home Gym,2,0,0,Bodyweight,Beginner,Beginner,1,2,1,2.0,2.0,2.0,1.0,3.8,"[""Pectoralis Major""]","[""Anterior Deltoid"", ""Triceps Brachii""]","[""Bodyweight""]",Horizontal Push,"[""Shoulder"", ""Elbow"", ""Wrist""]",[],3,0,0.0541,,0,,0,0,0,0.0,Safe
SAFE0000052,U000052,EX0004,Advanced,Fat Loss,Muscle Gain,Female,55,161.0,71.6,27.62,Overweight,6,Body Part Split,Home Gym,2,0,0,Bodyweight,Beginner,Beginner,1,2,1,2.0,2.0,2.0,1.0,3.8,"[""Pectoralis Major""]","[""Anterior Deltoid"", ""Triceps Brachii""]","[""Bodyweight""]",Horizontal Push,"[""Shoulder"", ""Elbow"", ""Wrist""]",[],3,0,0.0571,,0,,0,0,0,0.0,Safe
SAFE0000053,U000053,EX0004,Intermediate,Muscle Gain,Fat Loss,Male,54,160.0,74.9,29.26,Overweight,5,Chest Back Legs,Commercial Gym,2,0,0,Bodyweight,Beginner,Beginner,1,2,1,2.0,2.0,2.0,1.0,3.8,"[""Pectoralis Major""]","[""Anterior Deltoid"", ""Triceps Brachii""]","[""Bodyweight""]",Horizontal Push,"[""Shoulder"", ""Elbow"", ""Wrist""]",[],3,0,0.0,,0,,0,0,0,0.0,Safe
SAFE0000054,U000054,EX0004,Advanced,Athletic Performance,General Fitness,Male,29,173.0,64.2,21.45,Normal,3,Push Pull Legs,Bodyweight Only,2,0,0,Bodyweight,Beginner,Beginner,1,2,1,2.0,2.0,2.0,1.0,3.8,"[""Pectoralis Major""]","[""Anterior Deltoid"", ""Triceps Brachii""]","[""Bodyweight""]",Horizontal Push,"[""Shoulder"", ""Elbow"", ""Wrist""]",[],3,0,0.0263,,0,,0,0,0,0.0,Safe
SAFE0000055,U000055,EX0037,Intermediate,Rehabilitation and Joint Health,Muscle Gain,Male,20,171.0,79.6,27.22,Overweight,4,Push Pull Legs,Limited Gym,2,1,1,Resistance Training,Beginner,Beginner,2,1,1,1.5,2.0,1.0,1.5,3.0,"[""Brachioradialis"", ""Brachialis""]","[""Biceps Brachii""]","[""Dumbbell""]",Elbow Flexion,"[""Elbow""]","[""Elbow pain""]",1,1,0.0,,0,,0,0,0,0.0,Safe
SAFE0000056,U000056,EX0037,Advanced,Mobility and Flexibility,Muscular Endurance,Female,38,185.0,113.5,33.16,Obese,5,Full Body,Commercial Gym,2,0,0,Resistance Training,Beginner,Beginner,2,1,1,1.5,2.0,1.0,1.5,3.0,"[""Brachioradialis"", ""Brachialis""]","[""Biceps Brachii""]","[""Dumbbell""]",Elbow Flexion,"[""Elbow""]","[""Elbow pain""]",1,1,0.0732,,0,,0,0,0,0.0,Safe
SAFE0000057,U000057,EX0059,Beginner,Mobility and Flexibility,Rehabilitation and Joint Health,Female,32,173.0,85.6,28.6,Overweight,2,Push Pull Legs,Limited Gym,2,0,0,Resistance Training,Beginner,Beginner,1,1,1,1.0,2.0,1.0,2.0,3.0,"[""Upper Trapezius""]","[""Levator Scapulae""]","[""Dumbbell""]",Scapular Elevation,"[""Neck"", ""Shoulder""]","[""Cervical spine issues"", ""Neck spasms""]",2,2,0.0625,,0,,0,0,0,0.0,Safe
SAFE0000058,U000058,EX0004,Advanced,Muscle Gain,Muscular Endurance,Male,19,163.0,69.8,26.27,Overweight,4,Full Body,Home Gym,2,0,0,Bodyweight,Beginner,Beginner,1,2,1,2.0,2.0,2.0,1.0,3.8,"[""Pectoralis Major""]","[""Anterior Deltoid"", ""Triceps Brachii""]","[""Bodyweight""]",Horizontal Push,"[""Shoulder"", ""Elbow"", ""Wrist""]",[],3,0,0.027,,0,,0,0,0,0.0,Safe
SAFE0000059,U000059,EX0026,Intermediate,Mobility and Flexibility,Athletic Performance,Male,29,171.0,65.8,22.5,Normal,5,Body Part Split,Bodyweight Only,2,1,1,Bodyweight,Beginner,Beginner,2,3,1,1.5,2.0,1.0,2.0,3.0,"[""Rectus Abdominis"", ""Transverse Abdominis""]","[""Obliques"", ""Erector Spinae"", ""Serratus Anterior""]","[""Bodyweight""]",Core Anti-Extension,"[""Lower Back"", ""Shoulder""]",[],2,0,0.0,,0,,0,0,0,0.0,Safe
SAFE0000060,U000060,EX0004,Advanced,Athletic Performance,Fat Loss,Male,28,164.0,70.7,26.29,Overweight,3,Body Part Split,Commercial Gym,2,0,0,Bodyweight,Beginner,Beginner,1,2,1,2.0,2.0,2.0,1.0,3.8,"[""Pectoralis Major""]","[""Anterior Deltoid"", ""Triceps Brachii""]","[""Bodyweight""]",Horizontal Push,"[""Shoulder"", ""Elbow"", ""Wrist""]",[],3,0,0.05,,0,,0,0,0,0.0,Safe
SAFE0000061,U000061,EX0242,Intermediate,Strength,Rehabilitation and Joint Health,Female,21,162.0,70.9,27.02,Overweight,6,Full Body,Home Gym,2,0,0,Resistance Training,Intermediate,Intermediate,2,1,1,2.0,3.5,2.0,1.5,3.0,"[""Pectoralis Major"", ""Triceps Brachii""]","[""Anterior Deltoid""]","[""Dumbbell""]",Horizontal Push,"[""Wrist"", ""Elbow""]","[""Wrist pain""]",2,1,0.0526,,0,,0,0,0,0.0,Safe
SAFE0000062,U000062,EX0026,Beginner,Rehabilitation and Joint Health,Fat Loss,Male,24,185.0,95.7,27.96,Overweight,3,Auto,Limited Gym,2,1,1,Bodyweight,Beginner,Beginner,2,3,1,1.5,2.0,1.0,2.0,3.0,"[""Rectus Abdominis"", ""Transverse Abdominis""]","[""Obliques"", ""Erector Spinae"", ""Serratus Anterior""]","[""Bodyweight""]",Core Anti-Extension,"[""Lower Back"", ""Shoulder""]",[],2,0,0.0,,0,,0,0,0,0.0,Safe
SAFE0000063,U000063,EX0281,Advanced,Athletic Performance,Mobility and Flexibility,Male,21,173.0,81.7,27.3,Overweight,4,Full Body,Home Gym,2,0,0,Resistance Training,Intermediate,Intermediate,2,1,1,3.0,3.5,2.5,3.0,4.0,"[""Pectoralis Major"", ""Triceps Brachii""]","[""Anterior Deltoid""]","[""Resistance Band""]",Horizontal Push,"[""Shoulder"", ""Wrist"", ""Elbow""]","[""Shoulder impingement""]",3,1,0.0732,,0,,0,0,0,0.0,Safe
SAFE0000064,U000064,EX0004,Intermediate,Muscle Gain,Mobility and Flexibility,Male,34,165.0,70.9,26.04,Overweight,3,Push Pull Legs,Limited Gym,2,1,1,Bodyweight,Beginner,Beginner,1,2,1,2.0,2.0,2.0,1.0,3.8,"[""Pectoralis Major""]","[""Anterior Deltoid"", ""Triceps Brachii""]","[""Bodyweight""]",Horizontal Push,"[""Shoulder"", ""Elbow"", ""Wrist""]",[],3,0,0.0513,,0,,0,0,0,0.0,Safe
SAFE0000065,U000065,EX0004,Advanced,General Fitness,Mobility and Flexibility,Male,26,175.0,91.9,30.01,Obese,3,Body Part Split,Home Gym,2,0,0,Bodyweight,Beginner,Beginner,1,2,1,2.0,2.0,2.0,1.0,3.8,"[""Pectoralis Major""]","[""Anterior Deltoid"", ""Triceps Brachii""]","[""Bodyweight""]",Horizontal Push,"[""Shoulder"", ""Elbow"", ""Wrist""]",[],3,0,0.027,,0,,0,0,0,0.0,Safe
SAFE0000066,U000066,EX0004,Intermediate,Fat Loss,General Fitness,Male,22,167.0,74.9,26.86,Overweight,4,Auto,Home Gym,2,0,0,Bodyweight,Beginner,Beginner,1,2,1,2.0,2.0,2.0,1.0,3.8,"[""Pectoralis Major""]","[""Anterior Deltoid"", ""Triceps Brachii""]","[""Bodyweight""]",Horizontal Push,"[""Shoulder"", ""Elbow"", ""Wrist""]",[],3,0,0.0,,0,,0,0,0,0.0,Safe
SAFE0000067,U000067,EX0114,Advanced,Strength,Muscle Gain,Male,44,169.0,62.7,21.95,Normal,5,Push Pull Legs,Commercial Gym,2,0,0,Resistance Training,Advanced,Advanced,2,2,1,4.5,4.0,4.5,4.0,4.5,"[""Anterior Deltoid"", ""Triceps Brachii""]","[""Lateral Deltoid"", ""Upper Trapezius""]","[""Barbell""]",Vertical Push,"[""Shoulder"", ""Lower Back"", ""Hip""]","[""Poor hamstring mobility"", ""Lumbar disc issues""]",3,2,0.075,No Pain,0,,0,0,0,0.0,Safe
SAFE0000068,U000068,EX0242,Intermediate,Athletic Performance,General Fitness,Male,27,184.0,93.8,27.71,Overweight,2,Body Part Split,Commercial Gym,2,0,0,Resistance Training,Intermediate,Intermediate,2,1,1,2.0,3.5,2.0,1.5,3.0,"[""Pectoralis Major"", ""Triceps Brachii""]","[""Anterior Deltoid""]","[""Dumbbell""]",Horizontal Push,"[""Wrist"", ""Elbow""]","[""Wrist pain""]",2,1,0.0312,,0,,0,0,0,0.0,Safe
SAFE0000069,U000069,EX0003,Intermediate,Athletic Performance,Muscle Gain,Male,33,162.0,76.9,29.3,Overweight,4,Push Pull Legs,Commercial Gym,2,0,0,Resistance Training,Beginner,Beginner,1,2,1,1.0,1.0,1.0,1.0,3.5,"[""Pectoralis Major""]","[""Anterior Deltoid"", ""Triceps Brachii""]","[""Chest Press Machine""]",Horizontal Push,"[""Shoulder"", ""Elbow""]",[],2,0,0.0833,,0,,0,0,0,0.0,Safe
SAFE0000070,U000070,EX0263,Advanced,General Fitness,Strength,Female,20,173.0,83.6,27.93,Overweight,2,Auto,Bodyweight Only,2,1,1,Bodyweight,Intermediate,Intermediate,3,3,1,3.0,3.0,4.5,4.0,4.0,"[""Pectoralis Major"", ""Anterior Deltoid"", ""Triceps Brachii""]","[""Core"", ""Erector Spinae"", ""Latissimus Dorsi""]","[""Mat""]",Total Body Integration,"[""Shoulder"", ""Lower Back"", ""Wrist""]","[""Spinal stenosis"", ""Shoulder impingement""]",3,2,0.0312,,0,,0,0,0,0.0,Safe
SAFE0000071,U000071,EX0026,Beginner,Muscle Gain,General Fitness,Female,30,173.0,86.3,28.83,Overweight,2,Body Part Split,Bodyweight Only,2,0,0,Bodyweight,Beginner,Beginner,2,3,1,1.5,2.0,1.0,2.0,3.0,"[""Rectus Abdominis"", ""Transverse Abdominis""]","[""Obliques"", ""Erector Spinae"", ""Serratus Anterior""]","[""Bodyweight""]",Core Anti-Extension,"[""Lower Back"", ""Shoulder""]",[],2,0,0.0625,,0,,0,0,0,0.0,Safe
SAFE0000072,U000072,EX0194,Intermediate,Fat Loss,General Fitness,Male,29,184.0,81.9,24.19,Normal,6,Auto,Bodyweight Only,2,0,0,Bodyweight,Beginner,Beginner,3,4,1,4.5,3.0,1.0,3.0,8.0,"[""Quadriceps"", ""Pectoralis Major"", ""Gluteus Maximus""]","[""Triceps Brachii"", ""Anterior Deltoid"", ""Hamstrings"", ""Calves""]","[""Bodyweight""]",Total Body Integration,"[""Wrist"", ""Knee"", ""Lower Back""]",[],3,0,0.0811,,0,,0,0,0,0.0,Safe
SAFE0000073,U000073,EX0004,Advanced,Strength,General Fitness,Female,20,165.0,78.0,28.65,Overweight,3,Body Part Split,Home Gym,2,0,0,Bodyweight,Beginner,Beginner,1,2,1,2.0,2.0,2.0,1.0,3.8,"[""Pectoralis Major""]","[""Anterior Deltoid"", ""Triceps Brachii""]","[""Bodyweight""]",Horizontal Push,"[""Shoulder"", ""Elbow"", ""Wrist""]",[],3,0,0.0,,0,,0,0,0,0.0,Safe
SAFE0000074,U000074,EX0004,Intermediate,Fat Loss,Strength,Male,28,174.0,99.8,32.96,Obese,4,Auto,Home Gym,2,0,0,Bodyweight,Beginner,Beginner,1,2,1,2.0,2.0,2.0,1.0,3.8,"[""Pectoralis Major""]","[""Anterior Deltoid"", ""Triceps Brachii""]","[""Bodyweight""]",Horizontal Push,"[""Shoulder"", ""Elbow"", ""Wrist""]",[],3,0,0.05,,0,,0,0,0,0.0,Safe
SAFE0000075,U000075,EX0004,Intermediate,Athletic Performance,Muscle Gain,Male,34,175.0,77.9,25.44,Overweight,2,Body Part Split,Home Gym,2,0,0,Bodyweight,Beginner,Beginner,1,2,1,2.0,2.0,2.0,1.0,3.8,"[""Pectoralis Major""]","[""Anterior Deltoid"", ""Triceps Brachii""]","[""Bodyweight""]",Horizontal Push,"[""Shoulder"", ""Elbow"", ""Wrist""]",[],3,0,0.0,,0,,0,0,0,0.0,Safe
SAFE0000076,U000076,EX0004,Advanced,Athletic Performance,Muscle Gain,Male,29,178.0,83.5,26.35,Overweight,4,Body Part Split,Limited Gym,2,1,1,Bodyweight,Beginner,Beginner,1,2,1,2.0,2.0,2.0,1.0,3.8,"[""Pectoralis Major""]","[""Anterior Deltoid"", ""Triceps Brachii""]","[""Bodyweight""]",Horizontal Push,"[""Shoulder"", ""Elbow"", ""Wrist""]",[],3,0,0.0556,,0,,0,0,0,0.0,Safe
SAFE0000077,U000077,EX0107,Intermediate,Athletic Performance,Muscle Gain,Male,33,168.0,59.4,21.05,Normal,2,Upper Lower,Bodyweight Only,2,0,0,Bodyweight,Beginner,Beginner,2,1,1,2.0,2.0,2.0,1.5,3.0,"[""Rectus Abdominis"", ""Obliques""]","[""Hip Flexors (Iliopsoas, Rectus Femoris)""]","[""Mat""]",Trunk Rotation,"[""Lower Back"", ""Neck""]","[""Lumbar disc herniation"", ""Neck strain""]",2,2,0.0625,,0,,0,0,0,0.0,Safe
SAFE0000078,U000078,EX0004,Advanced,Muscle Gain,Fat Loss,Female,26,169.0,84.8,29.69,Overweight,6,Body Part Split,Commercial Gym,2,0,0,Bodyweight,Beginner,Beginner,1,2,1,2.0,2.0,2.0,1.0,3.8,"[""Pectoralis Major""]","[""Anterior Deltoid"", ""Triceps Brachii""]","[""Bodyweight""]",Horizontal Push,"[""Shoulder"", ""Elbow"", ""Wrist""]",[],3,0,0.0,,0,,0,0,0,0.0,Safe
SAFE0000079,U000079,EX0190,Advanced,Athletic Performance,Strength,Female,20,164.0,66.0,24.54,Normal,3,Push Pull Legs,Bodyweight Only,2,0,0,Bodyweight,Beginner,Beginner,1,1,1,1.0,1.0,1.0,1.5,2.0,"[""Tibialis Anterior""]","[""Extensor Digitorum Longus""]","[""Wall""]",Ankle Dorsiflexion,"[""Ankle""]","[""None""]",1,1,0.0,,0,,0,0,0,0.0,Safe
SAFE0000080,U000080,EX0004,Advanced,Strength,Mobility and Flexibility,Female,18,166.0,75.2,27.29,Overweight,3,Auto,Limited Gym,2,1,1,Bodyweight,Beginner,Beginner,1,2,1,2.0,2.0,2.0,1.0,3.8,"[""Pectoralis Major""]","[""Anterior Deltoid"", ""Triceps Brachii""]","[""Bodyweight""]",Horizontal Push,"[""Shoulder"", ""Elbow"", ""Wrist""]",[],3,0,0.0286,,0,,0,0,0,0.0,Safe
SAFE0000081,U000081,EX0100,Advanced,Muscle Gain,Athletic Performance,Female,36,178.0,74.4,23.48,Normal,6,Upper Lower,Commercial Gym,2,0,0,Resistance Training,Intermediate,Intermediate,3,1,1,3.0,2.0,1.5,2.0,3.0,"[""Biceps Brachii"", ""Brachialis"", ""Brachioradialis""]","[""Forearm Extensors""]","[""Dumbbell""]",Elbow Flexion,"[""Elbow"", ""Wrist""]","[""Wrist tendonitis"", ""Tennis/Golfer elbow""]",2,2,0.0,,0,,0,0,0,0.0,Safe
SAFE0000082,U000082,EX0270,Intermediate,Muscle Gain,Athletic Performance,Female,32,165.0,79.1,29.05,Overweight,6,Upper Lower,Home Gym,2,0,0,Resistance Training,Beginner,Beginner,3,1,1,1.5,1.5,2.5,2.0,2.0,"[""Hamstrings"", ""Gluteus Maximus"", ""Erector Spinae""]","[""None""]","[""Resistance Band""]",Hinge,"[""Lower Back""]","[""Acute low back pain""]",1,1,0.0,,0,,0,0,0,0.0,Safe
SAFE0000083,U000083,EX0004,Advanced,Strength,Fat Loss,Male,27,182.0,86.7,26.17,Overweight,3,Body Part Split,Limited Gym,2,1,1,Bodyweight,Beginner,Beginner,1,2,1,2.0,2.0,2.0,1.0,3.8,"[""Pectoralis Major""]","[""Anterior Deltoid"", ""Triceps Brachii""]","[""Bodyweight""]",Horizontal Push,"[""Shoulder"", ""Elbow"", ""Wrist""]",[],3,0,0.0278,,0,,0,0,0,0.0,Safe
SAFE0000084,U000084,EX0227,Advanced,Fat Loss,Athletic Performance,Prefer not to say,32,167.0,88.7,31.8,Obese,5,Upper Lower,Bodyweight Only,2,0,0,Bodyweight,Beginner,Beginner,2,3,1,3.5,1.5,2.5,3.0,6.5,"[""Core"", ""Hip Flexors""]","[""Shoulders (Deltoids)"", ""Triceps Brachii"", ""Quadriceps""]","[""Mat""]",Total Body Integration,"[""Wrist"", ""Shoulder""]","[""Wrist pain""]",2,1,0.0488,,0,,0,0,0,0.0,Safe
SAFE0000085,U000085,EX0026,Advanced,Rehabilitation and Joint Health,Muscle Gain,Female,48,182.0,94.1,28.41,Overweight,3,Body Part Split,Limited Gym,2,1,1,Bodyweight,Beginner,Beginner,2,3,1,1.5,2.0,1.0,2.0,3.0,"[""Rectus Abdominis"", ""Transverse Abdominis""]","[""Obliques"", ""Erector Spinae"", ""Serratus Anterior""]","[""Bodyweight""]",Core Anti-Extension,"[""Lower Back"", ""Shoulder""]",[],2,0,0.0,,0,,0,0,0,0.0,Safe
SAFE0000086,U000086,EX0281,Intermediate,Strength,Muscle Gain,Male,21,170.0,81.7,28.27,Overweight,6,Auto,Home Gym,2,0,0,Resistance Training,Intermediate,Intermediate,2,1,1,3.0,3.5,2.5,3.0,4.0,"[""Pectoralis Major"", ""Triceps Brachii""]","[""Anterior Deltoid""]","[""Resistance Band""]",Horizontal Push,"[""Shoulder"", ""Wrist"", ""Elbow""]","[""Shoulder impingement""]",3,1,0.0,,0,,0,0,0,0.0,Safe
SAFE0000087,U000087,EX0260,Advanced,Athletic Performance,Mobility and Flexibility,Male,18,165.0,67.0,24.61,Normal,4,Upper Lower,Home Gym,2,0,0,Resistance Training,Intermediate,Intermediate,2,3,1,3.5,4.5,3.0,4.0,4.5,"[""Anterior Deltoid"", ""Triceps Brachii""]","[""Quadriceps"", ""Gluteus Maximus"", ""Lateral Deltoid""]","[""Dumbbell""]",Vertical Push,"[""Shoulder"", ""Knee"", ""Lower Back""]","[""Shoulder impingement""]",3,1,0.0286,,0,,0,0,0,0.0,Safe
SAFE0000088,U000088,EX0004,Advanced,Muscle Gain,Muscular Endurance,Male,37,185.0,90.5,26.44,Overweight,2,Upper Lower,Bodyweight Only,2,0,0,Bodyweight,Beginner,Beginner,1,2,1,2.0,2.0,2.0,1.0,3.8,"[""Pectoralis Major""]","[""Anterior Deltoid"", ""Triceps Brachii""]","[""Bodyweight""]",Horizontal Push,"[""Shoulder"", ""Elbow"", ""Wrist""]",[],3,0,0.0625,,0,,0,0,0,0.0,Safe
SAFE0000089,U000089,EX0227,Advanced,Muscular Endurance,Fat Loss,Female,35,170.0,50.6,17.51,Underweight,3,Auto,Bodyweight Only,2,0,0,Bodyweight,Beginner,Beginner,2,3,1,3.5,1.5,2.5,3.0,6.5,"[""Core"", ""Hip Flexors""]","[""Shoulders (Deltoids)"", ""Triceps Brachii"", ""Quadriceps""]","[""Mat""]",Total Body Integration,"[""Wrist"", ""Shoulder""]","[""Wrist pain""]",2,1,0.0526,,0,,0,0,0,0.0,Safe
SAFE0000090,U000090,EX0026,Intermediate,Mobility and Flexibility,Athletic Performance,Female,21,164.0,68.7,25.54,Overweight,2,Body Part Split,Commercial Gym,2,0,0,Bodyweight,Beginner,Beginner,2,3,1,1.5,2.0,1.0,2.0,3.0,"[""Rectus Abdominis"", ""Transverse Abdominis""]","[""Obliques"", ""Erector Spinae"", ""Serratus Anterior""]","[""Bodyweight""]",Core Anti-Extension,"[""Lower Back"", ""Shoulder""]",[],2,0,0.0312,,0,,0,0,0,0.0,Safe
SAFE0000091,U000091,EX0227,Intermediate,Muscular Endurance,Athletic Performance,Male,31,175.0,95.6,31.22,Obese,4,Upper Lower,Bodyweight Only,2,0,0,Bodyweight,Beginner,Beginner,2,3,1,3.5,1.5,2.5,3.0,6.5,"[""Core"", ""Hip Flexors""]","[""Shoulders (Deltoids)"", ""Triceps Brachii"", ""Quadriceps""]","[""Mat""]",Total Body Integration,"[""Wrist"", ""Shoulder""]","[""Wrist pain""]",2,1,0.0244,,0,,0,0,0,0.0,Safe
SAFE0000092,U000092,EX0004,Advanced,General Fitness,Fat Loss,Male,39,176.0,76.0,24.54,Normal,3,Full Body,Limited Gym,2,0,0,Bodyweight,Beginner,Beginner,1,2,1,2.0,2.0,2.0,1.0,3.8,"[""Pectoralis Major""]","[""Anterior Deltoid"", ""Triceps Brachii""]","[""Bodyweight""]",Horizontal Push,"[""Shoulder"", ""Elbow"", ""Wrist""]",[],3,0,0.0256,,0,,0,0,0,0.0,Safe
SAFE0000093,U000093,EX0004,Beginner,Fat Loss,Athletic Performance,Male,23,165.0,72.4,26.59,Overweight,4,Upper Lower,Commercial Gym,2,0,0,Bodyweight,Beginner,Beginner,1,2,1,2.0,2.0,2.0,1.0,3.8,"[""Pectoralis Major""]","[""Anterior Deltoid"", ""Triceps Brachii""]","[""Bodyweight""]",Horizontal Push,"[""Shoulder"", ""Elbow"", ""Wrist""]",[],3,0,0.0,,0,,0,0,0,0.0,Safe
SAFE0000094,U000094,EX0004,Beginner,General Fitness,Rehabilitation and Joint Health,Female,37,179.0,65.5,20.44,Normal,6,Auto,Commercial Gym,2,1,1,Bodyweight,Beginner,Beginner,1,2,1,2.0,2.0,2.0,1.0,3.8,"[""Pectoralis Major""]","[""Anterior Deltoid"", ""Triceps Brachii""]","[""Bodyweight""]",Horizontal Push,"[""Shoulder"", ""Elbow"", ""Wrist""]",[],3,0,0.0,,0,,0,0,0,0.0,Safe
SAFE0000095,U000095,EX0243,Advanced,Muscle Gain,Strength,Female,18,168.0,58.7,20.8,Normal,6,Chest Back Legs,Home Gym,2,0,0,Resistance Training,Intermediate,Intermediate,2,3,1,3.0,4.0,3.0,3.5,4.0,"[""Anterior Deltoid"", ""Triceps Brachii""]","[""Lateral Deltoid"", ""Upper Trapezius"", ""Pectoralis Major (Clavicular Head)""]","[""Kettlebell""]",Vertical Push,"[""Shoulder"", ""Lower Back"", ""Wrist""]","[""Shoulder impingement"", ""Wrist pain""]",3,2,0.025,,0,,0,0,0,0.0,Safe
SAFE0000096,U000096,EX0242,Advanced,Strength,Muscular Endurance,Female,22,165.0,70.8,26.01,Overweight,6,Body Part Split,Home Gym,2,0,0,Resistance Training,Intermediate,Intermediate,2,1,1,2.0,3.5,2.0,1.5,3.0,"[""Pectoralis Major"", ""Triceps Brachii""]","[""Anterior Deltoid""]","[""Dumbbell""]",Horizontal Push,"[""Wrist"", ""Elbow""]","[""Wrist pain""]",2,1,0.0526,,0,,0,0,0,0.0,Safe
SAFE0000097,U000097,EX0004,Intermediate,General Fitness,Rehabilitation and Joint Health,Male,23,165.0,63.8,23.43,Normal,4,Auto,Commercial Gym,2,0,0,Bodyweight,Beginner,Beginner,1,2,1,2.0,2.0,2.0,1.0,3.8,"[""Pectoralis Major""]","[""Anterior Deltoid"", ""Triceps Brachii""]","[""Bodyweight""]",Horizontal Push,"[""Shoulder"", ""Elbow"", ""Wrist""]",[],3,0,0.0556,,0,,0,0,0,0.0,Safe
SAFE0000098,U000098,EX0242,Advanced,Strength,Athletic Performance,Male,39,160.0,70.9,27.7,Overweight,4,Auto,Limited Gym,2,1,1,Resistance Training,Intermediate,Intermediate,2,1,1,2.0,3.5,2.0,1.5,3.0,"[""Pectoralis Major"", ""Triceps Brachii""]","[""Anterior Deltoid""]","[""Dumbbell""]",Horizontal Push,"[""Wrist"", ""Elbow""]","[""Wrist pain""]",2,1,0.0244,,0,,0,0,0,0.0,Safe
SAFE0000099,U000099,EX0270,Intermediate,Athletic Performance,General Fitness,Female,47,183.0,60.0,17.92,Underweight,4,Upper Lower,Home Gym,2,0,0,Resistance Training,Beginner,Beginner,3,1,1,1.5,1.5,2.5,2.0,2.0,"[""Hamstrings"", ""Gluteus Maximus"", ""Erector Spinae""]","[""None""]","[""Resistance Band""]",Hinge,"[""Lower Back""]","[""Acute low back pain""]",1,1,0.0513,,0,,0,0,0,0.0,Safe
SAFE0000100,U000100,EX0242,Advanced,Strength,Athletic Performance,Male,19,172.0,56.8,19.2,Normal,6,Upper Lower,Home Gym,4,0,0,Resistance Training,Intermediate,Intermediate,2,1,1,2.0,3.5,2.0,1.5,3.0,"[""Pectoralis Major"", ""Triceps Brachii""]","[""Anterior Deltoid""]","[""Dumbbell""]",Horizontal Push,"[""Wrist"", ""Elbow""]","[""Wrist pain""]",2,1,0.0541,,0,,0,0,0,0.0,Safe
SAFE0000101,U000101,EX0004,Beginner,Strength,Athletic Performance,Female,24,154.0,61.0,25.72,Overweight,5,Body Part Split,Commercial Gym,4,0,0,Bodyweight,Beginner,Beginner,1,2,1,2.0,2.0,2.0,1.0,3.8,"[""Pectoralis Major""]","[""Anterior Deltoid"", ""Triceps Brachii""]","[""Bodyweight""]",Horizontal Push,"[""Shoulder"", ""Elbow"", ""Wrist""]",[],3,0,0.0286,,0,,0,0,0,0.0,Safe
SAFE0000102,U000102,EX0004,Intermediate,Muscle Gain,Rehabilitation and Joint Health,Female,22,155.0,47.5,19.77,Normal,3,Upper Lower,Commercial Gym,4,0,0,Bodyweight,Beginner,Beginner,1,2,1,2.0,2.0,2.0,1.0,3.8,"[""Pectoralis Major""]","[""Anterior Deltoid"", ""Triceps Brachii""]","[""Bodyweight""]",Horizontal Push,"[""Shoulder"", ""Elbow"", ""Wrist""]",[],3,0,0.0,,0,,0,0,0,0.0,Safe
SAFE0000103,U000103,EX0179,Beginner,Athletic Performance,Muscular Endurance,Male,28,167.0,93.4,33.49,Obese,3,Upper Lower,Home Gym,4,0,0,Bodyweight,Beginner,Beginner,2,2,1,2.5,1.5,1.5,1.5,2.5,"[""Rectus Abdominis"", ""Transverse Abdominis""]","[""Obliques"", ""Hip Flexors""]","[""Mat""]",Core Anti-Extension,"[""Lower Back""]","[""None""]",1,1,0.0,,0,,0,0,0,0.0,Safe
SAFE0000104,U000104,EX0194,Intermediate,General Fitness,Strength,Male,30,167.0,67.0,24.02,Normal,6,Auto,Bodyweight Only,2,0,0,Bodyweight,Beginner,Beginner,3,4,1,4.5,3.0,1.0,3.0,8.0,"[""Quadriceps"", ""Pectoralis Major"", ""Gluteus Maximus""]","[""Triceps Brachii"", ""Anterior Deltoid"", ""Hamstrings"", ""Calves""]","[""Bodyweight""]",Total Body Integration,"[""Wrist"", ""Knee"", ""Lower Back""]",[],3,0,0.0,,0,,0,0,0,0.0,Safe
SAFE0000105,U000105,EX0004,Beginner,Fat Loss,Strength,Male,25,173.0,92.0,30.74,Obese,5,Auto,Limited Gym,6,0,0,Bodyweight,Beginner,Beginner,1,2,1,2.0,2.0,2.0,1.0,3.8,"[""Pectoralis Major""]","[""Anterior Deltoid"", ""Triceps Brachii""]","[""Bodyweight""]",Horizontal Push,"[""Shoulder"", ""Elbow"", ""Wrist""]",[],3,0,0.0488,,0,,0,0,0,0.0,Safe
SAFE0000106,U000106,EX0095,Intermediate,Athletic Performance,General Fitness,Male,23,159.0,84.4,33.38,Obese,4,Push Pull Legs,Home Gym,4,0,0,Resistance Training,Intermediate,Intermediate,2,3,1,4.0,4.5,3.5,3.5,5.5,"[""Anterior Deltoid"", ""Triceps Brachii""]","[""Quadriceps"", ""Gluteus Maximus"", ""Lateral Deltoid""]","[""Barbell""]",Vertical Push,"[""Shoulder"", ""Knee"", ""Lower Back""]","[""Shoulder impingement"", ""Lumbar spine instability""]",3,2,0.0513,,0,,0,0,0,0.0,Safe
SAFE0000107,U000107,EX0263,Advanced,Muscular Endurance,Mobility and Flexibility,Male,22,159.0,63.8,25.24,Overweight,2,Body Part Split,Bodyweight Only,3,1,1,Bodyweight,Intermediate,Intermediate,3,3,1,3.0,3.0,4.5,4.0,4.0,"[""Pectoralis Major"", ""Anterior Deltoid"", ""Triceps Brachii""]","[""Core"", ""Erector Spinae"", ""Latissimus Dorsi""]","[""Mat""]",Total Body Integration,"[""Shoulder"", ""Lower Back"", ""Wrist""]","[""Spinal stenosis"", ""Shoulder impingement""]",3,2,0.0,,0,,0,0,1,0.55,Review
SAFE0000108,U000108,EX0340,Intermediate,Rehabilitation and Joint Health,Fat Loss,Male,36,176.0,63.0,20.34,Normal,6,Auto,Limited Gym,6,0,0,Resistance Training,Beginner,Beginner,1,1,1,2.0,1.5,2.0,1.5,2.0,"[""Triceps Brachii""]","[""Anconeus""]","[""Cable Machine""]",Elbow Extension,"[""Elbow""]","[""Elbow tendinopathy""]",1,1,0.0,No Pain,0,,0,0,0,0.0,Safe
SAFE0000109,U000109,EX0004,Beginner,Muscular Endurance,Strength,Male,26,180.0,53.5,16.51,Underweight,3,Auto,Commercial Gym,5,0,0,Bodyweight,Beginner,Beginner,1,2,1,2.0,2.0,2.0,1.0,3.8,"[""Pectoralis Major""]","[""Anterior Deltoid"", ""Triceps Brachii""]","[""Bodyweight""]",Horizontal Push,"[""Shoulder"", ""Elbow"", ""Wrist""]",[],3,0,0.025,,0,,0,0,0,0.0,Safe
SAFE0000110,U000110,EX0277,Intermediate,Mobility and Flexibility,Athletic Performance,Male,35,173.0,81.9,27.36,Overweight,5,Upper Lower,Limited Gym,5,0,0,Bodyweight,Beginner,Beginner,3,2,1,2.5,2.0,2.0,3.0,3.0,"[""Triceps Brachii"", ""Gluteus Maximus"", ""Hamstrings""]","[""Core"", ""Shoulders (Anterior Deltoid)""]","[""Bodyweight""]",Gait,"[""Wrist"", ""Shoulder""]",[],2,0,0.0,,0,,0,0,0,0.0,Safe
SAFE0000111,U000111,EX0141,Intermediate,Rehabilitation and Joint Health,Muscular Endurance,Male,27,183.0,87.7,26.19,Overweight,3,Push Pull Legs,Home Gym,2,0,0,Resistance Training,Beginner,Beginner,3,2,1,1.5,1.0,1.5,1.5,2.0,"[""Posterior Deltoid"", ""Rhomboids"", ""Middle Trapezius""]","[""Infraspinatus"", ""Teres Minor""]","[""Resistance Band""]",Horizontal Pull,"[""Shoulder""]","[""None""]",1,1,0.0,,0,,0,0,0,0.0,Safe
SAFE0000112,U000112,EX0004,Advanced,Muscle Gain,Athletic Performance,Male,36,178.0,73.0,23.04,Normal,6,Body Part Split,Bodyweight Only,3,0,0,Bodyweight,Beginner,Beginner,1,2,1,2.0,2.0,2.0,1.0,3.8,"[""Pectoralis Major""]","[""Anterior Deltoid"", ""Triceps Brachii""]","[""Bodyweight""]",Horizontal Push,"[""Shoulder"", ""Elbow"", ""Wrist""]",[],3,0,0.0488,,0,,0,0,0,0.0,Safe
SAFE0000113,U000113,EX0026,Intermediate,Rehabilitation and Joint Health,Muscle Gain,Male,31,177.0,70.4,22.47,Normal,4,Upper Lower,Bodyweight Only,1,1,1,Bodyweight,Beginner,Beginner,2,3,1,1.5,2.0,1.0,2.0,3.0,"[""Rectus Abdominis"", ""Transverse Abdominis""]","[""Obliques"", ""Erector Spinae"", ""Serratus Anterior""]","[""Bodyweight""]",Core Anti-Extension,"[""Lower Back"", ""Shoulder""]",[],2,0,0.0769,,0,,0,0,0,0.0,Safe
SAFE0000114,U000114,EX0223,Intermediate,Strength,Mobility and Flexibility,Male,31,187.0,86.9,24.85,Normal,6,Chest Back Legs,Commercial Gym,4,0,0,Bodyweight,Intermediate,Intermediate,1,2,1,2.5,3.5,2.5,2.5,4.0,"[""Pectoralis Major (Clavicular Head Bias)""]","[""Anterior Deltoid"", ""Triceps Brachii""]","[""Bench""]",Horizontal Push,"[""Shoulder"", ""Wrist""]","[""Shoulder impingement""]",2,1,0.0,,0,,0,0,0,0.0,Safe
SAFE0000115,U000115,EX0281,Advanced,Athletic Performance,Mobility and Flexibility,Male,25,170.0,66.9,23.15,Normal,5,Auto,Home Gym,5,0,0,Resistance Training,Intermediate,Intermediate,2,1,1,3.0,3.5,2.5,3.0,4.0,"[""Pectoralis Major"", ""Triceps Brachii""]","[""Anterior Deltoid""]","[""Resistance Band""]",Horizontal Push,"[""Shoulder"", ""Wrist"", ""Elbow""]","[""Shoulder impingement""]",3,1,0.0571,,0,,0,0,0,0.0,Safe
SAFE0000116,U000116,EX0180,Beginner,Athletic Performance,Muscular Endurance,Male,34,163.0,86.8,32.67,Obese,3,Upper Lower,Home Gym,5,0,0,Bodyweight,Beginner,Beginner,3,2,1,2.0,1.0,1.5,1.5,2.0,"[""Erector Spinae"", ""Gluteus Maximus"", ""Transverse Abdominis""]","[""Deltoids"", ""Hamstrings""]","[""Mat""]",Core Anti-Rotation,"[""Lower Back"", ""Wrist""]","[""None""]",2,1,0.0,,0,,0,0,0,0.0,Safe
SAFE0000117,U000117,EX0180,Beginner,Strength,General Fitness,Male,27,184.0,85.1,25.14,Overweight,2,Auto,Bodyweight Only,3,0,0,Bodyweight,Beginner,Beginner,3,2,1,2.0,1.0,1.5,1.5,2.0,"[""Erector Spinae"", ""Gluteus Maximus"", ""Transverse Abdominis""]","[""Deltoids"", ""Hamstrings""]","[""Mat""]",Core Anti-Rotation,"[""Lower Back"", ""Wrist""]","[""None""]",2,1,0.0625,,0,,0,0,0,0.0,Safe
SAFE0000118,U000118,EX0004,Beginner,Muscle Gain,Mobility and Flexibility,Male,28,159.0,64.9,25.67,Overweight,5,Upper Lower,Home Gym,4,0,0,Bodyweight,Beginner,Beginner,1,2,1,2.0,2.0,2.0,1.0,3.8,"[""Pectoralis Major""]","[""Anterior Deltoid"", ""Triceps Brachii""]","[""Bodyweight""]",Horizontal Push,"[""Shoulder"", ""Elbow"", ""Wrist""]",[],3,0,0.0556,,0,,0,0,0,0.0,Safe
SAFE0000119,U000119,EX0106,Advanced,Rehabilitation and Joint Health,General Fitness,Male,35,160.0,58.7,22.93,Normal,2,Chest Back Legs,Home Gym,3,0,0,Bodyweight,Advanced,Advanced,2,2,1,3.5,2.5,2.0,4.0,3.0,"[""Adductors (Longus, Magnus, Brevis)"", ""Gracilis""]","[""Obliques"", ""Gluteus Medius (bottom leg)""]","[""Bench""]",Hip Adduction,"[""Groin"", ""Shoulder""]","[""Acute groin pull"", ""Shoulder instability""]",2,2,0.0,,0,,0,0,0,0.0,Safe
SAFE0000120,U000120,EX0196,Beginner,Athletic Performance,Mobility and Flexibility,Male,18,174.0,81.6,26.95,Overweight,6,Auto,Commercial Gym,6,0,0,Resistance Training,Beginner,Beginner,1,4,1,1.5,1.5,1.5,1.0,4.0,"[""Latissimus Dorsi""]","[""Biceps Brachii"", ""Brachialis"", ""Rhomboids"", ""Posterior Deltoid""]","[""Assisted Pull-Up Machine""]",Vertical Pull,"[""Shoulder"", ""Elbow""]","[""Severe shoulder impingement""]",2,1,0.0513,,0,,0,0,0,0.0,Safe
SAFE0000121,U000121,EX0004,Intermediate,Muscular Endurance,Muscle Gain,Male,21,182.0,95.3,28.77,Overweight,6,Body Part Split,Limited Gym,4,0,0,Bodyweight,Beginner,Beginner,1,2,1,2.0,2.0,2.0,1.0,3.8,"[""Pectoralis Major""]","[""Anterior Deltoid"", ""Triceps Brachii""]","[""Bodyweight""]",Horizontal Push,"[""Shoulder"", ""Elbow"", ""Wrist""]",[],3,0,0.0541,,0,,0,0,0,0.0,Safe
SAFE0000122,U000122,EX0004,Beginner,Rehabilitation and Joint Health,Muscular Endurance,Male,38,172.0,79.1,26.74,Overweight,5,Push Pull Legs,Limited Gym,3,1,1,Bodyweight,Beginner,Beginner,1,2,1,2.0,2.0,2.0,1.0,3.8,"[""Pectoralis Major""]","[""Anterior Deltoid"", ""Triceps Brachii""]","[""Bodyweight""]",Horizontal Push,"[""Shoulder"", ""Elbow"", ""Wrist""]",[],3,0,0.0,,0,,0,0,1,0.55,Review
SAFE0000123,U000123,EX0095,Intermediate,General Fitness,Mobility and Flexibility,Male,33,171.0,65.8,22.5,Normal,3,Push Pull Legs,Home Gym,3,0,0,Resistance Training,Intermediate,Intermediate,2,3,1,4.0,4.5,3.5,3.5,5.5,"[""Anterior Deltoid"", ""Triceps Brachii""]","[""Quadriceps"", ""Gluteus Maximus"", ""Lateral Deltoid""]","[""Barbell""]",Vertical Push,"[""Shoulder"", ""Knee"", ""Lower Back""]","[""Shoulder impingement"", ""Lumbar spine instability""]",3,2,0.0,,0,,0,0,0,0.0,Safe
SAFE0000124,U000124,EX0004,Beginner,Muscular Endurance,Rehabilitation and Joint Health,Male,33,179.0,81.4,25.4,Overweight,5,Push Pull Legs,Home Gym,2,0,0,Bodyweight,Beginner,Beginner,1,2,1,2.0,2.0,2.0,1.0,3.8,"[""Pectoralis Major""]","[""Anterior Deltoid"", ""Triceps Brachii""]","[""Bodyweight""]",Horizontal Push,"[""Shoulder"", ""Elbow"", ""Wrist""]",[],3,0,0.0526,,0,,0,0,0,0.0,Safe
SAFE0000125,U000125,EX0194,Beginner,Mobility and Flexibility,Rehabilitation and Joint Health,Male,37,167.0,49.3,17.68,Underweight,4,Body Part Split,Bodyweight Only,1,0,0,Bodyweight,Beginner,Beginner,3,4,1,4.5,3.0,1.0,3.0,8.0,"[""Quadriceps"", ""Pectoralis Major"", ""Gluteus Maximus""]","[""Triceps Brachii"", ""Anterior Deltoid"", ""Hamstrings"", ""Calves""]","[""Bodyweight""]",Total Body Integration,"[""Wrist"", ""Knee"", ""Lower Back""]",[],3,0,0.0556,,0,,0,0,2,0.35,Monitor
SAFE0000126,U000126,EX0004,Beginner,Fat Loss,Mobility and Flexibility,Female,34,170.0,69.8,24.15,Normal,4,Upper Lower,Limited Gym,3,0,0,Bodyweight,Beginner,Beginner,1,2,1,2.0,2.0,2.0,1.0,3.8,"[""Pectoralis Major""]","[""Anterior Deltoid"", ""Triceps Brachii""]","[""Bodyweight""]",Horizontal Push,"[""Shoulder"", ""Elbow"", ""Wrist""]",[],3,0,0.0732,,0,,0,0,0,0.0,Safe
SAFE0000127,U000127,EX0004,Beginner,Strength,Athletic Performance,Female,18,169.0,51.0,17.86,Underweight,2,Auto,Bodyweight Only,2,0,0,Bodyweight,Beginner,Beginner,1,2,1,2.0,2.0,2.0,1.0,3.8,"[""Pectoralis Major""]","[""Anterior Deltoid"", ""Triceps Brachii""]","[""Bodyweight""]",Horizontal Push,"[""Shoulder"", ""Elbow"", ""Wrist""]",[],3,0,0.0312,,0,,0,0,0,0.0,Safe
SAFE0000128,U000128,EX0004,Intermediate,Muscle Gain,Muscular Endurance,Female,31,166.0,59.0,21.41,Normal,6,Chest Back Legs,Bodyweight Only,2,1,1,Bodyweight,Beginner,Beginner,1,2,1,2.0,2.0,2.0,1.0,3.8,"[""Pectoralis Major""]","[""Anterior Deltoid"", ""Triceps Brachii""]","[""Bodyweight""]",Horizontal Push,"[""Shoulder"", ""Elbow"", ""Wrist""]",[],3,0,0.027,,0,,0,0,0,0.0,Safe
SAFE0000129,U000129,EX0026,Beginner,Muscle Gain,Fat Loss,Female,25,163.0,46.4,17.46,Underweight,4,Chest Back Legs,Home Gym,3,0,0,Bodyweight,Beginner,Beginner,2,3,1,1.5,2.0,1.0,2.0,3.0,"[""Rectus Abdominis"", ""Transverse Abdominis""]","[""Obliques"", ""Erector Spinae"", ""Serratus Anterior""]","[""Bodyweight""]",Core Anti-Extension,"[""Lower Back"", ""Shoulder""]",[],2,0,0.0286,,0,,0,0,0,0.0,Safe
SAFE0000130,U000130,EX0227,Beginner,Fat Loss,Rehabilitation and Joint Health,Female,28,170.0,63.7,22.04,Normal,2,Auto,Home Gym,4,0,0,Bodyweight,Beginner,Beginner,2,3,1,3.5,1.5,2.5,3.0,6.5,"[""Core"", ""Hip Flexors""]","[""Shoulders (Deltoids)"", ""Triceps Brachii"", ""Quadriceps""]","[""Mat""]",Total Body Integration,"[""Wrist"", ""Shoulder""]","[""Wrist pain""]",2,1,0.0,,0,,0,0,0,0.0,Safe
SAFE0000131,U000131,EX0160,Beginner,General Fitness,Athletic Performance,Female,39,168.0,46.2,16.37,Underweight,4,Push Pull Legs,Bodyweight Only,2,0,0,Bodyweight,Beginner,Beginner,1,2,1,2.0,1.5,1.5,1.0,3.0,"[""Rectus Abdominis""]","[""Obliques"", ""Hip Flexors""]","[""Mat""]",Trunk Flexion,"[""Lower Back""]","[""Lumbar disc herniation""]",1,1,0.0,,0,,0,0,0,0.0,Safe
SAFE0000132,U000132,EX0004,Advanced,Fat Loss,Mobility and Flexibility,Female,29,168.0,79.7,28.24,Overweight,6,Push Pull Legs,Commercial Gym,6,0,0,Bodyweight,Beginner,Beginner,1,2,1,2.0,2.0,2.0,1.0,3.8,"[""Pectoralis Major""]","[""Anterior Deltoid"", ""Triceps Brachii""]","[""Bodyweight""]",Horizontal Push,"[""Shoulder"", ""Elbow"", ""Wrist""]",[],3,0,0.0556,,0,,0,0,0,0.0,Safe
SAFE0000133,U000133,EX0026,Beginner,Mobility and Flexibility,Fat Loss,Female,24,162.0,52.9,20.16,Normal,6,Upper Lower,Commercial Gym,6,0,0,Bodyweight,Beginner,Beginner,2,3,1,1.5,2.0,1.0,2.0,3.0,"[""Rectus Abdominis"", ""Transverse Abdominis""]","[""Obliques"", ""Erector Spinae"", ""Serratus Anterior""]","[""Bodyweight""]",Core Anti-Extension,"[""Lower Back"", ""Shoulder""]",[],2,0,0.0488,,0,,0,0,0,0.0,Safe
SAFE0000134,U000134,EX0004,Beginner,Muscle Gain,Mobility and Flexibility,Female,31,162.0,58.5,22.29,Normal,2,Auto,Commercial Gym,5,1,1,Bodyweight,Beginner,Beginner,1,2,1,2.0,2.0,2.0,1.0,3.8,"[""Pectoralis Major""]","[""Anterior Deltoid"", ""Triceps Brachii""]","[""Bodyweight""]",Horizontal Push,"[""Shoulder"", ""Elbow"", ""Wrist""]",[],3,0,0.0,,0,,0,0,0,0.0,Safe
SAFE0000135,U000135,EX0180,Beginner,Strength,Muscular Endurance,Female,20,169.0,61.8,21.64,Normal,6,Auto,Bodyweight Only,3,0,0,Bodyweight,Beginner,Beginner,3,2,1,2.0,1.0,1.5,1.5,2.0,"[""Erector Spinae"", ""Gluteus Maximus"", ""Transverse Abdominis""]","[""Deltoids"", ""Hamstrings""]","[""Mat""]",Core Anti-Rotation,"[""Lower Back"", ""Wrist""]","[""None""]",2,1,0.027,,0,,0,0,0,0.0,Safe
SAFE0000136,U000136,EX0277,Intermediate,Rehabilitation and Joint Health,Athletic Performance,Female,30,171.0,68.1,23.29,Normal,4,Body Part Split,Home Gym,4,0,0,Bodyweight,Beginner,Beginner,3,2,1,2.5,2.0,2.0,3.0,3.0,"[""Triceps Brachii"", ""Gluteus Maximus"", ""Hamstrings""]","[""Core"", ""Shoulders (Anterior Deltoid)""]","[""Bodyweight""]",Gait,"[""Wrist"", ""Shoulder""]",[],2,0,0.0,,0,,0,0,0,0.0,Safe
SAFE0000137,U000137,EX0004,Intermediate,Muscular Endurance,Muscle Gain,Female,23,174.0,67.5,22.29,Normal,5,Chest Back Legs,Home Gym,4,0,0,Bodyweight,Beginner,Beginner,1,2,1,2.0,2.0,2.0,1.0,3.8,"[""Pectoralis Major""]","[""Anterior Deltoid"", ""Triceps Brachii""]","[""Bodyweight""]",Horizontal Push,"[""Shoulder"", ""Elbow"", ""Wrist""]",[],3,0,0.05,,0,,0,0,0,0.0,Safe
SAFE0000138,U000138,EX0004,Beginner,General Fitness,Fat Loss,Female,39,171.0,72.8,24.9,Normal,3,Upper Lower,Commercial Gym,7,0,0,Bodyweight,Beginner,Beginner,1,2,1,2.0,2.0,2.0,1.0,3.8,"[""Pectoralis Major""]","[""Anterior Deltoid"", ""Triceps Brachii""]","[""Bodyweight""]",Horizontal Push,"[""Shoulder"", ""Elbow"", ""Wrist""]",[],3,0,0.0526,,0,,0,0,0,0.0,Safe
SAFE0000139,U000139,EX0004,Intermediate,Muscle Gain,Muscular Endurance,Female,22,167.0,46.8,16.78,Underweight,4,Push Pull Legs,Home Gym,3,0,0,Bodyweight,Beginner,Beginner,1,2,1,2.0,2.0,2.0,1.0,3.8,"[""Pectoralis Major""]","[""Anterior Deltoid"", ""Triceps Brachii""]","[""Bodyweight""]",Horizontal Push,"[""Shoulder"", ""Elbow"", ""Wrist""]",[],3,0,0.0,,0,,0,0,0,0.0,Safe
SAFE0000140,U000140,EX0026,Intermediate,Mobility and Flexibility,General Fitness,Female,24,168.0,63.0,22.32,Normal,5,Chest Back Legs,Home Gym,2,1,1,Bodyweight,Beginner,Beginner,2,3,1,1.5,2.0,1.0,2.0,3.0,"[""Rectus Abdominis"", ""Transverse Abdominis""]","[""Obliques"", ""Erector Spinae"", ""Serratus Anterior""]","[""Bodyweight""]",Core Anti-Extension,"[""Lower Back"", ""Shoulder""]",[],2,0,0.0488,,0,,0,0,0,0.0,Safe
SAFE0000141,U000141,EX0061,Beginner,Muscle Gain,Muscular Endurance,Female,28,175.0,67.2,21.94,Normal,4,Auto,Limited Gym,4,0,0,Resistance Training,Beginner,Beginner,3,1,2,1.5,1.0,2.0,1.0,2.0,"[""Extensor Carpi Radialis Longus"", ""Extensor Carpi Radialis Brevis"", ""Extensor Carpi Ulnaris""]","[""Extensor Digitorum""]","[""Barbell"", ""Bench""]",Wrist Extension,"[""Wrist""]","[""Acute wrist pain"", ""Tennis elbow""]",1,2,0.1026,,0,,0,0,0,0.0,Safe
SAFE0000142,U000142,EX0179,Beginner,Muscular Endurance,Mobility and Flexibility,Other,27,177.0,79.6,25.41,Overweight,6,Chest Back Legs,Bodyweight Only,4,1,1,Bodyweight,Beginner,Beginner,2,2,1,2.5,1.5,1.5,1.5,2.5,"[""Rectus Abdominis"", ""Transverse Abdominis""]","[""Obliques"", ""Hip Flexors""]","[""Mat""]",Core Anti-Extension,"[""Lower Back""]","[""None""]",1,1,0.0,,0,,0,0,0,0.0,Safe
SAFE0000143,U000143,EX0004,Advanced,Muscular Endurance,Mobility and Flexibility,Female,33,176.0,53.6,17.3,Underweight,4,Upper Lower,Limited Gym,6,0,0,Bodyweight,Beginner,Beginner,1,2,1,2.0,2.0,2.0,1.0,3.8,"[""Pectoralis Major""]","[""Anterior Deltoid"", ""Triceps Brachii""]","[""Bodyweight""]",Horizontal Push,"[""Shoulder"", ""Elbow"", ""Wrist""]",[],3,0,0.0,,0,,0,0,0,0.0,Safe
SAFE0000144,U000144,EX0011,Intermediate,Athletic Performance,Mobility and Flexibility,Female,22,155.0,50.2,20.89,Normal,3,Upper Lower,Commercial Gym,4,0,0,Resistance Training,Intermediate,Intermediate,1,4,1,4.0,4.0,3.0,2.0,6.0,"[""Latissimus Dorsi""]","[""Biceps Brachii"", ""Brachialis"", ""Rhomboids"", ""Posterior Deltoid""]","[""Pull-up Bar""]",Vertical Pull,"[""Shoulder"", ""Elbow"", ""Wrist""]","[""Acute shoulder or elbow pain"", ""Inability to control the hanging position"", ""Painful overhead range""]",3,3,0.025,,0,,0,0,0,0.0,Safe
SAFE0000145,U000145,EX0004,Advanced,Muscular Endurance,Rehabilitation and Joint Health,Female,18,163.0,54.3,20.44,Normal,4,Auto,Commercial Gym,6,1,1,Bodyweight,Beginner,Beginner,1,2,1,2.0,2.0,2.0,1.0,3.8,"[""Pectoralis Major""]","[""Anterior Deltoid"", ""Triceps Brachii""]","[""Bodyweight""]",Horizontal Push,"[""Shoulder"", ""Elbow"", ""Wrist""]",[],3,0,0.0526,,0,,0,0,0,0.0,Safe
SAFE0000146,U000146,EX0260,Advanced,Athletic Performance,Strength,Female,34,157.0,56.0,22.72,Normal,4,Full Body,Limited Gym,5,0,0,Resistance Training,Intermediate,Intermediate,2,3,1,3.5,4.5,3.0,4.0,4.5,"[""Anterior Deltoid"", ""Triceps Brachii""]","[""Quadriceps"", ""Gluteus Maximus"", ""Lateral Deltoid""]","[""Dumbbell""]",Vertical Push,"[""Shoulder"", ""Knee"", ""Lower Back""]","[""Shoulder impingement""]",3,1,0.0278,,0,,0,0,0,0.0,Safe
SAFE0000147,U000147,EX0037,Beginner,Muscle Gain,Fat Loss,Female,19,159.0,50.9,20.13,Normal,2,Upper Lower,Limited Gym,6,1,1,Resistance Training,Beginner,Beginner,2,1,1,1.5,2.0,1.0,1.5,3.0,"[""Brachioradialis"", ""Brachialis""]","[""Biceps Brachii""]","[""Dumbbell""]",Elbow Flexion,"[""Elbow""]","[""Elbow pain""]",1,1,0.0,,0,,0,0,0,0.0,Safe
SAFE0000148,U000148,EX0224,Intermediate,Muscular Endurance,Mobility and Flexibility,Female,29,171.0,61.5,21.03,Normal,2,Auto,Bodyweight Only,3,1,1,Bodyweight,Intermediate,Intermediate,2,2,1,2.5,3.0,3.0,3.0,4.5,"[""Anterior Deltoid"", ""Lateral Deltoid""]","[""Triceps Brachii"", ""Upper Trapezius""]","[""Mat""]",Vertical Push,"[""Shoulder"", ""Wrist"", ""Neck""]","[""High blood pressure"", ""Shoulder instability""]",3,2,0.0312,,0,,0,0,1,0.55,Review
SAFE0000149,U000149,EX0004,Beginner,Strength,General Fitness,Female,27,151.0,49.4,21.67,Normal,3,Auto,Home Gym,2,0,0,Bodyweight,Beginner,Beginner,1,2,1,2.0,2.0,2.0,1.0,3.8,"[""Pectoralis Major""]","[""Anterior Deltoid"", ""Triceps Brachii""]","[""Bodyweight""]",Horizontal Push,"[""Shoulder"", ""Elbow"", ""Wrist""]",[],3,0,0.0541,Mild Discomfort,1,,0,0,0,0.0,Safe
SAFE0000150,U000150,EX0004,Intermediate,Muscle Gain,Muscular Endurance,Female,27,171.0,49.2,16.83,Underweight,3,Chest Back Legs,Limited Gym,5,0,0,Bodyweight,Beginner,Beginner,1,2,1,2.0,2.0,2.0,1.0,3.8,"[""Pectoralis Major""]","[""Anterior Deltoid"", ""Triceps Brachii""]","[""Bodyweight""]",Horizontal Push,"[""Shoulder"", ""Elbow"", ""Wrist""]",[],3,0,0.0286,,0,,0,0,0,0.0,Safe
SAFE0000151,U000151,EX0004,Advanced,Muscle Gain,Athletic Performance,Female,23,162.0,80.4,30.64,Obese,5,Upper Lower,Home Gym,4,0,0,Bodyweight,Beginner,Beginner,1,2,1,2.0,2.0,2.0,1.0,3.8,"[""Pectoralis Major""]","[""Anterior Deltoid"", ""Triceps Brachii""]","[""Bodyweight""]",Horizontal Push,"[""Shoulder"", ""Elbow"", ""Wrist""]",[],3,0,0.0,,0,,0,0,0,0.0,Safe
SAFE0000152,U000152,EX0242,Intermediate,Strength,Muscle Gain,Prefer not to say,23,159.0,71.4,28.24,Overweight,4,Auto,Limited Gym,5,0,0,Resistance Training,Intermediate,Intermediate,2,1,1,2.0,3.5,2.0,1.5,3.0,"[""Pectoralis Major"", ""Triceps Brachii""]","[""Anterior Deltoid""]","[""Dumbbell""]",Horizontal Push,"[""Wrist"", ""Elbow""]","[""Wrist pain""]",2,1,0.0789,,0,,0,0,0,0.0,Safe
SAFE0000153,U000153,EX0004,Beginner,Muscular Endurance,Fat Loss,Female,21,172.0,57.1,19.3,Normal,2,Full Body,Limited Gym,4,0,0,Bodyweight,Beginner,Beginner,1,2,1,2.0,2.0,2.0,1.0,3.8,"[""Pectoralis Major""]","[""Anterior Deltoid"", ""Triceps Brachii""]","[""Bodyweight""]",Horizontal Push,"[""Shoulder"", ""Elbow"", ""Wrist""]",[],3,0,0.0625,,0,,0,0,0,0.0,Safe
SAFE0000154,U000154,EX0194,Beginner,Rehabilitation and Joint Health,General Fitness,Female,50,153.0,81.0,34.6,Obese,3,Auto,Bodyweight Only,1,0,0,Bodyweight,Beginner,Beginner,3,4,1,4.5,3.0,1.0,3.0,8.0,"[""Quadriceps"", ""Pectoralis Major"", ""Gluteus Maximus""]","[""Triceps Brachii"", ""Anterior Deltoid"", ""Hamstrings"", ""Calves""]","[""Bodyweight""]",Total Body Integration,"[""Wrist"", ""Knee"", ""Lower Back""]",[],3,0,0.0488,,0,,0,0,2,0.35,Monitor
SAFE0000155,U000155,EX0102,Beginner,Mobility and Flexibility,Fat Loss,Female,24,166.0,47.0,17.06,Underweight,3,Auto,Home Gym,5,0,0,Resistance Training,Beginner,Beginner,1,1,2,2.0,1.5,2.0,2.0,2.0,"[""Triceps Brachii""]","[""Anconeus""]","[""Dumbbell"", ""Bench""]",Elbow Extension,"[""Elbow""]","[""Elbow pain""]",1,1,0.0256,,0,,0,0,0,0.0,Safe
SAFE0000156,U000156,EX0004,Beginner,Mobility and Flexibility,Athletic Performance,Other,31,167.0,89.2,31.98,Obese,3,Chest Back Legs,Commercial Gym,7,0,0,Bodyweight,Beginner,Beginner,1,2,1,2.0,2.0,2.0,1.0,3.8,"[""Pectoralis Major""]","[""Anterior Deltoid"", ""Triceps Brachii""]","[""Bodyweight""]",Horizontal Push,"[""Shoulder"", ""Elbow"", ""Wrist""]",[],3,0,0.0541,,0,,0,0,0,0.0,Safe
SAFE0000157,U000157,EX0062,Intermediate,Rehabilitation and Joint Health,Strength,Female,21,162.0,81.1,30.9,Obese,3,Auto,Commercial Gym,6,0,0,Resistance Training,Beginner,Beginner,1,1,1,1.0,1.5,2.0,1.0,2.5,"[""Gastrocnemius""]","[""Soleus""]","[""Leg Press Machine""]",Ankle Plantarflexion,"[""Ankle"", ""Achilles Tendon""]","[""Achilles tendinopathy""]",2,1,0.0571,,0,,0,0,0,0.0,Safe
SAFE0000158,U000158,EX0004,Beginner,Muscle Gain,Strength,Female,25,175.0,59.4,19.4,Normal,2,Auto,Limited Gym,3,0,0,Bodyweight,Beginner,Beginner,1,2,1,2.0,2.0,2.0,1.0,3.8,"[""Pectoralis Major""]","[""Anterior Deltoid"", ""Triceps Brachii""]","[""Bodyweight""]",Horizontal Push,"[""Shoulder"", ""Elbow"", ""Wrist""]",[],3,0,0.0625,,0,,0,0,0,0.0,Safe
SAFE0000159,U000159,EX0009,Advanced,Strength,Fat Loss,Female,22,151.0,55.0,24.12,Normal,2,Chest Back Legs,Commercial Gym,7,0,0,Resistance Training,Beginner,Beginner,2,3,1,1.0,1.0,1.0,1.0,3.5,"[""Latissimus Dorsi"", ""Rhomboids""]","[""Middle Trapezius"", ""Posterior Deltoid"", ""Biceps Brachii""]","[""Row Machine""]",Horizontal Pull,"[""Shoulder"", ""Elbow""]","[""Acute shoulder pain"", ""Pain during pulling""]",2,2,0.0,,0,,0,0,0,0.0,Safe
SAFE0000160,U000160,EX0004,Intermediate,Muscular Endurance,Strength,Female,36,154.0,72.0,30.36,Obese,4,Full Body,Limited Gym,4,0,0,Bodyweight,Beginner,Beginner,1,2,1,2.0,2.0,2.0,1.0,3.8,"[""Pectoralis Major""]","[""Anterior Deltoid"", ""Triceps Brachii""]","[""Bodyweight""]",Horizontal Push,"[""Shoulder"", ""Elbow"", ""Wrist""]",[],3,0,0.0278,,0,,0,0,0,0.0,Safe
SAFE0000161,U000161,EX0026,Beginner,Rehabilitation and Joint Health,Muscle Gain,Female,29,167.0,59.8,21.44,Normal,4,Auto,Limited Gym,6,0,0,Bodyweight,Beginner,Beginner,2,3,1,1.5,2.0,1.0,2.0,3.0,"[""Rectus Abdominis"", ""Transverse Abdominis""]","[""Obliques"", ""Erector Spinae"", ""Serratus Anterior""]","[""Bodyweight""]",Core Anti-Extension,"[""Lower Back"", ""Shoulder""]",[],2,0,0.0244,,0,,0,0,0,0.0,Safe
SAFE0000162,U000162,EX0141,Advanced,Rehabilitation and Joint Health,Muscular Endurance,Female,22,165.0,61.5,22.59,Normal,6,Body Part Split,Commercial Gym,6,0,0,Resistance Training,Beginner,Beginner,3,2,1,1.5,1.0,1.5,1.5,2.0,"[""Posterior Deltoid"", ""Rhomboids"", ""Middle Trapezius""]","[""Infraspinatus"", ""Teres Minor""]","[""Resistance Band""]",Horizontal Pull,"[""Shoulder""]","[""None""]",1,1,0.0,,0,,0,0,0,0.0,Safe
SAFE0000163,U000163,EX0004,Intermediate,Muscular Endurance,Rehabilitation and Joint Health,Female,22,151.0,76.1,33.38,Obese,2,Body Part Split,Limited Gym,3,0,0,Bodyweight,Beginner,Beginner,1,2,1,2.0,2.0,2.0,1.0,3.8,"[""Pectoralis Major""]","[""Anterior Deltoid"", ""Triceps Brachii""]","[""Bodyweight""]",Horizontal Push,"[""Shoulder"", ""Elbow"", ""Wrist""]",[],3,0,0.0,,0,,0,0,0,0.0,Safe
SAFE0000164,U000164,EX0004,Beginner,Fat Loss,Rehabilitation and Joint Health,Female,24,169.0,79.2,27.73,Overweight,5,Body Part Split,Limited Gym,4,0,0,Bodyweight,Beginner,Beginner,1,2,1,2.0,2.0,2.0,1.0,3.8,"[""Pectoralis Major""]","[""Anterior Deltoid"", ""Triceps Brachii""]","[""Bodyweight""]",Horizontal Push,"[""Shoulder"", ""Elbow"", ""Wrist""]",[],3,0,0.0286,,0,,0,0,0,0.0,Safe
SAFE0000165,U000165,EX0004,Advanced,Muscular Endurance,Athletic Performance,Female,27,163.0,56.3,21.19,Normal,2,Upper Lower,Limited Gym,6,0,0,Bodyweight,Beginner,Beginner,1,2,1,2.0,2.0,2.0,1.0,3.8,"[""Pectoralis Major""]","[""Anterior Deltoid"", ""Triceps Brachii""]","[""Bodyweight""]",Horizontal Push,"[""Shoulder"", ""Elbow"", ""Wrist""]",[],3,0,0.0312,,0,,0,0,0,0.0,Safe
SAFE0000166,U000166,EX0340,Beginner,Mobility and Flexibility,Muscular Endurance,Female,28,167.0,61.6,22.09,Normal,5,Upper Lower,Limited Gym,5,0,0,Resistance Training,Beginner,Beginner,1,1,1,2.0,1.5,2.0,1.5,2.0,"[""Triceps Brachii""]","[""Anconeus""]","[""Cable Machine""]",Elbow Extension,"[""Elbow""]","[""Elbow tendinopathy""]",1,1,0.0,No Pain,0,,0,0,0,0.0,Safe
SAFE0000167,U000167,EX0004,Intermediate,Muscle Gain,Fat Loss,Female,26,176.0,55.5,17.92,Underweight,2,Body Part Split,Bodyweight Only,3,0,0,Bodyweight,Beginner,Beginner,1,2,1,2.0,2.0,2.0,1.0,3.8,"[""Pectoralis Major""]","[""Anterior Deltoid"", ""Triceps Brachii""]","[""Bodyweight""]",Horizontal Push,"[""Shoulder"", ""Elbow"", ""Wrist""]",[],3,0,0.0,,0,,0,0,0,0.0,Safe
SAFE0000168,U000168,EX0004,Beginner,General Fitness,Mobility and Flexibility,Female,34,160.0,69.7,27.23,Overweight,2,Body Part Split,Commercial Gym,7,0,0,Bodyweight,Beginner,Beginner,1,2,1,2.0,2.0,2.0,1.0,3.8,"[""Pectoralis Major""]","[""Anterior Deltoid"", ""Triceps Brachii""]","[""Bodyweight""]",Horizontal Push,"[""Shoulder"", ""Elbow"", ""Wrist""]",[],3,0,0.0625,,0,,0,0,0,0.0,Safe
SAFE0000169,U000169,EX0004,Advanced,Fat Loss,Muscle Gain,Female,35,163.0,80.6,30.34,Obese,6,Push Pull Legs,Commercial Gym,6,0,0,Bodyweight,Beginner,Beginner,1,2,1,2.0,2.0,2.0,1.0,3.8,"[""Pectoralis Major""]","[""Anterior Deltoid"", ""Triceps Brachii""]","[""Bodyweight""]",Horizontal Push,"[""Shoulder"", ""Elbow"", ""Wrist""]",[],3,0,0.0513,,0,,0,0,0,0.0,Safe
SAFE0000170,U000170,EX0004,Advanced,Muscular Endurance,Mobility and Flexibility,Male,22,173.0,89.5,29.9,Overweight,2,Upper Lower,Limited Gym,4,0,0,Bodyweight,Beginner,Beginner,1,2,1,2.0,2.0,2.0,1.0,3.8,"[""Pectoralis Major""]","[""Anterior Deltoid"", ""Triceps Brachii""]","[""Bodyweight""]",Horizontal Push,"[""Shoulder"", ""Elbow"", ""Wrist""]",[],3,0,0.0,,0,,0,0,0,0.0,Safe
SAFE0000171,U000171,EX0004,Beginner,Athletic Performance,General Fitness,Male,19,172.0,90.3,30.52,Obese,6,Body Part Split,Commercial Gym,7,0,0,Bodyweight,Beginner,Beginner,1,2,1,2.0,2.0,2.0,1.0,3.8,"[""Pectoralis Major""]","[""Anterior Deltoid"", ""Triceps Brachii""]","[""Bodyweight""]",Horizontal Push,"[""Shoulder"", ""Elbow"", ""Wrist""]",[],3,0,0.0571,Mild Discomfort,1,,0,0,0,0.0,Safe
SAFE0000172,U000172,EX0004,Beginner,Muscle Gain,General Fitness,Male,33,183.0,92.7,27.68,Overweight,4,Upper Lower,Home Gym,4,0,0,Bodyweight,Beginner,Beginner,1,2,1,2.0,2.0,2.0,1.0,3.8,"[""Pectoralis Major""]","[""Anterior Deltoid"", ""Triceps Brachii""]","[""Bodyweight""]",Horizontal Push,"[""Shoulder"", ""Elbow"", ""Wrist""]",[],3,0,0.025,,0,,0,0,0,0.0,Safe
SAFE0000173,U000173,EX0004,Intermediate,Fat Loss,Muscle Gain,Male,42,188.0,93.0,26.31,Overweight,2,Body Part Split,Commercial Gym,6,0,0,Bodyweight,Beginner,Beginner,1,2,1,2.0,2.0,2.0,1.0,3.8,"[""Pectoralis Major""]","[""Anterior Deltoid"", ""Triceps Brachii""]","[""Bodyweight""]",Horizontal Push,"[""Shoulder"", ""Elbow"", ""Wrist""]",[],3,0,0.0312,Mild Discomfort,1,,0,0,0,0.0,Safe
SAFE0000174,U000174,EX0061,Advanced,Mobility and Flexibility,Athletic Performance,Male,18,171.0,87.4,29.89,Overweight,4,Push Pull Legs,Limited Gym,6,0,0,Resistance Training,Beginner,Beginner,3,1,2,1.5,1.0,2.0,1.0,2.0,"[""Extensor Carpi Radialis Longus"", ""Extensor Carpi Radialis Brevis"", ""Extensor Carpi Ulnaris""]","[""Extensor Digitorum""]","[""Barbell"", ""Bench""]",Wrist Extension,"[""Wrist""]","[""Acute wrist pain"", ""Tennis elbow""]",1,2,0.0,,0,,0,0,0,0.0,Safe
SAFE0000175,U000175,EX0095,Advanced,Athletic Performance,Mobility and Flexibility,Male,19,158.0,78.1,31.29,Obese,3,Push Pull Legs,Limited Gym,5,1,1,Resistance Training,Intermediate,Intermediate,2,3,1,4.0,4.5,3.5,3.5,5.5,"[""Anterior Deltoid"", ""Triceps Brachii""]","[""Quadriceps"", ""Gluteus Maximus"", ""Lateral Deltoid""]","[""Barbell""]",Vertical Push,"[""Shoulder"", ""Knee"", ""Lower Back""]","[""Shoulder impingement"", ""Lumbar spine instability""]",3,2,0.0244,,0,,0,0,0,0.0,Safe
SAFE0000176,U000176,EX0004,Intermediate,Fat Loss,Strength,Male,23,169.0,72.3,25.31,Overweight,4,Auto,Home Gym,3,0,0,Bodyweight,Beginner,Beginner,1,2,1,2.0,2.0,2.0,1.0,3.8,"[""Pectoralis Major""]","[""Anterior Deltoid"", ""Triceps Brachii""]","[""Bodyweight""]",Horizontal Push,"[""Shoulder"", ""Elbow"", ""Wrist""]",[],3,0,0.0,,0,,0,0,0,0.0,Safe
SAFE0000177,U000177,EX0004,Beginner,General Fitness,Muscle Gain,Male,28,173.0,89.0,29.74,Overweight,5,Body Part Split,Home Gym,5,0,0,Bodyweight,Beginner,Beginner,1,2,1,2.0,2.0,2.0,1.0,3.8,"[""Pectoralis Major""]","[""Anterior Deltoid"", ""Triceps Brachii""]","[""Bodyweight""]",Horizontal Push,"[""Shoulder"", ""Elbow"", ""Wrist""]",[],3,0,0.0541,,0,,0,0,0,0.0,Safe
SAFE0000178,U000178,EX0004,Intermediate,Muscle Gain,Fat Loss,Male,46,177.0,73.3,23.4,Normal,6,Upper Lower,Commercial Gym,5,0,0,Bodyweight,Beginner,Beginner,1,2,1,2.0,2.0,2.0,1.0,3.8,"[""Pectoralis Major""]","[""Anterior Deltoid"", ""Triceps Brachii""]","[""Bodyweight""]",Horizontal Push,"[""Shoulder"", ""Elbow"", ""Wrist""]",[],3,0,0.0571,,0,,0,0,0,0.0,Safe
SAFE0000179,U000179,EX0046,Beginner,Mobility and Flexibility,Muscular Endurance,Male,21,182.0,60.6,18.29,Underweight,3,Upper Lower,Bodyweight Only,3,0,0,Bodyweight,Beginner,Beginner,1,1,1,1.0,1.0,1.0,2.0,2.0,"[""Gluteus Maximus""]","[""Hamstrings""]","[""Mat""]",Hip Extension,"[""Lower Back"", ""Neck""]","[""Cervical spine issues""]",2,1,0.025,Mild Discomfort,1,,0,0,0,0.0,Safe
SAFE0000180,U000180,EX0004,Beginner,Muscle Gain,Fat Loss,Male,23,173.0,70.8,23.66,Normal,5,Push Pull Legs,Commercial Gym,5,0,0,Bodyweight,Beginner,Beginner,1,2,1,2.0,2.0,2.0,1.0,3.8,"[""Pectoralis Major""]","[""Anterior Deltoid"", ""Triceps Brachii""]","[""Bodyweight""]",Horizontal Push,"[""Shoulder"", ""Elbow"", ""Wrist""]",[],3,0,0.0526,,0,,0,0,0,0.0,Safe
SAFE0000181,U000181,EX0004,Beginner,Athletic Performance,General Fitness,Male,43,185.0,64.7,18.9,Normal,5,Chest Back Legs,Limited Gym,4,0,0,Bodyweight,Beginner,Beginner,1,2,1,2.0,2.0,2.0,1.0,3.8,"[""Pectoralis Major""]","[""Anterior Deltoid"", ""Triceps Brachii""]","[""Bodyweight""]",Horizontal Push,"[""Shoulder"", ""Elbow"", ""Wrist""]",[],3,0,0.0278,,0,,0,0,0,0.0,Safe
SAFE0000182,U000182,EX0026,Intermediate,Mobility and Flexibility,Fat Loss,Male,24,174.0,77.3,25.53,Overweight,5,Upper Lower,Commercial Gym,4,0,0,Bodyweight,Beginner,Beginner,2,3,1,1.5,2.0,1.0,2.0,3.0,"[""Rectus Abdominis"", ""Transverse Abdominis""]","[""Obliques"", ""Erector Spinae"", ""Serratus Anterior""]","[""Bodyweight""]",Core Anti-Extension,"[""Lower Back"", ""Shoulder""]",[],2,0,0.0488,,0,,0,0,0,0.0,Safe
SAFE0000183,U000183,EX0004,Intermediate,General Fitness,Athletic Performance,Male,24,176.0,90.4,29.18,Overweight,2,Body Part Split,Commercial Gym,6,0,0,Bodyweight,Beginner,Beginner,1,2,1,2.0,2.0,2.0,1.0,3.8,"[""Pectoralis Major""]","[""Anterior Deltoid"", ""Triceps Brachii""]","[""Bodyweight""]",Horizontal Push,"[""Shoulder"", ""Elbow"", ""Wrist""]",[],3,0,0.0312,,0,,0,0,0,0.0,Safe
SAFE0000184,U000184,EX0227,Beginner,Muscular Endurance,General Fitness,Male,18,185.0,75.7,22.12,Normal,4,Auto,Home Gym,4,0,0,Bodyweight,Beginner,Beginner,2,3,1,3.5,1.5,2.5,3.0,6.5,"[""Core"", ""Hip Flexors""]","[""Shoulders (Deltoids)"", ""Triceps Brachii"", ""Quadriceps""]","[""Mat""]",Total Body Integration,"[""Wrist"", ""Shoulder""]","[""Wrist pain""]",2,1,0.0811,,0,,0,0,0,0.0,Safe
SAFE0000185,U000185,EX0004,Beginner,Athletic Performance,Muscle Gain,Male,33,160.0,80.3,31.37,Obese,4,Push Pull Legs,Limited Gym,3,0,0,Bodyweight,Beginner,Beginner,1,2,1,2.0,2.0,2.0,1.0,3.8,"[""Pectoralis Major""]","[""Anterior Deltoid"", ""Triceps Brachii""]","[""Bodyweight""]",Horizontal Push,"[""Shoulder"", ""Elbow"", ""Wrist""]",[],3,0,0.0571,,0,,0,0,0,0.0,Safe
SAFE0000186,U000186,EX0277,Intermediate,Muscle Gain,Mobility and Flexibility,Male,23,170.0,53.0,18.34,Underweight,4,Chest Back Legs,Bodyweight Only,2,0,0,Bodyweight,Beginner,Beginner,3,2,1,2.5,2.0,2.0,3.0,3.0,"[""Triceps Brachii"", ""Gluteus Maximus"", ""Hamstrings""]","[""Core"", ""Shoulders (Anterior Deltoid)""]","[""Bodyweight""]",Gait,"[""Wrist"", ""Shoulder""]",[],2,0,0.0,,0,,0,0,0,0.0,Safe
SAFE0000187,U000187,EX0102,Beginner,Rehabilitation and Joint Health,Mobility and Flexibility,Male,30,178.0,67.4,21.27,Normal,5,Upper Lower,Limited Gym,5,0,0,Resistance Training,Beginner,Beginner,1,1,2,2.0,1.5,2.0,2.0,2.0,"[""Triceps Brachii""]","[""Anconeus""]","[""Dumbbell"", ""Bench""]",Elbow Extension,"[""Elbow""]","[""Elbow pain""]",1,1,0.0,,0,,0,0,0,0.0,Safe
SAFE0000188,U000188,EX0141,Intermediate,Strength,General Fitness,Male,43,170.0,91.9,31.8,Obese,6,Auto,Home Gym,5,0,0,Resistance Training,Beginner,Beginner,3,2,1,1.5,1.0,1.5,1.5,2.0,"[""Posterior Deltoid"", ""Rhomboids"", ""Middle Trapezius""]","[""Infraspinatus"", ""Teres Minor""]","[""Resistance Band""]",Horizontal Pull,"[""Shoulder""]","[""None""]",1,1,0.0278,,0,,0,0,0,0.0,Safe
SAFE0000189,U000189,EX0227,Beginner,Muscular Endurance,Fat Loss,Male,20,179.0,62.7,19.57,Normal,4,Auto,Home Gym,5,1,1,Bodyweight,Beginner,Beginner,2,3,1,3.5,1.5,2.5,3.0,6.5,"[""Core"", ""Hip Flexors""]","[""Shoulders (Deltoids)"", ""Triceps Brachii"", ""Quadriceps""]","[""Mat""]",Total Body Integration,"[""Wrist"", ""Shoulder""]","[""Wrist pain""]",2,1,0.0488,Mild Discomfort,1,,0,0,1,0.55,Review
SAFE0000190,U000190,EX0004,Advanced,Athletic Performance,Rehabilitation and Joint Health,Other,31,179.0,53.9,16.82,Underweight,5,Body Part Split,Commercial Gym,5,0,0,Bodyweight,Beginner,Beginner,1,2,1,2.0,2.0,2.0,1.0,3.8,"[""Pectoralis Major""]","[""Anterior Deltoid"", ""Triceps Brachii""]","[""Bodyweight""]",Horizontal Push,"[""Shoulder"", ""Elbow"", ""Wrist""]",[],3,0,0.0,,0,,0,0,0,0.0,Safe
SAFE0000191,U000191,EX0004,Intermediate,General Fitness,Strength,Male,33,173.0,71.7,23.96,Normal,4,Upper Lower,Commercial Gym,6,0,0,Bodyweight,Beginner,Beginner,1,2,1,2.0,2.0,2.0,1.0,3.8,"[""Pectoralis Major""]","[""Anterior Deltoid"", ""Triceps Brachii""]","[""Bodyweight""]",Horizontal Push,"[""Shoulder"", ""Elbow"", ""Wrist""]",[],3,0,0.027,,0,,0,0,0,0.0,Safe
SAFE0000192,U000192,EX0004,Beginner,Muscle Gain,Muscular Endurance,Male,22,169.0,89.2,31.23,Obese,4,Chest Back Legs,Home Gym,5,0,0,Bodyweight,Beginner,Beginner,1,2,1,2.0,2.0,2.0,1.0,3.8,"[""Pectoralis Major""]","[""Anterior Deltoid"", ""Triceps Brachii""]","[""Bodyweight""]",Horizontal Push,"[""Shoulder"", ""Elbow"", ""Wrist""]",[],3,0,0.0571,Pain,1,,0,0,0,0.0,Safe
SAFE0000193,U000193,EX0242,Intermediate,Strength,Fat Loss,Male,28,180.0,71.6,22.1,Normal,2,Body Part Split,Home Gym,4,0,0,Resistance Training,Intermediate,Intermediate,2,1,1,2.0,3.5,2.0,1.5,3.0,"[""Pectoralis Major"", ""Triceps Brachii""]","[""Anterior Deltoid""]","[""Dumbbell""]",Horizontal Push,"[""Wrist"", ""Elbow""]","[""Wrist pain""]",2,1,0.0625,,0,,0,0,0,0.0,Safe
SAFE0000194,U000194,EX0277,Intermediate,Strength,Muscular Endurance,Male,21,187.0,63.6,18.19,Underweight,4,Auto,Commercial Gym,8,1,1,Bodyweight,Beginner,Beginner,3,2,1,2.5,2.0,2.0,3.0,3.0,"[""Triceps Brachii"", ""Gluteus Maximus"", ""Hamstrings""]","[""Core"", ""Shoulders (Anterior Deltoid)""]","[""Bodyweight""]",Gait,"[""Wrist"", ""Shoulder""]",[],2,0,0.0263,,0,,0,0,0,0.0,Safe
SAFE0000195,U000195,EX0026,Advanced,Mobility and Flexibility,Muscle Gain,Female,41,176.0,57.8,18.66,Normal,5,Body Part Split,Bodyweight Only,1,0,0,Bodyweight,Beginner,Beginner,2,3,1,1.5,2.0,1.0,2.0,3.0,"[""Rectus Abdominis"", ""Transverse Abdominis""]","[""Obliques"", ""Erector Spinae"", ""Serratus Anterior""]","[""Bodyweight""]",Core Anti-Extension,"[""Lower Back"", ""Shoulder""]",[],2,0,0.0278,Mild Discomfort,1,,0,0,0,0.0,Safe
SAFE0000196,U000196,EX0026,Beginner,Mobility and Flexibility,Strength,Female,43,151.0,53.0,23.24,Normal,3,Auto,Limited Gym,5,0,0,Bodyweight,Beginner,Beginner,2,3,1,1.5,2.0,1.0,2.0,3.0,"[""Rectus Abdominis"", ""Transverse Abdominis""]","[""Obliques"", ""Erector Spinae"", ""Serratus Anterior""]","[""Bodyweight""]",Core Anti-Extension,"[""Lower Back"", ""Shoulder""]",[],2,0,0.0244,,0,,0,0,0,0.0,Safe
SAFE0000197,U000197,EX0004,Beginner,Strength,Fat Loss,Female,34,169.0,79.8,27.94,Overweight,4,Auto,Commercial Gym,5,0,0,Bodyweight,Beginner,Beginner,1,2,1,2.0,2.0,2.0,1.0,3.8,"[""Pectoralis Major""]","[""Anterior Deltoid"", ""Triceps Brachii""]","[""Bodyweight""]",Horizontal Push,"[""Shoulder"", ""Elbow"", ""Wrist""]",[],3,0,0.0256,,0,,0,0,0,0.0,Safe
SAFE0000198,U000198,EX0004,Beginner,Athletic Performance,Mobility and Flexibility,Female,31,152.0,64.5,27.92,Overweight,4,Upper Lower,Limited Gym,6,0,0,Bodyweight,Beginner,Beginner,1,2,1,2.0,2.0,2.0,1.0,3.8,"[""Pectoralis Major""]","[""Anterior Deltoid"", ""Triceps Brachii""]","[""Bodyweight""]",Horizontal Push,"[""Shoulder"", ""Elbow"", ""Wrist""]",[],3,0,0.027,,0,,0,0,0,0.0,Safe
SAFE0000199,U000199,EX0270,Advanced,Mobility and Flexibility,General Fitness,Male,18,186.0,63.3,18.3,Underweight,2,Auto,Limited Gym,3,0,0,Resistance Training,Beginner,Beginner,3,1,1,1.5,1.5,2.5,2.0,2.0,"[""Hamstrings"", ""Gluteus Maximus"", ""Erector Spinae""]","[""None""]","[""Resistance Band""]",Hinge,"[""Lower Back""]","[""Acute low back pain""]",1,1,0.0,,0,,0,0,0,0.0,Safe
SAFE0000200,U000200,EX0004,Intermediate,General Fitness,Muscular Endurance,Male,33,171.0,88.8,30.37,Obese,6,Body Part Split,Limited Gym,4,1,1,Bodyweight,Beginner,Beginner,1,2,1,2.0,2.0,2.0,1.0,3.8,"[""Pectoralis Major""]","[""Anterior Deltoid"", ""Triceps Brachii""]","[""Bodyweight""]",Horizontal Push,"[""Shoulder"", ""Elbow"", ""Wrist""]",[],3,0,0.075,,0,,0,0,0,0.0,Safe
SAFE0000201,U000201,EX0224,Intermediate,Strength,Athletic Performance,Prefer not to say,23,150.0,49.8,22.13,Normal,2,Auto,Bodyweight Only,2,0,0,Bodyweight,Intermediate,Intermediate,2,2,1,2.5,3.0,3.0,3.0,4.5,"[""Anterior Deltoid"", ""Lateral Deltoid""]","[""Triceps Brachii"", ""Upper Trapezius""]","[""Mat""]",Vertical Push,"[""Shoulder"", ""Wrist"", ""Neck""]","[""High blood pressure"", ""Shoulder instability""]",3,2,0.0625,,0,,0,0,0,0.0,Safe
SAFE0000202,U000202,EX0003,Advanced,Strength,Rehabilitation and Joint Health,Prefer not to say,33,175.0,62.3,20.34,Normal,3,Body Part Split,Limited Gym,7,0,0,Resistance Training,Beginner,Beginner,1,2,1,1.0,1.0,1.0,1.0,3.5,"[""Pectoralis Major""]","[""Anterior Deltoid"", ""Triceps Brachii""]","[""Chest Press Machine""]",Horizontal Push,"[""Shoulder"", ""Elbow""]",[],2,0,0.0556,,0,,0,0,0,0.0,Safe
SAFE0000203,U000203,EX0270,Beginner,Athletic Performance,Rehabilitation and Joint Health,Other,29,169.0,78.4,27.45,Overweight,5,Auto,Limited Gym,8,0,0,Resistance Training,Beginner,Beginner,3,1,1,1.5,1.5,2.5,2.0,2.0,"[""Hamstrings"", ""Gluteus Maximus"", ""Erector Spinae""]","[""None""]","[""Resistance Band""]",Hinge,"[""Lower Back""]","[""Acute low back pain""]",1,1,0.0,,0,,0,0,0,0.0,Safe
SAFE0000204,U000204,EX0155,Intermediate,Rehabilitation and Joint Health,General Fitness,Male,43,179.0,82.0,25.59,Overweight,4,Push Pull Legs,Home Gym,3,0,0,Resistance Training,Intermediate,Intermediate,2,3,1,3.5,3.5,3.0,3.5,5.5,"[""Gluteus Maximus"", ""Hamstrings""]","[""Quadriceps"", ""Erector Spinae"", ""Trapezius""]","[""Kettlebell""]",Hinge,"[""Wrist"", ""Lower Back"", ""Shoulder""]","[""Wrist pain""]",3,1,0.0256,,0,,0,0,0,0.0,Safe
SAFE0000205,U000205,EX0004,Beginner,Muscle Gain,Fat Loss,Female,36,151.0,38.3,16.8,Underweight,3,Body Part Split,Bodyweight Only,2,0,0,Bodyweight,Beginner,Beginner,1,2,1,2.0,2.0,2.0,1.0,3.8,"[""Pectoralis Major""]","[""Anterior Deltoid"", ""Triceps Brachii""]","[""Bodyweight""]",Horizontal Push,"[""Shoulder"", ""Elbow"", ""Wrist""]",[],3,0,0.0,,0,,0,0,0,0.0,Safe
SAFE0000206,U000206,EX0180,Intermediate,General Fitness,Athletic Performance,Other,32,169.0,90.5,31.69,Obese,2,Auto,Bodyweight Only,2,0,0,Bodyweight,Beginner,Beginner,3,2,1,2.0,1.0,1.5,1.5,2.0,"[""Erector Spinae"", ""Gluteus Maximus"", ""Transverse Abdominis""]","[""Deltoids"", ""Hamstrings""]","[""Mat""]",Core Anti-Rotation,"[""Lower Back"", ""Wrist""]","[""None""]",2,1,0.0312,,0,,0,0,0,0.0,Safe
SAFE0000207,U000207,EX0009,Beginner,General Fitness,Rehabilitation and Joint Health,Male,28,158.0,43.9,17.59,Underweight,2,Push Pull Legs,Commercial Gym,19,0,0,Resistance Training,Beginner,Beginner,2,3,1,1.0,1.0,1.0,1.0,3.5,"[""Latissimus Dorsi"", ""Rhomboids""]","[""Middle Trapezius"", ""Posterior Deltoid"", ""Biceps Brachii""]","[""Row Machine""]",Horizontal Pull,"[""Shoulder"", ""Elbow""]","[""Acute shoulder pain"", ""Pain during pulling""]",2,2,0.0312,,0,,0,0,0,0.0,Safe
SAFE0000208,U000208,EX0026,Intermediate,Rehabilitation and Joint Health,Strength,Prefer not to say,30,169.0,82.6,28.92,Overweight,5,Chest Back Legs,Bodyweight Only,2,0,0,Bodyweight,Beginner,Beginner,2,3,1,1.5,2.0,1.0,2.0,3.0,"[""Rectus Abdominis"", ""Transverse Abdominis""]","[""Obliques"", ""Erector Spinae"", ""Serratus Anterior""]","[""Bodyweight""]",Core Anti-Extension,"[""Lower Back"", ""Shoulder""]",[],2,0,0.0263,,0,,0,0,0,0.0,Safe
SAFE0000209,U000209,EX0026,Advanced,Fat Loss,Muscular Endurance,Prefer not to say,45,173.0,56.6,18.91,Normal,4,Upper Lower,Home Gym,3,0,0,Bodyweight,Beginner,Beginner,2,3,1,1.5,2.0,1.0,2.0,3.0,"[""Rectus Abdominis"", ""Transverse Abdominis""]","[""Obliques"", ""Erector Spinae"", ""Serratus Anterior""]","[""Bodyweight""]",Core Anti-Extension,"[""Lower Back"", ""Shoulder""]",[],2,0,0.0278,,0,,0,0,0,0.0,Safe
SAFE0000210,U000210,EX0004,Intermediate,General Fitness,Rehabilitation and Joint Health,Female,19,150.0,68.5,30.44,Obese,5,Upper Lower,Commercial Gym,13,0,0,Bodyweight,Beginner,Beginner,1,2,1,2.0,2.0,2.0,1.0,3.8,"[""Pectoralis Major""]","[""Anterior Deltoid"", ""Triceps Brachii""]","[""Bodyweight""]",Horizontal Push,"[""Shoulder"", ""Elbow"", ""Wrist""]",[],3,0,0.0,,0,,0,0,0,0.0,Safe
SAFE0000211,U000211,EX0219,Intermediate,Mobility and Flexibility,Strength,Other,29,159.0,60.2,23.81,Normal,5,Auto,Commercial Gym,19,0,0,Resistance Training,Beginner,Beginner,2,2,2,2.5,1.5,2.0,1.0,2.0,"[""Lower Trapezius"", ""Lateral Deltoid""]","[""Anterior Deltoid"", ""Serratus Anterior""]","[""Dumbbell"", ""Incline Bench""]",Vertical Pull,"[""Shoulder""]","[""Shoulder impingement""]",1,1,0.0513,,0,,0,0,0,0.0,Safe
SAFE0000212,U000212,EX0004,Intermediate,Muscular Endurance,Fat Loss,Other,25,168.0,62.3,22.07,Normal,4,Body Part Split,Commercial Gym,16,0,0,Bodyweight,Beginner,Beginner,1,2,1,2.0,2.0,2.0,1.0,3.8,"[""Pectoralis Major""]","[""Anterior Deltoid"", ""Triceps Brachii""]","[""Bodyweight""]",Horizontal Push,"[""Shoulder"", ""Elbow"", ""Wrist""]",[],3,0,0.0541,,0,,0,0,0,0.0,Safe
SAFE0000213,U000213,EX0026,Advanced,Rehabilitation and Joint Health,Muscle Gain,Other,46,159.0,52.5,20.77,Normal,5,Body Part Split,Home Gym,4,0,0,Bodyweight,Beginner,Beginner,2,3,1,1.5,2.0,1.0,2.0,3.0,"[""Rectus Abdominis"", ""Transverse Abdominis""]","[""Obliques"", ""Erector Spinae"", ""Serratus Anterior""]","[""Bodyweight""]",Core Anti-Extension,"[""Lower Back"", ""Shoulder""]",[],2,0,0.0571,,0,,0,0,0,0.0,Safe
SAFE0000214,U000214,EX0197,Advanced,Strength,Fat Loss,Prefer not to say,35,150.0,66.7,29.64,Overweight,5,Body Part Split,Commercial Gym,11,0,0,Resistance Training,Beginner,Beginner,2,1,1,1.5,1.5,1.5,1.0,3.5,"[""Triceps Brachii"", ""Pectoralis Major""]","[""Anterior Deltoid""]","[""Assisted Dip Machine""]",Vertical Push,"[""Shoulder"", ""Wrist"", ""Elbow""]","[""AC joint pain""]",3,1,0.05,,0,,0,0,0,0.0,Safe
SAFE0000215,U000215,EX0052,Advanced,Strength,General Fitness,Female,31,150.0,60.7,26.98,Overweight,6,Upper Lower,Limited Gym,7,0,0,Resistance Training,Beginner,Beginner,1,2,1,2.0,4.0,2.0,1.0,4.5,"[""Quadriceps""]","[""Gluteus Maximus"", ""Hamstrings""]","[""Hack Squat Machine""]",Squat,"[""Knee"", ""Lower Back""]","[""Severe knee osteoarthritis""]",2,1,0.0,,0,,0,0,0,0.0,Safe
SAFE0000216,U000216,EX0004,Beginner,Strength,Athletic Performance,Other,23,154.0,49.9,21.04,Normal,3,Body Part Split,Limited Gym,9,1,1,Bodyweight,Beginner,Beginner,1,2,1,2.0,2.0,2.0,1.0,3.8,"[""Pectoralis Major""]","[""Anterior Deltoid"", ""Triceps Brachii""]","[""Bodyweight""]",Horizontal Push,"[""Shoulder"", ""Elbow"", ""Wrist""]",[],3,0,0.0,,0,,0,0,0,0.0,Safe
SAFE0000217,U000217,EX0004,Advanced,General Fitness,Muscle Gain,Male,28,176.0,68.6,22.15,Normal,6,Push Pull Legs,Home Gym,5,0,0,Bodyweight,Beginner,Beginner,1,2,1,2.0,2.0,2.0,1.0,3.8,"[""Pectoralis Major""]","[""Anterior Deltoid"", ""Triceps Brachii""]","[""Bodyweight""]",Horizontal Push,"[""Shoulder"", ""Elbow"", ""Wrist""]",[],3,0,0.0,,0,,0,0,0,0.0,Safe
SAFE0000218,U000218,EX0227,Intermediate,Fat Loss,Rehabilitation and Joint Health,Other,35,166.0,85.8,31.14,Obese,5,Chest Back Legs,Bodyweight Only,2,0,0,Bodyweight,Beginner,Beginner,2,3,1,3.5,1.5,2.5,3.0,6.5,"[""Core"", ""Hip Flexors""]","[""Shoulders (Deltoids)"", ""Triceps Brachii"", ""Quadriceps""]","[""Mat""]",Total Body Integration,"[""Wrist"", ""Shoulder""]","[""Wrist pain""]",2,1,0.0256,,0,,0,0,0,0.0,Safe
SAFE0000219,U000219,EX0004,Advanced,Fat Loss,Muscular Endurance,Male,22,175.0,62.2,20.31,Normal,5,Upper Lower,Home Gym,4,1,1,Bodyweight,Beginner,Beginner,1,2,1,2.0,2.0,2.0,1.0,3.8,"[""Pectoralis Major""]","[""Anterior Deltoid"", ""Triceps Brachii""]","[""Bodyweight""]",Horizontal Push,"[""Shoulder"", ""Elbow"", ""Wrist""]",[],3,0,0.0541,,0,,0,0,0,0.0,Safe
SAFE0000220,U000220,EX0026,Advanced,Rehabilitation and Joint Health,Strength,Male,29,179.0,76.2,23.78,Normal,2,Push Pull Legs,Limited Gym,5,0,0,Bodyweight,Beginner,Beginner,2,3,1,1.5,2.0,1.0,2.0,3.0,"[""Rectus Abdominis"", ""Transverse Abdominis""]","[""Obliques"", ""Erector Spinae"", ""Serratus Anterior""]","[""Bodyweight""]",Core Anti-Extension,"[""Lower Back"", ""Shoulder""]",[],2,0,0.0,,0,,0,0,0,0.0,Safe
SAFE0000221,U000221,EX0215,Intermediate,Mobility and Flexibility,Athletic Performance,Male,22,173.0,52.8,17.64,Underweight,6,Upper Lower,Commercial Gym,17,0,0,Bodyweight,Intermediate,Intermediate,2,1,1,2.5,3.5,3.0,2.0,3.5,"[""Triceps Brachii"", ""Pectoralis Major (Inner/Clavicular Bias)""]","[""Anterior Deltoid""]","[""Bodyweight""]",Horizontal Push,"[""Wrist"", ""Elbow"", ""Shoulder""]","[""Wrist impingement""]",3,1,0.05,,0,,0,0,0,0.0,Safe
SAFE0000222,U000222,EX0004,Intermediate,Muscle Gain,Strength,Prefer not to say,33,169.0,87.8,30.74,Obese,4,Auto,Bodyweight Only,2,0,0,Bodyweight,Beginner,Beginner,1,2,1,2.0,2.0,2.0,1.0,3.8,"[""Pectoralis Major""]","[""Anterior Deltoid"", ""Triceps Brachii""]","[""Bodyweight""]",Horizontal Push,"[""Shoulder"", ""Elbow"", ""Wrist""]",[],3,0,0.0526,,0,,0,0,0,0.0,Safe
SAFE0000223,U000223,EX0180,Intermediate,General Fitness,Muscle Gain,Male,26,163.0,52.9,19.91,Normal,6,Auto,Home Gym,2,1,1,Bodyweight,Beginner,Beginner,3,2,1,2.0,1.0,1.5,1.5,2.0,"[""Erector Spinae"", ""Gluteus Maximus"", ""Transverse Abdominis""]","[""Deltoids"", ""Hamstrings""]","[""Mat""]",Core Anti-Rotation,"[""Lower Back"", ""Wrist""]","[""None""]",2,1,0.0278,,0,,0,0,0,0.0,Safe
SAFE0000224,U000224,EX0004,Beginner,Muscle Gain,Rehabilitation and Joint Health,Prefer not to say,30,171.0,77.1,26.37,Overweight,3,Auto,Bodyweight Only,2,0,0,Bodyweight,Beginner,Beginner,1,2,1,2.0,2.0,2.0,1.0,3.8,"[""Pectoralis Major""]","[""Anterior Deltoid"", ""Triceps Brachii""]","[""Bodyweight""]",Horizontal Push,"[""Shoulder"", ""Elbow"", ""Wrist""]",[],3,0,0.0244,,0,,0,0,0,0.0,Safe
SAFE0000225,U000225,EX0035,Beginner,Rehabilitation and Joint Health,Muscle Gain,Female,34,151.0,65.6,28.77,Overweight,4,Upper Lower,Commercial Gym,19,0,0,Resistance Training,Beginner,Beginner,1,1,1,1.0,1.5,2.0,1.0,2.0,"[""Soleus""]","[""Gastrocnemius""]","[""Seated Calf Machine""]",Ankle Plantarflexion,"[""Ankle"", ""Achilles Tendon""]","[""Achilles tendinopathy""]",2,1,0.0769,,0,,0,0,0,0.0,Safe
SAFE0000226,U000226,EX0004,Advanced,General Fitness,Fat Loss,Prefer not to say,44,168.0,55.5,19.66,Normal,6,Chest Back Legs,Limited Gym,6,0,0,Bodyweight,Beginner,Beginner,1,2,1,2.0,2.0,2.0,1.0,3.8,"[""Pectoralis Major""]","[""Anterior Deltoid"", ""Triceps Brachii""]","[""Bodyweight""]",Horizontal Push,"[""Shoulder"", ""Elbow"", ""Wrist""]",[],3,0,0.027,,0,,0,0,0,0.0,Safe
SAFE0000227,U000227,EX0004,Intermediate,General Fitness,Strength,Female,19,159.0,54.0,21.36,Normal,2,Full Body,Limited Gym,8,0,0,Bodyweight,Beginner,Beginner,1,2,1,2.0,2.0,2.0,1.0,3.8,"[""Pectoralis Major""]","[""Anterior Deltoid"", ""Triceps Brachii""]","[""Bodyweight""]",Horizontal Push,"[""Shoulder"", ""Elbow"", ""Wrist""]",[],3,0,0.0312,,0,,0,0,0,0.0,Safe
SAFE0000228,U000228,EX0172,Intermediate,Rehabilitation and Joint Health,Muscle Gain,Other,25,170.0,83.3,28.82,Overweight,4,Auto,Limited Gym,9,0,0,Bodyweight,Intermediate,Intermediate,3,1,1,3.5,3.5,3.0,3.0,4.0,"[""Quadriceps"", ""Gluteus Maximus"", ""Adductor Magnus""]","[""Hamstrings""]","[""Bodyweight""]",Squat,"[""Knee"", ""Hip""]","[""Groin strain"", ""Knee meniscus issues""]",2,2,0.0,,0,,0,0,0,0.0,Safe
SAFE0000229,U000229,EX0180,Beginner,Strength,General Fitness,Other,27,164.0,85.4,31.75,Obese,2,Auto,Bodyweight Only,2,0,0,Bodyweight,Beginner,Beginner,3,2,1,2.0,1.0,1.5,1.5,2.0,"[""Erector Spinae"", ""Gluteus Maximus"", ""Transverse Abdominis""]","[""Deltoids"", ""Hamstrings""]","[""Mat""]",Core Anti-Rotation,"[""Lower Back"", ""Wrist""]","[""None""]",2,1,0.0,,0,,0,0,0,0.0,Safe
SAFE0000230,U000230,EX0004,Beginner,Muscular Endurance,Rehabilitation and Joint Health,Other,33,163.0,62.6,23.56,Normal,3,Body Part Split,Commercial Gym,11,0,0,Bodyweight,Beginner,Beginner,1,2,1,2.0,2.0,2.0,1.0,3.8,"[""Pectoralis Major""]","[""Anterior Deltoid"", ""Triceps Brachii""]","[""Bodyweight""]",Horizontal Push,"[""Shoulder"", ""Elbow"", ""Wrist""]",[],3,0,0.0556,,0,,0,0,0,0.0,Safe
SAFE0000231,U000231,EX0004,Beginner,Athletic Performance,Muscular Endurance,Other,22,169.0,62.9,22.02,Normal,6,Body Part Split,Home Gym,4,0,0,Bodyweight,Beginner,Beginner,1,2,1,2.0,2.0,2.0,1.0,3.8,"[""Pectoralis Major""]","[""Anterior Deltoid"", ""Triceps Brachii""]","[""Bodyweight""]",Horizontal Push,"[""Shoulder"", ""Elbow"", ""Wrist""]",[],3,0,0.0,,0,,0,0,0,0.0,Safe
SAFE0000232,U000232,EX0179,Intermediate,Athletic Performance,Mobility and Flexibility,Male,27,183.0,75.6,22.57,Normal,6,Chest Back Legs,Bodyweight Only,2,0,0,Bodyweight,Beginner,Beginner,2,2,1,2.5,1.5,1.5,1.5,2.5,"[""Rectus Abdominis"", ""Transverse Abdominis""]","[""Obliques"", ""Hip Flexors""]","[""Mat""]",Core Anti-Extension,"[""Lower Back""]","[""None""]",1,1,0.0256,,0,,0,0,0,0.0,Safe
SAFE0000233,U000233,EX0215,Advanced,Rehabilitation and Joint Health,Muscular Endurance,Male,28,160.0,71.3,27.85,Overweight,5,Auto,Limited Gym,4,0,0,Bodyweight,Intermediate,Intermediate,2,1,1,2.5,3.5,3.0,2.0,3.5,"[""Triceps Brachii"", ""Pectoralis Major (Inner/Clavicular Bias)""]","[""Anterior Deltoid""]","[""Bodyweight""]",Horizontal Push,"[""Wrist"", ""Elbow"", ""Shoulder""]","[""Wrist impingement""]",3,1,0.0541,Mild Discomfort,1,,0,0,0,0.0,Safe
SAFE0000234,U000234,EX0004,Advanced,Fat Loss,Mobility and Flexibility,Female,18,161.0,63.3,24.42,Normal,5,Auto,Limited Gym,7,0,0,Bodyweight,Beginner,Beginner,1,2,1,2.0,2.0,2.0,1.0,3.8,"[""Pectoralis Major""]","[""Anterior Deltoid"", ""Triceps Brachii""]","[""Bodyweight""]",Horizontal Push,"[""Shoulder"", ""Elbow"", ""Wrist""]",[],3,0,0.0857,,0,,0,0,0,0.0,Safe
SAFE0000235,U000235,EX0316,Advanced,Mobility and Flexibility,Fat Loss,Female,22,150.0,66.5,29.56,Overweight,2,Push Pull Legs,Home Gym,5,0,0,Resistance Training,Advanced,Advanced,2,2,1,2.5,3.0,5.0,3.0,4.5,"[""Rotator Cuff"", ""Forearm Flexors""]","[""Anterior Deltoid"", ""Core""]","[""Kettlebell""]",Gait,"[""Shoulder"", ""Wrist""]","[""Severe shoulder instability""]",2,1,0.0,,0,,0,0,0,0.0,Safe
SAFE0000236,U000236,EX0004,Intermediate,Athletic Performance,General Fitness,Prefer not to say,22,161.0,80.5,31.06,Obese,6,Push Pull Legs,Home Gym,5,0,0,Bodyweight,Beginner,Beginner,1,2,1,2.0,2.0,2.0,1.0,3.8,"[""Pectoralis Major""]","[""Anterior Deltoid"", ""Triceps Brachii""]","[""Bodyweight""]",Horizontal Push,"[""Shoulder"", ""Elbow"", ""Wrist""]",[],3,0,0.1053,Mild Discomfort,1,,0,0,0,0.0,Safe
SAFE0000237,U000237,EX0046,Advanced,Mobility and Flexibility,Muscle Gain,Prefer not to say,19,162.0,48.9,18.63,Normal,6,Auto,Bodyweight Only,2,0,0,Bodyweight,Beginner,Beginner,1,1,1,1.0,1.0,1.0,2.0,2.0,"[""Gluteus Maximus""]","[""Hamstrings""]","[""Mat""]",Hip Extension,"[""Lower Back"", ""Neck""]","[""Cervical spine issues""]",2,1,0.0278,,0,,0,0,0,0.0,Safe
SAFE0000238,U000238,EX0004,Advanced,Strength,Fat Loss,Prefer not to say,24,169.0,60.2,21.08,Normal,3,Push Pull Legs,Home Gym,1,0,0,Bodyweight,Beginner,Beginner,1,2,1,2.0,2.0,2.0,1.0,3.8,"[""Pectoralis Major""]","[""Anterior Deltoid"", ""Triceps Brachii""]","[""Bodyweight""]",Horizontal Push,"[""Shoulder"", ""Elbow"", ""Wrist""]",[],3,0,0.0732,Mild Discomfort,1,,0,0,0,0.0,Safe
SAFE0000239,U000239,EX0003,Intermediate,Athletic Performance,Rehabilitation and Joint Health,Other,32,154.0,66.5,28.04,Overweight,6,Auto,Limited Gym,5,0,0,Resistance Training,Beginner,Beginner,1,2,1,1.0,1.0,1.0,1.0,3.5,"[""Pectoralis Major""]","[""Anterior Deltoid"", ""Triceps Brachii""]","[""Chest Press Machine""]",Horizontal Push,"[""Shoulder"", ""Elbow""]",[],2,0,0.0513,,0,,0,0,0,0.0,Safe
SAFE0000240,U000240,EX0243,Advanced,Strength,Mobility and Flexibility,Prefer not to say,22,179.0,98.8,30.84,Obese,3,Full Body,Commercial Gym,15,0,0,Resistance Training,Intermediate,Intermediate,2,3,1,3.0,4.0,3.0,3.5,4.0,"[""Anterior Deltoid"", ""Triceps Brachii""]","[""Lateral Deltoid"", ""Upper Trapezius"", ""Pectoralis Major (Clavicular Head)""]","[""Kettlebell""]",Vertical Push,"[""Shoulder"", ""Lower Back"", ""Wrist""]","[""Shoulder impingement"", ""Wrist pain""]",3,2,0.0,,0,,0,0,0,0.0,Safe
SAFE0000241,U000241,EX0026,Beginner,Mobility and Flexibility,Rehabilitation and Joint Health,Female,27,158.0,53.5,21.43,Normal,6,Body Part Split,Home Gym,3,0,0,Bodyweight,Beginner,Beginner,2,3,1,1.5,2.0,1.0,2.0,3.0,"[""Rectus Abdominis"", ""Transverse Abdominis""]","[""Obliques"", ""Erector Spinae"", ""Serratus Anterior""]","[""Bodyweight""]",Core Anti-Extension,"[""Lower Back"", ""Shoulder""]",[],2,0,0.0286,,0,,0,0,0,0.0,Safe
SAFE0000242,U000242,EX0004,Beginner,Muscle Gain,General Fitness,Female,19,164.0,84.7,31.49,Obese,4,Full Body,Commercial Gym,18,0,0,Bodyweight,Beginner,Beginner,1,2,1,2.0,2.0,2.0,1.0,3.8,"[""Pectoralis Major""]","[""Anterior Deltoid"", ""Triceps Brachii""]","[""Bodyweight""]",Horizontal Push,"[""Shoulder"", ""Elbow"", ""Wrist""]",[],3,0,0.025,,0,,0,0,0,0.0,Safe
SAFE0000243,U000243,EX0026,Advanced,Rehabilitation and Joint Health,Strength,Male,24,179.0,102.0,31.83,Obese,2,Upper Lower,Limited Gym,6,0,0,Bodyweight,Beginner,Beginner,2,3,1,1.5,2.0,1.0,2.0,3.0,"[""Rectus Abdominis"", ""Transverse Abdominis""]","[""Obliques"", ""Erector Spinae"", ""Serratus Anterior""]","[""Bodyweight""]",Core Anti-Extension,"[""Lower Back"", ""Shoulder""]",[],2,0,0.0312,,0,,0,0,0,0.0,Safe
SAFE0000244,U000244,EX0180,Advanced,General Fitness,Fat Loss,Prefer not to say,37,158.0,47.8,19.15,Normal,5,Upper Lower,Bodyweight Only,2,0,0,Bodyweight,Beginner,Beginner,3,2,1,2.0,1.0,1.5,1.5,2.0,"[""Erector Spinae"", ""Gluteus Maximus"", ""Transverse Abdominis""]","[""Deltoids"", ""Hamstrings""]","[""Mat""]",Core Anti-Rotation,"[""Lower Back"", ""Wrist""]","[""None""]",2,1,0.0,,0,,0,0,0,0.0,Safe
SAFE0000245,U000245,EX0004,Advanced,Fat Loss,Athletic Performance,Prefer not to say,22,168.0,58.0,20.55,Normal,2,Upper Lower,Home Gym,5,0,0,Bodyweight,Beginner,Beginner,1,2,1,2.0,2.0,2.0,1.0,3.8,"[""Pectoralis Major""]","[""Anterior Deltoid"", ""Triceps Brachii""]","[""Bodyweight""]",Horizontal Push,"[""Shoulder"", ""Elbow"", ""Wrist""]",[],3,0,0.0312,,0,,0,0,0,0.0,Safe
SAFE0000246,U000246,EX0026,Intermediate,Rehabilitation and Joint Health,Muscular Endurance,Other,23,161.0,68.4,26.39,Overweight,3,Chest Back Legs,Home Gym,4,0,0,Bodyweight,Beginner,Beginner,2,3,1,1.5,2.0,1.0,2.0,3.0,"[""Rectus Abdominis"", ""Transverse Abdominis""]","[""Obliques"", ""Erector Spinae"", ""Serratus Anterior""]","[""Bodyweight""]",Core Anti-Extension,"[""Lower Back"", ""Shoulder""]",[],2,0,0.0513,,0,,0,0,0,0.0,Safe
SAFE0000247,U000247,EX0176,Beginner,Mobility and Flexibility,Strength,Female,22,155.0,62.0,25.81,Overweight,2,Upper Lower,Bodyweight Only,2,0,0,Bodyweight,Beginner,Beginner,2,1,1,1.5,1.5,1.5,2.5,3.0,"[""Obliques"", ""Quadratus Lumborum""]","[""Gluteus Medius""]","[""Mat""]",Core Anti-Lateral Flexion,"[""Shoulder""]","[""Shoulder impingement or instability""]",1,1,0.0312,,0,,0,0,0,0.0,Safe
SAFE0000248,U000248,EX0004,Advanced,Fat Loss,General Fitness,Male,36,175.0,63.8,20.83,Normal,3,Upper Lower,Home Gym,2,0,0,Bodyweight,Beginner,Beginner,1,2,1,2.0,2.0,2.0,1.0,3.8,"[""Pectoralis Major""]","[""Anterior Deltoid"", ""Triceps Brachii""]","[""Bodyweight""]",Horizontal Push,"[""Shoulder"", ""Elbow"", ""Wrist""]",[],3,0,0.0,,0,,0,0,0,0.0,Safe
SAFE0000249,U000249,EX0004,Advanced,Mobility and Flexibility,General Fitness,Other,35,165.0,73.2,26.89,Overweight,3,Chest Back Legs,Commercial Gym,10,1,1,Bodyweight,Beginner,Beginner,1,2,1,2.0,2.0,2.0,1.0,3.8,"[""Pectoralis Major""]","[""Anterior Deltoid"", ""Triceps Brachii""]","[""Bodyweight""]",Horizontal Push,"[""Shoulder"", ""Elbow"", ""Wrist""]",[],3,0,0.05,,0,,0,0,1,0.55,Review
SAFE0000250,U000250,EX0227,Beginner,Muscular Endurance,Rehabilitation and Joint Health,Female,36,150.0,42.8,19.02,Normal,2,Push Pull Legs,Bodyweight Only,2,0,0,Bodyweight,Beginner,Beginner,2,3,1,3.5,1.5,2.5,3.0,6.5,"[""Core"", ""Hip Flexors""]","[""Shoulders (Deltoids)"", ""Triceps Brachii"", ""Quadriceps""]","[""Mat""]",Total Body Integration,"[""Wrist"", ""Shoulder""]","[""Wrist pain""]",2,1,0.0,,0,,0,0,0,0.0,Safe
SAFE0000251,U000251,EX0004,Advanced,Muscle Gain,Muscular Endurance,Prefer not to say,24,163.0,44.0,16.56,Underweight,3,Chest Back Legs,Bodyweight Only,2,0,0,Bodyweight,Beginner,Beginner,1,2,1,2.0,2.0,2.0,1.0,3.8,"[""Pectoralis Major""]","[""Anterior Deltoid"", ""Triceps Brachii""]","[""Bodyweight""]",Horizontal Push,"[""Shoulder"", ""Elbow"", ""Wrist""]",[],3,0,0.0,,0,,0,0,0,0.0,Safe
SAFE0000252,U000252,EX0026,Intermediate,Rehabilitation and Joint Health,Muscle Gain,Other,23,168.0,71.6,25.37,Overweight,4,Auto,Limited Gym,4,1,1,Bodyweight,Beginner,Beginner,2,3,1,1.5,2.0,1.0,2.0,3.0,"[""Rectus Abdominis"", ""Transverse Abdominis""]","[""Obliques"", ""Erector Spinae"", ""Serratus Anterior""]","[""Bodyweight""]",Core Anti-Extension,"[""Lower Back"", ""Shoulder""]",[],2,0,0.0,,0,,0,0,0,0.0,Safe
SAFE0000253,U000253,EX0227,Advanced,Fat Loss,Athletic Performance,Other,35,173.0,55.6,18.58,Normal,5,Push Pull Legs,Bodyweight Only,2,0,0,Bodyweight,Beginner,Beginner,2,3,1,3.5,1.5,2.5,3.0,6.5,"[""Core"", ""Hip Flexors""]","[""Shoulders (Deltoids)"", ""Triceps Brachii"", ""Quadriceps""]","[""Mat""]",Total Body Integration,"[""Wrist"", ""Shoulder""]","[""Wrist pain""]",2,1,0.0256,,0,,0,0,0,0.0,Safe
SAFE0000254,U000254,EX0003,Intermediate,General Fitness,Strength,Other,24,157.0,76.6,31.08,Obese,2,Push Pull Legs,Commercial Gym,19,0,0,Resistance Training,Beginner,Beginner,1,2,1,1.0,1.0,1.0,1.0,3.5,"[""Pectoralis Major""]","[""Anterior Deltoid"", ""Triceps Brachii""]","[""Chest Press Machine""]",Horizontal Push,"[""Shoulder"", ""Elbow""]",[],2,0,0.0312,,0,,0,0,0,0.0,Safe
SAFE0000255,U000255,EX0151,Advanced,Muscular Endurance,General Fitness,Male,23,167.0,78.3,28.08,Overweight,2,Upper Lower,Limited Gym,6,1,1,Bodyweight,Intermediate,Intermediate,1,2,2,3.0,3.5,2.5,3.5,3.5,"[""Hamstrings""]","[""Gluteus Maximus"", ""Gastrocnemius""]","[""Sliders"", ""Towels""]",Knee Flexion,"[""Knee""]","[""Acute hamstring strain""]",1,1,0.0,No Pain,0,,0,0,0,0.0,Safe
SAFE0000256,U000256,EX0026,Advanced,Rehabilitation and Joint Health,Muscular Endurance,Male,22,167.0,56.2,20.15,Normal,6,Auto,Limited Gym,5,0,0,Bodyweight,Beginner,Beginner,2,3,1,1.5,2.0,1.0,2.0,3.0,"[""Rectus Abdominis"", ""Transverse Abdominis""]","[""Obliques"", ""Erector Spinae"", ""Serratus Anterior""]","[""Bodyweight""]",Core Anti-Extension,"[""Lower Back"", ""Shoulder""]",[],2,0,0.025,,0,,0,0,0,0.0,Safe
SAFE0000257,U000257,EX0052,Advanced,Strength,Mobility and Flexibility,Other,21,165.0,58.9,21.63,Normal,3,Auto,Limited Gym,7,0,0,Resistance Training,Beginner,Beginner,1,2,1,2.0,4.0,2.0,1.0,4.5,"[""Quadriceps""]","[""Gluteus Maximus"", ""Hamstrings""]","[""Hack Squat Machine""]",Squat,"[""Knee"", ""Lower Back""]","[""Severe knee osteoarthritis""]",2,1,0.0,,0,,0,0,0,0.0,Safe
SAFE0000258,U000258,EX0004,Intermediate,Muscular Endurance,Rehabilitation and Joint Health,Prefer not to say,28,165.0,70.3,25.82,Overweight,5,Body Part Split,Bodyweight Only,2,0,0,Bodyweight,Beginner,Beginner,1,2,1,2.0,2.0,2.0,1.0,3.8,"[""Pectoralis Major""]","[""Anterior Deltoid"", ""Triceps Brachii""]","[""Bodyweight""]",Horizontal Push,"[""Shoulder"", ""Elbow"", ""Wrist""]",[],3,0,0.0556,,0,,0,0,0,0.0,Safe
SAFE0000259,U000259,EX0026,Beginner,Rehabilitation and Joint Health,General Fitness,Other,26,170.0,67.7,23.43,Normal,2,Push Pull Legs,Home Gym,5,0,0,Bodyweight,Beginner,Beginner,2,3,1,1.5,2.0,1.0,2.0,3.0,"[""Rectus Abdominis"", ""Transverse Abdominis""]","[""Obliques"", ""Erector Spinae"", ""Serratus Anterior""]","[""Bodyweight""]",Core Anti-Extension,"[""Lower Back"", ""Shoulder""]",[],2,0,0.0625,,0,,0,0,0,0.0,Safe
SAFE0000260,U000260,EX0054,Intermediate,Fat Loss,Mobility and Flexibility,Male,21,182.0,103.4,31.22,Obese,3,Body Part Split,Commercial Gym,10,1,1,Resistance Training,Beginner,Beginner,1,1,1,1.0,1.5,1.5,1.0,2.0,"[""Pectoralis Major""]","[""Anterior Deltoid""]","[""Pec Deck Machine""]",Horizontal Push,"[""Shoulder""]","[""Severe shoulder impingement""]",1,1,0.0,,0,,0,0,0,0.0,Safe
SAFE0000261,U000261,EX0026,Advanced,Rehabilitation and Joint Health,Athletic Performance,Male,30,166.0,52.1,18.91,Normal,5,Upper Lower,Home Gym,4,0,0,Bodyweight,Beginner,Beginner,2,3,1,1.5,2.0,1.0,2.0,3.0,"[""Rectus Abdominis"", ""Transverse Abdominis""]","[""Obliques"", ""Erector Spinae"", ""Serratus Anterior""]","[""Bodyweight""]",Core Anti-Extension,"[""Lower Back"", ""Shoulder""]",[],2,0,0.027,,0,,0,0,0,0.0,Safe
SAFE0000262,U000262,EX0154,Intermediate,Athletic Performance,Muscle Gain,Other,36,175.0,73.7,24.07,Normal,5,Chest Back Legs,Home Gym,3,0,0,Resistance Training,Beginner,Beginner,2,4,1,2.0,2.0,4.0,4.0,6.0,"[""Latissimus Dorsi"", ""Rectus Abdominis""]","[""Gluteus Maximus"", ""Hamstrings"", ""Triceps Brachii"", ""Anterior Deltoid""]","[""Medicine Ball""]",Trunk Flexion,"[""Shoulder"", ""Lower Back""]","[""Severe lower back pain""]",2,1,0.0286,,0,,0,0,0,0.0,Safe
SAFE0000263,U000263,EX0242,Advanced,Strength,Mobility and Flexibility,Female,28,159.0,58.9,23.3,Normal,6,Body Part Split,Commercial Gym,14,0,0,Resistance Training,Intermediate,Intermediate,2,1,1,2.0,3.5,2.0,1.5,3.0,"[""Pectoralis Major"", ""Triceps Brachii""]","[""Anterior Deltoid""]","[""Dumbbell""]",Horizontal Push,"[""Wrist"", ""Elbow""]","[""Wrist pain""]",2,1,0.0,,0,,0,0,0,0.0,Safe
SAFE0000264,U000264,EX0215,Advanced,Rehabilitation and Joint Health,Mobility and Flexibility,Female,18,159.0,69.2,27.37,Overweight,3,Upper Lower,Limited Gym,9,0,0,Bodyweight,Intermediate,Intermediate,2,1,1,2.5,3.5,3.0,2.0,3.5,"[""Triceps Brachii"", ""Pectoralis Major (Inner/Clavicular Bias)""]","[""Anterior Deltoid""]","[""Bodyweight""]",Horizontal Push,"[""Wrist"", ""Elbow"", ""Shoulder""]","[""Wrist impingement""]",3,1,0.0263,,0,,0,0,0,0.0,Safe
SAFE0000265,U000265,EX0004,Intermediate,Muscle Gain,Athletic Performance,Male,38,166.0,54.9,19.92,Normal,3,Body Part Split,Home Gym,3,0,0,Bodyweight,Beginner,Beginner,1,2,1,2.0,2.0,2.0,1.0,3.8,"[""Pectoralis Major""]","[""Anterior Deltoid"", ""Triceps Brachii""]","[""Bodyweight""]",Horizontal Push,"[""Shoulder"", ""Elbow"", ""Wrist""]",[],3,0,0.0278,,0,,0,0,0,0.0,Safe
SAFE0000266,U000266,EX0179,Beginner,Athletic Performance,Rehabilitation and Joint Health,Male,22,156.0,59.7,24.53,Normal,4,Chest Back Legs,Bodyweight Only,2,1,1,Bodyweight,Beginner,Beginner,2,2,1,2.5,1.5,1.5,1.5,2.5,"[""Rectus Abdominis"", ""Transverse Abdominis""]","[""Obliques"", ""Hip Flexors""]","[""Mat""]",Core Anti-Extension,"[""Lower Back""]","[""None""]",1,1,0.0732,,0,,0,0,0,0.0,Safe
SAFE0000267,U000267,EX0004,Beginner,General Fitness,Strength,Other,25,168.0,54.9,19.45,Normal,4,Body Part Split,Home Gym,3,0,0,Bodyweight,Beginner,Beginner,1,2,1,2.0,2.0,2.0,1.0,3.8,"[""Pectoralis Major""]","[""Anterior Deltoid"", ""Triceps Brachii""]","[""Bodyweight""]",Horizontal Push,"[""Shoulder"", ""Elbow"", ""Wrist""]",[],3,0,0.0,,0,,0,0,0,0.0,Safe
SAFE0000268,U000268,EX0004,Intermediate,Muscular Endurance,Athletic Performance,Prefer not to say,20,163.0,55.5,20.89,Normal,6,Push Pull Legs,Commercial Gym,19,0,0,Bodyweight,Beginner,Beginner,1,2,1,2.0,2.0,2.0,1.0,3.8,"[""Pectoralis Major""]","[""Anterior Deltoid"", ""Triceps Brachii""]","[""Bodyweight""]",Horizontal Push,"[""Shoulder"", ""Elbow"", ""Wrist""]",[],3,0,0.0541,,0,,0,0,0,0.0,Safe
SAFE0000269,U000269,EX0274,Beginner,Fat Loss,Muscle Gain,Male,28,158.0,53.3,21.35,Normal,4,Auto,Bodyweight Only,2,1,1,Bodyweight,Beginner,Beginner,3,1,1,1.0,1.0,1.0,1.5,1.5,"[""Adductors (Longus, Magnus, Brevis)"", ""Gracilis"", ""Pectineus""]","[""None""]","[""Mat""]",Hip Adduction,"[""Hip"", ""Groin""]","[""Acute groin strain""]",2,1,0.0,,0,,0,0,0,0.0,Safe
SAFE0000270,U000270,EX0026,Intermediate,Mobility and Flexibility,Athletic Performance,Other,22,172.0,94.0,31.77,Obese,4,Chest Back Legs,Home Gym,3,0,0,Bodyweight,Beginner,Beginner,2,3,1,1.5,2.0,1.0,2.0,3.0,"[""Rectus Abdominis"", ""Transverse Abdominis""]","[""Obliques"", ""Erector Spinae"", ""Serratus Anterior""]","[""Bodyweight""]",Core Anti-Extension,"[""Lower Back"", ""Shoulder""]",[],2,0,0.0,,0,,0,0,0,0.0,Safe
SAFE0000271,U000271,EX0004,Advanced,General Fitness,Muscular Endurance,Other,20,162.0,44.7,17.03,Underweight,6,Push Pull Legs,Home Gym,3,0,0,Bodyweight,Beginner,Beginner,1,2,1,2.0,2.0,2.0,1.0,3.8,"[""Pectoralis Major""]","[""Anterior Deltoid"", ""Triceps Brachii""]","[""Bodyweight""]",Horizontal Push,"[""Shoulder"", ""Elbow"", ""Wrist""]",[],3,0,0.0,,0,,0,0,0,0.0,Safe
SAFE0000272,U000272,EX0224,Advanced,Strength,General Fitness,Female,38,151.0,51.6,22.63,Normal,6,Auto,Commercial Gym,13,1,1,Bodyweight,Intermediate,Intermediate,2,2,1,2.5,3.0,3.0,3.0,4.5,"[""Anterior Deltoid"", ""Lateral Deltoid""]","[""Triceps Brachii"", ""Upper Trapezius""]","[""Mat""]",Vertical Push,"[""Shoulder"", ""Wrist"", ""Neck""]","[""High blood pressure"", ""Shoulder instability""]",3,2,0.0,,0,,0,0,0,0.0,Safe
SAFE0000273,U000273,EX0026,Advanced,Rehabilitation and Joint Health,Muscular Endurance,Prefer not to say,38,153.0,72.0,30.76,Obese,6,Auto,Limited Gym,6,0,0,Bodyweight,Beginner,Beginner,2,3,1,1.5,2.0,1.0,2.0,3.0,"[""Rectus Abdominis"", ""Transverse Abdominis""]","[""Obliques"", ""Erector Spinae"", ""Serratus Anterior""]","[""Bodyweight""]",Core Anti-Extension,"[""Lower Back"", ""Shoulder""]",[],2,0,0.0488,,0,,0,0,0,0.0,Safe
SAFE0000274,U000274,EX0141,Intermediate,Rehabilitation and Joint Health,Strength,Prefer not to say,38,166.0,62.1,22.54,Normal,3,Chest Back Legs,Limited Gym,5,1,1,Resistance Training,Beginner,Beginner,3,2,1,1.5,1.0,1.5,1.5,2.0,"[""Posterior Deltoid"", ""Rhomboids"", ""Middle Trapezius""]","[""Infraspinatus"", ""Teres Minor""]","[""Resistance Band""]",Horizontal Pull,"[""Shoulder""]","[""None""]",1,1,0.0513,,0,,0,0,0,0.0,Safe
SAFE0000275,U000275,EX0046,Intermediate,General Fitness,Muscular Endurance,Prefer not to say,24,161.0,80.7,31.13,Obese,4,Body Part Split,Home Gym,3,1,1,Bodyweight,Beginner,Beginner,1,1,1,1.0,1.0,1.0,2.0,2.0,"[""Gluteus Maximus""]","[""Hamstrings""]","[""Mat""]",Hip Extension,"[""Lower Back"", ""Neck""]","[""Cervical spine issues""]",2,1,0.0,,0,,0,0,0,0.0,Safe
SAFE0000276,U000276,EX0004,Intermediate,Muscular Endurance,Fat Loss,Prefer not to say,43,169.0,84.0,29.41,Overweight,4,Auto,Home Gym,5,0,0,Bodyweight,Beginner,Beginner,1,2,1,2.0,2.0,2.0,1.0,3.8,"[""Pectoralis Major""]","[""Anterior Deltoid"", ""Triceps Brachii""]","[""Bodyweight""]",Horizontal Push,"[""Shoulder"", ""Elbow"", ""Wrist""]",[],3,0,0.0,,0,,0,0,0,0.0,Safe
SAFE0000277,U000277,EX0004,Intermediate,Athletic Performance,Muscle Gain,Male,49,161.0,72.7,28.05,Overweight,4,Body Part Split,Limited Gym,8,0,0,Bodyweight,Beginner,Beginner,1,2,1,2.0,2.0,2.0,1.0,3.8,"[""Pectoralis Major""]","[""Anterior Deltoid"", ""Triceps Brachii""]","[""Bodyweight""]",Horizontal Push,"[""Shoulder"", ""Elbow"", ""Wrist""]",[],3,0,0.05,,0,,0,0,0,0.0,Safe
SAFE0000278,U000278,EX0155,Intermediate,Athletic Performance,Muscle Gain,Other,44,161.0,60.7,23.42,Normal,5,Auto,Commercial Gym,12,1,1,Resistance Training,Intermediate,Intermediate,2,3,1,3.5,3.5,3.0,3.5,5.5,"[""Gluteus Maximus"", ""Hamstrings""]","[""Quadriceps"", ""Erector Spinae"", ""Trapezius""]","[""Kettlebell""]",Hinge,"[""Wrist"", ""Lower Back"", ""Shoulder""]","[""Wrist pain""]",3,1,0.0526,,0,,0,0,0,0.0,Safe
SAFE0000279,U000279,EX0227,Advanced,Fat Loss,Strength,Male,34,176.0,85.5,27.6,Overweight,3,Chest Back Legs,Bodyweight Only,2,0,0,Bodyweight,Beginner,Beginner,2,3,1,3.5,1.5,2.5,3.0,6.5,"[""Core"", ""Hip Flexors""]","[""Shoulders (Deltoids)"", ""Triceps Brachii"", ""Quadriceps""]","[""Mat""]",Total Body Integration,"[""Wrist"", ""Shoulder""]","[""Wrist pain""]",2,1,0.0278,,0,,0,0,0,0.0,Safe
SAFE0000280,U000280,EX0180,Beginner,General Fitness,Muscle Gain,Female,39,164.0,73.8,27.44,Overweight,4,Auto,Bodyweight Only,2,0,0,Bodyweight,Beginner,Beginner,3,2,1,2.0,1.0,1.5,1.5,2.0,"[""Erector Spinae"", ""Gluteus Maximus"", ""Transverse Abdominis""]","[""Deltoids"", ""Hamstrings""]","[""Mat""]",Core Anti-Rotation,"[""Lower Back"", ""Wrist""]","[""None""]",2,1,0.0488,,0,,0,0,0,0.0,Safe
SAFE0000281,U000281,EX0004,Beginner,Muscle Gain,Fat Loss,Other,30,150.0,52.1,23.16,Normal,6,Upper Lower,Limited Gym,7,0,0,Bodyweight,Beginner,Beginner,1,2,1,2.0,2.0,2.0,1.0,3.8,"[""Pectoralis Major""]","[""Anterior Deltoid"", ""Triceps Brachii""]","[""Bodyweight""]",Horizontal Push,"[""Shoulder"", ""Elbow"", ""Wrist""]",[],3,0,0.0513,,0,,0,0,0,0.0,Safe
SAFE0000282,U000282,EX0032,Beginner,Mobility and Flexibility,Fat Loss,Prefer not to say,27,160.0,69.1,26.99,Overweight,2,Upper Lower,Commercial Gym,15,0,0,Resistance Training,Beginner,Beginner,2,1,1,1.5,2.0,1.0,2.0,3.0,"[""Biceps Brachii"", ""Brachialis""]","[""Brachioradialis""]","[""Barbell""]",Elbow Flexion,"[""Elbow"", ""Wrist""]","[""Wrist pain"", ""Medial epicondylitis""]",2,2,0.0312,,0,,0,0,0,0.0,Safe
SAFE0000283,U000283,EX0075,Advanced,Rehabilitation and Joint Health,Fat Loss,Prefer not to say,27,164.0,45.2,16.81,Underweight,5,Auto,Home Gym,2,0,0,Bodyweight,Advanced,Advanced,1,1,1,4.0,3.0,4.0,4.0,4.0,"[""Quadriceps (Rectus Femoris)""]","[""None""]","[""Bodyweight""]",Knee Extension,"[""Knee""]","[""Patellar tendinopathy"", ""Meniscus tears"", ""Knee instability""]",1,3,0.0286,Mild Discomfort,1,,0,0,1,0.25,Monitor
SAFE0000284,U000284,EX0026,Intermediate,Muscle Gain,Strength,Prefer not to say,40,163.0,63.1,23.75,Normal,2,Upper Lower,Home Gym,4,0,0,Bodyweight,Beginner,Beginner,2,3,1,1.5,2.0,1.0,2.0,3.0,"[""Rectus Abdominis"", ""Transverse Abdominis""]","[""Obliques"", ""Erector Spinae"", ""Serratus Anterior""]","[""Bodyweight""]",Core Anti-Extension,"[""Lower Back"", ""Shoulder""]",[],2,0,0.0,,0,,0,0,0,0.0,Safe
SAFE0000285,U000285,EX0004,Advanced,Muscular Endurance,Athletic Performance,Other,24,157.0,51.3,20.81,Normal,4,Upper Lower,Home Gym,3,0,0,Bodyweight,Beginner,Beginner,1,2,1,2.0,2.0,2.0,1.0,3.8,"[""Pectoralis Major""]","[""Anterior Deltoid"", ""Triceps Brachii""]","[""Bodyweight""]",Horizontal Push,"[""Shoulder"", ""Elbow"", ""Wrist""]",[],3,0,0.0263,,0,,0,0,0,0.0,Safe
SAFE0000286,U000286,EX0004,Intermediate,Muscle Gain,Muscular Endurance,Male,23,176.0,71.0,22.92,Normal,2,Chest Back Legs,Bodyweight Only,2,0,0,Bodyweight,Beginner,Beginner,1,2,1,2.0,2.0,2.0,1.0,3.8,"[""Pectoralis Major""]","[""Anterior Deltoid"", ""Triceps Brachii""]","[""Bodyweight""]",Horizontal Push,"[""Shoulder"", ""Elbow"", ""Wrist""]",[],3,0,0.0,,0,,0,0,0,0.0,Safe
SAFE0000287,U000287,EX0026,Intermediate,General Fitness,Muscular Endurance,Male,26,165.0,68.7,25.23,Overweight,2,Chest Back Legs,Home Gym,4,0,0,Bodyweight,Beginner,Beginner,2,3,1,1.5,2.0,1.0,2.0,3.0,"[""Rectus Abdominis"", ""Transverse Abdominis""]","[""Obliques"", ""Erector Spinae"", ""Serratus Anterior""]","[""Bodyweight""]",Core Anti-Extension,"[""Lower Back"", ""Shoulder""]",[],2,0,0.0,,0,,0,0,0,0.0,Safe
SAFE0000288,U000288,EX0138,Beginner,Mobility and Flexibility,Muscular Endurance,Prefer not to say,30,166.0,59.5,21.59,Normal,2,Body Part Split,Commercial Gym,19,1,1,Resistance Training,Beginner,Beginner,1,1,1,1.0,1.5,1.5,1.0,2.0,"[""Triceps Brachii""]","[""Anconeus""]","[""Triceps Extension Machine""]",Elbow Extension,"[""Elbow""]","[""Lateral epicondylitis""]",1,1,0.0,,0,,0,0,0,0.0,Safe
SAFE0000289,U000289,EX0319,Beginner,Rehabilitation and Joint Health,Muscle Gain,Male,35,174.0,91.9,30.35,Obese,5,Auto,Commercial Gym,19,1,1,Bodyweight,Beginner,Beginner,2,2,1,1.0,1.0,1.5,3.5,2.0,"[""Lower Trapezius"", ""Serratus Anterior""]","[""Lateral Deltoid"", ""External Rotators""]","[""Wall""]",Scapular Upward Rotation,"[""Shoulder""]",[],1,0,0.0,,0,,0,0,1,0.55,Review
SAFE0000290,U000290,EX0179,Intermediate,Athletic Performance,Strength,Male,30,158.0,59.9,23.99,Normal,3,Auto,Bodyweight Only,2,0,0,Bodyweight,Beginner,Beginner,2,2,1,2.5,1.5,1.5,1.5,2.5,"[""Rectus Abdominis"", ""Transverse Abdominis""]","[""Obliques"", ""Hip Flexors""]","[""Mat""]",Core Anti-Extension,"[""Lower Back""]","[""None""]",1,1,0.0,,0,,0,0,0,0.0,Safe
SAFE0000291,U000291,EX0231,Advanced,Strength,Rehabilitation and Joint Health,Prefer not to say,36,160.0,48.3,18.87,Normal,3,Chest Back Legs,Limited Gym,6,0,0,Resistance Training,Beginner,Beginner,2,1,1,1.5,1.5,1.5,1.5,2.0,"[""Forearm Flexors"", ""Hand/Finger Flexors""]","[""Brachioradialis""]","[""Weight Plates""]",Grip,"[""Wrist"", ""Fingers""]","[""Carpal tunnel syndrome"", ""Arthritis in hands""]",2,2,0.0,,0,,0,0,0,0.0,Safe
SAFE0000292,U000292,EX0003,Beginner,General Fitness,Muscular Endurance,Female,43,157.0,41.0,16.63,Underweight,5,Auto,Limited Gym,7,0,0,Resistance Training,Beginner,Beginner,1,2,1,1.0,1.0,1.0,1.0,3.5,"[""Pectoralis Major""]","[""Anterior Deltoid"", ""Triceps Brachii""]","[""Chest Press Machine""]",Horizontal Push,"[""Shoulder"", ""Elbow""]",[],2,0,0.0263,,0,,0,0,0,0.0,Safe
SAFE0000293,U000293,EX0004,Beginner,Muscle Gain,General Fitness,Male,38,176.0,59.6,19.24,Normal,4,Push Pull Legs,Bodyweight Only,2,0,0,Bodyweight,Beginner,Beginner,1,2,1,2.0,2.0,2.0,1.0,3.8,"[""Pectoralis Major""]","[""Anterior Deltoid"", ""Triceps Brachii""]","[""Bodyweight""]",Horizontal Push,"[""Shoulder"", ""Elbow"", ""Wrist""]",[],3,0,0.0556,,0,,0,0,0,0.0,Safe
SAFE0000294,U000294,EX0056,Advanced,Mobility and Flexibility,General Fitness,Prefer not to say,25,166.0,72.1,26.16,Overweight,4,Body Part Split,Commercial Gym,19,0,0,Resistance Training,Beginner,Beginner,2,1,2,1.5,1.5,1.0,1.0,2.5,"[""Biceps Brachii"", ""Brachialis""]","[""Brachioradialis""]","[""EZ-Bar"", ""Preacher Bench""]",Elbow Flexion,"[""Elbow"", ""Wrist""]","[""Medial epicondylitis"", ""Distal biceps tendon issues""]",2,2,0.0488,,0,,0,0,0,0.0,Safe
SAFE0000295,U000295,EX0215,Intermediate,Mobility and Flexibility,Strength,Prefer not to say,24,163.0,54.0,20.32,Normal,4,Upper Lower,Commercial Gym,11,0,0,Bodyweight,Intermediate,Intermediate,2,1,1,2.5,3.5,3.0,2.0,3.5,"[""Triceps Brachii"", ""Pectoralis Major (Inner/Clavicular Bias)""]","[""Anterior Deltoid""]","[""Bodyweight""]",Horizontal Push,"[""Wrist"", ""Elbow"", ""Shoulder""]","[""Wrist impingement""]",3,1,0.0,,0,,0,0,0,0.0,Safe
SAFE0000296,U000296,EX0227,Beginner,Muscular Endurance,General Fitness,Male,26,173.0,64.1,21.42,Normal,3,Upper Lower,Bodyweight Only,2,0,0,Bodyweight,Beginner,Beginner,2,3,1,3.5,1.5,2.5,3.0,6.5,"[""Core"", ""Hip Flexors""]","[""Shoulders (Deltoids)"", ""Triceps Brachii"", ""Quadriceps""]","[""Mat""]",Total Body Integration,"[""Wrist"", ""Shoulder""]","[""Wrist pain""]",2,1,0.0,,0,,0,0,0,0.0,Safe
SAFE0000297,U000297,EX0075,Advanced,Mobility and Flexibility,Strength,Prefer not to say,37,161.0,48.8,18.83,Normal,6,Auto,Bodyweight Only,2,1,1,Bodyweight,Advanced,Advanced,1,1,1,4.0,3.0,4.0,4.0,4.0,"[""Quadriceps (Rectus Femoris)""]","[""None""]","[""Bodyweight""]",Knee Extension,"[""Knee""]","[""Patellar tendinopathy"", ""Meniscus tears"", ""Knee instability""]",1,3,0.0,,0,,0,0,0,0.0,Safe
SAFE0000298,U000298,EX0231,Intermediate,Rehabilitation and Joint Health,Fat Loss,Prefer not to say,27,174.0,73.8,24.38,Normal,5,Body Part Split,Limited Gym,6,0,0,Resistance Training,Beginner,Beginner,2,1,1,1.5,1.5,1.5,1.5,2.0,"[""Forearm Flexors"", ""Hand/Finger Flexors""]","[""Brachioradialis""]","[""Weight Plates""]",Grip,"[""Wrist"", ""Fingers""]","[""Carpal tunnel syndrome"", ""Arthritis in hands""]",2,2,0.05,,0,,0,0,0,0.0,Safe
SAFE0000299,U000299,EX0004,Advanced,Muscle Gain,Mobility and Flexibility,Prefer not to say,33,160.0,68.1,26.6,Overweight,5,Push Pull Legs,Commercial Gym,14,0,0,Bodyweight,Beginner,Beginner,1,2,1,2.0,2.0,2.0,1.0,3.8,"[""Pectoralis Major""]","[""Anterior Deltoid"", ""Triceps Brachii""]","[""Bodyweight""]",Horizontal Push,"[""Shoulder"", ""Elbow"", ""Wrist""]",[],3,0,0.0263,,0,,0,0,0,0.0,Safe
SAFE0000300,U000300,EX0004,Advanced,Fat Loss,Muscular Endurance,Male,37,163.0,69.1,26.01,Overweight,6,Push Pull Legs,Limited Gym,5,0,0,Bodyweight,Beginner,Beginner,1,2,1,2.0,2.0,2.0,1.0,3.8,"[""Pectoralis Major""]","[""Anterior Deltoid"", ""Triceps Brachii""]","[""Bodyweight""]",Horizontal Push,"[""Shoulder"", ""Elbow"", ""Wrist""]",[],3,0,0.0556,,0,,0,0,0,0.0,Safe
SAFE0000301,U000301,EX0004,Intermediate,Muscle Gain,General Fitness,Prefer not to say,24,165.0,78.4,28.8,Overweight,3,Full Body,Commercial Gym,19,0,0,Bodyweight,Beginner,Beginner,1,2,1,2.0,2.0,2.0,1.0,3.8,"[""Pectoralis Major""]","[""Anterior Deltoid"", ""Triceps Brachii""]","[""Bodyweight""]",Horizontal Push,"[""Shoulder"", ""Elbow"", ""Wrist""]",[],3,0,0.0,,0,,0,0,0,0.0,Safe
SAFE0000302,U000302,EX0009,Intermediate,Rehabilitation and Joint Health,Muscle Gain,Female,34,158.0,73.7,29.52,Overweight,3,Chest Back Legs,Limited Gym,6,0,0,Resistance Training,Beginner,Beginner,2,3,1,1.0,1.0,1.0,1.0,3.5,"[""Latissimus Dorsi"", ""Rhomboids""]","[""Middle Trapezius"", ""Posterior Deltoid"", ""Biceps Brachii""]","[""Row Machine""]",Horizontal Pull,"[""Shoulder"", ""Elbow""]","[""Acute shoulder pain"", ""Pain during pulling""]",2,2,0.0513,,0,,0,0,0,0.0,Safe
SAFE0000303,U000303,EX0004,Advanced,Muscle Gain,Fat Loss,Female,20,162.0,76.7,29.23,Overweight,2,Chest Back Legs,Limited Gym,6,0,0,Bodyweight,Beginner,Beginner,1,2,1,2.0,2.0,2.0,1.0,3.8,"[""Pectoralis Major""]","[""Anterior Deltoid"", ""Triceps Brachii""]","[""Bodyweight""]",Horizontal Push,"[""Shoulder"", ""Elbow"", ""Wrist""]",[],3,0,0.0625,Mild Discomfort,1,,0,0,0,0.0,Safe
SAFE0000304,U000304,EX0004,Advanced,Athletic Performance,General Fitness,Female,19,153.0,57.5,24.56,Normal,6,Auto,Limited Gym,5,1,1,Bodyweight,Beginner,Beginner,1,2,1,2.0,2.0,2.0,1.0,3.8,"[""Pectoralis Major""]","[""Anterior Deltoid"", ""Triceps Brachii""]","[""Bodyweight""]",Horizontal Push,"[""Shoulder"", ""Elbow"", ""Wrist""]",[],3,0,0.0,,0,,0,0,0,0.0,Safe
SAFE0000305,U000305,EX0003,Beginner,General Fitness,Rehabilitation and Joint Health,Other,27,162.0,76.5,29.15,Overweight,6,Push Pull Legs,Limited Gym,9,0,0,Resistance Training,Beginner,Beginner,1,2,1,1.0,1.0,1.0,1.0,3.5,"[""Pectoralis Major""]","[""Anterior Deltoid"", ""Triceps Brachii""]","[""Chest Press Machine""]",Horizontal Push,"[""Shoulder"", ""Elbow""]",[],2,0,0.0,,0,,0,0,0,0.0,Safe
SAFE0000306,U000306,EX0004,Advanced,Muscular Endurance,Athletic Performance,Female,19,160.0,57.4,22.42,Normal,2,Auto,Home Gym,3,0,0,Bodyweight,Beginner,Beginner,1,2,1,2.0,2.0,2.0,1.0,3.8,"[""Pectoralis Major""]","[""Anterior Deltoid"", ""Triceps Brachii""]","[""Bodyweight""]",Horizontal Push,"[""Shoulder"", ""Elbow"", ""Wrist""]",[],3,0,0.0,,0,,0,0,0,0.0,Safe
SAFE0000307,U000307,EX0227,Intermediate,Muscular Endurance,Strength,Other,19,177.0,59.7,19.06,Normal,4,Auto,Bodyweight Only,2,0,0,Bodyweight,Beginner,Beginner,2,3,1,3.5,1.5,2.5,3.0,6.5,"[""Core"", ""Hip Flexors""]","[""Shoulders (Deltoids)"", ""Triceps Brachii"", ""Quadriceps""]","[""Mat""]",Total Body Integration,"[""Wrist"", ""Shoulder""]","[""Wrist pain""]",2,1,0.0556,,0,,0,0,0,0.0,Safe
SAFE0000308,U000308,EX0294,Advanced,General Fitness,Rehabilitation and Joint Health,Prefer not to say,25,156.0,71.5,29.38,Overweight,3,Upper Lower,Limited Gym,7,0,0,Resistance Training,Intermediate,Intermediate,2,4,1,3.5,4.5,3.0,3.0,5.0,"[""Gluteus Maximus"", ""Hamstrings""]","[""Quadriceps"", ""Erector Spinae"", ""Trapezius"", ""Biceps Brachii""]","[""Dumbbell""]",Total Body Integration,"[""Lower Back"", ""Wrist""]","[""Acute low back pain"", ""Wrist instability""]",2,2,0.0244,,0,,0,0,0,0.0,Safe
SAFE0000309,U000309,EX0180,Intermediate,General Fitness,Mobility and Flexibility,Other,24,162.0,62.8,23.93,Normal,6,Upper Lower,Limited Gym,5,1,1,Bodyweight,Beginner,Beginner,3,2,1,2.0,1.0,1.5,1.5,2.0,"[""Erector Spinae"", ""Gluteus Maximus"", ""Transverse Abdominis""]","[""Deltoids"", ""Hamstrings""]","[""Mat""]",Core Anti-Rotation,"[""Lower Back"", ""Wrist""]","[""None""]",2,1,0.0,,0,,0,0,0,0.0,Safe
SAFE0000310,U000310,EX0004,Intermediate,Athletic Performance,Strength,Female,52,150.0,57.1,25.38,Overweight,2,Upper Lower,Limited Gym,6,0,0,Bodyweight,Beginner,Beginner,1,2,1,2.0,2.0,2.0,1.0,3.8,"[""Pectoralis Major""]","[""Anterior Deltoid"", ""Triceps Brachii""]","[""Bodyweight""]",Horizontal Push,"[""Shoulder"", ""Elbow"", ""Wrist""]",[],3,0,0.0625,,0,,0,0,0,0.0,Safe
SAFE0000311,U000311,EX0003,Beginner,Athletic Performance,Mobility and Flexibility,Other,28,154.0,74.4,31.37,Obese,2,Body Part Split,Commercial Gym,11,0,0,Resistance Training,Beginner,Beginner,1,2,1,1.0,1.0,1.0,1.0,3.5,"[""Pectoralis Major""]","[""Anterior Deltoid"", ""Triceps Brachii""]","[""Chest Press Machine""]",Horizontal Push,"[""Shoulder"", ""Elbow""]",[],2,0,0.0,,0,,0,0,0,0.0,Safe
SAFE0000312,U000312,EX0190,Beginner,Athletic Performance,Muscular Endurance,Female,35,155.0,75.1,31.26,Obese,4,Auto,Home Gym,5,0,0,Bodyweight,Beginner,Beginner,1,1,1,1.0,1.0,1.0,1.5,2.0,"[""Tibialis Anterior""]","[""Extensor Digitorum Longus""]","[""Wall""]",Ankle Dorsiflexion,"[""Ankle""]","[""None""]",1,1,0.0,,0,,0,0,0,0.0,Safe
SAFE0000313,U000313,EX0277,Intermediate,Mobility and Flexibility,General Fitness,Prefer not to say,33,162.0,57.9,22.06,Normal,3,Chest Back Legs,Home Gym,6,0,0,Bodyweight,Beginner,Beginner,3,2,1,2.5,2.0,2.0,3.0,3.0,"[""Triceps Brachii"", ""Gluteus Maximus"", ""Hamstrings""]","[""Core"", ""Shoulders (Anterior Deltoid)""]","[""Bodyweight""]",Gait,"[""Wrist"", ""Shoulder""]",[],2,0,0.0,,0,,0,0,0,0.0,Safe
SAFE0000314,U000314,EX0004,Advanced,Muscle Gain,General Fitness,Prefer not to say,45,151.0,44.9,19.69,Normal,3,Push Pull Legs,Commercial Gym,11,0,0,Bodyweight,Beginner,Beginner,1,2,1,2.0,2.0,2.0,1.0,3.8,"[""Pectoralis Major""]","[""Anterior Deltoid"", ""Triceps Brachii""]","[""Bodyweight""]",Horizontal Push,"[""Shoulder"", ""Elbow"", ""Wrist""]",[],3,0,0.0556,,0,,0,0,0,0.0,Safe
SAFE0000315,U000315,EX0281,Advanced,Athletic Performance,Mobility and Flexibility,Male,34,164.0,83.4,31.01,Obese,2,Full Body,Commercial Gym,16,0,0,Resistance Training,Intermediate,Intermediate,2,1,1,3.0,3.5,2.5,3.0,4.0,"[""Pectoralis Major"", ""Triceps Brachii""]","[""Anterior Deltoid""]","[""Resistance Band""]",Horizontal Push,"[""Shoulder"", ""Wrist"", ""Elbow""]","[""Shoulder impingement""]",3,1,0.0625,,0,,0,0,0,0.0,Safe
SAFE0000316,U000316,EX0004,Advanced,Muscular Endurance,Fat Loss,Male,20,158.0,59.6,23.87,Normal,5,Auto,Commercial Gym,13,0,0,Bodyweight,Beginner,Beginner,1,2,1,2.0,2.0,2.0,1.0,3.8,"[""Pectoralis Major""]","[""Anterior Deltoid"", ""Triceps Brachii""]","[""Bodyweight""]",Horizontal Push,"[""Shoulder"", ""Elbow"", ""Wrist""]",[],3,0,0.0,,0,,0,0,0,0.0,Safe
SAFE0000317,U000317,EX0277,Beginner,Rehabilitation and Joint Health,Muscle Gain,Male,34,168.0,54.0,19.13,Normal,4,Chest Back Legs,Home Gym,4,0,0,Bodyweight,Beginner,Beginner,3,2,1,2.5,2.0,2.0,3.0,3.0,"[""Triceps Brachii"", ""Gluteus Maximus"", ""Hamstrings""]","[""Core"", ""Shoulders (Anterior Deltoid)""]","[""Bodyweight""]",Gait,"[""Wrist"", ""Shoulder""]",[],2,0,0.027,Mild Discomfort,1,,0,0,0,0.0,Safe
SAFE0000318,U000318,EX0180,Intermediate,Fat Loss,Strength,Female,58,169.0,62.0,21.71,Normal,6,Auto,Home Gym,5,0,0,Bodyweight,Beginner,Beginner,3,2,1,2.0,1.0,1.5,1.5,2.0,"[""Erector Spinae"", ""Gluteus Maximus"", ""Transverse Abdominis""]","[""Deltoids"", ""Hamstrings""]","[""Mat""]",Core Anti-Rotation,"[""Lower Back"", ""Wrist""]","[""None""]",2,1,0.0,,0,,0,0,0,0.0,Safe
SAFE0000319,U000319,EX0004,Beginner,Strength,Rehabilitation and Joint Health,Other,30,168.0,54.1,19.17,Normal,5,Auto,Limited Gym,4,0,0,Bodyweight,Beginner,Beginner,1,2,1,2.0,2.0,2.0,1.0,3.8,"[""Pectoralis Major""]","[""Anterior Deltoid"", ""Triceps Brachii""]","[""Bodyweight""]",Horizontal Push,"[""Shoulder"", ""Elbow"", ""Wrist""]",[],3,0,0.05,,0,,0,0,0,0.0,Safe
SAFE0000320,U000320,EX0026,Advanced,Mobility and Flexibility,Rehabilitation and Joint Health,Prefer not to say,45,171.0,66.0,22.57,Normal,3,Upper Lower,Limited Gym,6,0,0,Bodyweight,Beginner,Beginner,2,3,1,1.5,2.0,1.0,2.0,3.0,"[""Rectus Abdominis"", ""Transverse Abdominis""]","[""Obliques"", ""Erector Spinae"", ""Serratus Anterior""]","[""Bodyweight""]",Core Anti-Extension,"[""Lower Back"", ""Shoulder""]",[],2,0,0.0263,,0,,0,0,0,0.0,Safe
SAFE0000321,U000321,EX0281,Advanced,Strength,Muscle Gain,Prefer not to say,32,161.0,59.6,22.99,Normal,3,Push Pull Legs,Commercial Gym,20,0,0,Resistance Training,Intermediate,Intermediate,2,1,1,3.0,3.5,2.5,3.0,4.0,"[""Pectoralis Major"", ""Triceps Brachii""]","[""Anterior Deltoid""]","[""Resistance Band""]",Horizontal Push,"[""Shoulder"", ""Wrist"", ""Elbow""]","[""Shoulder impingement""]",3,1,0.0278,,0,,0,0,0,0.0,Safe
SAFE0000322,U000322,EX0004,Advanced,Muscle Gain,Muscular Endurance,Other,42,169.0,65.9,23.07,Normal,3,Chest Back Legs,Home Gym,2,0,0,Bodyweight,Beginner,Beginner,1,2,1,2.0,2.0,2.0,1.0,3.8,"[""Pectoralis Major""]","[""Anterior Deltoid"", ""Triceps Brachii""]","[""Bodyweight""]",Horizontal Push,"[""Shoulder"", ""Elbow"", ""Wrist""]",[],3,0,0.0244,,0,,0,0,0,0.0,Safe
SAFE0000323,U000323,EX0046,Beginner,Mobility and Flexibility,Muscle Gain,Other,26,176.0,78.3,25.28,Overweight,3,Chest Back Legs,Bodyweight Only,2,0,0,Bodyweight,Beginner,Beginner,1,1,1,1.0,1.0,1.0,2.0,2.0,"[""Gluteus Maximus""]","[""Hamstrings""]","[""Mat""]",Hip Extension,"[""Lower Back"", ""Neck""]","[""Cervical spine issues""]",2,1,0.0256,,0,,0,0,0,0.0,Safe
SAFE0000324,U000324,EX0011,Advanced,Athletic Performance,Muscle Gain,Other,25,181.0,84.6,25.82,Overweight,2,Chest Back Legs,Home Gym,5,0,0,Resistance Training,Intermediate,Intermediate,1,4,1,4.0,4.0,3.0,2.0,6.0,"[""Latissimus Dorsi""]","[""Biceps Brachii"", ""Brachialis"", ""Rhomboids"", ""Posterior Deltoid""]","[""Pull-up Bar""]",Vertical Pull,"[""Shoulder"", ""Elbow"", ""Wrist""]","[""Acute shoulder or elbow pain"", ""Inability to control the hanging position"", ""Painful overhead range""]",3,3,0.0,,0,,0,0,0,0.0,Safe
SAFE0000325,U000325,EX0075,Advanced,Rehabilitation and Joint Health,Strength,Female,36,150.0,47.8,21.24,Normal,6,Auto,Commercial Gym,13,0,0,Bodyweight,Advanced,Advanced,1,1,1,4.0,3.0,4.0,4.0,4.0,"[""Quadriceps (Rectus Femoris)""]","[""None""]","[""Bodyweight""]",Knee Extension,"[""Knee""]","[""Patellar tendinopathy"", ""Meniscus tears"", ""Knee instability""]",1,3,0.0,,0,,0,0,0,0.0,Safe
SAFE0000326,U000326,EX0004,Intermediate,Fat Loss,Muscle Gain,Female,36,157.0,64.7,26.25,Overweight,6,Body Part Split,Home Gym,5,0,0,Bodyweight,Beginner,Beginner,1,2,1,2.0,2.0,2.0,1.0,3.8,"[""Pectoralis Major""]","[""Anterior Deltoid"", ""Triceps Brachii""]","[""Bodyweight""]",Horizontal Push,"[""Shoulder"", ""Elbow"", ""Wrist""]",[],3,0,0.025,,0,,0,0,0,0.0,Safe
SAFE0000327,U000327,EX0004,Intermediate,Fat Loss,Athletic Performance,Male,33,176.0,78.1,25.21,Overweight,2,Upper Lower,Commercial Gym,10,0,0,Bodyweight,Beginner,Beginner,1,2,1,2.0,2.0,2.0,1.0,3.8,"[""Pectoralis Major""]","[""Anterior Deltoid"", ""Triceps Brachii""]","[""Bodyweight""]",Horizontal Push,"[""Shoulder"", ""Elbow"", ""Wrist""]",[],3,0,0.0312,,0,,0,0,0,0.0,Safe
SAFE0000328,U000328,EX0026,Beginner,Rehabilitation and Joint Health,Muscular Endurance,Female,32,153.0,59.5,25.42,Overweight,6,Push Pull Legs,Home Gym,2,1,1,Bodyweight,Beginner,Beginner,2,3,1,1.5,2.0,1.0,2.0,3.0,"[""Rectus Abdominis"", ""Transverse Abdominis""]","[""Obliques"", ""Erector Spinae"", ""Serratus Anterior""]","[""Bodyweight""]",Core Anti-Extension,"[""Lower Back"", ""Shoulder""]",[],2,0,0.0,,0,,0,0,1,0.55,Review
SAFE0000329,U000329,EX0160,Intermediate,Mobility and Flexibility,Muscular Endurance,Male,38,171.0,91.8,31.39,Obese,6,Auto,Bodyweight Only,2,0,0,Bodyweight,Beginner,Beginner,1,2,1,2.0,1.5,1.5,1.0,3.0,"[""Rectus Abdominis""]","[""Obliques"", ""Hip Flexors""]","[""Mat""]",Trunk Flexion,"[""Lower Back""]","[""Lumbar disc herniation""]",1,1,0.0488,,0,,0,0,0,0.0,Safe
SAFE0000330,U000330,EX0003,Advanced,General Fitness,Athletic Performance,Prefer not to say,34,160.0,75.8,29.61,Overweight,2,Auto,Limited Gym,5,0,0,Resistance Training,Beginner,Beginner,1,2,1,1.0,1.0,1.0,1.0,3.5,"[""Pectoralis Major""]","[""Anterior Deltoid"", ""Triceps Brachii""]","[""Chest Press Machine""]",Horizontal Push,"[""Shoulder"", ""Elbow""]",[],2,0,0.0,,0,,0,0,0,0.0,Safe
SAFE0000331,U000331,EX0107,Beginner,Strength,Muscle Gain,Other,18,169.0,64.3,22.51,Normal,4,Auto,Bodyweight Only,2,0,0,Bodyweight,Beginner,Beginner,2,1,1,2.0,2.0,2.0,1.5,3.0,"[""Rectus Abdominis"", ""Obliques""]","[""Hip Flexors (Iliopsoas, Rectus Femoris)""]","[""Mat""]",Trunk Rotation,"[""Lower Back"", ""Neck""]","[""Lumbar disc herniation"", ""Neck strain""]",2,2,0.0,,0,,0,0,0,0.0,Safe
SAFE0000332,U000332,EX0011,Intermediate,Strength,General Fitness,Male,30,163.0,55.3,20.81,Normal,4,Auto,Home Gym,3,0,0,Resistance Training,Intermediate,Intermediate,1,4,1,4.0,4.0,3.0,2.0,6.0,"[""Latissimus Dorsi""]","[""Biceps Brachii"", ""Brachialis"", ""Rhomboids"", ""Posterior Deltoid""]","[""Pull-up Bar""]",Vertical Pull,"[""Shoulder"", ""Elbow"", ""Wrist""]","[""Acute shoulder or elbow pain"", ""Inability to control the hanging position"", ""Painful overhead range""]",3,3,0.0,,0,,0,0,0,0.0,Safe
SAFE0000333,U000333,EX0004,Intermediate,Muscular Endurance,Muscle Gain,Male,18,181.0,81.6,24.91,Normal,6,Chest Back Legs,Limited Gym,6,0,0,Bodyweight,Beginner,Beginner,1,2,1,2.0,2.0,2.0,1.0,3.8,"[""Pectoralis Major""]","[""Anterior Deltoid"", ""Triceps Brachii""]","[""Bodyweight""]",Horizontal Push,"[""Shoulder"", ""Elbow"", ""Wrist""]",[],3,0,0.05,,0,,0,0,0,0.0,Safe
SAFE0000334,U000334,EX0319,Intermediate,Rehabilitation and Joint Health,Muscular Endurance,Male,28,175.0,53.2,17.37,Underweight,6,Push Pull Legs,Commercial Gym,19,0,0,Bodyweight,Beginner,Beginner,2,2,1,1.0,1.0,1.5,3.5,2.0,"[""Lower Trapezius"", ""Serratus Anterior""]","[""Lateral Deltoid"", ""External Rotators""]","[""Wall""]",Scapular Upward Rotation,"[""Shoulder""]",[],1,0,0.0263,,0,,0,0,0,0.0,Safe
SAFE0000335,U000335,EX0004,Beginner,Muscular Endurance,Fat Loss,Prefer not to say,37,156.0,52.2,21.45,Normal,2,Upper Lower,Commercial Gym,11,0,0,Bodyweight,Beginner,Beginner,1,2,1,2.0,2.0,2.0,1.0,3.8,"[""Pectoralis Major""]","[""Anterior Deltoid"", ""Triceps Brachii""]","[""Bodyweight""]",Horizontal Push,"[""Shoulder"", ""Elbow"", ""Wrist""]",[],3,0,0.0312,Mild Discomfort,1,,0,0,0,0.0,Safe
SAFE0000336,U000336,EX0004,Beginner,Strength,Athletic Performance,Male,22,167.0,78.5,28.15,Overweight,2,Auto,Commercial Gym,11,0,0,Bodyweight,Beginner,Beginner,1,2,1,2.0,2.0,2.0,1.0,3.8,"[""Pectoralis Major""]","[""Anterior Deltoid"", ""Triceps Brachii""]","[""Bodyweight""]",Horizontal Push,"[""Shoulder"", ""Elbow"", ""Wrist""]",[],3,0,0.0,,0,,0,0,0,0.0,Safe
SAFE0000337,U000337,EX0079,Intermediate,Mobility and Flexibility,Rehabilitation and Joint Health,Prefer not to say,24,157.0,76.5,31.04,Obese,4,Auto,Limited Gym,8,0,0,Resistance Training,Beginner,Beginner,1,1,1,1.5,2.0,2.0,1.5,3.0,"[""Gastrocnemius""]","[""Soleus""]","[""Donkey Calf Machine""]",Ankle Plantarflexion,"[""Ankle"", ""Achilles Tendon"", ""Lower Back""]",[],3,0,0.0,,0,,0,0,0,0.0,Safe
SAFE0000338,U000338,EX0004,Intermediate,Muscular Endurance,Strength,Female,23,160.0,78.8,30.78,Obese,6,Push Pull Legs,Commercial Gym,14,1,1,Bodyweight,Beginner,Beginner,1,2,1,2.0,2.0,2.0,1.0,3.8,"[""Pectoralis Major""]","[""Anterior Deltoid"", ""Triceps Brachii""]","[""Bodyweight""]",Horizontal Push,"[""Shoulder"", ""Elbow"", ""Wrist""]",[],3,0,0.0541,,0,,0,0,0,0.0,Safe
SAFE0000339,U000339,EX0180,Advanced,General Fitness,Muscular Endurance,Other,42,152.0,51.4,22.25,Normal,5,Chest Back Legs,Bodyweight Only,2,0,0,Bodyweight,Beginner,Beginner,3,2,1,2.0,1.0,1.5,1.5,2.0,"[""Erector Spinae"", ""Gluteus Maximus"", ""Transverse Abdominis""]","[""Deltoids"", ""Hamstrings""]","[""Mat""]",Core Anti-Rotation,"[""Lower Back"", ""Wrist""]","[""None""]",2,1,0.0571,,0,,0,0,0,0.0,Safe
SAFE0000340,U000340,EX0004,Advanced,Athletic Performance,General Fitness,Male,40,176.0,81.6,26.34,Overweight,3,Auto,Home Gym,3,0,0,Bodyweight,Beginner,Beginner,1,2,1,2.0,2.0,2.0,1.0,3.8,"[""Pectoralis Major""]","[""Anterior Deltoid"", ""Triceps Brachii""]","[""Bodyweight""]",Horizontal Push,"[""Shoulder"", ""Elbow"", ""Wrist""]",[],3,0,0.025,,0,,0,0,0,0.0,Safe
SAFE0000341,U000341,EX0172,Advanced,Fat Loss,Muscular Endurance,Other,39,170.0,58.4,20.21,Normal,2,Upper Lower,Home Gym,3,0,0,Bodyweight,Intermediate,Intermediate,3,1,1,3.5,3.5,3.0,3.0,4.0,"[""Quadriceps"", ""Gluteus Maximus"", ""Adductor Magnus""]","[""Hamstrings""]","[""Bodyweight""]",Squat,"[""Knee"", ""Hip""]","[""Groin strain"", ""Knee meniscus issues""]",2,2,0.0,,0,,0,0,0,0.0,Safe
SAFE0000342,U000342,EX0004,Intermediate,Strength,Muscular Endurance,Other,31,166.0,60.0,21.77,Normal,2,Auto,Home Gym,4,0,0,Bodyweight,Beginner,Beginner,1,2,1,2.0,2.0,2.0,1.0,3.8,"[""Pectoralis Major""]","[""Anterior Deltoid"", ""Triceps Brachii""]","[""Bodyweight""]",Horizontal Push,"[""Shoulder"", ""Elbow"", ""Wrist""]",[],3,0,0.0312,,0,,0,0,0,0.0,Safe
SAFE0000343,U000343,EX0026,Intermediate,Mobility and Flexibility,Muscle Gain,Male,22,168.0,72.6,25.72,Overweight,2,Chest Back Legs,Home Gym,2,0,0,Bodyweight,Beginner,Beginner,2,3,1,1.5,2.0,1.0,2.0,3.0,"[""Rectus Abdominis"", ""Transverse Abdominis""]","[""Obliques"", ""Erector Spinae"", ""Serratus Anterior""]","[""Bodyweight""]",Core Anti-Extension,"[""Lower Back"", ""Shoulder""]",[],2,0,0.0312,,0,,0,0,0,0.0,Safe
SAFE0000344,U000344,EX0026,Intermediate,General Fitness,Fat Loss,Female,36,157.0,58.3,23.65,Normal,3,Upper Lower,Home Gym,2,0,0,Bodyweight,Beginner,Beginner,2,3,1,1.5,2.0,1.0,2.0,3.0,"[""Rectus Abdominis"", ""Transverse Abdominis""]","[""Obliques"", ""Erector Spinae"", ""Serratus Anterior""]","[""Bodyweight""]",Core Anti-Extension,"[""Lower Back"", ""Shoulder""]",[],2,0,0.0256,,0,,0,0,0,0.0,Safe
SAFE0000345,U000345,EX0194,Intermediate,Fat Loss,Mobility and Flexibility,Male,18,166.0,75.2,27.29,Overweight,4,Auto,Limited Gym,4,0,0,Bodyweight,Beginner,Beginner,3,4,1,4.5,3.0,1.0,3.0,8.0,"[""Quadriceps"", ""Pectoralis Major"", ""Gluteus Maximus""]","[""Triceps Brachii"", ""Anterior Deltoid"", ""Hamstrings"", ""Calves""]","[""Bodyweight""]",Total Body Integration,"[""Wrist"", ""Knee"", ""Lower Back""]",[],3,0,0.0,,0,,0,0,0,0.0,Safe
SAFE0000346,U000346,EX0095,Intermediate,Muscular Endurance,Muscle Gain,Male,24,170.0,68.2,23.6,Normal,4,Push Pull Legs,Limited Gym,7,0,0,Resistance Training,Intermediate,Intermediate,2,3,1,4.0,4.5,3.5,3.5,5.5,"[""Anterior Deltoid"", ""Triceps Brachii""]","[""Quadriceps"", ""Gluteus Maximus"", ""Lateral Deltoid""]","[""Barbell""]",Vertical Push,"[""Shoulder"", ""Knee"", ""Lower Back""]","[""Shoulder impingement"", ""Lumbar spine instability""]",3,2,0.0857,,0,,0,0,1,0.25,Monitor
SAFE0000347,U000347,EX0004,Intermediate,Muscular Endurance,Fat Loss,Prefer not to say,23,166.0,51.6,18.73,Normal,2,Body Part Split,Limited Gym,5,0,0,Bodyweight,Beginner,Beginner,1,2,1,2.0,2.0,2.0,1.0,3.8,"[""Pectoralis Major""]","[""Anterior Deltoid"", ""Triceps Brachii""]","[""Bodyweight""]",Horizontal Push,"[""Shoulder"", ""Elbow"", ""Wrist""]",[],3,0,0.0312,,0,,0,0,0,0.0,Safe
SAFE0000348,U000348,EX0194,Intermediate,Muscular Endurance,Mobility and Flexibility,Male,29,167.0,52.1,18.68,Normal,5,Push Pull Legs,Home Gym,2,1,1,Bodyweight,Beginner,Beginner,3,4,1,4.5,3.0,1.0,3.0,8.0,"[""Quadriceps"", ""Pectoralis Major"", ""Gluteus Maximus""]","[""Triceps Brachii"", ""Anterior Deltoid"", ""Hamstrings"", ""Calves""]","[""Bodyweight""]",Total Body Integration,"[""Wrist"", ""Knee"", ""Lower Back""]",[],3,0,0.0526,,0,,0,0,1,0.25,Monitor
SAFE0000349,U000349,EX0227,Beginner,Fat Loss,Rehabilitation and Joint Health,Male,18,172.0,72.7,24.57,Normal,5,Auto,Bodyweight Only,2,0,0,Bodyweight,Beginner,Beginner,2,3,1,3.5,1.5,2.5,3.0,6.5,"[""Core"", ""Hip Flexors""]","[""Shoulders (Deltoids)"", ""Triceps Brachii"", ""Quadriceps""]","[""Mat""]",Total Body Integration,"[""Wrist"", ""Shoulder""]","[""Wrist pain""]",2,1,0.0,,0,,0,0,0,0.0,Safe
SAFE0000350,U000350,EX0004,Intermediate,General Fitness,Muscular Endurance,Prefer not to say,36,165.0,50.4,18.51,Normal,5,Chest Back Legs,Limited Gym,8,0,0,Bodyweight,Beginner,Beginner,1,2,1,2.0,2.0,2.0,1.0,3.8,"[""Pectoralis Major""]","[""Anterior Deltoid"", ""Triceps Brachii""]","[""Bodyweight""]",Horizontal Push,"[""Shoulder"", ""Elbow"", ""Wrist""]",[],3,0,0.0488,,0,,0,0,0,0.0,Safe
SAFE0000351,U000351,EX0026,Beginner,Mobility and Flexibility,Athletic Performance,Other,36,158.0,45.7,18.31,Underweight,6,Auto,Home Gym,3,0,0,Bodyweight,Beginner,Beginner,2,3,1,1.5,2.0,1.0,2.0,3.0,"[""Rectus Abdominis"", ""Transverse Abdominis""]","[""Obliques"", ""Erector Spinae"", ""Serratus Anterior""]","[""Bodyweight""]",Core Anti-Extension,"[""Lower Back"", ""Shoulder""]",[],2,0,0.0,,0,,0,0,0,0.0,Safe
SAFE0000352,U000352,EX0004,Advanced,Athletic Performance,Fat Loss,Prefer not to say,27,155.0,69.2,28.8,Overweight,4,Body Part Split,Bodyweight Only,2,0,0,Bodyweight,Beginner,Beginner,1,2,1,2.0,2.0,2.0,1.0,3.8,"[""Pectoralis Major""]","[""Anterior Deltoid"", ""Triceps Brachii""]","[""Bodyweight""]",Horizontal Push,"[""Shoulder"", ""Elbow"", ""Wrist""]",[],3,0,0.027,,0,,0,0,0,0.0,Safe
SAFE0000353,U000353,EX0160,Beginner,Mobility and Flexibility,Rehabilitation and Joint Health,Female,25,157.0,61.4,24.91,Normal,2,Auto,Bodyweight Only,2,0,0,Bodyweight,Beginner,Beginner,1,2,1,2.0,1.5,1.5,1.0,3.0,"[""Rectus Abdominis""]","[""Obliques"", ""Hip Flexors""]","[""Mat""]",Trunk Flexion,"[""Lower Back""]","[""Lumbar disc herniation""]",1,1,0.0312,,0,,0,0,0,0.0,Safe
SAFE0000354,U000354,EX0004,Beginner,Athletic Performance,Muscular Endurance,Male,46,163.0,83.4,31.39,Obese,6,Auto,Commercial Gym,11,0,0,Bodyweight,Beginner,Beginner,1,2,1,2.0,2.0,2.0,1.0,3.8,"[""Pectoralis Major""]","[""Anterior Deltoid"", ""Triceps Brachii""]","[""Bodyweight""]",Horizontal Push,"[""Shoulder"", ""Elbow"", ""Wrist""]",[],3,0,0.05,,0,,0,0,0,0.0,Safe
SAFE0000355,U000355,EX0179,Beginner,Athletic Performance,Rehabilitation and Joint Health,Male,19,175.0,69.8,22.79,Normal,2,Auto,Bodyweight Only,2,0,0,Bodyweight,Beginner,Beginner,2,2,1,2.5,1.5,1.5,1.5,2.5,"[""Rectus Abdominis"", ""Transverse Abdominis""]","[""Obliques"", ""Hip Flexors""]","[""Mat""]",Core Anti-Extension,"[""Lower Back""]","[""None""]",1,1,0.0625,,0,,0,0,0,0.0,Safe
SAFE0000356,U000356,EX0180,Beginner,General Fitness,Fat Loss,Prefer not to say,32,155.0,69.1,28.76,Overweight,2,Chest Back Legs,Bodyweight Only,2,0,0,Bodyweight,Beginner,Beginner,3,2,1,2.0,1.0,1.5,1.5,2.0,"[""Erector Spinae"", ""Gluteus Maximus"", ""Transverse Abdominis""]","[""Deltoids"", ""Hamstrings""]","[""Mat""]",Core Anti-Rotation,"[""Lower Back"", ""Wrist""]","[""None""]",2,1,0.0,,0,,0,0,0,0.0,Safe
SAFE0000357,U000357,EX0004,Advanced,Athletic Performance,Strength,Male,28,178.0,57.6,18.18,Underweight,2,Upper Lower,Commercial Gym,11,0,0,Bodyweight,Beginner,Beginner,1,2,1,2.0,2.0,2.0,1.0,3.8,"[""Pectoralis Major""]","[""Anterior Deltoid"", ""Triceps Brachii""]","[""Bodyweight""]",Horizontal Push,"[""Shoulder"", ""Elbow"", ""Wrist""]",[],3,0,0.0312,,0,,0,0,0,0.0,Safe
SAFE0000358,U000358,EX0277,Beginner,Strength,Athletic Performance,Male,25,157.0,63.3,25.68,Overweight,4,Push Pull Legs,Home Gym,6,0,0,Bodyweight,Beginner,Beginner,3,2,1,2.5,2.0,2.0,3.0,3.0,"[""Triceps Brachii"", ""Gluteus Maximus"", ""Hamstrings""]","[""Core"", ""Shoulders (Anterior Deltoid)""]","[""Bodyweight""]",Gait,"[""Wrist"", ""Shoulder""]",[],2,0,0.0,,0,,0,0,0,0.0,Safe
SAFE0000359,U000359,EX0197,Intermediate,General Fitness,Rehabilitation and Joint Health,Male,22,174.0,78.6,25.96,Overweight,6,Push Pull Legs,Commercial Gym,13,0,0,Resistance Training,Beginner,Beginner,2,1,1,1.5,1.5,1.5,1.0,3.5,"[""Triceps Brachii"", ""Pectoralis Major""]","[""Anterior Deltoid""]","[""Assisted Dip Machine""]",Vertical Push,"[""Shoulder"", ""Wrist"", ""Elbow""]","[""AC joint pain""]",3,1,0.027,,0,,0,0,0,0.0,Safe
SAFE0000360,U000360,EX0004,Advanced,Muscular Endurance,Strength,Male,59,182.0,65.7,19.83,Normal,4,Push Pull Legs,Limited Gym,4,0,0,Bodyweight,Beginner,Beginner,1,2,1,2.0,2.0,2.0,1.0,3.8,"[""Pectoralis Major""]","[""Anterior Deltoid"", ""Triceps Brachii""]","[""Bodyweight""]",Horizontal Push,"[""Shoulder"", ""Elbow"", ""Wrist""]",[],3,0,0.0286,,0,,0,0,0,0.0,Safe
SAFE0000361,U000361,EX0004,Advanced,Fat Loss,Rehabilitation and Joint Health,Other,26,159.0,67.6,26.74,Overweight,4,Body Part Split,Commercial Gym,19,0,0,Bodyweight,Beginner,Beginner,1,2,1,2.0,2.0,2.0,1.0,3.8,"[""Pectoralis Major""]","[""Anterior Deltoid"", ""Triceps Brachii""]","[""Bodyweight""]",Horizontal Push,"[""Shoulder"", ""Elbow"", ""Wrist""]",[],3,0,0.025,Mild Discomfort,1,,0,0,0,0.0,Safe
SAFE0000362,U000362,EX0004,Beginner,Muscle Gain,Muscular Endurance,Male,38,180.0,101.0,31.17,Obese,4,Chest Back Legs,Limited Gym,7,0,0,Bodyweight,Beginner,Beginner,1,2,1,2.0,2.0,2.0,1.0,3.8,"[""Pectoralis Major""]","[""Anterior Deltoid"", ""Triceps Brachii""]","[""Bodyweight""]",Horizontal Push,"[""Shoulder"", ""Elbow"", ""Wrist""]",[],3,0,0.0789,Mild Discomfort,1,,0,0,0,0.0,Safe
SAFE0000363,U000363,EX0180,Beginner,General Fitness,Athletic Performance,Female,21,162.0,79.8,30.41,Obese,5,Auto,Bodyweight Only,2,0,0,Bodyweight,Beginner,Beginner,3,2,1,2.0,1.0,1.5,1.5,2.0,"[""Erector Spinae"", ""Gluteus Maximus"", ""Transverse Abdominis""]","[""Deltoids"", ""Hamstrings""]","[""Mat""]",Core Anti-Rotation,"[""Lower Back"", ""Wrist""]","[""None""]",2,1,0.0278,,0,,0,0,0,0.0,Safe
SAFE0000364,U000364,EX0194,Beginner,General Fitness,Rehabilitation and Joint Health,Female,22,151.0,45.0,19.74,Normal,2,Auto,Home Gym,5,0,0,Bodyweight,Beginner,Beginner,3,4,1,4.5,3.0,1.0,3.0,8.0,"[""Quadriceps"", ""Pectoralis Major"", ""Gluteus Maximus""]","[""Triceps Brachii"", ""Anterior Deltoid"", ""Hamstrings"", ""Calves""]","[""Bodyweight""]",Total Body Integration,"[""Wrist"", ""Knee"", ""Lower Back""]",[],3,0,0.0312,,0,,0,0,1,0.1,Safe
SAFE0000365,U000365,EX0046,Advanced,Strength,Mobility and Flexibility,Prefer not to say,47,171.0,71.2,24.35,Normal,4,Chest Back Legs,Bodyweight Only,2,1,1,Bodyweight,Beginner,Beginner,1,1,1,1.0,1.0,1.0,2.0,2.0,"[""Gluteus Maximus""]","[""Hamstrings""]","[""Mat""]",Hip Extension,"[""Lower Back"", ""Neck""]","[""Cervical spine issues""]",2,1,0.0,,0,,0,0,0,0.0,Safe
SAFE0000366,U000366,EX0004,Intermediate,Muscular Endurance,Mobility and Flexibility,Female,30,151.0,57.5,25.22,Overweight,3,Chest Back Legs,Home Gym,3,0,0,Bodyweight,Beginner,Beginner,1,2,1,2.0,2.0,2.0,1.0,3.8,"[""Pectoralis Major""]","[""Anterior Deltoid"", ""Triceps Brachii""]","[""Bodyweight""]",Horizontal Push,"[""Shoulder"", ""Elbow"", ""Wrist""]",[],3,0,0.027,,0,,0,0,0,0.0,Safe
SAFE0000367,U000367,EX0026,Beginner,Athletic Performance,Fat Loss,Male,51,171.0,64.3,21.99,Normal,3,Body Part Split,Limited Gym,4,0,0,Bodyweight,Beginner,Beginner,2,3,1,1.5,2.0,1.0,2.0,3.0,"[""Rectus Abdominis"", ""Transverse Abdominis""]","[""Obliques"", ""Erector Spinae"", ""Serratus Anterior""]","[""Bodyweight""]",Core Anti-Extension,"[""Lower Back"", ""Shoulder""]",[],2,0,0.0286,,0,,0,0,0,0.0,Safe
SAFE0000368,U000368,EX0004,Intermediate,Muscular Endurance,Fat Loss,Prefer not to say,22,153.0,54.5,23.28,Normal,4,Push Pull Legs,Commercial Gym,12,0,0,Bodyweight,Beginner,Beginner,1,2,1,2.0,2.0,2.0,1.0,3.8,"[""Pectoralis Major""]","[""Anterior Deltoid"", ""Triceps Brachii""]","[""Bodyweight""]",Horizontal Push,"[""Shoulder"", ""Elbow"", ""Wrist""]",[],3,0,0.0,,0,,0,0,0,0.0,Safe
SAFE0000369,U000369,EX0227,Intermediate,Fat Loss,Athletic Performance,Male,29,153.0,50.2,21.44,Normal,3,Auto,Bodyweight Only,2,0,0,Bodyweight,Beginner,Beginner,2,3,1,3.5,1.5,2.5,3.0,6.5,"[""Core"", ""Hip Flexors""]","[""Shoulders (Deltoids)"", ""Triceps Brachii"", ""Quadriceps""]","[""Mat""]",Total Body Integration,"[""Wrist"", ""Shoulder""]","[""Wrist pain""]",2,1,0.0263,Mild Discomfort,1,,0,0,0,0.0,Safe
SAFE0000370,U000370,EX0004,Intermediate,Muscular Endurance,General Fitness,Female,30,158.0,54.0,21.63,Normal,3,Auto,Home Gym,2,0,0,Bodyweight,Beginner,Beginner,1,2,1,2.0,2.0,2.0,1.0,3.8,"[""Pectoralis Major""]","[""Anterior Deltoid"", ""Triceps Brachii""]","[""Bodyweight""]",Horizontal Push,"[""Shoulder"", ""Elbow"", ""Wrist""]",[],3,0,0.0556,Mild Discomfort,1,,0,0,0,0.0,Safe
SAFE0000371,U000371,EX0004,Beginner,Athletic Performance,Muscular Endurance,Prefer not to say,22,156.0,75.9,31.19,Obese,3,Push Pull Legs,Commercial Gym,11,0,0,Bodyweight,Beginner,Beginner,1,2,1,2.0,2.0,2.0,1.0,3.8,"[""Pectoralis Major""]","[""Anterior Deltoid"", ""Triceps Brachii""]","[""Bodyweight""]",Horizontal Push,"[""Shoulder"", ""Elbow"", ""Wrist""]",[],3,0,0.0,,0,,0,0,0,0.0,Safe
SAFE0000372,U000372,EX0004,Beginner,Muscle Gain,Rehabilitation and Joint Health,Male,36,175.0,70.1,22.89,Normal,5,Body Part Split,Home Gym,4,0,0,Bodyweight,Beginner,Beginner,1,2,1,2.0,2.0,2.0,1.0,3.8,"[""Pectoralis Major""]","[""Anterior Deltoid"", ""Triceps Brachii""]","[""Bodyweight""]",Horizontal Push,"[""Shoulder"", ""Elbow"", ""Wrist""]",[],3,0,0.0256,Mild Discomfort,1,,0,0,0,0.0,Safe
SAFE0000373,U000373,EX0003,Intermediate,Strength,General Fitness,Prefer not to say,36,173.0,80.4,26.86,Overweight,3,Body Part Split,Commercial Gym,10,1,1,Resistance Training,Beginner,Beginner,1,2,1,1.0,1.0,1.0,1.0,3.5,"[""Pectoralis Major""]","[""Anterior Deltoid"", ""Triceps Brachii""]","[""Chest Press Machine""]",Horizontal Push,"[""Shoulder"", ""Elbow""]",[],2,0,0.0,,0,,0,0,0,0.0,Safe
SAFE0000374,U000374,EX0227,Beginner,Fat Loss,Athletic Performance,Prefer not to say,19,166.0,64.4,23.37,Normal,2,Chest Back Legs,Bodyweight Only,2,0,0,Bodyweight,Beginner,Beginner,2,3,1,3.5,1.5,2.5,3.0,6.5,"[""Core"", ""Hip Flexors""]","[""Shoulders (Deltoids)"", ""Triceps Brachii"", ""Quadriceps""]","[""Mat""]",Total Body Integration,"[""Wrist"", ""Shoulder""]","[""Wrist pain""]",2,1,0.0625,,0,,0,0,0,0.0,Safe
SAFE0000375,U000375,EX0088,Advanced,Athletic Performance,General Fitness,Prefer not to say,36,162.0,54.1,20.61,Normal,4,Auto,Limited Gym,9,0,0,Bodyweight,Advanced,Advanced,2,2,1,4.0,3.5,3.0,2.0,4.5,"[""Hamstrings"", ""Gluteus Maximus""]","[""Gastrocnemius"", ""Erector Spinae""]","[""GHR Machine""]",Knee Flexion,"[""Knee"", ""Hamstrings""]","[""Acute hamstring strain"", ""Knee pain""]",2,2,0.05,,0,,0,0,1,0.25,Monitor
SAFE0000376,U000376,EX0181,Intermediate,General Fitness,Muscle Gain,Prefer not to say,20,173.0,67.9,22.69,Normal,3,Body Part Split,Commercial Gym,17,1,1,Bodyweight,Intermediate,Intermediate,2,1,1,3.0,3.5,3.0,3.0,4.0,"[""Pectoralis Major"", ""Triceps Brachii""]","[""Anterior Deltoid""]","[""Suspension Trainer (TRX)""]",Horizontal Push,"[""Shoulder"", ""Wrist""]","[""Shoulder instability""]",2,1,0.0526,,0,,0,0,1,0.55,Review
SAFE0000377,U000377,EX0180,Advanced,General Fitness,Mobility and Flexibility,Female,22,162.0,83.4,31.78,Obese,2,Auto,Bodyweight Only,2,0,0,Bodyweight,Beginner,Beginner,3,2,1,2.0,1.0,1.5,1.5,2.0,"[""Erector Spinae"", ""Gluteus Maximus"", ""Transverse Abdominis""]","[""Deltoids"", ""Hamstrings""]","[""Mat""]",Core Anti-Rotation,"[""Lower Back"", ""Wrist""]","[""None""]",2,1,0.0,,0,,0,0,0,0.0,Safe
SAFE0000378,U000378,EX0137,Advanced,Mobility and Flexibility,General Fitness,Male,40,166.0,68.8,24.97,Normal,2,Upper Lower,Commercial Gym,18,0,0,Resistance Training,Beginner,Beginner,2,1,1,1.0,1.5,1.5,1.0,2.0,"[""Biceps Brachii"", ""Brachialis""]","[""Brachioradialis""]","[""Bicep Curl Machine""]",Elbow Flexion,"[""Elbow"", ""Wrist""]","[""Medial epicondylitis""]",2,1,0.0312,,0,,0,0,0,0.0,Safe
SAFE0000379,U000379,EX0274,Beginner,Strength,Mobility and Flexibility,Other,28,161.0,76.1,29.36,Overweight,4,Push Pull Legs,Home Gym,3,0,0,Bodyweight,Beginner,Beginner,3,1,1,1.0,1.0,1.0,1.5,1.5,"[""Adductors (Longus, Magnus, Brevis)"", ""Gracilis"", ""Pectineus""]","[""None""]","[""Mat""]",Hip Adduction,"[""Hip"", ""Groin""]","[""Acute groin strain""]",2,1,0.0256,,0,,0,0,0,0.0,Safe
SAFE0000380,U000380,EX0004,Beginner,Mobility and Flexibility,Muscular Endurance,Other,38,174.0,60.9,20.11,Normal,4,Auto,Home Gym,2,0,0,Bodyweight,Beginner,Beginner,1,2,1,2.0,2.0,2.0,1.0,3.8,"[""Pectoralis Major""]","[""Anterior Deltoid"", ""Triceps Brachii""]","[""Bodyweight""]",Horizontal Push,"[""Shoulder"", ""Elbow"", ""Wrist""]",[],3,0,0.027,Mild Discomfort,1,,0,0,0,0.0,Safe
SAFE0000381,U000381,EX0143,Beginner,Muscle Gain,Strength,Female,22,157.0,67.4,27.34,Overweight,2,Chest Back Legs,Limited Gym,8,0,0,Resistance Training,Beginner,Beginner,1,1,1,1.5,2.0,2.0,1.5,3.0,"[""Gluteus Maximus""]","[""Hamstrings""]","[""Glute Kickback Machine""]",Hip Extension,"[""Lower Back"", ""Hip""]","[""Lumbar disc herniation""]",2,1,0.0625,Mild Discomfort,1,,0,0,0,0.0,Safe
SAFE0000382,U000382,EX0004,Advanced,Muscular Endurance,Rehabilitation and Joint Health,Other,28,168.0,78.7,27.88,Overweight,2,Chest Back Legs,Bodyweight Only,2,0,0,Bodyweight,Beginner,Beginner,1,2,1,2.0,2.0,2.0,1.0,3.8,"[""Pectoralis Major""]","[""Anterior Deltoid"", ""Triceps Brachii""]","[""Bodyweight""]",Horizontal Push,"[""Shoulder"", ""Elbow"", ""Wrist""]",[],3,0,0.0312,,0,,0,0,0,0.0,Safe
SAFE0000383,U000383,EX0026,Advanced,Athletic Performance,Mobility and Flexibility,Prefer not to say,35,167.0,83.4,29.9,Overweight,4,Chest Back Legs,Home Gym,4,0,0,Bodyweight,Beginner,Beginner,2,3,1,1.5,2.0,1.0,2.0,3.0,"[""Rectus Abdominis"", ""Transverse Abdominis""]","[""Obliques"", ""Erector Spinae"", ""Serratus Anterior""]","[""Bodyweight""]",Core Anti-Extension,"[""Lower Back"", ""Shoulder""]",[],2,0,0.0526,,0,,0,0,0,0.0,Safe
SAFE0000384,U000384,EX0242,Intermediate,Strength,General Fitness,Other,18,162.0,68.8,26.22,Overweight,6,Full Body,Commercial Gym,11,0,0,Resistance Training,Intermediate,Intermediate,2,1,1,2.0,3.5,2.0,1.5,3.0,"[""Pectoralis Major"", ""Triceps Brachii""]","[""Anterior Deltoid""]","[""Dumbbell""]",Horizontal Push,"[""Wrist"", ""Elbow""]","[""Wrist pain""]",2,1,0.0,,0,,0,0,0,0.0,Safe
SAFE0000385,U000385,EX0026,Beginner,Rehabilitation and Joint Health,Fat Loss,Female,26,156.0,45.8,18.82,Normal,3,Auto,Limited Gym,3,0,0,Bodyweight,Beginner,Beginner,2,3,1,1.5,2.0,1.0,2.0,3.0,"[""Rectus Abdominis"", ""Transverse Abdominis""]","[""Obliques"", ""Erector Spinae"", ""Serratus Anterior""]","[""Bodyweight""]",Core Anti-Extension,"[""Lower Back"", ""Shoulder""]",[],2,0,0.0488,Mild Discomfort,1,,0,0,0,0.0,Safe
SAFE0000386,U000386,EX0004,Intermediate,Fat Loss,Rehabilitation and Joint Health,Male,26,160.0,49.4,19.3,Normal,2,Auto,Limited Gym,8,0,0,Bodyweight,Beginner,Beginner,1,2,1,2.0,2.0,2.0,1.0,3.8,"[""Pectoralis Major""]","[""Anterior Deltoid"", ""Triceps Brachii""]","[""Bodyweight""]",Horizontal Push,"[""Shoulder"", ""Elbow"", ""Wrist""]",[],3,0,0.0625,,0,,0,0,0,0.0,Safe
SAFE0000387,U000387,EX0180,Beginner,General Fitness,Mobility and Flexibility,Male,42,175.0,82.1,26.81,Overweight,3,Push Pull Legs,Bodyweight Only,2,0,0,Bodyweight,Beginner,Beginner,3,2,1,2.0,1.0,1.5,1.5,2.0,"[""Erector Spinae"", ""Gluteus Maximus"", ""Transverse Abdominis""]","[""Deltoids"", ""Hamstrings""]","[""Mat""]",Core Anti-Rotation,"[""Lower Back"", ""Wrist""]","[""None""]",2,1,0.0811,,0,,0,0,0,0.0,Safe
SAFE0000388,U000388,EX0004,Advanced,Muscle Gain,Rehabilitation and Joint Health,Female,21,150.0,42.9,19.07,Normal,4,Push Pull Legs,Home Gym,3,0,0,Bodyweight,Beginner,Beginner,1,2,1,2.0,2.0,2.0,1.0,3.8,"[""Pectoralis Major""]","[""Anterior Deltoid"", ""Triceps Brachii""]","[""Bodyweight""]",Horizontal Push,"[""Shoulder"", ""Elbow"", ""Wrist""]",[],3,0,0.0,,0,,0,0,0,0.0,Safe
SAFE0000389,U000389,EX0004,Beginner,Strength,Rehabilitation and Joint Health,Prefer not to say,20,170.0,56.3,19.48,Normal,5,Push Pull Legs,Limited Gym,6,0,0,Bodyweight,Beginner,Beginner,1,2,1,2.0,2.0,2.0,1.0,3.8,"[""Pectoralis Major""]","[""Anterior Deltoid"", ""Triceps Brachii""]","[""Bodyweight""]",Horizontal Push,"[""Shoulder"", ""Elbow"", ""Wrist""]",[],3,0,0.1,Mild Discomfort,1,,0,0,0,0.0,Safe
SAFE0000390,U000390,EX0277,Beginner,Fat Loss,Muscular Endurance,Prefer not to say,28,156.0,64.4,26.46,Overweight,3,Chest Back Legs,Home Gym,3,0,0,Bodyweight,Beginner,Beginner,3,2,1,2.5,2.0,2.0,3.0,3.0,"[""Triceps Brachii"", ""Gluteus Maximus"", ""Hamstrings""]","[""Core"", ""Shoulders (Anterior Deltoid)""]","[""Bodyweight""]",Gait,"[""Wrist"", ""Shoulder""]",[],2,0,0.0526,,0,,0,0,0,0.0,Safe
SAFE0000391,U000391,EX0052,Advanced,Strength,Rehabilitation and Joint Health,Male,26,174.0,61.6,20.35,Normal,5,Auto,Commercial Gym,16,0,0,Resistance Training,Beginner,Beginner,1,2,1,2.0,4.0,2.0,1.0,4.5,"[""Quadriceps""]","[""Gluteus Maximus"", ""Hamstrings""]","[""Hack Squat Machine""]",Squat,"[""Knee"", ""Lower Back""]","[""Severe knee osteoarthritis""]",2,1,0.0,,0,,0,0,0,0.0,Safe
SAFE0000392,U000392,EX0095,Intermediate,Athletic Performance,General Fitness,Female,22,164.0,60.8,22.61,Normal,4,Push Pull Legs,Commercial Gym,11,0,0,Resistance Training,Intermediate,Intermediate,2,3,1,4.0,4.5,3.5,3.5,5.5,"[""Anterior Deltoid"", ""Triceps Brachii""]","[""Quadriceps"", ""Gluteus Maximus"", ""Lateral Deltoid""]","[""Barbell""]",Vertical Push,"[""Shoulder"", ""Knee"", ""Lower Back""]","[""Shoulder impingement"", ""Lumbar spine instability""]",3,2,0.0244,,0,,0,0,0,0.0,Safe
SAFE0000393,U000393,EX0004,Beginner,Athletic Performance,Rehabilitation and Joint Health,Prefer not to say,21,169.0,68.6,24.02,Normal,5,Push Pull Legs,Commercial Gym,12,0,0,Bodyweight,Beginner,Beginner,1,2,1,2.0,2.0,2.0,1.0,3.8,"[""Pectoralis Major""]","[""Anterior Deltoid"", ""Triceps Brachii""]","[""Bodyweight""]",Horizontal Push,"[""Shoulder"", ""Elbow"", ""Wrist""]",[],3,0,0.0,,0,,0,0,0,0.0,Safe
SAFE0000394,U000394,EX0004,Advanced,General Fitness,Athletic Performance,Other,22,174.0,83.6,27.61,Overweight,4,Chest Back Legs,Limited Gym,9,0,0,Bodyweight,Beginner,Beginner,1,2,1,2.0,2.0,2.0,1.0,3.8,"[""Pectoralis Major""]","[""Anterior Deltoid"", ""Triceps Brachii""]","[""Bodyweight""]",Horizontal Push,"[""Shoulder"", ""Elbow"", ""Wrist""]",[],3,0,0.027,Mild Discomfort,1,,0,0,0,0.0,Safe
SAFE0000395,U000395,EX0125,Advanced,Strength,General Fitness,Male,26,162.0,74.1,28.24,Overweight,5,Body Part Split,Limited Gym,7,1,1,Resistance Training,Beginner,Beginner,1,2,1,1.0,1.5,1.5,1.0,2.0,"[""Lateral Deltoid""]","[""Anterior Deltoid"", ""Supraspinatus""]","[""Lateral Raise Machine""]",Vertical Push,"[""Shoulder""]","[""Acute shoulder impingement""]",1,1,0.0571,Mild Discomfort,1,,0,0,0,0.0,Safe
SAFE0000396,U000396,EX0004,Intermediate,Muscle Gain,Mobility and Flexibility,Male,22,174.0,54.8,18.1,Underweight,3,Auto,Limited Gym,4,0,0,Bodyweight,Beginner,Beginner,1,2,1,2.0,2.0,2.0,1.0,3.8,"[""Pectoralis Major""]","[""Anterior Deltoid"", ""Triceps Brachii""]","[""Bodyweight""]",Horizontal Push,"[""Shoulder"", ""Elbow"", ""Wrist""]",[],3,0,0.0,,0,,0,0,0,0.0,Safe
SAFE0000397,U000397,EX0003,Beginner,Athletic Performance,Rehabilitation and Joint Health,Female,19,159.0,51.0,20.17,Normal,6,Auto,Limited Gym,6,0,0,Resistance Training,Beginner,Beginner,1,2,1,1.0,1.0,1.0,1.0,3.5,"[""Pectoralis Major""]","[""Anterior Deltoid"", ""Triceps Brachii""]","[""Chest Press Machine""]",Horizontal Push,"[""Shoulder"", ""Elbow""]",[],2,0,0.0,,0,,0,0,0,0.0,Safe
SAFE0000398,U000398,EX0224,Intermediate,Strength,Athletic Performance,Other,18,159.0,63.1,24.96,Normal,2,Auto,Bodyweight Only,2,0,0,Bodyweight,Intermediate,Intermediate,2,2,1,2.5,3.0,3.0,3.0,4.5,"[""Anterior Deltoid"", ""Lateral Deltoid""]","[""Triceps Brachii"", ""Upper Trapezius""]","[""Mat""]",Vertical Push,"[""Shoulder"", ""Wrist"", ""Neck""]","[""High blood pressure"", ""Shoulder instability""]",3,2,0.0312,,0,,0,0,0,0.0,Safe
SAFE0000399,U000399,EX0004,Beginner,Fat Loss,Mobility and Flexibility,Female,21,160.0,75.2,29.37,Overweight,6,Chest Back Legs,Commercial Gym,14,0,0,Bodyweight,Beginner,Beginner,1,2,1,2.0,2.0,2.0,1.0,3.8,"[""Pectoralis Major""]","[""Anterior Deltoid"", ""Triceps Brachii""]","[""Bodyweight""]",Horizontal Push,"[""Shoulder"", ""Elbow"", ""Wrist""]",[],3,0,0.0732,,0,,0,0,0,0.0,Safe
SAFE0000400,U000400,EX0004,Beginner,Muscular Endurance,Athletic Performance,Prefer not to say,26,159.0,60.9,24.09,Normal,5,Push Pull Legs,Home Gym,5,0,0,Bodyweight,Beginner,Beginner,1,2,1,2.0,2.0,2.0,1.0,3.8,"[""Pectoralis Major""]","[""Anterior Deltoid"", ""Triceps Brachii""]","[""Bodyweight""]",Horizontal Push,"[""Shoulder"", ""Elbow"", ""Wrist""]",[],3,0,0.0,,0,,0,0,0,0.0,Safe
SAFE0000401,U000401,EX0227,Advanced,Muscular Endurance,Fat Loss,Other,21,158.0,56.9,22.79,Normal,2,Chest Back Legs,Bodyweight Only,2,0,0,Bodyweight,Beginner,Beginner,2,3,1,3.5,1.5,2.5,3.0,6.5,"[""Core"", ""Hip Flexors""]","[""Shoulders (Deltoids)"", ""Triceps Brachii"", ""Quadriceps""]","[""Mat""]",Total Body Integration,"[""Wrist"", ""Shoulder""]","[""Wrist pain""]",2,1,0.0625,,0,,0,0,0,0.0,Safe
SAFE0000402,U000402,EX0004,Beginner,General Fitness,Rehabilitation and Joint Health,Female,39,157.0,45.6,18.5,Normal,6,Upper Lower,Limited Gym,6,1,1,Bodyweight,Beginner,Beginner,1,2,1,2.0,2.0,2.0,1.0,3.8,"[""Pectoralis Major""]","[""Anterior Deltoid"", ""Triceps Brachii""]","[""Bodyweight""]",Horizontal Push,"[""Shoulder"", ""Elbow"", ""Wrist""]",[],3,0,0.0,,0,,0,0,0,0.0,Safe
SAFE0000403,U000403,EX0179,Beginner,Mobility and Flexibility,Muscular Endurance,Other,40,168.0,79.3,28.1,Overweight,2,Chest Back Legs,Bodyweight Only,2,0,0,Bodyweight,Beginner,Beginner,2,2,1,2.5,1.5,1.5,1.5,2.5,"[""Rectus Abdominis"", ""Transverse Abdominis""]","[""Obliques"", ""Hip Flexors""]","[""Mat""]",Core Anti-Extension,"[""Lower Back""]","[""None""]",1,1,0.0625,,0,,0,0,0,0.0,Safe
SAFE0000404,U000404,EX0004,Intermediate,Fat Loss,Rehabilitation and Joint Health,Female,38,155.0,63.3,26.35,Overweight,3,Push Pull Legs,Home Gym,2,0,0,Bodyweight,Beginner,Beginner,1,2,1,2.0,2.0,2.0,1.0,3.8,"[""Pectoralis Major""]","[""Anterior Deltoid"", ""Triceps Brachii""]","[""Bodyweight""]",Horizontal Push,"[""Shoulder"", ""Elbow"", ""Wrist""]",[],3,0,0.0263,,0,,0,0,1,0.25,Monitor
SAFE0000405,U000405,EX0004,Advanced,General Fitness,Strength,Male,31,163.0,53.9,20.29,Normal,4,Chest Back Legs,Limited Gym,6,0,0,Bodyweight,Beginner,Beginner,1,2,1,2.0,2.0,2.0,1.0,3.8,"[""Pectoralis Major""]","[""Anterior Deltoid"", ""Triceps Brachii""]","[""Bodyweight""]",Horizontal Push,"[""Shoulder"", ""Elbow"", ""Wrist""]",[],3,0,0.0278,Mild Discomfort,1,,0,0,0,0.0,Safe
SAFE0000406,U000406,EX0004,Intermediate,Muscular Endurance,Rehabilitation and Joint Health,Female,26,155.0,43.9,18.27,Underweight,6,Push Pull Legs,Limited Gym,7,0,0,Bodyweight,Beginner,Beginner,1,2,1,2.0,2.0,2.0,1.0,3.8,"[""Pectoralis Major""]","[""Anterior Deltoid"", ""Triceps Brachii""]","[""Bodyweight""]",Horizontal Push,"[""Shoulder"", ""Elbow"", ""Wrist""]",[],3,0,0.0,,0,,0,0,0,0.0,Safe
SAFE0000407,U000407,EX0279,Advanced,Mobility and Flexibility,Athletic Performance,Prefer not to say,19,173.0,89.0,29.74,Overweight,5,Chest Back Legs,Commercial Gym,12,1,1,Bodyweight,Advanced,Advanced,2,2,1,3.0,1.5,5.0,4.0,2.0,"[""Neck Extensors (Splenius Capitis, Erector Spinae Cervicis)"", ""Gluteus Maximus""]","[""Hamstrings"", ""Erector Spinae (Lumbar)""]","[""Mat""]",Spinal Extension,"[""Cervical Spine"", ""Lower Back""]","[""Any history of neck pain, cervical disc herniation, or spine issues""]",2,1,0.0513,No Pain,0,,0,0,0,0.0,Safe
SAFE0000408,U000408,EX0004,Beginner,General Fitness,Rehabilitation and Joint Health,Male,34,168.0,71.7,25.4,Overweight,3,Upper Lower,Limited Gym,7,0,0,Bodyweight,Beginner,Beginner,1,2,1,2.0,2.0,2.0,1.0,3.8,"[""Pectoralis Major""]","[""Anterior Deltoid"", ""Triceps Brachii""]","[""Bodyweight""]",Horizontal Push,"[""Shoulder"", ""Elbow"", ""Wrist""]",[],3,0,0.027,Mild Discomfort,1,,0,0,0,0.0,Safe
SAFE0000409,U000409,EX0004,Advanced,Athletic Performance,Muscle Gain,Other,33,168.0,61.6,21.83,Normal,3,Chest Back Legs,Home Gym,3,0,0,Bodyweight,Beginner,Beginner,1,2,1,2.0,2.0,2.0,1.0,3.8,"[""Pectoralis Major""]","[""Anterior Deltoid"", ""Triceps Brachii""]","[""Bodyweight""]",Horizontal Push,"[""Shoulder"", ""Elbow"", ""Wrist""]",[],3,0,0.0286,No Pain,0,,0,0,0,0.0,Safe
SAFE0000410,U000410,EX0287,Advanced,General Fitness,Athletic Performance,Male,19,180.0,91.5,28.24,Overweight,3,Upper Lower,Home Gym,2,1,1,Bodyweight,Intermediate,Intermediate,2,1,1,3.0,3.0,3.0,3.5,4.0,"[""Quadriceps"", ""Gluteus Maximus""]","[""Hamstrings""]","[""Suspension Trainer (TRX)""]",Squat,"[""Knee"", ""Ankle""]","[""Severe knee osteoarthritis"", ""Patellofemoral pain""]",2,2,0.025,No Pain,0,,0,0,1,0.25,Monitor
SAFE0000411,U000411,EX0319,Intermediate,General Fitness,Rehabilitation and Joint Health,Female,21,159.0,44.4,17.56,Underweight,2,Push Pull Legs,Limited Gym,9,0,0,Bodyweight,Beginner,Beginner,2,2,1,1.0,1.0,1.5,3.5,2.0,"[""Lower Trapezius"", ""Serratus Anterior""]","[""Lateral Deltoid"", ""External Rotators""]","[""Wall""]",Scapular Upward Rotation,"[""Shoulder""]",[],1,0,0.0,No Pain,0,,0,0,0,0.0,Safe
SAFE0000412,U000412,EX0281,Intermediate,Strength,Athletic Performance,Other,45,170.0,71.4,24.71,Normal,5,Body Part Split,Home Gym,4,0,0,Resistance Training,Intermediate,Intermediate,2,1,1,3.0,3.5,2.5,3.0,4.0,"[""Pectoralis Major"", ""Triceps Brachii""]","[""Anterior Deltoid""]","[""Resistance Band""]",Horizontal Push,"[""Shoulder"", ""Wrist"", ""Elbow""]","[""Shoulder impingement""]",3,1,0.0,No Pain,0,,0,0,0,0.0,Safe
SAFE0000413,U000413,EX0004,Intermediate,Athletic Performance,General Fitness,Male,45,166.0,68.5,24.86,Normal,2,Body Part Split,Home Gym,2,0,0,Bodyweight,Beginner,Beginner,1,2,1,2.0,2.0,2.0,1.0,3.8,"[""Pectoralis Major""]","[""Anterior Deltoid"", ""Triceps Brachii""]","[""Bodyweight""]",Horizontal Push,"[""Shoulder"", ""Elbow"", ""Wrist""]",[],3,0,0.0,,0,,0,0,0,0.0,Safe
SAFE0000414,U000414,EX0004,Beginner,Athletic Performance,Muscle Gain,Prefer not to say,19,166.0,85.4,30.99,Obese,5,Body Part Split,Bodyweight Only,2,0,0,Bodyweight,Beginner,Beginner,1,2,1,2.0,2.0,2.0,1.0,3.8,"[""Pectoralis Major""]","[""Anterior Deltoid"", ""Triceps Brachii""]","[""Bodyweight""]",Horizontal Push,"[""Shoulder"", ""Elbow"", ""Wrist""]",[],3,0,0.0513,No Pain,0,,0,0,0,0.0,Safe
SAFE0000415,U000415,EX0004,Beginner,Muscular Endurance,Fat Loss,Prefer not to say,20,180.0,74.3,22.93,Normal,4,Auto,Commercial Gym,19,0,0,Bodyweight,Beginner,Beginner,1,2,1,2.0,2.0,2.0,1.0,3.8,"[""Pectoralis Major""]","[""Anterior Deltoid"", ""Triceps Brachii""]","[""Bodyweight""]",Horizontal Push,"[""Shoulder"", ""Elbow"", ""Wrist""]",[],3,0,0.027,,0,,0,0,0,0.0,Safe
SAFE0000416,U000416,EX0026,Beginner,General Fitness,Strength,Male,44,166.0,62.9,22.83,Normal,3,Upper Lower,Home Gym,5,1,1,Bodyweight,Beginner,Beginner,2,3,1,1.5,2.0,1.0,2.0,3.0,"[""Rectus Abdominis"", ""Transverse Abdominis""]","[""Obliques"", ""Erector Spinae"", ""Serratus Anterior""]","[""Bodyweight""]",Core Anti-Extension,"[""Lower Back"", ""Shoulder""]",[],2,0,0.0571,,0,,0,0,0,0.0,Safe
SAFE0000417,U000417,EX0179,Beginner,Athletic Performance,Mobility and Flexibility,Female,33,164.0,68.9,25.62,Overweight,2,Auto,Bodyweight Only,2,0,0,Bodyweight,Beginner,Beginner,2,2,1,2.5,1.5,1.5,1.5,2.5,"[""Rectus Abdominis"", ""Transverse Abdominis""]","[""Obliques"", ""Hip Flexors""]","[""Mat""]",Core Anti-Extension,"[""Lower Back""]","[""None""]",1,1,0.0,No Pain,0,,0,0,0,0.0,Safe
SAFE0000418,U000418,EX0095,Intermediate,Athletic Performance,Muscular Endurance,Male,32,174.0,61.3,20.25,Normal,4,Push Pull Legs,Limited Gym,8,0,0,Resistance Training,Intermediate,Intermediate,2,3,1,4.0,4.5,3.5,3.5,5.5,"[""Anterior Deltoid"", ""Triceps Brachii""]","[""Quadriceps"", ""Gluteus Maximus"", ""Lateral Deltoid""]","[""Barbell""]",Vertical Push,"[""Shoulder"", ""Knee"", ""Lower Back""]","[""Shoulder impingement"", ""Lumbar spine instability""]",3,2,0.0263,No Pain,0,,0,0,0,0.0,Safe
SAFE0000419,U000419,EX0003,Beginner,General Fitness,Strength,Female,23,159.0,48.6,19.22,Normal,6,Upper Lower,Limited Gym,4,0,0,Resistance Training,Beginner,Beginner,1,2,1,1.0,1.0,1.0,1.0,3.5,"[""Pectoralis Major""]","[""Anterior Deltoid"", ""Triceps Brachii""]","[""Chest Press Machine""]",Horizontal Push,"[""Shoulder"", ""Elbow""]",[],2,0,0.0556,Pain,1,,0,0,0,0.0,Safe
SAFE0000420,U000420,EX0227,Advanced,Muscular Endurance,Fat Loss,Other,22,176.0,66.4,21.44,Normal,6,Upper Lower,Bodyweight Only,2,0,0,Bodyweight,Beginner,Beginner,2,3,1,3.5,1.5,2.5,3.0,6.5,"[""Core"", ""Hip Flexors""]","[""Shoulders (Deltoids)"", ""Triceps Brachii"", ""Quadriceps""]","[""Mat""]",Total Body Integration,"[""Wrist"", ""Shoulder""]","[""Wrist pain""]",2,1,0.0244,Mild Discomfort,1,,0,0,0,0.0,Safe
SAFE0000421,U000421,EX0009,Intermediate,Muscle Gain,Mobility and Flexibility,Prefer not to say,21,173.0,57.5,19.21,Normal,3,Push Pull Legs,Limited Gym,5,0,0,Resistance Training,Beginner,Beginner,2,3,1,1.0,1.0,1.0,1.0,3.5,"[""Latissimus Dorsi"", ""Rhomboids""]","[""Middle Trapezius"", ""Posterior Deltoid"", ""Biceps Brachii""]","[""Row Machine""]",Horizontal Pull,"[""Shoulder"", ""Elbow""]","[""Acute shoulder pain"", ""Pain during pulling""]",2,2,0.0256,No Pain,0,,0,0,0,0.0,Safe
SAFE0000422,U000422,EX0105,Advanced,General Fitness,Muscular Endurance,Female,30,169.0,67.9,23.77,Normal,6,Auto,Home Gym,5,1,1,Resistance Training,Beginner,Beginner,2,1,1,1.5,1.5,1.5,3.0,2.0,"[""Gluteus Medius"", ""Gluteus Minimus""]","[""Tensor Fasciae Latae""]","[""Resistance Band""]",Hip Abduction,"[""Hip"", ""Knee""]","[""Severe hip osteoarthritis""]",2,1,0.0,No Pain,0,,0,0,0,0.0,Safe
SAFE0000423,U000423,EX0269,Intermediate,Muscle Gain,Rehabilitation and Joint Health,Male,21,180.0,103.3,31.88,Obese,3,Auto,Bodyweight Only,2,0,0,Bodyweight,Beginner,Beginner,2,2,1,2.0,2.0,2.5,3.0,2.5,"[""Gluteus Maximus"", ""Hamstrings""]","[""Core"", ""Erector Spinae""]","[""Mat""]",Hip Extension,"[""Lower Back""]","[""None""]",1,1,0.0286,No Pain,0,,0,0,0,0.0,Safe
SAFE0000424,U000424,EX0227,Beginner,Muscle Gain,Mobility and Flexibility,Male,37,170.0,77.2,26.71,Overweight,4,Auto,Bodyweight Only,2,0,0,Bodyweight,Beginner,Beginner,2,3,1,3.5,1.5,2.5,3.0,6.5,"[""Core"", ""Hip Flexors""]","[""Shoulders (Deltoids)"", ""Triceps Brachii"", ""Quadriceps""]","[""Mat""]",Total Body Integration,"[""Wrist"", ""Shoulder""]","[""Wrist pain""]",2,1,0.025,No Pain,0,,0,0,0,0.0,Safe
SAFE0000425,U000425,EX0004,Intermediate,General Fitness,Muscular Endurance,Prefer not to say,29,167.0,61.9,22.2,Normal,4,Chest Back Legs,Commercial Gym,18,0,0,Bodyweight,Beginner,Beginner,1,2,1,2.0,2.0,2.0,1.0,3.8,"[""Pectoralis Major""]","[""Anterior Deltoid"", ""Triceps Brachii""]","[""Bodyweight""]",Horizontal Push,"[""Shoulder"", ""Elbow"", ""Wrist""]",[],3,0,0.0,No Pain,0,,0,0,0,0.0,Safe
SAFE0000426,U000426,EX0059,Advanced,Mobility and Flexibility,Muscle Gain,Female,43,163.0,70.8,26.65,Overweight,4,Push Pull Legs,Commercial Gym,18,0,0,Resistance Training,Beginner,Beginner,1,1,1,1.0,2.0,1.0,2.0,3.0,"[""Upper Trapezius""]","[""Levator Scapulae""]","[""Dumbbell""]",Scapular Elevation,"[""Neck"", ""Shoulder""]","[""Cervical spine issues"", ""Neck spasms""]",2,2,0.0,No Pain,0,,0,0,0,0.0,Safe
SAFE0000427,U000427,EX0004,Intermediate,Muscle Gain,Mobility and Flexibility,Female,23,152.0,73.2,31.68,Obese,5,Auto,Limited Gym,6,0,0,Bodyweight,Beginner,Beginner,1,2,1,2.0,2.0,2.0,1.0,3.8,"[""Pectoralis Major""]","[""Anterior Deltoid"", ""Triceps Brachii""]","[""Bodyweight""]",Horizontal Push,"[""Shoulder"", ""Elbow"", ""Wrist""]",[],3,0,0.0488,Mild Discomfort,1,,0,0,0,0.0,Safe
SAFE0000428,U000428,EX0004,Intermediate,Athletic Performance,Muscle Gain,Other,34,163.0,84.3,31.73,Obese,5,Body Part Split,Bodyweight Only,2,0,0,Bodyweight,Beginner,Beginner,1,2,1,2.0,2.0,2.0,1.0,3.8,"[""Pectoralis Major""]","[""Anterior Deltoid"", ""Triceps Brachii""]","[""Bodyweight""]",Horizontal Push,"[""Shoulder"", ""Elbow"", ""Wrist""]",[],3,0,0.0769,No Pain,0,,0,0,0,0.0,Safe
SAFE0000429,U000429,EX0026,Advanced,Strength,Muscle Gain,Male,18,167.0,77.6,27.82,Overweight,2,Body Part Split,Home Gym,4,0,0,Bodyweight,Beginner,Beginner,2,3,1,1.5,2.0,1.0,2.0,3.0,"[""Rectus Abdominis"", ""Transverse Abdominis""]","[""Obliques"", ""Erector Spinae"", ""Serratus Anterior""]","[""Bodyweight""]",Core Anti-Extension,"[""Lower Back"", ""Shoulder""]",[],2,0,0.0,,0,,0,0,0,0.0,Safe
SAFE0000430,U000430,EX0270,Beginner,Strength,Athletic Performance,Other,24,174.0,70.0,23.12,Normal,5,Upper Lower,Home Gym,7,1,1,Resistance Training,Beginner,Beginner,3,1,1,1.5,1.5,2.5,2.0,2.0,"[""Hamstrings"", ""Gluteus Maximus"", ""Erector Spinae""]","[""None""]","[""Resistance Band""]",Hinge,"[""Lower Back""]","[""Acute low back pain""]",1,1,0.0571,No Pain,0,,0,0,0,0.0,Safe
SAFE0000431,U000431,EX0004,Beginner,Strength,General Fitness,Male,42,178.0,91.7,28.94,Overweight,5,Chest Back Legs,Home Gym,5,0,0,Bodyweight,Beginner,Beginner,1,2,1,2.0,2.0,2.0,1.0,3.8,"[""Pectoralis Major""]","[""Anterior Deltoid"", ""Triceps Brachii""]","[""Bodyweight""]",Horizontal Push,"[""Shoulder"", ""Elbow"", ""Wrist""]",[],3,0,0.05,No Pain,0,,0,0,0,0.0,Safe
SAFE0000432,U000432,EX0145,Beginner,General Fitness,Strength,Male,48,170.0,53.8,18.62,Normal,6,Upper Lower,Home Gym,5,1,1,Bodyweight,Beginner,Beginner,1,2,1,1.0,2.0,1.5,1.0,3.0,"[""Quadriceps""]","[""Gluteus Maximus"", ""Calves""]","[""Wall""]",Squat,"[""Knee""]","[""Acute knee pain""]",1,1,0.0,No Pain,0,,0,0,0,0.0,Safe
SAFE0000433,U000433,EX0004,Advanced,General Fitness,Athletic Performance,Male,25,173.0,69.8,23.32,Normal,6,Body Part Split,Limited Gym,6,0,0,Bodyweight,Beginner,Beginner,1,2,1,2.0,2.0,2.0,1.0,3.8,"[""Pectoralis Major""]","[""Anterior Deltoid"", ""Triceps Brachii""]","[""Bodyweight""]",Horizontal Push,"[""Shoulder"", ""Elbow"", ""Wrist""]",[],3,0,0.0278,No Pain,0,,0,0,0,0.0,Safe
SAFE0000434,U000434,EX0037,Advanced,Mobility and Flexibility,General Fitness,Prefer not to say,37,165.0,69.0,25.34,Overweight,4,Push Pull Legs,Limited Gym,6,0,0,Resistance Training,Beginner,Beginner,2,1,1,1.5,2.0,1.0,1.5,3.0,"[""Brachioradialis"", ""Brachialis""]","[""Biceps Brachii""]","[""Dumbbell""]",Elbow Flexion,"[""Elbow""]","[""Elbow pain""]",1,1,0.0,No Pain,0,,0,0,0,0.0,Safe
SAFE0000435,U000435,EX0003,Advanced,Strength,Athletic Performance,Other,19,159.0,78.8,31.17,Obese,5,Push Pull Legs,Commercial Gym,14,0,0,Resistance Training,Beginner,Beginner,1,2,1,1.0,1.0,1.0,1.0,3.5,"[""Pectoralis Major""]","[""Anterior Deltoid"", ""Triceps Brachii""]","[""Chest Press Machine""]",Horizontal Push,"[""Shoulder"", ""Elbow""]",[],2,0,0.0513,No Pain,0,,0,0,0,0.0,Safe
SAFE0000436,U000436,EX0026,Advanced,Mobility and Flexibility,Athletic Performance,Female,20,168.0,66.0,23.38,Normal,3,Body Part Split,Home Gym,5,0,0,Bodyweight,Beginner,Beginner,2,3,1,1.5,2.0,1.0,2.0,3.0,"[""Rectus Abdominis"", ""Transverse Abdominis""]","[""Obliques"", ""Erector Spinae"", ""Serratus Anterior""]","[""Bodyweight""]",Core Anti-Extension,"[""Lower Back"", ""Shoulder""]",[],2,0,0.0541,No Pain,0,,0,0,0,0.0,Safe
SAFE0000437,U000437,EX0004,Advanced,Fat Loss,Muscle Gain,Male,28,174.0,84.6,27.94,Overweight,2,Push Pull Legs,Limited Gym,6,0,0,Bodyweight,Beginner,Beginner,1,2,1,2.0,2.0,2.0,1.0,3.8,"[""Pectoralis Major""]","[""Anterior Deltoid"", ""Triceps Brachii""]","[""Bodyweight""]",Horizontal Push,"[""Shoulder"", ""Elbow"", ""Wrist""]",[],3,0,0.0,No Pain,0,,0,0,0,0.0,Safe
SAFE0000438,U000438,EX0227,Beginner,Muscular Endurance,Muscle Gain,Prefer not to say,33,159.0,65.5,25.91,Overweight,5,Auto,Limited Gym,6,1,1,Bodyweight,Beginner,Beginner,2,3,1,3.5,1.5,2.5,3.0,6.5,"[""Core"", ""Hip Flexors""]","[""Shoulders (Deltoids)"", ""Triceps Brachii"", ""Quadriceps""]","[""Mat""]",Total Body Integration,"[""Wrist"", ""Shoulder""]","[""Wrist pain""]",2,1,0.0,No Pain,0,,0,0,1,0.55,Review
SAFE0000439,U000439,EX0004,Intermediate,Strength,Muscular Endurance,Female,19,155.0,43.0,17.9,Underweight,5,Auto,Limited Gym,7,0,0,Bodyweight,Beginner,Beginner,1,2,1,2.0,2.0,2.0,1.0,3.8,"[""Pectoralis Major""]","[""Anterior Deltoid"", ""Triceps Brachii""]","[""Bodyweight""]",Horizontal Push,"[""Shoulder"", ""Elbow"", ""Wrist""]",[],3,0,0.0526,No Pain,0,,0,0,0,0.0,Safe
SAFE0000440,U000440,EX0011,Advanced,Athletic Performance,Rehabilitation and Joint Health,Other,18,150.0,55.3,24.58,Normal,6,Auto,Limited Gym,6,0,0,Resistance Training,Intermediate,Intermediate,1,4,1,4.0,4.0,3.0,2.0,6.0,"[""Latissimus Dorsi""]","[""Biceps Brachii"", ""Brachialis"", ""Rhomboids"", ""Posterior Deltoid""]","[""Pull-up Bar""]",Vertical Pull,"[""Shoulder"", ""Elbow"", ""Wrist""]","[""Acute shoulder or elbow pain"", ""Inability to control the hanging position"", ""Painful overhead range""]",3,3,0.0,No Pain,0,,0,0,0,0.0,Safe
SAFE0000441,U000441,EX0004,Advanced,Muscle Gain,Strength,Prefer not to say,26,163.0,60.9,22.92,Normal,5,Chest Back Legs,Commercial Gym,12,0,0,Bodyweight,Beginner,Beginner,1,2,1,2.0,2.0,2.0,1.0,3.8,"[""Pectoralis Major""]","[""Anterior Deltoid"", ""Triceps Brachii""]","[""Bodyweight""]",Horizontal Push,"[""Shoulder"", ""Elbow"", ""Wrist""]",[],3,0,0.0,No Pain,0,,0,0,0,0.0,Safe
SAFE0000442,U000442,EX0004,Beginner,Muscular Endurance,General Fitness,Male,25,168.0,79.5,28.17,Overweight,3,Auto,Home Gym,3,0,0,Bodyweight,Beginner,Beginner,1,2,1,2.0,2.0,2.0,1.0,3.8,"[""Pectoralis Major""]","[""Anterior Deltoid"", ""Triceps Brachii""]","[""Bodyweight""]",Horizontal Push,"[""Shoulder"", ""Elbow"", ""Wrist""]",[],3,0,0.0256,Mild Discomfort,1,,0,0,0,0.0,Safe
SAFE0000443,U000443,EX0179,Advanced,Athletic Performance,General Fitness,Female,43,164.0,57.7,21.45,Normal,6,Auto,Bodyweight Only,2,0,0,Bodyweight,Beginner,Beginner,2,2,1,2.5,1.5,1.5,1.5,2.5,"[""Rectus Abdominis"", ""Transverse Abdominis""]","[""Obliques"", ""Hip Flexors""]","[""Mat""]",Core Anti-Extension,"[""Lower Back""]","[""None""]",1,1,0.0541,No Pain,0,,0,0,0,0.0,Safe
SAFE0000444,U000444,EX0004,Beginner,Fat Loss,Muscle Gain,Prefer not to say,39,174.0,62.0,20.48,Normal,4,Chest Back Legs,Home Gym,3,0,0,Bodyweight,Beginner,Beginner,1,2,1,2.0,2.0,2.0,1.0,3.8,"[""Pectoralis Major""]","[""Anterior Deltoid"", ""Triceps Brachii""]","[""Bodyweight""]",Horizontal Push,"[""Shoulder"", ""Elbow"", ""Wrist""]",[],3,0,0.0857,No Pain,0,,0,0,0,0.0,Safe
SAFE0000445,U000445,EX0277,Beginner,Muscular Endurance,Rehabilitation and Joint Health,Prefer not to say,21,168.0,84.1,29.8,Overweight,2,Upper Lower,Home Gym,3,0,0,Bodyweight,Beginner,Beginner,3,2,1,2.5,2.0,2.0,3.0,3.0,"[""Triceps Brachii"", ""Gluteus Maximus"", ""Hamstrings""]","[""Core"", ""Shoulders (Anterior Deltoid)""]","[""Bodyweight""]",Gait,"[""Wrist"", ""Shoulder""]",[],2,0,0.0,No Pain,0,,0,0,0,0.0,Safe
SAFE0000446,U000446,EX0004,Intermediate,General Fitness,Strength,Prefer not to say,41,160.0,49.4,19.3,Normal,2,Body Part Split,Bodyweight Only,2,0,0,Bodyweight,Beginner,Beginner,1,2,1,2.0,2.0,2.0,1.0,3.8,"[""Pectoralis Major""]","[""Anterior Deltoid"", ""Triceps Brachii""]","[""Bodyweight""]",Horizontal Push,"[""Shoulder"", ""Elbow"", ""Wrist""]",[],3,0,0.0312,No Pain,0,,0,0,0,0.0,Safe
SAFE0000447,U000447,EX0004,Intermediate,Fat Loss,Rehabilitation and Joint Health,Other,31,159.0,56.5,22.35,Normal,3,Chest Back Legs,Home Gym,3,0,0,Bodyweight,Beginner,Beginner,1,2,1,2.0,2.0,2.0,1.0,3.8,"[""Pectoralis Major""]","[""Anterior Deltoid"", ""Triceps Brachii""]","[""Bodyweight""]",Horizontal Push,"[""Shoulder"", ""Elbow"", ""Wrist""]",[],3,0,0.0,No Pain,0,,0,0,0,0.0,Safe
SAFE0000448,U000448,EX0154,Beginner,Athletic Performance,Strength,Prefer not to say,33,170.0,72.6,25.12,Overweight,3,Push Pull Legs,Home Gym,5,0,0,Resistance Training,Beginner,Beginner,2,4,1,2.0,2.0,4.0,4.0,6.0,"[""Latissimus Dorsi"", ""Rectus Abdominis""]","[""Gluteus Maximus"", ""Hamstrings"", ""Triceps Brachii"", ""Anterior Deltoid""]","[""Medicine Ball""]",Trunk Flexion,"[""Shoulder"", ""Lower Back""]","[""Severe lower back pain""]",2,1,0.0244,No Pain,0,,0,0,0,0.0,Safe
SAFE0000449,U000449,EX0281,Advanced,Athletic Performance,Muscular Endurance,Prefer not to say,36,173.0,54.7,18.28,Underweight,3,Body Part Split,Limited Gym,8,0,0,Resistance Training,Intermediate,Intermediate,2,1,1,3.0,3.5,2.5,3.0,4.0,"[""Pectoralis Major"", ""Triceps Brachii""]","[""Anterior Deltoid""]","[""Resistance Band""]",Horizontal Push,"[""Shoulder"", ""Wrist"", ""Elbow""]","[""Shoulder impingement""]",3,1,0.0,No Pain,0,,0,0,0,0.0,Safe
SAFE0000450,U000450,EX0116,Advanced,Fat Loss,Muscle Gain,Female,21,160.0,71.0,27.73,Overweight,4,Upper Lower,Bodyweight Only,2,1,1,Bodyweight,Advanced,Advanced,1,1,1,3.5,3.0,3.5,3.0,3.5,"[""Quadriceps (Rectus Femoris)""]","[""None""]","[""Mat""]",Knee Extension,"[""Knee""]","[""Patellar tendinopathy"", ""Knee joint pain""]",1,2,0.0541,No Pain,0,,0,0,1,0.25,Monitor
SAFE0000451,U000451,EX0004,Intermediate,Strength,Rehabilitation and Joint Health,Male,25,169.0,89.8,31.44,Obese,6,Chest Back Legs,Commercial Gym,10,0,0,Bodyweight,Beginner,Beginner,1,2,1,2.0,2.0,2.0,1.0,3.8,"[""Pectoralis Major""]","[""Anterior Deltoid"", ""Triceps Brachii""]","[""Bodyweight""]",Horizontal Push,"[""Shoulder"", ""Elbow"", ""Wrist""]",[],3,0,0.0571,No Pain,0,,0,0,0,0.0,Safe
SAFE0000452,U000452,EX0026,Intermediate,Rehabilitation and Joint Health,Muscle Gain,Female,36,170.0,82.1,28.41,Overweight,3,Auto,Bodyweight Only,2,0,0,Bodyweight,Beginner,Beginner,2,3,1,1.5,2.0,1.0,2.0,3.0,"[""Rectus Abdominis"", ""Transverse Abdominis""]","[""Obliques"", ""Erector Spinae"", ""Serratus Anterior""]","[""Bodyweight""]",Core Anti-Extension,"[""Lower Back"", ""Shoulder""]",[],2,0,0.0,No Pain,0,,0,0,0,0.0,Safe
SAFE0000453,U000453,EX0190,Advanced,Athletic Performance,Rehabilitation and Joint Health,Other,18,167.0,77.1,27.65,Overweight,2,Push Pull Legs,Commercial Gym,12,0,0,Bodyweight,Beginner,Beginner,1,1,1,1.0,1.0,1.0,1.5,2.0,"[""Tibialis Anterior""]","[""Extensor Digitorum Longus""]","[""Wall""]",Ankle Dorsiflexion,"[""Ankle""]","[""None""]",1,1,0.0,No Pain,0,,0,0,0,0.0,Safe
SAFE0000454,U000454,EX0179,Beginner,Athletic Performance,Mobility and Flexibility,Female,45,158.0,62.9,25.2,Overweight,3,Upper Lower,Bodyweight Only,2,1,1,Bodyweight,Beginner,Beginner,2,2,1,2.5,1.5,1.5,1.5,2.5,"[""Rectus Abdominis"", ""Transverse Abdominis""]","[""Obliques"", ""Hip Flexors""]","[""Mat""]",Core Anti-Extension,"[""Lower Back""]","[""None""]",1,1,0.0,No Pain,0,,0,0,0,0.0,Safe
SAFE0000455,U000455,EX0004,Beginner,Fat Loss,General Fitness,Prefer not to say,20,155.0,47.5,19.77,Normal,5,Body Part Split,Home Gym,4,0,0,Bodyweight,Beginner,Beginner,1,2,1,2.0,2.0,2.0,1.0,3.8,"[""Pectoralis Major""]","[""Anterior Deltoid"", ""Triceps Brachii""]","[""Bodyweight""]",Horizontal Push,"[""Shoulder"", ""Elbow"", ""Wrist""]",[],3,0,0.0488,No Pain,0,,0,0,0,0.0,Safe
SAFE0000456,U000456,EX0004,Advanced,Fat Loss,Athletic Performance,Female,21,162.0,67.9,25.87,Overweight,5,Body Part Split,Limited Gym,9,0,0,Bodyweight,Beginner,Beginner,1,2,1,2.0,2.0,2.0,1.0,3.8,"[""Pectoralis Major""]","[""Anterior Deltoid"", ""Triceps Brachii""]","[""Bodyweight""]",Horizontal Push,"[""Shoulder"", ""Elbow"", ""Wrist""]",[],3,0,0.0513,No Pain,0,,0,0,0,0.0,Safe
SAFE0000457,U000457,EX0107,Advanced,Fat Loss,Mobility and Flexibility,Other,57,176.0,77.1,24.89,Normal,5,Push Pull Legs,Bodyweight Only,2,0,0,Bodyweight,Beginner,Beginner,2,1,1,2.0,2.0,2.0,1.5,3.0,"[""Rectus Abdominis"", ""Obliques""]","[""Hip Flexors (Iliopsoas, Rectus Femoris)""]","[""Mat""]",Trunk Rotation,"[""Lower Back"", ""Neck""]","[""Lumbar disc herniation"", ""Neck strain""]",2,2,0.0,No Pain,0,,0,0,0,0.0,Safe
SAFE0000458,U000458,EX0196,Beginner,Strength,Athletic Performance,Male,32,162.0,78.6,29.95,Overweight,3,Auto,Limited Gym,5,0,0,Resistance Training,Beginner,Beginner,1,4,1,1.5,1.5,1.5,1.0,4.0,"[""Latissimus Dorsi""]","[""Biceps Brachii"", ""Brachialis"", ""Rhomboids"", ""Posterior Deltoid""]","[""Assisted Pull-Up Machine""]",Vertical Pull,"[""Shoulder"", ""Elbow""]","[""Severe shoulder impingement""]",2,1,0.0,No Pain,0,,0,0,0,0.0,Safe
SAFE0000459,U000459,EX0025,Advanced,Mobility and Flexibility,General Fitness,Other,29,159.0,48.6,19.22,Normal,6,Chest Back Legs,Commercial Gym,15,0,0,Resistance Training,Beginner,Beginner,1,2,1,1.0,1.5,1.0,1.0,2.5,"[""Posterior Deltoid""]","[""Rhomboids"", ""Middle Trapezius""]","[""Pec Deck Machine""]",Horizontal Pull,"[""Shoulder""]","[""None""]",1,1,0.025,No Pain,0,,0,0,0,0.0,Safe
SAFE0000460,U000460,EX0227,Beginner,General Fitness,Athletic Performance,Female,20,161.0,77.6,29.94,Overweight,3,Chest Back Legs,Bodyweight Only,2,1,1,Bodyweight,Beginner,Beginner,2,3,1,3.5,1.5,2.5,3.0,6.5,"[""Core"", ""Hip Flexors""]","[""Shoulders (Deltoids)"", ""Triceps Brachii"", ""Quadriceps""]","[""Mat""]",Total Body Integration,"[""Wrist"", ""Shoulder""]","[""Wrist pain""]",2,1,0.0263,No Pain,0,,0,0,0,0.0,Safe
SAFE0000461,U000461,EX0227,Intermediate,Fat Loss,Muscular Endurance,Prefer not to say,31,173.0,76.0,25.39,Overweight,5,Auto,Bodyweight Only,2,1,1,Bodyweight,Beginner,Beginner,2,3,1,3.5,1.5,2.5,3.0,6.5,"[""Core"", ""Hip Flexors""]","[""Shoulders (Deltoids)"", ""Triceps Brachii"", ""Quadriceps""]","[""Mat""]",Total Body Integration,"[""Wrist"", ""Shoulder""]","[""Wrist pain""]",2,1,0.0556,No Pain,0,,0,0,0,0.0,Safe
SAFE0000462,U000462,EX0009,Advanced,Muscle Gain,Muscular Endurance,Male,44,175.0,65.6,21.42,Normal,6,Auto,Commercial Gym,10,0,0,Resistance Training,Beginner,Beginner,2,3,1,1.0,1.0,1.0,1.0,3.5,"[""Latissimus Dorsi"", ""Rhomboids""]","[""Middle Trapezius"", ""Posterior Deltoid"", ""Biceps Brachii""]","[""Row Machine""]",Horizontal Pull,"[""Shoulder"", ""Elbow""]","[""Acute shoulder pain"", ""Pain during pulling""]",2,2,0.0488,No Pain,0,,0,0,0,0.0,Safe
SAFE0000463,U000463,EX0004,Advanced,Fat Loss,Rehabilitation and Joint Health,Other,27,164.0,69.0,25.65,Overweight,6,Upper Lower,Home Gym,3,0,0,Bodyweight,Beginner,Beginner,1,2,1,2.0,2.0,2.0,1.0,3.8,"[""Pectoralis Major""]","[""Anterior Deltoid"", ""Triceps Brachii""]","[""Bodyweight""]",Horizontal Push,"[""Shoulder"", ""Elbow"", ""Wrist""]",[],3,0,0.0513,Mild Discomfort,1,,0,0,0,0.0,Safe
SAFE0000464,U000464,EX0026,Beginner,Fat Loss,General Fitness,Male,28,163.0,83.5,31.43,Obese,6,Auto,Home Gym,3,1,1,Bodyweight,Beginner,Beginner,2,3,1,1.5,2.0,1.0,2.0,3.0,"[""Rectus Abdominis"", ""Transverse Abdominis""]","[""Obliques"", ""Erector Spinae"", ""Serratus Anterior""]","[""Bodyweight""]",Core Anti-Extension,"[""Lower Back"", ""Shoulder""]",[],2,0,0.0,No Pain,0,,0,0,0,0.0,Safe
SAFE0000465,U000465,EX0004,Intermediate,Athletic Performance,Mobility and Flexibility,Male,22,168.0,79.3,28.1,Overweight,4,Body Part Split,Limited Gym,8,0,0,Bodyweight,Beginner,Beginner,1,2,1,2.0,2.0,2.0,1.0,3.8,"[""Pectoralis Major""]","[""Anterior Deltoid"", ""Triceps Brachii""]","[""Bodyweight""]",Horizontal Push,"[""Shoulder"", ""Elbow"", ""Wrist""]",[],3,0,0.0,No Pain,0,,0,0,0,0.0,Safe
SAFE0000466,U000466,EX0004,Intermediate,Muscle Gain,Strength,Male,20,176.0,88.1,28.44,Overweight,3,Upper Lower,Bodyweight Only,2,1,1,Bodyweight,Beginner,Beginner,1,2,1,2.0,2.0,2.0,1.0,3.8,"[""Pectoralis Major""]","[""Anterior Deltoid"", ""Triceps Brachii""]","[""Bodyweight""]",Horizontal Push,"[""Shoulder"", ""Elbow"", ""Wrist""]",[],3,0,0.0,No Pain,0,,0,0,0,0.0,Safe
SAFE0000467,U000467,EX0274,Intermediate,Fat Loss,Muscle Gain,Other,35,159.0,58.4,23.1,Normal,4,Upper Lower,Bodyweight Only,2,0,0,Bodyweight,Beginner,Beginner,3,1,1,1.0,1.0,1.0,1.5,1.5,"[""Adductors (Longus, Magnus, Brevis)"", ""Gracilis"", ""Pectineus""]","[""None""]","[""Mat""]",Hip Adduction,"[""Hip"", ""Groin""]","[""Acute groin strain""]",2,1,0.0526,No Pain,0,,0,0,0,0.0,Safe
SAFE0000468,U000468,EX0020,Intermediate,Rehabilitation and Joint Health,General Fitness,Male,24,174.0,59.3,19.59,Normal,2,Body Part Split,Commercial Gym,15,0,0,Resistance Training,Intermediate,Intermediate,2,2,2,3.0,2.0,3.0,2.0,3.5,"[""Latissimus Dorsi"", ""Pectoralis Major""]","[""Triceps Brachii"", ""Serratus Anterior""]","[""Dumbbell"", ""Flat Bench""]",Vertical Pull,"[""Shoulder"", ""Elbow"", ""Lower Back""]","[""Painful overhead range"", ""Shoulder instability"", ""Inability to control rib flare""]",3,3,0.0625,No Pain,0,,0,0,1,0.25,Monitor
SAFE0000469,U000469,EX0231,Advanced,Strength,Mobility and Flexibility,Other,28,150.0,45.6,20.27,Normal,3,Upper Lower,Commercial Gym,17,1,1,Resistance Training,Beginner,Beginner,2,1,1,1.5,1.5,1.5,1.5,2.0,"[""Forearm Flexors"", ""Hand/Finger Flexors""]","[""Brachioradialis""]","[""Weight Plates""]",Grip,"[""Wrist"", ""Fingers""]","[""Carpal tunnel syndrome"", ""Arthritis in hands""]",2,2,0.0,No Pain,0,,0,0,0,0.0,Safe
SAFE0000470,U000470,EX0179,Intermediate,Athletic Performance,Muscular Endurance,Prefer not to say,26,163.0,64.1,24.13,Normal,3,Auto,Commercial Gym,11,0,0,Bodyweight,Beginner,Beginner,2,2,1,2.5,1.5,1.5,1.5,2.5,"[""Rectus Abdominis"", ""Transverse Abdominis""]","[""Obliques"", ""Hip Flexors""]","[""Mat""]",Core Anti-Extension,"[""Lower Back""]","[""None""]",1,1,0.0513,No Pain,0,,0,0,0,0.0,Safe
SAFE0000471,U000471,EX0004,Advanced,Muscle Gain,Athletic Performance,Female,39,150.0,52.3,23.24,Normal,5,Auto,Bodyweight Only,2,0,0,Bodyweight,Beginner,Beginner,1,2,1,2.0,2.0,2.0,1.0,3.8,"[""Pectoralis Major""]","[""Anterior Deltoid"", ""Triceps Brachii""]","[""Bodyweight""]",Horizontal Push,"[""Shoulder"", ""Elbow"", ""Wrist""]",[],3,0,0.0541,No Pain,0,,0,0,0,0.0,Safe
SAFE0000472,U000472,EX0196,Beginner,Strength,Fat Loss,Male,20,178.0,66.8,21.08,Normal,3,Auto,Commercial Gym,16,0,0,Resistance Training,Beginner,Beginner,1,4,1,1.5,1.5,1.5,1.0,4.0,"[""Latissimus Dorsi""]","[""Biceps Brachii"", ""Brachialis"", ""Rhomboids"", ""Posterior Deltoid""]","[""Assisted Pull-Up Machine""]",Vertical Pull,"[""Shoulder"", ""Elbow""]","[""Severe shoulder impingement""]",2,1,0.0286,Mild Discomfort,1,,0,0,0,0.0,Safe
SAFE0000473,U000473,EX0004,Advanced,General Fitness,Mobility and Flexibility,Other,39,163.0,83.3,31.35,Obese,4,Full Body,Home Gym,2,0,0,Bodyweight,Beginner,Beginner,1,2,1,2.0,2.0,2.0,1.0,3.8,"[""Pectoralis Major""]","[""Anterior Deltoid"", ""Triceps Brachii""]","[""Bodyweight""]",Horizontal Push,"[""Shoulder"", ""Elbow"", ""Wrist""]",[],3,0,0.05,Mild Discomfort,1,,0,0,0,0.0,Safe
SAFE0000474,U000474,EX0137,Advanced,Mobility and Flexibility,Muscle Gain,Prefer not to say,26,173.0,54.9,18.34,Underweight,5,Chest Back Legs,Limited Gym,8,1,1,Resistance Training,Beginner,Beginner,2,1,1,1.0,1.5,1.5,1.0,2.0,"[""Biceps Brachii"", ""Brachialis""]","[""Brachioradialis""]","[""Bicep Curl Machine""]",Elbow Flexion,"[""Elbow"", ""Wrist""]","[""Medial epicondylitis""]",2,1,0.0,No Pain,0,,0,0,0,0.0,Safe
SAFE0000475,U000475,EX0180,Advanced,General Fitness,Mobility and Flexibility,Other,20,161.0,74.3,28.66,Overweight,3,Auto,Bodyweight Only,2,0,0,Bodyweight,Beginner,Beginner,3,2,1,2.0,1.0,1.5,1.5,2.0,"[""Erector Spinae"", ""Gluteus Maximus"", ""Transverse Abdominis""]","[""Deltoids"", ""Hamstrings""]","[""Mat""]",Core Anti-Rotation,"[""Lower Back"", ""Wrist""]","[""None""]",2,1,0.0278,No Pain,0,,0,0,0,0.0,Safe
SAFE0000476,U000476,EX0004,Advanced,Athletic Performance,Strength,Other,31,167.0,79.4,28.47,Overweight,6,Push Pull Legs,Commercial Gym,10,0,0,Bodyweight,Beginner,Beginner,1,2,1,2.0,2.0,2.0,1.0,3.8,"[""Pectoralis Major""]","[""Anterior Deltoid"", ""Triceps Brachii""]","[""Bodyweight""]",Horizontal Push,"[""Shoulder"", ""Elbow"", ""Wrist""]",[],3,0,0.0488,No Pain,0,,0,0,0,0.0,Safe
SAFE0000477,U000477,EX0026,Advanced,Mobility and Flexibility,Rehabilitation and Joint Health,Other,21,164.0,59.5,22.12,Normal,6,Auto,Home Gym,2,0,0,Bodyweight,Beginner,Beginner,2,3,1,1.5,2.0,1.0,2.0,3.0,"[""Rectus Abdominis"", ""Transverse Abdominis""]","[""Obliques"", ""Erector Spinae"", ""Serratus Anterior""]","[""Bodyweight""]",Core Anti-Extension,"[""Lower Back"", ""Shoulder""]",[],2,0,0.0,No Pain,0,,0,0,0,0.0,Safe
SAFE0000478,U000478,EX0004,Intermediate,Muscular Endurance,Athletic Performance,Female,18,150.0,57.7,25.64,Overweight,4,Auto,Home Gym,2,0,0,Bodyweight,Beginner,Beginner,1,2,1,2.0,2.0,2.0,1.0,3.8,"[""Pectoralis Major""]","[""Anterior Deltoid"", ""Triceps Brachii""]","[""Bodyweight""]",Horizontal Push,"[""Shoulder"", ""Elbow"", ""Wrist""]",[],3,0,0.0,,0,,0,0,0,0.0,Safe
SAFE0000479,U000479,EX0004,Intermediate,Muscle Gain,Muscular Endurance,Other,26,160.0,56.2,21.95,Normal,4,Auto,Limited Gym,7,0,0,Bodyweight,Beginner,Beginner,1,2,1,2.0,2.0,2.0,1.0,3.8,"[""Pectoralis Major""]","[""Anterior Deltoid"", ""Triceps Brachii""]","[""Bodyweight""]",Horizontal Push,"[""Shoulder"", ""Elbow"", ""Wrist""]",[],3,0,0.0,No Pain,0,,0,0,0,0.0,Safe
SAFE0000480,U000480,EX0004,Intermediate,Muscle Gain,Athletic Performance,Female,22,150.0,48.4,21.51,Normal,3,Auto,Commercial Gym,13,0,0,Bodyweight,Beginner,Beginner,1,2,1,2.0,2.0,2.0,1.0,3.8,"[""Pectoralis Major""]","[""Anterior Deltoid"", ""Triceps Brachii""]","[""Bodyweight""]",Horizontal Push,"[""Shoulder"", ""Elbow"", ""Wrist""]",[],3,0,0.0,No Pain,0,,0,0,0,0.0,Safe
SAFE0000481,U000481,EX0009,Intermediate,Rehabilitation and Joint Health,General Fitness,Other,37,162.0,81.6,31.09,Obese,2,Body Part Split,Commercial Gym,13,0,0,Resistance Training,Beginner,Beginner,2,3,1,1.0,1.0,1.0,1.0,3.5,"[""Latissimus Dorsi"", ""Rhomboids""]","[""Middle Trapezius"", ""Posterior Deltoid"", ""Biceps Brachii""]","[""Row Machine""]",Horizontal Pull,"[""Shoulder"", ""Elbow""]","[""Acute shoulder pain"", ""Pain during pulling""]",2,2,0.0,No Pain,0,,0,0,0,0.0,Safe
SAFE0000482,U000482,EX0004,Advanced,Muscle Gain,Muscular Endurance,Prefer not to say,20,166.0,49.3,17.89,Underweight,5,Upper Lower,Home Gym,2,0,0,Bodyweight,Beginner,Beginner,1,2,1,2.0,2.0,2.0,1.0,3.8,"[""Pectoralis Major""]","[""Anterior Deltoid"", ""Triceps Brachii""]","[""Bodyweight""]",Horizontal Push,"[""Shoulder"", ""Elbow"", ""Wrist""]",[],3,0,0.0278,No Pain,0,,0,0,0,0.0,Safe
SAFE0000483,U000483,EX0004,Advanced,Athletic Performance,Muscular Endurance,Male,24,175.0,59.2,19.33,Normal,4,Chest Back Legs,Home Gym,2,0,0,Bodyweight,Beginner,Beginner,1,2,1,2.0,2.0,2.0,1.0,3.8,"[""Pectoralis Major""]","[""Anterior Deltoid"", ""Triceps Brachii""]","[""Bodyweight""]",Horizontal Push,"[""Shoulder"", ""Elbow"", ""Wrist""]",[],3,0,0.0488,No Pain,0,,0,0,0,0.0,Safe
SAFE0000484,U000484,EX0004,Beginner,Muscle Gain,Fat Loss,Prefer not to say,30,150.0,62.2,27.64,Overweight,5,Auto,Bodyweight Only,2,0,0,Bodyweight,Beginner,Beginner,1,2,1,2.0,2.0,2.0,1.0,3.8,"[""Pectoralis Major""]","[""Anterior Deltoid"", ""Triceps Brachii""]","[""Bodyweight""]",Horizontal Push,"[""Shoulder"", ""Elbow"", ""Wrist""]",[],3,0,0.0,No Pain,0,,0,0,0,0.0,Safe
SAFE0000485,U000485,EX0227,Advanced,Muscular Endurance,Mobility and Flexibility,Other,38,159.0,52.0,20.57,Normal,2,Upper Lower,Home Gym,2,0,0,Bodyweight,Beginner,Beginner,2,3,1,3.5,1.5,2.5,3.0,6.5,"[""Core"", ""Hip Flexors""]","[""Shoulders (Deltoids)"", ""Triceps Brachii"", ""Quadriceps""]","[""Mat""]",Total Body Integration,"[""Wrist"", ""Shoulder""]","[""Wrist pain""]",2,1,0.0,No Pain,0,,0,0,0,0.0,Safe
SAFE0000486,U000486,EX0004,Advanced,Strength,Rehabilitation and Joint Health,Prefer not to say,20,158.0,77.8,31.16,Obese,6,Upper Lower,Limited Gym,5,0,0,Bodyweight,Beginner,Beginner,1,2,1,2.0,2.0,2.0,1.0,3.8,"[""Pectoralis Major""]","[""Anterior Deltoid"", ""Triceps Brachii""]","[""Bodyweight""]",Horizontal Push,"[""Shoulder"", ""Elbow"", ""Wrist""]",[],3,0,0.0286,No Pain,0,,0,0,0,0.0,Safe
SAFE0000487,U000487,EX0004,Intermediate,Muscle Gain,Muscular Endurance,Other,37,161.0,61.6,23.76,Normal,5,Push Pull Legs,Limited Gym,8,0,0,Bodyweight,Beginner,Beginner,1,2,1,2.0,2.0,2.0,1.0,3.8,"[""Pectoralis Major""]","[""Anterior Deltoid"", ""Triceps Brachii""]","[""Bodyweight""]",Horizontal Push,"[""Shoulder"", ""Elbow"", ""Wrist""]",[],3,0,0.05,No Pain,0,,0,0,0,0.0,Safe
SAFE0000488,U000488,EX0004,Intermediate,Athletic Performance,Strength,Female,24,158.0,46.5,18.63,Normal,5,Body Part Split,Bodyweight Only,2,0,0,Bodyweight,Beginner,Beginner,1,2,1,2.0,2.0,2.0,1.0,3.8,"[""Pectoralis Major""]","[""Anterior Deltoid"", ""Triceps Brachii""]","[""Bodyweight""]",Horizontal Push,"[""Shoulder"", ""Elbow"", ""Wrist""]",[],3,0,0.0526,No Pain,0,,0,0,0,0.0,Safe
SAFE0000489,U000489,EX0180,Intermediate,Mobility and Flexibility,General Fitness,Male,34,172.0,54.8,18.52,Normal,2,Auto,Home Gym,4,1,1,Bodyweight,Beginner,Beginner,3,2,1,2.0,1.0,1.5,1.5,2.0,"[""Erector Spinae"", ""Gluteus Maximus"", ""Transverse Abdominis""]","[""Deltoids"", ""Hamstrings""]","[""Mat""]",Core Anti-Rotation,"[""Lower Back"", ""Wrist""]","[""None""]",2,1,0.0,,0,,0,0,0,0.0,Safe
SAFE0000490,U000490,EX0004,Intermediate,Fat Loss,Muscular Endurance,Prefer not to say,19,177.0,58.0,18.51,Normal,4,Auto,Limited Gym,4,0,0,Bodyweight,Beginner,Beginner,1,2,1,2.0,2.0,2.0,1.0,3.8,"[""Pectoralis Major""]","[""Anterior Deltoid"", ""Triceps Brachii""]","[""Bodyweight""]",Horizontal Push,"[""Shoulder"", ""Elbow"", ""Wrist""]",[],3,0,0.0488,No Pain,0,,0,0,0,0.0,Safe
SAFE0000491,U000491,EX0004,Advanced,Athletic Performance,Muscular Endurance,Male,21,182.0,86.7,26.17,Overweight,2,Push Pull Legs,Limited Gym,5,1,1,Bodyweight,Beginner,Beginner,1,2,1,2.0,2.0,2.0,1.0,3.8,"[""Pectoralis Major""]","[""Anterior Deltoid"", ""Triceps Brachii""]","[""Bodyweight""]",Horizontal Push,"[""Shoulder"", ""Elbow"", ""Wrist""]",[],3,0,0.0625,No Pain,0,,0,0,0,0.0,Safe
SAFE0000492,U000492,EX0004,Advanced,General Fitness,Rehabilitation and Joint Health,Male,26,179.0,77.1,24.06,Normal,4,Auto,Limited Gym,8,0,0,Bodyweight,Beginner,Beginner,1,2,1,2.0,2.0,2.0,1.0,3.8,"[""Pectoralis Major""]","[""Anterior Deltoid"", ""Triceps Brachii""]","[""Bodyweight""]",Horizontal Push,"[""Shoulder"", ""Elbow"", ""Wrist""]",[],3,0,0.0,No Pain,0,,0,0,0,0.0,Safe
SAFE0000493,U000493,EX0037,Beginner,Rehabilitation and Joint Health,Mobility and Flexibility,Male,22,170.0,82.9,28.69,Overweight,5,Auto,Limited Gym,4,0,0,Resistance Training,Beginner,Beginner,2,1,1,1.5,2.0,1.0,1.5,3.0,"[""Brachioradialis"", ""Brachialis""]","[""Biceps Brachii""]","[""Dumbbell""]",Elbow Flexion,"[""Elbow""]","[""Elbow pain""]",1,1,0.0286,No Pain,0,,0,0,0,0.0,Safe
SAFE0000494,U000494,EX0004,Beginner,Strength,Athletic Performance,Male,21,168.0,86.6,30.68,Obese,2,Auto,Bodyweight Only,2,0,0,Bodyweight,Beginner,Beginner,1,2,1,2.0,2.0,2.0,1.0,3.8,"[""Pectoralis Major""]","[""Anterior Deltoid"", ""Triceps Brachii""]","[""Bodyweight""]",Horizontal Push,"[""Shoulder"", ""Elbow"", ""Wrist""]",[],3,0,0.0312,No Pain,0,,0,0,0,0.0,Safe
SAFE0000495,U000495,EX0004,Beginner,Mobility and Flexibility,Athletic Performance,Prefer not to say,39,168.0,87.9,31.14,Obese,4,Upper Lower,Commercial Gym,15,1,1,Bodyweight,Beginner,Beginner,1,2,1,2.0,2.0,2.0,1.0,3.8,"[""Pectoralis Major""]","[""Anterior Deltoid"", ""Triceps Brachii""]","[""Bodyweight""]",Horizontal Push,"[""Shoulder"", ""Elbow"", ""Wrist""]",[],3,0,0.0526,Mild Discomfort,1,,0,0,1,0.55,Review
SAFE0000496,U000496,EX0224,Advanced,Strength,Fat Loss,Other,25,171.0,89.4,30.57,Obese,2,Push Pull Legs,Bodyweight Only,2,0,0,Bodyweight,Intermediate,Intermediate,2,2,1,2.5,3.0,3.0,3.0,4.5,"[""Anterior Deltoid"", ""Lateral Deltoid""]","[""Triceps Brachii"", ""Upper Trapezius""]","[""Mat""]",Vertical Push,"[""Shoulder"", ""Wrist"", ""Neck""]","[""High blood pressure"", ""Shoulder instability""]",3,2,0.0312,No Pain,0,,0,0,0,0.0,Safe
SAFE0000497,U000497,EX0179,Beginner,Athletic Performance,Mobility and Flexibility,Male,23,176.0,72.3,23.34,Normal,5,Chest Back Legs,Commercial Gym,12,0,0,Bodyweight,Beginner,Beginner,2,2,1,2.5,1.5,1.5,1.5,2.5,"[""Rectus Abdominis"", ""Transverse Abdominis""]","[""Obliques"", ""Hip Flexors""]","[""Mat""]",Core Anti-Extension,"[""Lower Back""]","[""None""]",1,1,0.0244,No Pain,0,,0,0,0,0.0,Safe
SAFE0000498,U000498,EX0004,Beginner,Muscular Endurance,Mobility and Flexibility,Prefer not to say,36,175.0,73.0,23.84,Normal,4,Auto,Commercial Gym,11,1,1,Bodyweight,Beginner,Beginner,1,2,1,2.0,2.0,2.0,1.0,3.8,"[""Pectoralis Major""]","[""Anterior Deltoid"", ""Triceps Brachii""]","[""Bodyweight""]",Horizontal Push,"[""Shoulder"", ""Elbow"", ""Wrist""]",[],3,0,0.0,No Pain,0,,0,0,0,0.0,Safe
SAFE0000499,U000499,EX0004,Advanced,General Fitness,Muscular Endurance,Other,27,170.0,75.3,26.06,Overweight,3,Full Body,Commercial Gym,18,1,1,Bodyweight,Beginner,Beginner,1,2,1,2.0,2.0,2.0,1.0,3.8,"[""Pectoralis Major""]","[""Anterior Deltoid"", ""Triceps Brachii""]","[""Bodyweight""]",Horizontal Push,"[""Shoulder"", ""Elbow"", ""Wrist""]",[],3,0,0.0811,No Pain,0,,0,0,0,0.0,Safe
SAFE0000500,U000500,EX0026,Beginner,Muscular Endurance,Rehabilitation and Joint Health,Prefer not to say,33,175.0,69.3,22.63,Normal,6,Push Pull Legs,Home Gym,4,0,0,Bodyweight,Beginner,Beginner,2,3,1,1.5,2.0,1.0,2.0,3.0,"[""Rectus Abdominis"", ""Transverse Abdominis""]","[""Obliques"", ""Erector Spinae"", ""Serratus Anterior""]","[""Bodyweight""]",Core Anti-Extension,"[""Lower Back"", ""Shoulder""]",[],2,0,0.0571,No Pain,0,,0,0,0,0.0,Safe
